// Generated by tools/build_assets.py; see THIRD_PARTY.md.
#pragma once

static const uint8_t human_sclera_data[] = {
  0xc3,0x01,0x69,0x82,0x02,0x69,0x00,0x02,0x71,0x84,0x22,0x71,0x84,0x42,0x71,0x01,
  0x43,0x71,0x62,0x71,0x88,0x63,0x79,0x00,0x83,0x79,0x83,0x63,0x79,0x00,0x83,0x79,
  0x83,0x63,0x79,0x82,0x83,0x79,0x88,0x63,0x79,0x81,0x63,0x71,0x85,0x42,0x71,0x84,
  0x22,0x71,0x00,0x02,0x71,0x82,0x02,0x69,0xc3,0x01,0x69,0xc1,0x01,0x69,0x81,0x02,
  0x69,0x00,0x02,0x71,0x83,0x22,0x71,0x83,0x42,0x71,0x00,0x63,0x71,0x85,0x63,0x79,
  0x86,0x83,0x79,0x83,0xa3,0x79,0x82,0x83,0x79,0x83,0xa3,0x79,0x81,0x83,0x79,0x81,
  0xa3,0x79,0x88,0x83,0x79,0x85,0x63,0x79,0x00,0x63,0x71,0x83,0x42,0x71,0x85,0x22,
  0x71,0x00,0x02,0x71,0x81,0x02,0x69,0xc0,0x01,0x69,0xbe,0x01,0x69,0x81,0x02,0x69,
  0x81,0x02,0x71,0x82,0x22,0x71,0x82,0x42,0x71,0x00,0x62,0x71,0x83,0x63,0x79,0x83,
  0x83,0x79,0x82,0xa3,0x79,0x83,0xa4,0x79,0x83,0xc4,0x79,0x02,0xc4,0x81,0xc4,0x79,
  0xa4,0x79,0x81,0xa4,0x81,0x84,0xc4,0x81,0x00,0xc4,0x79,0x82,0xc4,0x81,0x01,0xa4,
  0x79,0xc4,0x79,0x84,0xa4,0x79,0x00,0xa3,0x79,0x84,0x83,0x79,0x84,0x63,0x79,0x84,
  0x42,0x71,0x84,0x22,0x71,0x00,0x02,0x71,0x81,0x02,0x69,0xbd,0x01,0x69,0xbc,0x01,
  0x69,0x00,0x02,0x69,0x81,0x02,0x71,0x82,0x22,0x71,0x82,0x42,0x71,0x00,0x43,0x71,
  0x82,0x63,0x79,0x82,0x83,0x79,0x83,0xa4,0x79,0x00,0xc4,0x79,0x86,0xc4,0x81,0x82,
  0xe4,0x81,0x00,0xe5,0x81,0x91,0xe4,0x81,0x83,0xc4,0x81,0x00,0xc4,0x79,0x82,0xa4,
  0x79,0x81,0xa3,0x79,0x82,0x83,0x79,0x82,0x63,0x79,0x85,0x42,0x71,0x83,0x22,0x71,
  0x81,0x02,0x71,0x00,0x02,0x69,0xbb,0x01,0x69,0xb8,0x01,0x69,0x81,0x02,0x69,0x82,
  0x02,0x71,0x82,0x22,0x71,0x81,0x42,0x71,0x00,0x63,0x71,0x82,0x63,0x79,0x81,0x83,
  0x79,0x82,0xa4,0x79,0x00,0xc4,0x79,0x81,0xc4,0x81,0x82,0xe4,0x81,0x82,0xe5,0x81,
  0x82,0x05,0x82,0x00,0xe5,0x81,0x86,0x05,0x82,0x00,0x04,0x82,0x81,0x05,0x82,0x00,
  0x25,0x82,0x86,0x05,0x82,0x00,0xe4,0x81,0x83,0x05,0x82,0x81,0xe5,0x81,0x82,0xe4,
  0x81,0x83,0xc4,0x81,0x00,0xa4,0x79,0x82,0xa3,0x79,0x81,0x83,0x79,0x83,0x63,0x79,
  0x01,0x63,0x71,0x62,0x71,0x82,0x42,0x71,0x83,0x22,0x71,0x01,0x02,0x71,0x02,0x69,
  0xb9,0x01,0x69,0xb6,0x01,0x69,0x81,0x02,0x69,0x81,0x02,0x71,0x83,0x22,0x71,0x81,
  0x42,0x71,0x82,0x63,0x79,0x82,0x83,0x79,0x81,0xa4,0x79,0x81,0xc4,0x81,0x81,0xe4,
  0x81,0x81,0xe5,0x81,0x83,0x05,0x82,0x00,0x25,0x8a,0x81,0x25,0x82,0x83,0x25,0x8a,
  0x82,0x46,0x8a,0x00,0x45,0x8a,0x83,0x25,0x8a,0x00,0x45,0x8a,0x85,0x46,0x8a,0x02,
  0x45,0x8a,0x25,0x8a,0x05,0x8a,0x83,0x25,0x8a,0x85,0x05,0x82,0x83,0xe4,0x81,0x81,
  0xc4,0x81,0x02,0xa4,0x81,0xa4,0x79,0xa3,0x79,0x83,0x83,0x79,0x82,0x63,0x79,0x00,
  0x62,0x79,0x83,0x42,0x71,0x82,0x22,0x71,0x01,0x02,0x71,0x02,0x69,0xb7,0x01,0x69,
  0xb5,0x01,0x69,0x01,0x02,0x69,0x02,0x71,0x83,0x22,0x71,0x83,0x42,0x71,0x81,0x63,
  0x79,0x01,0x83,0x79,0x84,0x79,0x81,0xa4,0x79,0x02,0xc4,0x79,0xc4,0x81,0xe4,0x81,
  0x81,0xe5,0x81,0x83,0x05,0x82,0x02,0x25,0x82,0x25,0x8a,0x26,0x8a,0x87,0x46,0x8a,
  0x90,0x66,0x8a,0x81,0x45,0x8a,0x81,0x66,0x8a,0x00,0x46,0x8a,0x81,0x45,0x8a,0x81,
  0x46,0x8a,0x01,0x25,0x8a,0x25,0x82,0x83,0x05,0x82,0x00,0xe4,0x81,0x83,0xc4,0x81,
  0x00,0xa4,0x81,0x81,0xa4,0x79,0x00,0xa3,0x79,0x82,0x83,0x79,0x82,0x63,0x79,0x00,
  0x62,0x71,0x81,0x42,0x71,0x83,0x22,0x71,0x01,0x02,0x71,0x02,0x69,0xb5,0x01,0x69,
  0xb3,0x01,0x69,0x01,0x02,0x69,0x02,0x71,0x82,0x22,0x71,0x82,0x42,0x71,0x06,0x43,
  0x79,0x63,0x79,0x43,0x79,0x63,0x79,0x83,0x79,0xa3,0x79,0xa4,0x79,0x82,0xc4,0x81,
  0x00,0xe4,0x81,0x82,0x05,0x82,0x02,0x25,0x82,0x25,0x8a,0x26,0x8a,0x82,0x46,0x8a,
  0x83,0x66,0x8a,0x00,0x87,0x8a,0x81,0x86,0x8a,0x81,0x87,0x92,0x81,0x86,0x92,0x8f,
  0xa7,0x92,0x81,0x66,0x8a,0x00,0x86,0x92,0x81,0x87,0x92,0x84,0x66,0x8a,0x00,0x46,
  0x8a,0x83,0x25,0x8a,0x00,0x05,0x82,0x82,0xe4,0x81,0x81,0xc4,0x81,0x01,0xe4,0x81,
  0xc4,0x81,0x82,0xa4,0x79,0x82,0x83,0x79,0x82,0x63,0x79,0x81,0x42,0x71,0x84,0x22,
  0x71,0x01,0x02,0x71,0x02,0x69,0xb3,0x01,0x69,0xb1,0x01,0x69,0x01,0x02,0x69,0x02,
  0x71,0x82,0x22,0x71,0x81,0x42,0x71,0x00,0x63,0x71,0x84,0x63,0x79,0x09,0x84,0x79,
  0xc4,0x79,0xc4,0x81,0xe4,0x81,0xe5,0x81,0x05,0x82,0xe5,0x81,0x05,0x82,0x25,0x82,
  0x25,0x8a,0x82,0x46,0x8a,0x82,0x66,0x8a,0x82,0x87,0x92,0x86,0xa7,0x92,0x01,0xc7,
  0x92,0xa7,0x92,0x87,0xc8,0x92,0x00,0xe8,0x92,0x85,0xc8,0x92,0x86,0xa7,0x92,0x81,
  0x87,0x92,0x01,0xa7,0x92,0x87,0x8a,0x83,0x66,0x8a,0x00,0x46,0x8a,0x81,0x25,0x8a,
  0x02,0x05,0x8a,0xe4,0x81,0xe5,0x81,0x81,0x05,0x82,0x00,0xe4,0x81,0x82,0xc4,0x81,
  0x02,0xa4,0x81,0xa4,0x79,0xa3,0x79,0x81,0x83,0x79,0x01,0x63,0x79,0x42,0x79,0x84,
  0x42,0x71,0x82,0x22,0x71,0x01,0x02,0x71,0x02,0x69,0xb1,0x01,0x69,0xaf,0x01,0x69,
  0x00,0x02,0x69,0x81,0x02,0x71,0x81,0x22,0x71,0x82,0x42,0x71,0x81,0x63,0x79,0x82,
  0x83,0x79,0x04,0x63,0x79,0x83,0x79,0xc4,0x81,0xe4,0x81,0xe5,0x81,0x83,0x05,0x82,
  0x00,0x26,0x8a,0x81,0x46,0x8a,0x81,0x66,0x8a,0x82,0x87,0x92,0x82,0xa7,0x92,0x00,
  0xc7,0x92,0x82,0xc8,0x92,0x00,0xe8,0x9a,0x81,0xc7,0x92,0x83,0xe8,0x9a,0x81,0x08,
  0x9b,0x00,0x09,0x9b,0x82,0x08,0x9b,0x00,0xe8,0x9a,0x85,0x08,0x9b,0x82,0xe8,0x9a,
  0x81,0xc7,0x92,0x01,0xe8,0x9a,0xe8,0x92,0x83,0xc7,0x92,0x81,0xa7,0x92,0x00,0x87,
  0x92,0x81,0x87,0x8a,0x03,0x86,0x8a,0x66,0x8a,0x46,0x8a,0x25,0x8a,0x83,0x05,0x8a,
  0x83,0xe4,0x81,0x82,0xc4,0x81,0x01,0xa4,0x81,0x83,0x79,0x84,0x63,0x79,0x00,0x63,
  0x71,0x82,0x42,0x71,0x82,0x22,0x71,0x01,0x02,0x71,0x02,0x69,0xaf,0x01,0x69,0xae,
  0x01,0x69,0x01,0x02,0x69,0x02,0x71,0x82,0x22,0x71,0x81,0x42,0x71,0x81,0x63,0x79,
  0x81,0x83,0x79,0x82,0xa4,0x79,0x02,0x83,0x79,0xa3,0x81,0xe4,0x81,0x81,0x05,0x82,
  0x00,0x25,0x8a,0x81,0x46,0x8a,0x00,0x26,0x8a,0x81,0x66,0x8a,0x81,0x87,0x92,0x82,
  0xa7,0x92,0x02,0xc7,0x92,0xc8,0x92,0xc8,0x9a,0x82,0xe8,0x9a,0x84,0x08,0x9b,0x03,
  0x09,0x9b,0x29,0x9b,0x09,0x9b,0x08,0x9b,0x81,0x29,0x9b,0x00,0x49,0x9b,0x88,0x29,
  0x9b,0x00,0x28,0x9b,0x82,0x08,0x9b,0x81,0xe8,0x9a,0x82,0x08,0x9b,0x82,0xe8,0x9a,
  0x00,0xe8,0x92,0x81,0xc7,0x92,0x82,0xa7,0x92,0x03,0x86,0x92,0x66,0x8a,0x46,0x92,
  0x25,0x8a,0x81,0x04,0x8a,0x01,0x05,0x8a,0x25,0x8a,0x81,0x05,0x8a,0x01,0x05,0x82,
  0x04,0x82,0x81,0xe4,0x81,0x01,0xa3,0x81,0x83,0x79,0x81,0xa3,0x79,0x81,0x83,0x79,
  0x83,0x63,0x79,0x82,0x42,0x71,0x82,0x22,0x71,0x01,0x02,0x71,0x02,0x69,0xad,0x01,
  0x69,0xac,0x01,0x69,0x01,0x02,0x69,0x02,0x71,0x82,0x22,0x71,0x81,0x42,0x71,0x81,
  0x63,0x79,0x81,0x83,0x79,0x02,0xa4,0x79,0xc4,0x79,0xc4,0x81,0x81,0xe4,0x81,0x03,
  0xa4,0x81,0x83,0x81,0x05,0x82,0x25,0x8a,0x81,0x46,0x8a,0x81,0x66,0x8a,0x01,0x46,
  0x8a,0x87,0x92,0x81,0xa7,0x92,0x00,0xc7,0x92,0x81,0xc8,0x92,0x82,0xe8,0x9a,0x00,
  0x08,0x9b,0x81,0x09,0x9b,0x83,0x29,0x9b,0x06,0x49,0xa3,0x29,0x9b,0x49,0x9b,0x49,
  0xa3,0x4a,0xa3,0x29,0x9b,0x49,0xa3,0x89,0x6a,0xa3,0x81,0x69,0xa3,0x04,0x49,0xa3,
  0x29,0x9b,0x49,0xa3,0x29,0x9b,0x08,0x9b,0x81,0x49,0x9b,0x00,0x29,0x9b,0x84,0x08,
  0x9b,0x81,0xe8,0x9a,0x00,0xe7,0x92,0x83,0xa7,0x92,0x00,0x65,0x92,0x81,0x25,0x8a,
  0x82,0x46,0x8a,0x82,0x25,0x8a,0x01,0x05,0x82,0xe4,0x81,0x81,0xc4,0x81,0x00,0xe4,
  0x81,0x81,0xc4,0x81,0x00,0xa3,0x79,0x81,0x83,0x79,0x82,0x63,0x79,0x00,0x62,0x79,
  0x82,0x42,0x71,0x82,0x22,0x71,0x01,0x02,0x71,0x02,0x69,0xab,0x01,0x69,0xaa,0x01,
  0x69,0x01,0x02,0x69,0x02,0x71,0x82,0x22,0x71,0x81,0x42,0x71,0x82,0x63,0x79,0x00,
  0x83,0x79,0x81,0xa4,0x79,0x02,0xc4,0x81,0xe4,0x81,0xe5,0x81,0x81,0x05,0x82,0x02,
  0xe4,0x81,0xa4,0x81,0x05,0x8a,0x81,0x66,0x8a,0x83,0x87,0x92,0x81,0xc8,0x92,0x82,
  0xe8,0x9a,0x01,0x08,0x9b,0x09,0x9b,0x82,0x29,0x9b,0x04,0x49,0x9b,0x49,0xa3,0x4a,
  0xa3,0x49,0xa3,0x69,0xa3,0x84,0x6a,0xa3,0x06,0x8a,0xa3,0x6a,0xa3,0x69,0xa3,0x8a,
  0xa3,0xab,0xa3,0xaa,0xa3,0xaa,0xab,0x81,0xaa,0xa3,0x86,0x8a,0xa3,0x81,0x69,0xa3,
  0x06,0x49,0xa3,0x29,0xa3,0x69,0xa3,0x6a,0xa3,0x49,0xa3,0x29,0xa3,0x29,0x9b,0x81,
  0x49,0x9b,0x81,0x29,0x9b,0x06,0x28,0x9b,0xe8,0x9a,0xe7,0x9a,0xe8,0x92,0xc8,0x92,
  0xc7,0x92,0x86,0x92,0x81,0x66,0x92,0x01,0x87,0x92,0x87,0x8a,0x81,0x66,0x8a,0x03,
  0x46,0x8a,0x45,0x8a,0x25,0x8a,0x05,0x8a,0x82,0x05,0x82,0x81,0xe4,0x81,0x01,0xc4,
  0x81,0xa3,0x79,0x82,0x83,0x79,0x83,0x63,0x79,0x00,0x63,0x71,0x81,0x42,0x71,0x81,
  0x22,0x71,0x01,0x02,0x71,0x02,0x69,0xaa,0x01,0x69,0xa9,0x01,0x69,0x01,0x02,0x69,
  0x02,0x71,0x81,0x22,0x71,0x81,0x42,0x71,0x82,0x63,0x79,0x00,0x83,0x79,0x81,0xa3,
  0x79,0x00,0xc4,0x79,0x81,0xe4,0x81,0x81,0x05,0x82,0x05,0x25,0x8a,0x46,0x8a,0x25,
  0x8a,0xc4,0x89,0xe5,0x89,0x66,0x92,0x81,0xa7,0x92,0x00,0xc7,0x92,0x81,0xa7,0x92,
  0x01,0xe8,0x9a,0x08,0x9b,0x81,0x09,0x9b,0x81,0x29,0x9b,0x81,0x49,0xa3,0x00,0x4a,
  0xa3,0x82,0x6a,0xa3,0x82,0x8a,0xa3,0x00,0xab,0xa3,0x81,0xab,0xab,0x01,0x8a,0xa3,
  0xab,0xab,0x81,0xcb,0xab,0x81,0xaa,0xab,0x81,0xcb,0xab,0x00,0xca,0xab,0x88,0xcb,
  0xab,0x81,0xaa,0xab,0x04,0x8a,0xa3,0x49,0xa3,0x6a,0xa3,0xaa,0xab,0x8a,0xa3,0x83,
  0x6a,0xa3,0x00,0x69,0xa3,0x81,0x49,0xa3,0x00,0x28,0x9b,0x82,0x08,0x9b,0x03,0xe8,
  0x9a,0xc7,0x92,0xa7,0x92,0x86,0x92,0x82,0xa7,0x92,0x02,0x66,0x92,0x66,0x8a,0x46,
  0x8a,0x81,0x25,0x8a,0x02,0x45,0x8a,0x25,0x8a,0x25,0x82,0x81,0x05,0x82,0x00,0xc4,
  0x81,0x81,0xa3,0x81,0x81,0xa3,0x79,0x01,0x83,0x79,0x63,0x79,0x81,0x83,0x79,0x81,
  0x63,0x79,0x81,0x42,0x71,0x82,0x22,0x71,0x01,0x02,0x71,0x02,0x69,0xa8,0x01,0x69,
  0xa7,0x01,0x69,0x01,0x02,0x69,0x02,0x71,0x81,0x22,0x71,0x81,0x42,0x71,0x00,0x63,
  0x71,0x81,0x63,0x79,0x81,0x83,0x79,0x01,0xa4,0x79,0xc4,0x79,0x81,0xc4,0x81,0x02,
  0xe5,0x81,0x05,0x82,0x25,0x8a,0x81,0x46,0x8a,0x81,0x66,0x8a,0x02,0x05,0x8a,0xc4,
  0x89,0x66,0x92,0x81,0xc8,0x92,0x02,0xe8,0x9a,0xc7,0x92,0xc8,0x9a,0x82,0x29,0x9b,
  0x81,0x49,0xa3,0x82,0x6a,0xa3,0x81,0x8a,0xa3,0x83,0xab,0xab,0x82,0xcb,0xab,0x01,
  0xec,0xab,0xcb,0xab,0x82,0xca,0xab,0x05,0xeb,0xab,0xcb,0xab,0xeb,0xab,0x0c,0xac,
  0xec,0xab,0x0c,0xac,0x81,0xec,0xab,0x00,0x0c,0xb4,0x81,0xeb,0xab,0x02,0xec,0xab,
  0x0c,0xac,0xeb,0xab,0x82,0xcb,0xab,0x81,0x8a,0xab,0x81,0xcb,0xab,0x02,0x8a,0xab,
  0x8a,0xa3,0xab,0xa3,0x82,0x8a,0xa3,0x81,0x69,0xa3,0x00,0x49,0xa3,0x81,0x29,0x9b,
  0x81,0x08,0x9b,0x02,0xe8,0x9a,0xc7,0x92,0xa7,0x92,0x81,0xc7,0x92,0x00,0x87,0x92,
  0x81,0x86,0x92,0x00,0x66,0x92,0x81,0x66,0x8a,0x81,0x46,0x8a,0x81,0x25,0x8a,0x00,
  0x05,0x8a,0x83,0xc4,0x81,0x02,0xa3,0x79,0x83,0x79,0xa3,0x79,0x81,0x83,0x79,0x81,
  0x63,0x79,0x00,0x63,0x71,0x81,0x42,0x71,0x81,0x22,0x71,0x01,0x02,0x71,0x02,0x69,
  0xa7,0x01,0x69,0xa6,0x01,0x69,0x01,0x02,0x69,0x02,0x71,0x81,0x22,0x71,0x01,0x42,
  0x71,0x43,0x71,0x82,0x63,0x79,0x07,0x83,0x79,0xa4,0x79,0xc4,0x79,0xc4,0x81,0xe4,
  0x81,0xe5,0x81,0xe4,0x81,0x05,0x82,0x81,0x46,0x8a,0x01,0x66,0x8a,0x87,0x8a,0x82,
  0x86,0x92,0x08,0x05,0x92,0x45,0x92,0xe8,0x9a,0x08,0x9b,0x09,0x9b,0xe8,0x9a,0x08,
  0x9b,0x49,0x9b,0x49,0xa3,0x81,0x6a,0xa3,0x81,0x8a,0xa3,0x02,0xaa,0xa3,0xab,0xa3,
  0xab,0xab,0x81,0xcb,0xab,0x01,0xec,0xab,0xeb,0xab,0x81,0xec,0xab,0x00,0x0c,0xac,
  0x81,0x0c,0xb4,0x01,0xeb,0xb3,0xca,0xab,0x81,0xeb,0xb3,0x82,0x0c,0xb4,0x83,0x2c,
  0xb4,0x81,0x2d,0xb4,0x81,0x2c,0xb4,0x81,0x2d,0xb4,0x01,0x2c,0xb4,0x0b,0xb4,0x81,
  0x0c,0xb4,0x03,0xcb,0xab,0x8a,0xab,0xca,0xab,0xeb,0xab,0x81,0xcb,0xab,0x00,0xeb,
  0xab,0x81,0xcb,0xab,0x00,0xaa,0xa3,0x82,0x8a,0xa3,0x05,0x6a,0xa3,0x49,0xa3,0x49,
  0x9b,0x29,0x9b,0x28,0x9b,0x08,0x9b,0x82,0xe8,0x9a,0x00,0xc7,0x9a,0x82,0xa7,0x92,
  0x01,0x87,0x92,0x86,0x92,0x82,0x66,0x8a,0x02,0x45,0x8a,0x25,0x8a,0x05,0x8a,0x82,
  0xe4,0x81,0x02,0xc4,0x81,0xa3,0x79,0xa4,0x79,0x81,0xa3,0x79,0x81,0x83,0x79,0x81,
  0x63,0x79,0x00,0x43,0x71,0x81,0x42,0x71,0x81,0x22,0x71,0x01,0x02,0x71,0x02,0x69,
  0xa5,0x01,0x69,0xa5,0x01,0x69,0x00,0x02,0x71,0x81,0x22,0x71,0x81,0x42,0x71,0x00,
  0x63,0x71,0x81,0x63,0x79,0x0c,0x83,0x79,0xa3,0x79,0xa4,0x79,0xc4,0x81,0xe4,0x81,
  0xe5,0x81,0x05,0x82,0x25,0x82,0x05,0x8a,0x26,0x8a,0x66,0x8a,0x86,0x8a,0x87,0x92,
  0x83,0xa7,0x92,0x06,0x05,0x92,0x46,0x92,0x08,0x9b,0x29,0x9b,0x49,0x9b,0xe8,0x9a,
  0x29,0xa3,0x81,0x6a,0xa3,0x02,0x8a,0xa3,0xab,0xa3,0xab,0xab,0x81,0xcb,0xab,0x00,
  0xeb,0xab,0x81,0xec,0xab,0x81,0x0c,0xac,0x01,0x0c,0xb4,0x2c,0xb4,0x82,0x2d,0xb4,
  0x03,0x4c,0xb4,0x0b,0xb4,0x2c,0xb4,0x2d,0xb4,0x82,0x4d,0xb4,0x01,0x2c,0xb4,0x6d,
  0xb4,0x84,0x6d,0xbc,0x82,0x4d,0xb4,0x00,0x6d,0xb4,0x81,0x4d,0xb4,0x06,0x2d,0xb4,
  0x4d,0xb4,0x2d,0xb4,0xcb,0xab,0xeb,0xb3,0x0b,0xb4,0x0c,0xb4,0x82,0x0c,0xac,0x07,
  0xeb,0xab,0xcb,0xab,0xaa,0xab,0xcb,0xab,0xab,0xab,0x8a,0xab,0x8a,0xa3,0x69,0xa3,
  0x82,0x49,0xa3,0x00,0x29,0x9b,0x81,0x08,0x9b,0x04,0xe8,0x9a,0xc7,0x9a,0xc8,0x9a,
  0xc8,0x92,0xc7,0x92,0x81,0xa7,0x92,0x07,0x87,0x92,0x86,0x8a,0x66,0x8a,0x46,0x8a,
  0x25,0x8a,0x05,0x8a,0xe4,0x81,0x05,0x82,0x82,0xe4,0x81,0x81,0xc4,0x81,0x01,0xa4,
  0x79,0xa3,0x79,0x81,0x83,0x79,0x81,0x63,0x79,0x81,0x42,0x71,0x81,0x22,0x71,0x01,
  0x02,0x71,0x02,0x69,0xa4,0x01,0x69,0xa3,0x01,0x69,0x01,0x02,0x69,0x02,0x71,0x81,
  0x22,0x71,0x01,0x42,0x71,0x43,0x71,0x81,0x63,0x79,0x05,0x83,0x79,0xa3,0x79,0xa4,
  0x79,0xc4,0x79,0xe4,0x81,0xe5,0x81,0x81,0x05,0x82,0x00,0x25,0x8a,0x82,0x46,0x8a,
  0x01,0x87,0x92,0xa7,0x92,0x81,0xc8,0x92,0x05,0xe8,0x9a,0xc7,0x9a,0x65,0x92,0x25,
  0x92,0xc8,0x9a,0x29,0x9b,0x81,0x49,0xa3,0x03,0x29,0xa3,0x6a,0xa3,0x8a,0xa3,0xab,
  0xab,0x81,0xcb,0xab,0x81,0xec,0xab,0x81,0x0c,0xac,0x00,0x0c,0xb4,0x82,0x2d,0xb4,
  0x83,0x4d,0xb4,0x03,0x6d,0xb4,0x6d,0xbc,0x4c,0xbc,0x2c,0xb4,0x84,0x6d,0xbc,0x81,
  0x8e,0xbc,0x01,0xad,0xbc,0x8d,0xbc,0x81,0xae,0xbc,0x00,0x8e,0xbc,0x81,0x8d,0xbc,
  0x81,0x8e,0xbc,0x00,0x8d,0xbc,0x81,0x6d,0xb4,0x01,0x6e,0xbc,0x0c,0xb4,0x85,0x2c,
  0xb4,0x02,0x0c,0xb4,0x0b,0xb4,0x0b,0xac,0x82,0xeb,0xab,0x02,0xcb,0xab,0x8a,0xab,
  0x8a,0xa3,0x81,0x6a,0xa3,0x81,0x49,0xa3,0x00,0x29,0xa3,0x82,0x08,0x9b,0x81,0xe8,
  0x9a,0x01,0xc8,0x92,0xc7,0x92,0x81,0xa7,0x92,0x03,0x87,0x92,0x86,0x8a,0x46,0x8a,
  0x25,0x8a,0x83,0x05,0x8a,0x00,0x05,0x82,0x81,0xe4,0x81,0x04,0xc4,0x81,0xc4,0x79,
  0xa4,0x79,0xa3,0x79,0x83,0x79,0x81,0x63,0x79,0x00,0x63,0x71,0x81,0x42,0x71,0x81,
  0x22,0x71,0x00,0x02,0x69,0xa3,0x01,0x69,0xa2,0x01,0x69,0x02,0x02,0x69,0x02,0x71,
  0x22,0x71,0x81,0x42,0x71,0x01,0x63,0x71,0x63,0x79,0x81,0x83,0x79,0x81,0xa4,0x79,
  0x01,0xc4,0x81,0xe4,0x81,0x81,0x05,0x82,0x00,0x25,0x8a,0x81,0x46,0x8a,0x04,0x66,
  0x8a,0x87,0x92,0x66,0x8a,0x87,0x92,0xe8,0x92,0x81,0xe8,0x9a,0x06,0x08,0x9b,0xe7,
  0x9a,0x25,0x92,0x66,0x9a,0x29,0xa3,0x6a,0xa3,0x8a,0xa3,0x81,0x49,0xa3,0x82,0xcb,
  0xab,0x00,0xec,0xab,0x81,0x0c,0xac,0x02,0x0c,0xb4,0x2c,0xb4,0x2d,0xb4,0x82,0x4d,
  0xb4,0x01,0x6d,0xb4,0x6d,0xbc,0x83,0x8e,0xbc,0x81,0x6d,0xbc,0x00,0x8e,0xbc,0x82,
  0xae,0xbc,0x01,0x8d,0xbc,0x8e,0xbc,0x81,0xcf,0xbc,0x01,0xae,0xbc,0xad,0xbc,0x81,
  0xcf,0xbc,0x00,0xce,0xbc,0x82,0xae,0xbc,0x00,0xaf,0xbc,0x82,0xae,0xbc,0x06,0xaf,
  0xbc,0x4d,0xb4,0x4c,0xb4,0x6d,0xbc,0x4c,0xb4,0x2c,0xb4,0x4d,0xb4,0x81,0x4c,0xb4,
  0x81,0x2c,0xb4,0x82,0x0c,0xac,0x00,0xec,0xab,0x81,0xcb,0xab,0x05,0xab,0xab,0x8a,
  0xab,0x8a,0xa3,0x6a,0xa3,0x49,0xa3,0x07,0xa3,0x82,0x29,0x9b,0x00,0x28,0x9b,0x81,
  0x08,0x9b,0x00,0xe8,0x92,0x81,0xc7,0x92,0x03,0xa7,0x92,0x86,0x92,0x66,0x92,0x46,
  0x92,0x83,0x25,0x8a,0x81,0x05,0x82,0x04,0xe5,0x81,0xe4,0x81,0xc4,0x81,0xc4,0x79,
  0xa4,0x79,0x81,0x83,0x79,0x01,0x63,0x79,0x63,0x71,0x81,0x42,0x71,0x81,0x22,0x71,
  0x00,0x02,0x69,0xa2,0x01,0x69,0xa1,0x01,0x69,0x00,0x02,0x71,0x81,0x22,0x71,0x81,
  0x42,0x71,0x81,0x63,0x79,0x81,0x83,0x79,0x0a,0xa4,0x79,0xc4,0x79,0xc4,0x81,0xe5,
  0x81,0x05,0x82,0x25,0x82,0x26,0x8a,0x46,0x8a,0x66,0x8a,0x86,0x8a,0x87,0x92,0x82,
  0xa7,0x92,0x0d,0xe8,0x9a,0x09,0x9b,0x29,0x9b,0x49,0x9b,0xe7,0x9a,0x25,0x9a,0xa7,
  0x9a,0x8a,0xa3,0x8a,0xab,0xab,0xab,0x49,0xab,0x8a,0xab,0xec,0xab,0x0c,0xac,0x81,
  0x0c,0xb4,0x81,0x2c,0xb4,0x81,0x4d,0xb4,0x81,0x6e,0xbc,0x82,0x8e,0xbc,0x85,0xae,
  0xbc,0x01,0xaf,0xbc,0xcf,0xbc,0x83,0xcf,0xc4,0x01,0xae,0xc4,0xef,0xc4,0x81,0xf0,
  0xc4,0x81,0xef,0xc4,0x02,0xf0,0xc4,0xef,0xc4,0xcf,0xc4,0x82,0xef,0xc4,0x05,0xcf,
  0xc4,0xcf,0xbc,0xcf,0xc4,0xef,0xc4,0x8e,0xbc,0x6d,0xbc,0x81,0xae,0xbc,0x83,0x8d,
  0xbc,0x00,0x4d,0xb4,0x83,0x2d,0xb4,0x0a,0x2c,0xb4,0x0c,0xac,0xec,0xab,0xeb,0xab,
  0xcb,0xab,0xab,0xab,0x8a,0xab,0x69,0xa3,0x48,0xa3,0x69,0xa3,0x49,0xa3,0x81,0x49,
  0x9b,0x81,0x29,0x9b,0x03,0x08,0x9b,0xe8,0x9a,0xe8,0x92,0xc7,0x92,0x81,0xa7,0x92,
  0x04,0x86,0x92,0x46,0x92,0x45,0x92,0x45,0x8a,0x25,0x8a,0x81,0x05,0x8a,0x01,0x05,
  0x82,0xe5,0x81,0x81,0xe4,0x81,0x03,0xc4,0x81,0xa4,0x79,0xa3,0x79,0x83,0x79,0x81,
  0x63,0x79,0x01,0x63,0x71,0x42,0x71,0x81,0x22,0x71,0x01,0x02,0x71,0x02,0x69,0xa0,
  0x01,0x69,0xa0,0x01,0x69,0x00,0x02,0x71,0x81,0x22,0x71,0x01,0x42,0x71,0x43,0x71,
  0x81,0x63,0x79,0x00,0x83,0x79,0x81,0xa4,0x79,0x01,0xc4,0x81,0xe4,0x81,0x81,0x05,
  0x82,0x04,0x25,0x8a,0x46,0x8a,0x66,0x8a,0x86,0x8a,0x87,0x92,0x81,0xa7,0x92,0x0a,
  0xc8,0x92,0x08,0x9b,0xc8,0x9a,0xe8,0x9a,0x49,0x9b,0x4a,0xa3,0x6a,0xa3,0x08,0xa3,
  0x25,0x9a,0xc8,0xa2,0xab,0xab,0x81,0xcb,0xab,0x03,0x6a,0xab,0xcb,0xab,0x2c,0xb4,
  0x2d,0xb4,0x82,0x4d,0xb4,0x03,0x6d,0xb4,0x6d,0xbc,0x6e,0xbc,0x8e,0xbc,0x82,0xae,
  0xbc,0x00,0xcf,0xbc,0x81,0xcf,0xc4,0x83,0xef,0xc4,0x83,0x10,0xc5,0x03,0xef,0xc4,
  0x0f,0xc5,0xee,0xc4,0x10,0xc5,0x82,0x30,0xc5,0x81,0x10,0xc5,0x84,0x30,0xc5,0x83,
  0x10,0xc5,0x04,0xcf,0xc4,0x8e,0xbc,0xaf,0xc4,0xef,0xc4,0xcf,0xbc,0x81,0xce,0xbc,
  0x04,0xae,0xbc,0x8e,0xbc,0x6e,0xbc,0x6d,0xbc,0x6d,0xb4,0x81,0x4d,0xb4,0x81,0x2c,
  0xb4,0x03,0x0c,0xb4,0xec,0xb3,0xcb,0xab,0xaa,0xab,0x81,0x8a,0xab,0x00,0x8a,0xa3,
  0x82,0x6a,0xa3,0x02,0x6a,0x9b,0x49,0x9b,0x29,0x9b,0x81,0x08,0x9b,0x01,0xe8,0x9a,
  0xc7,0x92,0x81,0xa7,0x92,0x81,0x86,0x92,0x00,0x66,0x8a,0x81,0x46,0x8a,0x02,0x25,
  0x8a,0x05,0x8a,0x05,0x82,0x82,0xe4,0x81,0x03,0xc4,0x81,0xc4,0x79,0xa4,0x79,0x83,
  0x79,0x81,0x63,0x79,0x00,0x63,0x71,0x81,0x42,0x71,0x02,0x22,0x71,0x02,0x71,0x02,
  0x69,0x9f,0x01,0x69,0x9e,0x01,0x69,0x02,0x02,0x69,0x02,0x71,0x22,0x71,0x81,0x42,
  0x71,0x04,0x63,0x71,0x63,0x79,0x83,0x79,0xa3,0x79,0xa4,0x79,0x81,0xc4,0x81,0x00,
  0xe4,0x81,0x81,0x05,0x82,0x03,0x26,0x8a,0x46,0x8a,0x66,0x8a,0x87,0x92,0x81,0xa7,
  0x92,0x03,0xc7,0x92,0xe8,0x92,0x08,0x9b,0x29,0x9b,0x81,0x08,0x9b,0x00,0x4a,0xa3,
  0x81,0x8a,0xa3,0x0a,0x69,0xa3,0x25,0x9a,0xc8,0xa2,0xeb,0xab,0x0c,0xac,0xeb,0xab,
  0xab,0xab,0x2c,0xb4,0x2d,0xb4,0x4d,0xb4,0x6e,0xbc,0x82,0x8e,0xbc,0x00,0xaf,0xbc,
  0x81,0xae,0xbc,0x81,0xcf,0xc4,0x00,0xef,0xc4,0x81,0xf0,0xc4,0x82,0x10,0xc5,0x02,
  0x30,0xc5,0x10,0xc5,0x30,0xc5,0x81,0x31,0xcd,0x04,0x51,0xcd,0x0f,0xc5,0x30,0xcd,
  0x0f,0xcd,0x30,0xcd,0x81,0x50,0xcd,0x81,0x51,0xcd,0x01,0x50,0xc5,0x50,0xcd,0x84,
  0x51,0xcd,0x00,0x30,0xc5,0x81,0x31,0xc5,0x02,0x10,0xc5,0xaf,0xc4,0xcf,0xc4,0x81,
  0x10,0xc5,0x00,0xef,0xc4,0x81,0xcf,0xc4,0x02,0xcf,0xbc,0xaf,0xbc,0xae,0xbc,0x81,
  0x8e,0xbc,0x06,0x6d,0xbc,0x4d,0xbc,0x4d,0xb4,0x2d,0xb4,0x2c,0xb4,0x0c,0xb4,0xeb,
  0xab,0x82,0xcb,0xab,0x01,0xaa,0xab,0x8a,0xab,0x81,0x8a,0xa3,0x01,0x6a,0xa3,0x49,
  0x9b,0x81,0x29,0x9b,0x02,0x08,0x9b,0xe8,0x9a,0x87,0x9a,0x83,0xa7,0x92,0x01,0x86,
  0x92,0x66,0x8a,0x81,0x46,0x8a,0x03,0x25,0x8a,0x05,0x8a,0x05,0x82,0xe4,0x81,0x81,
  0xc4,0x81,0x01,0xa4,0x81,0xa4,0x79,0x81,0x83,0x79,0x81,0x63,0x79,0x01,0x43,0x71,
  0x42,0x71,0x81,0x22,0x71,0x00,0x02,0x69,0x9e,0x01,0x69,0x9d,0x01,0x69,0x02,0x02,
  0x69,0x02,0x71,0x22,0x71,0x81,0x42,0x71,0x05,0x63,0x71,0x63,0x79,0x83,0x79,0xa3,
  0x79,0xc4,0x79,0xc4,0x81,0x81,0xe4,0x81,0x00,0x05,0x82,0x81,0x25,0x8a,0x03,0x66,
  0x8a,0x87,0x8a,0x87,0x92,0xa7,0x92,0x81,0xc7,0x92,0x13,0xe8,0x9a,0x08,0x9b,0x29,
  0x9b,0x49,0xa3,0x69,0xa3,0x29,0x9b,0x49,0xa3,0xab,0xab,0xcb,0xab,0xaa,0xab,0x66,
  0x9a,0xa7,0xa2,0x0c,0xb4,0x2c,0xb4,0xeb,0xb3,0x0c,0xb4,0x6d,0xbc,0x6d,0xb4,0x6d,
  0xbc,0x8e,0xbc,0x81,0xae,0xbc,0x00,0xaf,0xbc,0x81,0xcf,0xc4,0x01,0xef,0xc4,0xf0,
  0xc4,0x82,0x10,0xc5,0x00,0x31,0xc5,0x81,0x31,0xcd,0x84,0x51,0xcd,0x81,0x72,0xcd,
  0x01,0x51,0xcd,0x71,0xcd,0x81,0x50,0xcd,0x81,0x71,0xcd,0x82,0x72,0xcd,0x83,0x71,
  0xcd,0x00,0x72,0xcd,0x83,0x71,0xcd,0x09,0x30,0xc5,0xcf,0xc4,0x10,0xc5,0x50,0xc5,
  0x30,0xc5,0x10,0xc5,0xef,0xc4,0xcf,0xc4,0xf0,0xc4,0xef,0xc4,0x82,0xcf,0xbc,0x00,
  0xae,0xbc,0x81,0x8e,0xbc,0x04,0x6d,0xbc,0x4d,0xb4,0x2d,0xb4,0x0c,0xb4,0xeb,0xb3,
  0x81,0xeb,0xab,0x81,0xcb,0xab,0x09,0xab,0xab,0xaa,0xa3,0x8a,0xa3,0x6a,0xa3,0x69,
  0xa3,0x49,0x9b,0x29,0x9b,0xc7,0x9a,0xa7,0x9a,0xc7,0x9a,0x81,0xc7,0x92,0x04,0xc8,
  0x92,0xc7,0x92,0xa7,0x92,0x86,0x92,0x66,0x8a,0x81,0x46,0x8a,0x02,0x25,0x8a,0x05,
  0x82,0xe4,0x81,0x82,0xc4,0x81,0x02,0xa4,0x79,0xa3,0x79,0x83,0x79,0x81,0x63,0x79,
  0x01,0x43,0x71,0x42,0x71,0x81,0x22,0x71,0x00,0x02,0x69,0x9d,0x01,0x69,0x9c,0x01,
  0x69,0x02,0x02,0x69,0x02,0x71,0x22,0x71,0x81,0x42,0x71,0x06,0x63,0x71,0x63,0x79,
  0x83,0x79,0xa4,0x79,0xc4,0x79,0xc4,0x81,0xe4,0x81,0x81,0x05,0x82,0x0c,0x25,0x8a,
  0x46,0x8a,0x66,0x8a,0x86,0x8a,0xa7,0x92,0xc7,0x92,0xe8,0x92,0xe8,0x9a,0x08,0x9b,
  0x29,0x9b,0x49,0x9b,0x49,0xa3,0x6a,0xa3,0x81,0x8a,0xa3,0x0b,0x49,0xa3,0xcb,0xab,
  0x0c,0xac,0xec,0xab,0x08,0xab,0x87,0xa2,0xcb,0xb3,0x0c,0xb4,0xcb,0xb3,0x0c,0xbc,
  0x8e,0xbc,0xae,0xbc,0x81,0xaf,0xbc,0x02,0xcf,0xbc,0xcf,0xc4,0xef,0xc4,0x82,0x10,
  0xc5,0x82,0x30,0xc5,0x81,0x51,0xcd,0x01,0x52,0xcd,0x72,0xcd,0x82,0x71,0xcd,0x81,
  0x92,0xcd,0x05,0x92,0xd5,0x93,0xd5,0x92,0xcd,0x91,0xcd,0x70,0xcd,0x50,0xd5,0x82,
  0xb2,0xd5,0x81,0xb3,0xd5,0x00,0xb2,0xd5,0x81,0xb2,0xcd,0x81,0x91,0xcd,0x81,0x92,
  0xcd,0x08,0xb2,0xd5,0x92,0xcd,0x51,0xcd,0xf0,0xcc,0x31,0xcd,0x71,0xcd,0x51,0xcd,
  0x50,0xcd,0x30,0xc5,0x84,0x10,0xc5,0x06,0xef,0xc4,0xcf,0xc4,0xae,0xbc,0xcf,0xbc,
  0xae,0xbc,0x6e,0xbc,0x4d,0xbc,0x82,0x2c,0xb4,0x81,0x0c,0xb4,0x00,0xeb,0xab,0x81,
  0xcb,0xab,0x07,0xab,0xa3,0xaa,0xa3,0x8a,0xa3,0x6a,0xa3,0x49,0xa3,0xc7,0xa2,0xe8,
  0x9a,0x08,0x9b,0x83,0xe8,0x9a,0x04,0xc8,0x92,0xa7,0x92,0x87,0x92,0x66,0x92,0x46,
  0x8a,0x82,0x25,0x8a,0x00,0x05,0x82,0x82,0xc4,0x81,0x02,0xc4,0x79,0xa3,0x79,0x83,
  0x79,0x81,0x63,0x79,0x81,0x42,0x71,0x81,0x22,0x71,0x00,0x02,0x69,0x9c,0x01,0x69,
  0x9b,0x01,0x69,0x02,0x02,0x69,0x02,0x71,0x22,0x71,0x81,0x42,0x71,0x81,0x63,0x79,
  0x0d,0x83,0x79,0xa4,0x79,0xc4,0x79,0xe4,0x81,0xe5,0x81,0x05,0x82,0x25,0x82,0x25,
  0x8a,0x46,0x8a,0x66,0x8a,0x87,0x92,0xa7,0x92,0xc8,0x92,0xe8,0x9a,0x81,0x08,0x9b,
  0x02,0x29,0x9b,0x49,0xa3,0x6a,0xa3,0x81,0x8a,0xa3,0x0c,0xab,0xab,0xcb,0xab,0x8a,
  0xa3,0x8a,0xab,0x0c,0xb4,0x2c,0xb4,0xeb,0xab,0x08,0xab,0x09,0xb3,0xec,0xb3,0x2d,
  0xbc,0x0c,0xbc,0x8e,0xbc,0x81,0xcf,0xc4,0x02,0xf0,0xc4,0x10,0xc5,0x0f,0xc5,0x81,
  0x10,0xc5,0x00,0x30,0xc5,0x81,0x51,0xcd,0x03,0x50,0xcd,0x51,0xcd,0x71,0xcd,0x72,
  0xcd,0x82,0x92,0xd5,0x01,0xb2,0xcd,0xb2,0xd5,0x81,0xb3,0xd5,0x82,0xd3,0xd5,0x02,
  0xb2,0xd5,0x91,0xd5,0xb2,0xd5,0x81,0xd3,0xd5,0x00,0xd4,0xd5,0x86,0xd3,0xd5,0x04,
  0xb2,0xd5,0xb2,0xcd,0xd3,0xd5,0xb3,0xd5,0x92,0xcd,0x81,0x51,0xcd,0x08,0x92,0xcd,
  0x71,0xcd,0x70,0xcd,0x71,0xcd,0x51,0xcd,0x30,0xcd,0x31,0xcd,0x51,0xcd,0x30,0xc5,
  0x81,0x10,0xc5,0x00,0xef,0xc4,0x81,0xcf,0xc4,0x00,0xae,0xbc,0x82,0x6d,0xbc,0x02,
  0x4d,0xbc,0x4d,0xb4,0x2c,0xb4,0x82,0x0c,0xac,0x06,0xeb,0xab,0xcb,0xab,0xab,0xab,
  0x8a,0xa3,0x49,0xa3,0xc8,0xa2,0x08,0xa3,0x81,0x29,0x9b,0x00,0x28,0x9b,0x81,0x08,
  0x9b,0x81,0xe8,0x9a,0x02,0xc7,0x92,0x87,0x92,0x66,0x92,0x81,0x46,0x8a,0x81,0x25,
  0x8a,0x01,0x05,0x82,0xe4,0x81,0x82,0xc4,0x81,0x04,0xa4,0x79,0x83,0x79,0x63,0x79,
  0x42,0x79,0x42,0x71,0x82,0x22,0x71,0x00,0x02,0x69,0x9b,0x01,0x69,0x9a,0x01,0x69,
  0x05,0x02,0x69,0x02,0x71,0x22,0x71,0x42,0x71,0x43,0x71,0x63,0x79,0x81,0x83,0x79,
  0x02,0xa4,0x79,0xc4,0x79,0xe4,0x81,0x81,0x05,0x82,0x00,0x25,0x82,0x81,0x46,0x8a,
  0x1a,0x66,0x8a,0x86,0x92,0xa7,0x92,0xc8,0x92,0xe8,0x9a,0x08,0x9b,0x29,0x9b,0x49,
  0x9b,0x69,0xa3,0x6a,0xa3,0x8b,0xa3,0xab,0xab,0xcb,0xab,0xeb,0xab,0x0c,0xac,0xcb,
  0xab,0xab,0xb3,0xec,0xb3,0x0c,0xb4,0x4d,0xb4,0xaa,0xb3,0xa7,0xaa,0xcc,0xbb,0x4d,
  0xbc,0x0c,0xbc,0x6d,0xc4,0xf0,0xc4,0x81,0x10,0xc5,0x01,0x31,0xc5,0x30,0xc5,0x81,
  0x51,0xcd,0x81,0x50,0xcd,0x03,0x71,0xcd,0x91,0xcd,0x92,0xcd,0x93,0xd5,0x81,0xb3,
  0xd5,0x84,0xd3,0xd5,0x83,0xf4,0xd5,0x01,0xf3,0xd5,0xf2,0xdd,0x81,0x14,0xde,0x02,
  0xf3,0xdd,0x14,0xde,0x15,0xde,0x83,0x14,0xde,0x81,0x14,0xd6,0x00,0xf3,0xd5,0x81,
  0xd2,0xd5,0x81,0xd3,0xd5,0x04,0x92,0xcd,0x72,0xcd,0xb3,0xd5,0xb2,0xd5,0x91,0xcd,
  0x81,0x92,0xcd,0x00,0x71,0xcd,0x82,0x51,0xcd,0x02,0x51,0xc5,0x31,0xc5,0x30,0xc5,
  0x81,0xf0,0xc4,0x00,0xcf,0xc4,0x82,0x8e,0xbc,0x81,0x6d,0xbc,0x00,0x4d,0xb4,0x82,
  0x2c,0xb4,0x01,0x0c,0xb4,0xeb,0xab,0x81,0xcb,0xab,0x01,0x69,0xab,0x08,0xab,0x81,
  0x49,0xa3,0x81,0x49,0x9b,0x01,0x29,0x9b,0x09,0x9b,0x81,0x08,0x9b,0x12,0xe8,0x9a,
  0xc8,0x92,0xa7,0x92,0x87,0x92,0x86,0x8a,0x66,0x8a,0x46,0x8a,0x25,0x8a,0x05,0x8a,
  0xe4,0x81,0xc4,0x81,0xa4,0x81,0xa3,0x81,0x83,0x79,0x63,0x79,0x42,0x79,0x42,0x71,
  0x22,0x71,0x42,0x71,0x81,0x22,0x71,0x00,0x02,0x69,0x9a,0x01,0x69,0x99,0x01,0x69,
  0x0e,0x02,0x69,0x02,0x71,0x22,0x71,0x42,0x71,0x63,0x71,0x63,0x79,0x83,0x79,0xa3,
  0x79,0xa4,0x79,0xc4,0x81,0xe4,0x81,0x05,0x82,0x25,0x82,0x25,0x8a,0x46,0x8a,0x81,
  0x66,0x8a,0x16,0x87,0x92,0xa7,0x92,0xc8,0x92,0x08,0x9b,0x09,0x9b,0x29,0x9b,0x49,
  0x9b,0x6a,0xa3,0x8a,0xa3,0x8b,0xa3,0xcb,0xab,0xeb,0xab,0xec,0xab,0x0c,0xac,0x2c,
  0xac,0x0c,0xb4,0x2c,0xb4,0x4d,0xbc,0x2d,0xb4,0x2c,0xb4,0x2c,0xbc,0x49,0xb3,0x6a,
  0xbb,0x81,0x8a,0xbb,0x01,0x0b,0xc4,0xcf,0xc4,0x83,0x51,0xcd,0x00,0x72,0xcd,0x83,
  0x92,0xcd,0x00,0xb2,0xd5,0x81,0xd3,0xd5,0x81,0xd4,0xd5,0x81,0xf4,0xd5,0x06,0xf4,
  0xdd,0x14,0xde,0x14,0xd6,0x14,0xde,0x15,0xde,0x35,0xde,0x34,0xde,0x82,0x14,0xde,
  0x02,0x36,0xde,0x34,0xde,0x33,0xde,0x85,0x35,0xde,0x00,0x34,0xde,0x81,0x14,0xd6,
  0x81,0xf3,0xd5,0x05,0x14,0xd6,0xd3,0xd5,0xb3,0xd5,0xf3,0xd5,0xd2,0xd5,0xb1,0xd5,
  0x81,0xd3,0xd5,0x00,0xb3,0xcd,0x81,0x92,0xcd,0x81,0x72,0xcd,0x81,0x51,0xcd,0x03,
  0x30,0xcd,0x10,0xc5,0xef,0xc4,0xaf,0xc4,0x83,0xae,0xbc,0x00,0x8e,0xbc,0x82,0x4d,
  0xb4,0x04,0x4c,0xb4,0x0c,0xb4,0xeb,0xab,0xcb,0xab,0xaa,0xab,0x81,0x69,0xab,0x81,
  0x69,0xa3,0x81,0x6a,0xa3,0x05,0x49,0xa3,0x29,0x9b,0x09,0x9b,0x08,0x9b,0xe8,0x9a,
  0xc7,0x9a,0x81,0xa7,0x92,0x09,0x86,0x92,0x66,0x8a,0x46,0x8a,0x25,0x8a,0x05,0x8a,
  0xe4,0x81,0xc4,0x81,0xa4,0x81,0x83,0x81,0x63,0x79,0x82,0x43,0x79,0x81,0x42,0x71,
  0x81,0x22,0x71,0x00,0x02,0x69,0x99,0x01,0x69,0x98,0x01,0x69,0x00,0x02,0x69,0x81,
  0x22,0x71,0x09,0x42,0x71,0x63,0x71,0x63,0x79,0x83,0x79,0xa4,0x79,0xc4,0x79,0xc4,
  0x81,0xe4,0x81,0x05,0x82,0x25,0x82,0x81,0x46,0x8a,0x01,0x66,0x8a,0x86,0x8a,0x81,
  0xa7,0x92,0x01,0xc7,0x92,0x08,0x9b,0x81,0x29,0x9b,0x0e,0x49,0x9b,0x6a,0xa3,0x8a,
  0xa3,0xab,0xab,0xcb,0xab,0xeb,0xab,0x0c,0xac,0x0c,0xb4,0x2d,0xb4,0x4d,0xb4,0x2d,
  0xb4,0x4d,0xb4,0x8e,0xbc,0xaf,0xbc,0x8e,0xbc,0x81,0x6d,0xbc,0x05,0xaa,0xbb,0x0c,
  0xc4,0xec,0xc3,0xcb,0xbb,0x8e,0xc4,0x71,0xcd,0x81,0x72,0xcd,0x00,0x92,0xd5,0x81,
  0xb3,0xd5,0x00,0xd3,0xd5,0x81,0xd4,0xd5,0x00,0xd3,0xd5,0x81,0xf4,0xd5,0x00,0x14,
  0xde,0x81,0x15,0xde,0x84,0x35,0xde,0x02,0x56,0xde,0x55,0xde,0x34,0xde,0x81,0x55,
  0xde,0x00,0x34,0xde,0x81,0x56,0xe6,0x01,0x54,0xde,0x34,0xde,0x81,0x55,0xde,0x03,
  0x56,0xde,0x56,0xe6,0x56,0xde,0x55,0xde,0x82,0x35,0xde,0x06,0x13,0xde,0x34,0xde,
  0xf4,0xd5,0xd3,0xd5,0xd3,0xdd,0xd2,0xd5,0xd3,0xd5,0x81,0xf4,0xd5,0x82,0xd3,0xd5,
  0x02,0xb3,0xd5,0x92,0xd5,0x72,0xcd,0x81,0x71,0xcd,0x01,0x50,0xcd,0x10,0xc5,0x81,
  0xef,0xc4,0x06,0xcf,0xc4,0xaf,0xc4,0xae,0xbc,0xaf,0xbc,0x8e,0xbc,0x6d,0xbc,0x4d,
  0xbc,0x81,0x2c,0xb4,0x81,0x0c,0xb4,0x00,0xeb,0xab,0x83,0xaa,0xab,0x01,0xaa,0xa3,
  0x8a,0xa3,0x81,0x6a,0xa3,0x04,0x49,0xa3,0x29,0x9b,0x08,0x9b,0xe8,0x9a,0xc7,0x92,
  0x81,0xa7,0x92,0x08,0x87,0x92,0x66,0x92,0x46,0x8a,0x25,0x8a,0x05,0x8a,0x05,0x82,
  0xe4,0x81,0xc4,0x81,0x83,0x81,0x83,0x63,0x79,0x01,0x43,0x71,0x42,0x71,0x81,0x22,
  0x71,0x00,0x02,0x69,0x98,0x01,0x69,0x97,0x01,0x69,0x00,0x02,0x69,0x81,0x22,0x71,
  0x05,0x42,0x71,0x63,0x71,0x63,0x79,0x83,0x79,0xa3,0x79,0xc4,0x79,0x81,0xe4,0x81,
  0x02,0x05,0x82,0x25,0x82,0x46,0x8a,0x81,0x66,0x8a,0x06,0x86,0x8a,0xa7,0x92,0xc7,
  0x92,0xe8,0x9a,0x08,0x9b,0x29,0x9b,0x49,0x9b,0x81,0x6a,0xa3,0x06,0x8a,0xa3,0xcb,
  0xab,0xeb,0xab,0xec,0xab,0x0c,0xac,0x2d,0xb4,0x4d,0xb4,0x81,0x6e,0xb4,0x0c,0x6d,
  0xb4,0x8e,0xbc,0xcf,0xbc,0xcf,0xc4,0xf0,0xc4,0x8e,0xc4,0xae,0xc4,0xef,0xc4,0x30,
  0xcd,0x6d,0xc4,0xeb,0xc3,0x8e,0xc4,0x10,0xcd,0x82,0xb3,0xd5,0x81,0xd3,0xd5,0x81,
  0xf4,0xd5,0x82,0x14,0xde,0x82,0x35,0xde,0x82,0x55,0xde,0x02,0x56,0xe6,0x56,0xde,
  0x55,0xde,0x81,0x76,0xde,0x00,0x56,0xde,0x81,0x76,0xe6,0x03,0x55,0xde,0x76,0xe6,
  0x97,0xe6,0x77,0xe6,0x81,0x76,0xde,0x01,0x56,0xde,0x76,0xde,0x81,0x96,0xe6,0x03,
  0x76,0xde,0x55,0xde,0x56,0xe6,0x56,0xde,0x81,0x34,0xde,0x02,0xf4,0xdd,0xd3,0xdd,
  0xf3,0xdd,0x81,0x14,0xde,0x0c,0x15,0xd6,0x15,0xde,0xf4,0xd5,0xd4,0xd5,0xf4,0xd5,
  0xd4,0xd5,0xd3,0xd5,0xb2,0xd5,0x92,0xd5,0x92,0xcd,0x71,0xcd,0x30,0xcd,0x10,0xcd,
  0x81,0xf0,0xc4,0x82,0xcf,0xc4,0x02,0xae,0xbc,0x8d,0xbc,0x6d,0xbc,0x81,0x4c,0xb4,
  0x03,0x4d,0xb4,0x4d,0xbc,0x2c,0xb4,0xeb,0xb3,0x82,0xeb,0xab,0x06,0xcb,0xab,0xab,
  0xab,0xab,0xa3,0x8a,0xa3,0x6a,0xa3,0x4a,0xa3,0x49,0x9b,0x81,0x08,0x9b,0x0b,0xe8,
  0x9a,0xc8,0x92,0xa7,0x92,0x87,0x92,0x66,0x92,0x46,0x8a,0x25,0x8a,0x05,0x8a,0x05,
  0x82,0xe4,0x81,0xc4,0x81,0x84,0x81,0x81,0x83,0x79,0x81,0x63,0x79,0x01,0x63,0x71,
  0x42,0x71,0x81,0x22,0x71,0x00,0x02,0x69,0x97,0x01,0x69,0x96,0x01,0x69,0x00,0x02,
  0x69,0x81,0x22,0x71,0x05,0x42,0x71,0x62,0x71,0x63,0x79,0x83,0x79,0xa3,0x79,0xc4,
  0x79,0x81,0xe4,0x81,0x15,0x05,0x82,0x25,0x82,0x46,0x8a,0x66,0x8a,0x86,0x8a,0x87,
  0x92,0xa7,0x92,0xc8,0x92,0xe8,0x9a,0x08,0x9b,0x28,0x9b,0x49,0x9b,0x6a,0xa3,0x8a,
  0xa3,0xaa,0xa3,0xcb,0xab,0xeb,0xab,0x0c,0xac,0x2c,0xb4,0x2d,0xb4,0x4d,0xb4,0x6e,
  0xbc,0x81,0x8e,0xbc,0x0d,0x6d,0xbc,0xaf,0xbc,0xef,0xc4,0x10,0xc5,0x30,0xc5,0xef,
  0xc4,0xae,0xc4,0x30,0xcd,0x72,0xcd,0xce,0xc4,0x2b,0xc4,0x10,0xd5,0xef,0xcc,0x92,
  0xd5,0x82,0xf4,0xd5,0x01,0x14,0xd6,0x15,0xde,0x82,0x35,0xde,0x00,0x55,0xde,0x81,
  0x56,0xde,0x00,0x56,0xe6,0x81,0x76,0xe6,0x04,0x76,0xde,0x77,0xe6,0x97,0xe6,0x76,
  0xe6,0x96,0xe6,0x81,0x97,0xe6,0x04,0xb7,0xe6,0x97,0xe6,0x76,0xe6,0x96,0xe6,0xb7,
  0xe6,0x81,0xb8,0xe6,0x81,0x97,0xe6,0x00,0xb7,0xe6,0x83,0x97,0xe6,0x81,0x76,0xe6,
  0x06,0x13,0xde,0xf3,0xdd,0x36,0xe6,0xf3,0xdd,0x34,0xde,0x56,0xde,0x55,0xde,0x82,
  0x35,0xde,0x04,0x14,0xd6,0x15,0xd6,0x14,0xd6,0xf4,0xd5,0xd3,0xd5,0x81,0xb3,0xd5,
  0x02,0xb2,0xd5,0x92,0xcd,0x51,0xcd,0x81,0x10,0xcd,0x82,0xf0,0xc4,0x00,0xcf,0xc4,
  0x81,0x8d,0xbc,0x01,0x8e,0xbc,0x8d,0xbc,0x81,0x8e,0xbc,0x00,0x4d,0xb4,0x81,0x2c,
  0xb4,0x00,0x0c,0xac,0x81,0xec,0xab,0x03,0xeb,0xab,0xcb,0xab,0xab,0xab,0x8a,0xab,
  0x81,0x6a,0xa3,0x05,0x49,0xa3,0x29,0x9b,0x08,0x9b,0xe8,0x9a,0xc8,0x9a,0xa7,0x92,
  0x81,0x87,0x92,0x07,0x66,0x8a,0x46,0x8a,0x25,0x8a,0x05,0x8a,0xe5,0x81,0xc4,0x81,
  0xa4,0x81,0xa4,0x79,0x81,0x83,0x79,0x81,0x63,0x79,0x00,0x42,0x71,0x81,0x22,0x71,
  0x00,0x02,0x69,0x96,0x01,0x69,0x95,0x01,0x69,0x0f,0x02,0x69,0x02,0x71,0x22,0x71,
  0x42,0x71,0x63,0x71,0x63,0x79,0x83,0x79,0xa4,0x79,0xc4,0x79,0xc4,0x81,0xe4,0x81,
  0x05,0x82,0x25,0x82,0x46,0x8a,0x66,0x8a,0x86,0x8a,0x81,0xa7,0x92,0x02,0xc7,0x92,
  0x08,0x9b,0x09,0x9b,0x81,0x29,0x9b,0x08,0x69,0xa3,0x8a,0xa3,0xab,0xa3,0xcb,0xab,
  0xec,0xab,0x0c,0xb4,0x2d,0xb4,0x4d,0xb4,0x6e,0xbc,0x81,0x8e,0xbc,0x14,0xaf,0xbc,
  0xae,0xbc,0x8e,0xbc,0xf0,0xc4,0x10,0xc5,0x31,0xc5,0x51,0xc5,0x50,0xcd,0xce,0xc4,
  0x10,0xcd,0x92,0xd5,0x50,0xcd,0x0a,0xc4,0x10,0xd5,0x92,0xd5,0x30,0xcd,0xf3,0xd5,
  0x34,0xd6,0x14,0xde,0x34,0xde,0x35,0xde,0x82,0x56,0xde,0x02,0x75,0xde,0x76,0xe6,
  0x77,0xe6,0x82,0x97,0xe6,0x81,0xb7,0xe6,0x09,0xb8,0xe6,0xb7,0xe6,0x96,0xe6,0xb7,
  0xe6,0xb8,0xee,0xd8,0xee,0xb8,0xe6,0x97,0xe6,0xb7,0xe6,0xd7,0xe6,0x81,0xd8,0xee,
  0x02,0xb8,0xe6,0xd7,0xe6,0xd8,0xe6,0x81,0xb7,0xe6,0x82,0x97,0xe6,0x07,0xb7,0xe6,
  0x34,0xde,0x33,0xde,0x34,0xde,0xf3,0xdd,0x56,0xe6,0x77,0xe6,0x76,0xde,0x82,0x56,
  0xde,0x82,0x35,0xde,0x09,0x14,0xd6,0xf4,0xd5,0xd3,0xd5,0xf3,0xd5,0xd3,0xd5,0xb3,
  0xd5,0x71,0xd5,0x31,0xcd,0x51,0xcd,0x31,0xcd,0x81,0x30,0xcd,0x02,0xf0,0xc4,0xae,
  0xbc,0x8d,0xbc,0x81,0xae,0xbc,0x02,0x8e,0xbc,0x6d,0xbc,0x4d,0xbc,0x82,0x4d,0xb4,
  0x00,0x2c,0xb4,0x81,0x0c,0xac,0x14,0xec,0xab,0xeb,0xab,0xcb,0xab,0xab,0xab,0x8a,
  0xa3,0x6a,0xa3,0x49,0xa3,0x29,0x9b,0x08,0x9b,0xe8,0x9a,0xc8,0x9a,0xc7,0x92,0xa7,
  0x92,0x87,0x92,0x66,0x92,0x45,0x8a,0x25,0x8a,0x05,0x8a,0x05,0x82,0xe4,0x81,0xc4,
  0x81,0x81,0xa4,0x79,0x00,0x83,0x79,0x81,0x63,0x79,0x00,0x42,0x71,0x81,0x22,0x71,
  0x00,0x02,0x69,0x95,0x01,0x69,0x94,0x01,0x69,0x08,0x02,0x69,0x02,0x71,0x22,0x71,
  0x42,0x71,0x43,0x71,0x63,0x79,0x83,0x79,0xa3,0x79,0xc4,0x79,0x81,0xe4,0x81,0x05,
  0x05,0x82,0x25,0x82,0x45,0x8a,0x66,0x8a,0x86,0x8a,0xa7,0x92,0x81,0xc7,0x92,0x01,
  0xe8,0x9a,0x29,0x9b,0x81,0x49,0x9b,0x81,0x6a,0xa3,0x08,0xaa,0xa3,0xcb,0xab,0xec,
  0xab,0x2c,0xac,0x2d,0xb4,0x4d,0xb4,0x6e,0xbc,0x8e,0xbc,0xaf,0xbc,0x81,0xcf,0xbc,
  0x03,0xcf,0xc4,0xaf,0xc4,0x10,0xc5,0x51,0xc5,0x81,0x51,0xcd,0x16,0x71,0xcd,0x50,
  0xcd,0x10,0xcd,0xb2,0xd5,0xd2,0xd5,0xac,0xc4,0x6d,0xcc,0xf4,0xdd,0x71,0xd5,0x70,
  0xd5,0x34,0xde,0x35,0xde,0x55,0xde,0x56,0xde,0x76,0xe6,0x77,0xe6,0x97,0xe6,0x96,
  0xde,0x97,0xe6,0xb8,0xe6,0xb7,0xe6,0xb8,0xe6,0xb8,0xee,0x81,0xd8,0xe6,0x81,0xd8,
  0xee,0x01,0xb7,0xe6,0xd8,0xe6,0x81,0xf9,0xee,0x81,0xd8,0xe6,0x01,0xb7,0xe6,0xb8,
  0xe6,0x82,0xf9,0xee,0x81,0xf8,0xee,0x03,0xd8,0xee,0xf9,0xee,0xd8,0xe6,0xb8,0xe6,
  0x81,0xd8,0xe6,0x0a,0x96,0xe6,0x75,0xe6,0x34,0xde,0xd3,0xdd,0x34,0xde,0xb7,0xe6,
  0x97,0xe6,0x77,0xe6,0x76,0xde,0x77,0xe6,0x76,0xde,0x81,0x56,0xde,0x81,0x35,0xde,
  0x00,0x14,0xd6,0x81,0xf4,0xd5,0x02,0xd3,0xd5,0x92,0xd5,0x52,0xd5,0x81,0x72,0xcd,
  0x03,0x51,0xcd,0x31,0xcd,0x10,0xc5,0xef,0xc4,0x81,0xcf,0xc4,0x00,0xae,0xc4,0x81,
  0xae,0xbc,0x81,0x8e,0xbc,0x81,0x6d,0xb4,0x81,0x4d,0xb4,0x08,0x2d,0xb4,0x0c,0xb4,
  0x0c,0xac,0xec,0xab,0xeb,0xab,0xcb,0xab,0x8a,0xa3,0x69,0xa3,0x49,0xa3,0x81,0x29,
  0x9b,0x03,0x08,0x9b,0xe8,0x9a,0xc8,0x9a,0xa7,0x92,0x81,0x66,0x92,0x00,0x46,0x8a,
  0x81,0x25,0x8a,0x02,0x05,0x82,0xe5,0x81,0xc4,0x81,0x81,0xa4,0x79,0x00,0x83,0x79,
  0x81,0x63,0x79,0x00,0x42,0x71,0x81,0x22,0x71,0x00,0x02,0x69,0x94,0x01,0x69,0x93,
  0x01,0x69,0x02,0x02,0x69,0x02,0x71,0x22,0x71,0x81,0x42,0x71,0x08,0x63,0x79,0x83,
  0x79,0xa3,0x79,0xa4,0x79,0xc4,0x81,0xe4,0x81,0x05,0x82,0x25,0x82,0x45,0x8a,0x81,
  0x66,0x8a,0x81,0xa7,0x92,0x12,0xc8,0x92,0xe8,0x9a,0x29,0x9b,0x49,0x9b,0x69,0x9b,
  0x6a,0xa3,0x8a,0xa3,0xaa,0xa3,0xcb,0xab,0xeb,0xab,0x0c,0xac,0x2d,0xb4,0x4d,0xb4,
  0x6e,0xbc,0x8e,0xbc,0xaf,0xbc,0xcf,0xc4,0xef,0xc4,0x10,0xc5,0x81,0xef,0xc4,0x00,
  0x31,0xc5,0x82,0x71,0xcd,0x0d,0x91,0xcd,0xb2,0xd5,0x30,0xcd,0x92,0xd5,0x14,0xde,
  0x2f,0xcd,0x4c,0xcc,0xf4,0xdd,0x35,0xde,0x71,0xd5,0xb2,0xdd,0x76,0xe6,0x77,0xe6,
  0x96,0xe6,0x81,0x97,0xe6,0x81,0xb8,0xe6,0x01,0xb6,0xe6,0xb7,0xe6,0x81,0xd8,0xee,
  0x01,0xd9,0xee,0xf8,0xee,0x81,0xf9,0xee,0x04,0xf8,0xee,0xd8,0xe6,0xf9,0xee,0x19,
  0xef,0xf8,0xe6,0x81,0xf9,0xee,0x07,0xf8,0xe6,0xd8,0xe6,0xf9,0xee,0x1a,0xef,0x19,
  0xef,0xf8,0xe6,0xf8,0xee,0x19,0xef,0x82,0xf9,0xee,0x09,0xf8,0xe6,0xd8,0xe6,0xb8,
  0xe6,0xd9,0xee,0x97,0xe6,0x35,0xe6,0x35,0xde,0x97,0xe6,0xb8,0xe6,0xb7,0xe6,0x83,
  0x97,0xe6,0x00,0x76,0xe6,0x81,0x55,0xde,0x00,0x35,0xde,0x81,0x14,0xde,0x01,0x14,
  0xd6,0xb3,0xd5,0x82,0x92,0xd5,0x02,0x72,0xcd,0x31,0xcd,0x30,0xcd,0x81,0x10,0xc5,
  0x04,0xf0,0xc4,0xef,0xc4,0xcf,0xc4,0xcf,0xbc,0xaf,0xbc,0x81,0xae,0xbc,0x00,0x8e,
  0xbc,0x81,0x6e,0xbc,0x07,0x6d,0xbc,0x4d,0xb4,0x2c,0xb4,0x0c,0xb4,0x0c,0xac,0xeb,
  0xab,0xcb,0xab,0x6a,0xa3,0x81,0x4a,0xa3,0x04,0x49,0xa3,0x29,0x9b,0x08,0x9b,0xe8,
  0x9a,0xa7,0x92,0x81,0x87,0x92,0x0c,0x66,0x92,0x66,0x8a,0x46,0x8a,0x25,0x8a,0x05,
  0x82,0xe5,0x81,0xc4,0x81,0xa4,0x81,0xa4,0x79,0x83,0x79,0x63,0x79,0x63,0x71,0x42,
  0x71,0x81,0x22,0x71,0x00,0x02,0x69,0x93,0x01,0x69,0x93,0x01,0x69,0x00,0x02,0x71,
  0x81,0x22,0x71,0x01,0x42,0x71,0x63,0x79,0x81,0x83,0x79,0x0e,0xa4,0x79,0xc4,0x81,
  0xe4,0x81,0x05,0x82,0x25,0x82,0x45,0x8a,0x66,0x8a,0x86,0x8a,0xa7,0x92,0xc7,0x92,
  0xe8,0x92,0xe8,0x9a,0x08,0x9b,0x49,0x9b,0x6a,0xa3,0x81,0x8a,0xa3,0x06,0xaa,0xa3,
  0xcb,0xab,0xeb,0xab,0x0c,0xac,0x2d,0xb4,0x4d,0xb4,0x8e,0xbc,0x81,0xaf,0xbc,0x03,
  0xd0,0xc4,0xef,0xc4,0x10,0xc5,0x30,0xc5,0x81,0x10,0xc5,0x00,0x72,0xcd,0x82,0x92,
  0xcd,0x0c,0xb2,0xd5,0xf3,0xd5,0x92,0xd5,0x71,0xd5,0x35,0xde,0xb1,0xd5,0x6b,0xcc,
  0xd3,0xdd,0xb7,0xe6,0x55,0xde,0xb2,0xdd,0x14,0xde,0xb8,0xe6,0x81,0xb7,0xe6,0x00,
  0xb8,0xe6,0x81,0xd8,0xee,0x81,0xd8,0xe6,0x83,0xf9,0xee,0x81,0x19,0xef,0x02,0xf8,
  0xee,0x19,0xef,0x1a,0xef,0x81,0x19,0xef,0x00,0x1a,0xef,0x81,0x19,0xef,0x00,0xf9,
  0xee,0x82,0x3a,0xef,0x81,0x19,0xef,0x81,0x39,0xef,0x02,0x19,0xef,0xf8,0xee,0xd8,
  0xee,0x81,0xf9,0xee,0x01,0x1a,0xef,0xb7,0xe6,0x82,0x97,0xe6,0x82,0xd8,0xe6,0x81,
  0xb8,0xe6,0x81,0x97,0xe6,0x01,0x76,0xe6,0x56,0xe6,0x81,0x35,0xde,0x03,0x55,0xde,
  0x35,0xde,0xf4,0xdd,0x93,0xd5,0x81,0x92,0xd5,0x00,0x72,0xcd,0x81,0x51,0xcd,0x81,
  0x31,0xcd,0x02,0x30,0xc5,0x10,0xc5,0xef,0xc4,0x83,0xcf,0xbc,0x81,0xaf,0xbc,0x06,
  0xae,0xbc,0x8e,0xbc,0x6d,0xbc,0x4d,0xb4,0x2d,0xb4,0x2c,0xb4,0xec,0xb3,0x81,0xcb,
  0xab,0x00,0x8a,0xab,0x81,0x6a,0xa3,0x02,0x49,0xa3,0x29,0x9b,0x08,0x9b,0x81,0xc7,
  0x9a,0x81,0xa7,0x92,0x0f,0x87,0x92,0x66,0x8a,0x46,0x8a,0x25,0x8a,0x05,0x82,0xe5,
  0x81,0xe4,0x81,0xa4,0x79,0xa3,0x79,0x83,0x79,0x63,0x79,0x63,0x71,0x42,0x71,0x22,
  0x71,0x02,0x71,0x02,0x69,0x92,0x01,0x69,0x92,0x01,0x69,0x00,0x02,0x69,0x81,0x22,
  0x71,0x01,0x42,0x71,0x63,0x79,0x81,0x83,0x79,0x0a,0xa4,0x79,0xc4,0x81,0xe4,0x81,
  0x05,0x82,0x25,0x82,0x45,0x8a,0x66,0x8a,0x86,0x8a,0xa7,0x92,0xc7,0x92,0xe8,0x92,
  0x81,0x08,0x9b,0x03,0x29,0x9b,0x69,0xa3,0x8a,0xa3,0xab,0xab,0x81,0xcb,0xab,0x07,
  0xeb,0xab,0x0c,0xac,0x2d,0xb4,0x6d,0xb4,0x8e,0xbc,0xaf,0xbc,0xcf,0xc4,0xef,0xc4,
  0x81,0xf0,0xc4,0x05,0x10,0xc5,0x31,0xc5,0x30,0xc5,0x30,0xcd,0x92,0xcd,0xb3,0xd5,
  0x82,0xd3,0xd5,0x81,0xf3,0xd5,0x0d,0x71,0xd5,0x14,0xde,0x55,0xe6,0xce,0xd4,0x6c,
  0xcc,0x34,0xe6,0xd8,0xe6,0x55,0xe6,0xb2,0xdd,0x76,0xe6,0xf8,0xee,0xd8,0xe6,0xd8,
  0xee,0xf8,0xee,0x81,0xf9,0xee,0x81,0x19,0xef,0x81,0x1a,0xef,0x03,0x3a,0xef,0x19,
  0xef,0xf8,0xee,0x19,0xef,0x82,0x3a,0xef,0x00,0x5a,0xef,0x82,0x3a,0xef,0x02,0xf9,
  0xee,0x3a,0xef,0x5b,0xef,0x82,0x5b,0xf7,0x00,0x5a,0xef,0x81,0x3a,0xef,0x00,0x19,
  0xef,0x82,0x1a,0xef,0x04,0xf9,0xee,0xb7,0xee,0xd8,0xee,0xd7,0xee,0xb7,0xe6,0x82,
  0xf9,0xee,0x00,0xd9,0xee,0x81,0xb8,0xe6,0x81,0xb7,0xe6,0x02,0x97,0xe6,0x56,0xde,
  0x55,0xde,0x81,0x56,0xde,0x00,0xf4,0xdd,0x84,0x93,0xd5,0x00,0x92,0xcd,0x81,0x72,
  0xcd,0x01,0x51,0xcd,0x31,0xc5,0x81,0x10,0xc5,0x82,0xf0,0xc4,0x02,0xef,0xc4,0xcf,
  0xc4,0xcf,0xbc,0x81,0xae,0xbc,0x03,0x6e,0xbc,0x6d,0xbc,0x2c,0xb4,0xeb,0xab,0x81,
  0xec,0xab,0x05,0xcb,0xab,0xab,0xab,0x8a,0xab,0x6a,0xa3,0x49,0xa3,0x08,0x9b,0x81,
  0xe8,0x9a,0x0a,0xc8,0x9a,0xc7,0x92,0xa7,0x92,0x87,0x92,0x66,0x8a,0x46,0x8a,0x25,
  0x8a,0x05,0x82,0xe5,0x81,0xc4,0x81,0xa4,0x79,0x81,0x83,0x79,0x05,0x63,0x79,0x63,
  0x71,0x42,0x71,0x22,0x71,0x02,0x71,0x02,0x69,0x91,0x01,0x69,0x91,0x01,0x69,0x00,
  0x02,0x69,0x81,0x22,0x71,0x1e,0x42,0x71,0x63,0x71,0x63,0x79,0x83,0x79,0xa4,0x79,
  0xc4,0x81,0xe4,0x81,0x05,0x82,0x25,0x82,0x45,0x8a,0x66,0x8a,0x86,0x8a,0xa7,0x92,
  0xc7,0x92,0xe8,0x92,0x08,0x9b,0x29,0x9b,0x49,0x9b,0x49,0xa3,0x8a,0xa3,0xab,0xa3,
  0xcb,0xab,0xeb,0xab,0xec,0xab,0x0b,0xac,0x0c,0xb4,0x4d,0xb4,0x8e,0xbc,0xaf,0xbc,
  0xcf,0xc4,0xf0,0xc4,0x81,0x10,0xc5,0x04,0x30,0xc5,0x51,0xcd,0x71,0xcd,0x30,0xcd,
  0x51,0xcd,0x81,0xd3,0xd5,0x81,0xf4,0xd5,0x0e,0xf4,0xdd,0x14,0xde,0x34,0xde,0xd3,
  0xd5,0xd3,0xdd,0x96,0xe6,0x35,0xde,0x0f,0xcd,0xcc,0xd4,0x75,0xee,0x18,0xef,0x35,
  0xee,0xd4,0xe5,0x97,0xee,0x19,0xef,0x81,0xf8,0xee,0x00,0x19,0xef,0x82,0x1a,0xef,
  0x02,0x3a,0xf7,0x3a,0xef,0x5a,0xef,0x81,0x19,0xef,0x01,0x3a,0xf7,0x5a,0xf7,0x81,
  0x5b,0xef,0x81,0x5b,0xf7,0x05,0x5b,0xef,0x5b,0xf7,0x3a,0xf7,0x1a,0xef,0x5b,0xf7,
  0x7c,0xf7,0x82,0x7b,0xf7,0x11,0x5b,0xef,0x3a,0xef,0x5a,0xef,0x5b,0xf7,0x3b,0xef,
  0x3a,0xef,0xd8,0xee,0xb8,0xee,0x19,0xef,0xf9,0xee,0xb8,0xe6,0xd9,0xe6,0x3a,0xef,
  0x1a,0xef,0xf9,0xee,0xd9,0xee,0xd8,0xe6,0xb8,0xe6,0x81,0xb7,0xe6,0x06,0x76,0xe6,
  0x56,0xde,0x56,0xe6,0x15,0xe6,0xd4,0xdd,0xd4,0xd5,0xf4,0xd5,0x81,0xd4,0xd5,0x00,
  0xd3,0xd5,0x81,0xb3,0xd5,0x01,0x92,0xcd,0x72,0xcd,0x82,0x51,0xcd,0x82,0x30,0xc5,
  0x11,0x10,0xc5,0xf0,0xc4,0xef,0xc4,0xef,0xbc,0xae,0xbc,0x8e,0xbc,0x6d,0xbc,0x2c,
  0xb4,0x0c,0xb4,0x2c,0xb4,0x0c,0xb4,0x0c,0xac,0xeb,0xab,0xab,0xab,0xaa,0xab,0x6a,
  0xa3,0x29,0xa3,0x09,0x9b,0x81,0x08,0x9b,0x0a,0xe8,0x9a,0xc8,0x92,0xa7,0x92,0x87,
  0x92,0x66,0x8a,0x46,0x8a,0x25,0x8a,0x05,0x82,0xe4,0x81,0xc4,0x81,0xa4,0x79,0x81,
  0x83,0x79,0x04,0x63,0x79,0x43,0x71,0x42,0x71,0x22,0x71,0x02,0x71,0x91,0x01,0x69,
  0x90,0x01,0x69,0x19,0x02,0x69,0x02,0x71,0x22,0x71,0x42,0x71,0x63,0x71,0x63,0x79,
  0x83,0x79,0xa3,0x79,0xc4,0x81,0xe4,0x81,0x05,0x82,0x25,0x82,0x46,0x8a,0x66,0x8a,
  0x86,0x8a,0xa7,0x92,0xc7,0x92,0xe8,0x92,0x08,0x9b,0x28,0x9b,0x49,0x9b,0x49,0xa3,
  0x6a,0xa3,0xab,0xa3,0xcb,0xab,0xec,0xab,0x81,0x0c,0xac,0x81,0x2c,0xb4,0x03,0x6e,
  0xb4,0xae,0xbc,0xcf,0xbc,0xf0,0xc4,0x81,0x10,0xc5,0x07,0x31,0xc5,0x51,0xcd,0x71,
  0xcd,0x92,0xcd,0x72,0xcd,0x71,0xcd,0xd3,0xd5,0xf4,0xd5,0x81,0x14,0xde,0x00,0x35,
  0xde,0x81,0x34,0xde,0x0d,0x54,0xde,0xf3,0xdd,0x55,0xde,0x96,0xe6,0xd6,0xe6,0x50,
  0xdd,0x0f,0xe5,0xf3,0xed,0x51,0xe5,0x93,0xe5,0xd4,0xed,0x97,0xee,0x3a,0xef,0x19,
  0xef,0x81,0x3a,0xef,0x01,0x3a,0xf7,0x3a,0xef,0x81,0x5a,0xef,0x05,0x59,0xef,0x39,
  0xef,0x5a,0xf7,0x5b,0xf7,0x5a,0xf7,0x5b,0xef,0x82,0x7c,0xf7,0x81,0x7b,0xf7,0x01,
  0x5b,0xef,0x7b,0xf7,0x83,0x7c,0xf7,0x02,0x9c,0xf7,0x7b,0xef,0x5b,0xef,0x81,0x7b,
  0xf7,0x01,0x5b,0xf7,0x1a,0xef,0x81,0xf9,0xee,0x05,0x1a,0xef,0x3a,0xef,0xb8,0xee,
  0xd8,0xee,0x5b,0xef,0x3a,0xef,0x81,0x1a,0xef,0x02,0xf9,0xee,0xd8,0xee,0xb7,0xe6,
  0x81,0x77,0xe6,0x01,0x56,0xe6,0x36,0xe6,0x83,0x15,0xde,0x08,0x35,0xde,0x15,0xd6,
  0xf4,0xd5,0xd4,0xd5,0xd3,0xd5,0x93,0xd5,0x92,0xcd,0x72,0xcd,0x52,0xcd,0x83,0x72,
  0xcd,0x07,0x51,0xc5,0x30,0xc5,0x10,0xc5,0xef,0xc4,0xcf,0xc4,0xae,0xbc,0x6d,0xbc,
  0x2c,0xbc,0x81,0x4d,0xbc,0x05,0x4d,0xb4,0x2c,0xb4,0x0c,0xb4,0xeb,0xab,0xcb,0xab,
  0x8a,0xab,0x82,0x49,0xa3,0x0d,0x29,0x9b,0x08,0x9b,0xe8,0x9a,0xc7,0x92,0xa7,0x92,
  0x87,0x92,0x66,0x8a,0x46,0x8a,0x25,0x8a,0x05,0x82,0xe4,0x81,0xc4,0x81,0xa4,0x79,
  0x83,0x79,0x81,0x63,0x79,0x81,0x42,0x71,0x01,0x22,0x71,0x02,0x69,0x90,0x01,0x69,
  0x8f,0x01,0x69,0x0e,0x02,0x69,0x02,0x71,0x22,0x71,0x42,0x71,0x63,0x71,0x63,0x79,
  0x83,0x79,0xa3,0x79,0xc4,0x79,0xe4,0x81,0x05,0x82,0x25,0x82,0x45,0x8a,0x66,0x8a,
  0x86,0x8a,0x81,0xa7,0x92,0x03,0xe8,0x92,0x08,0x9b,0x29,0x9b,0x49,0x9b,0x81,0x69,
  0xa3,0x0a,0xaa,0xa3,0xcb,0xab,0xec,0xab,0x0c,0xac,0x2d,0xac,0x2c,0xac,0x2c,0xb4,
  0x6d,0xb4,0x8e,0xbc,0xcf,0xbc,0x10,0xc5,0x81,0x30,0xc5,0x02,0x31,0xc5,0x51,0xcd,
  0x72,0xcd,0x81,0xb2,0xcd,0x05,0x91,0xcd,0x91,0xd5,0xd2,0xd5,0xf3,0xd5,0x34,0xde,
  0x35,0xde,0x81,0x55,0xde,0x13,0x54,0xde,0x96,0xe6,0x34,0xde,0x75,0xe6,0x74,0xe6,
  0x75,0xe6,0x55,0xee,0xb2,0xe5,0x51,0xe5,0x92,0xed,0x31,0xe5,0xf5,0xed,0x97,0xee,
  0xd8,0xee,0x5b,0xf7,0x5a,0xef,0x5a,0xf7,0x7b,0xf7,0x5a,0xef,0x59,0xef,0x81,0x7b,
  0xf7,0x00,0x5b,0xf7,0x83,0x7b,0xf7,0x01,0x9c,0xf7,0x9c,0xff,0x81,0x9c,0xf7,0x03,
  0x7c,0xf7,0x7c,0xef,0xbd,0xf7,0x9d,0xf7,0x81,0x9c,0xf7,0x81,0x9d,0xf7,0x81,0x9c,
  0xf7,0x81,0x7c,0xf7,0x03,0x5b,0xf7,0x3a,0xf7,0x3b,0xf7,0x1a,0xef,0x81,0x3a,0xef,
  0x01,0xf8,0xee,0x1a,0xef,0x81,0x5b,0xef,0x04,0x3a,0xef,0x1a,0xef,0xf9,0xee,0x98,
  0xee,0x77,0xee,0x81,0x98,0xee,0x02,0x97,0xe6,0x77,0xe6,0x56,0xde,0x81,0x36,0xde,
  0x82,0x56,0xde,0x04,0x35,0xde,0xf4,0xdd,0xf4,0xd5,0xd4,0xd5,0xb3,0xd5,0x81,0x93,
  0xcd,0x04,0xb3,0xcd,0xb3,0xd5,0xb3,0xcd,0x92,0xcd,0x72,0xcd,0x81,0x51,0xcd,0x03,
  0x30,0xc5,0xf0,0xc4,0xcf,0xc4,0x6e,0xbc,0x81,0x6d,0xbc,0x07,0x8e,0xbc,0x6d,0xbc,
  0x4d,0xb4,0x2d,0xb4,0x0c,0xac,0xeb,0xab,0xaa,0xab,0x8a,0xa3,0x81,0x6a,0xa3,0x0e,
  0x49,0xa3,0x29,0x9b,0x08,0x9b,0xe8,0x9a,0xc7,0x92,0xa7,0x92,0x87,0x92,0x66,0x8a,
  0x46,0x8a,0x25,0x8a,0x05,0x82,0xe4,0x81,0xc4,0x81,0xa4,0x79,0x83,0x79,0x81,0x63,
  0x79,0x00,0x42,0x71,0x81,0x22,0x71,0x00,0x02,0x69,0x8f,0x01,0x69,0x8f,0x01,0x69,
  0x07,0x02,0x71,0x22,0x71,0x42,0x71,0x43,0x71,0x63,0x79,0x83,0x79,0xa3,0x79,0xc4,
  0x79,0x81,0xe4,0x81,0x0a,0x05,0x82,0x45,0x8a,0x66,0x8a,0x86,0x8a,0xa7,0x92,0xc7,
  0x92,0xe8,0x92,0x08,0x9b,0x29,0x9b,0x49,0x9b,0x69,0xa3,0x81,0x8a,0xa3,0x03,0xcb,
  0xab,0xec,0xab,0x2c,0xac,0x2d,0xb4,0x81,0x4d,0xb4,0x09,0x4c,0xb4,0x8d,0xbc,0xaf,
  0xbc,0xf0,0xc4,0x30,0xc5,0x31,0xc5,0x51,0xc5,0x51,0xcd,0x72,0xcd,0x92,0xcd,0x81,
  0xb2,0xd5,0x05,0x71,0xd5,0xb2,0xd5,0xf4,0xd5,0x14,0xd6,0x13,0xde,0x14,0xde,0x82,
  0x76,0xde,0x12,0xb6,0xe6,0x95,0xe6,0x73,0xe6,0xb6,0xee,0x97,0xe6,0x96,0xee,0xd7,
  0xf6,0x56,0xf6,0xd4,0xf5,0xd0,0xe4,0x36,0xee,0x39,0xf7,0x96,0xee,0x19,0xf7,0x9c,
  0xf7,0x7b,0xf7,0x7c,0xf7,0x5b,0xef,0x5a,0xef,0x82,0x9c,0xf7,0x09,0x7b,0xf7,0x9b,
  0xf7,0xbc,0xf7,0x9c,0xf7,0xbc,0xf7,0xbd,0xff,0x9c,0xf7,0x7c,0xf7,0x7b,0xf7,0x9c,
  0xf7,0x81,0xbd,0xf7,0x00,0xbd,0xff,0x83,0xbd,0xf7,0x82,0x9c,0xf7,0x04,0x7c,0xf7,
  0x5b,0xf7,0x7c,0xf7,0x5b,0xef,0x5b,0xf7,0x81,0x39,0xef,0x05,0x5b,0xef,0x5b,0xf7,
  0x7b,0xf7,0x5b,0xef,0x3a,0xef,0x1a,0xef,0x81,0x98,0xee,0x04,0xd9,0xee,0xf9,0xee,
  0xb8,0xe6,0x98,0xe6,0xb8,0xe6,0x81,0x77,0xe6,0x0c,0x77,0xde,0x77,0xe6,0x76,0xe6,
  0x56,0xde,0x14,0xd6,0xf4,0xd5,0x15,0xd6,0xd4,0xd5,0xd3,0xcd,0xd4,0xcd,0xf4,0xd5,
  0xd4,0xd5,0xd3,0xcd,0x81,0xb2,0xcd,0x06,0x92,0xcd,0x71,0xcd,0x51,0xc5,0x30,0xc5,
  0xcf,0xc4,0xaf,0xbc,0xcf,0xc4,0x81,0xae,0xbc,0x1d,0x8e,0xbc,0x6d,0xbc,0x4d,0xb4,
  0x2d,0xb4,0x0c,0xb4,0xcb,0xab,0xaa,0xab,0x8a,0xab,0x8a,0xa3,0x6a,0xa3,0x49,0xa3,
  0x29,0x9b,0x08,0x9b,0xe8,0x9a,0xc7,0x92,0xa7,0x92,0x87,0x92,0x66,0x8a,0x46,0x8a,
  0x25,0x8a,0x05,0x82,0xe4,0x81,0xc4,0x81,0xa3,0x79,0x83,0x79,0x63,0x79,0x63,0x71,
  0x42,0x71,0x22,0x71,0x02,0x71,0x8f,0x01,0x69,0x8e,0x01,0x69,0x00,0x02,0x69,0x81,
  0x22,0x71,0x04,0x42,0x71,0x63,0x79,0x83,0x79,0xa3,0x79,0xc4,0x79,0x81,0xe4,0x81,
  0x1d,0x05,0x82,0x25,0x8a,0x46,0x8a,0x66,0x8a,0x87,0x92,0xc7,0x92,0xe8,0x92,0xe8,
  0x9a,0x28,0x9b,0x49,0x9b,0x69,0xa3,0x8a,0xa3,0xaa,0xa3,0xcb,0xab,0xec,0xab,0x0c,
  0xac,0x2d,0xb4,0x4d,0xb4,0x8d,0xb4,0x6d,0xb4,0x8d,0xbc,0xae,0xbc,0xcf,0xc4,0x10,
  0xc5,0x51,0xc5,0x51,0xcd,0x71,0xcd,0x92,0xcd,0xb3,0xcd,0xd3,0xd5,0x81,0xf4,0xd5,
  0x0f,0xd2,0xd5,0xf4,0xd5,0x35,0xde,0x55,0xde,0x14,0xde,0x34,0xde,0x96,0xe6,0x97,
  0xe6,0xb7,0xe6,0xd8,0xe6,0xb5,0xe6,0x54,0xee,0xf9,0xee,0x3a,0xef,0xd6,0xee,0x90,
  0xe5,0x81,0xf1,0xec,0x05,0x15,0xee,0xf8,0xee,0x19,0xef,0x19,0xf7,0xb7,0xf6,0x39,
  0xf7,0x81,0x9b,0xf7,0x01,0x7a,0xf7,0x5a,0xf7,0x81,0x9c,0xf7,0x00,0xbc,0xf7,0x81,
  0x9c,0xf7,0x00,0xbd,0xf7,0x81,0x9c,0xf7,0x01,0xbc,0xf7,0x9c,0xf7,0x81,0x7b,0xf7,
  0x00,0x9c,0xf7,0x81,0x9d,0xf7,0x00,0xdd,0xff,0x83,0xbd,0xf7,0x81,0x9d,0xf7,0x08,
  0xdd,0xff,0x7c,0xf7,0x5c,0xf7,0x9d,0xf7,0x5b,0xf7,0x7b,0xf7,0x5b,0xf7,0x19,0xef,
  0x5b,0xf7,0x81,0x5c,0xf7,0x0a,0x5b,0xf7,0x1a,0xef,0xf9,0xee,0xfa,0xee,0xd9,0xee,
  0xfa,0xee,0x1a,0xef,0xd9,0xee,0xb9,0xee,0xd9,0xe6,0xb8,0xe6,0x82,0x98,0xe6,0x06,
  0x97,0xe6,0x56,0xde,0x15,0xd6,0x36,0xd6,0x35,0xd6,0x15,0xd6,0xf4,0xd5,0x81,0x14,
  0xd6,0x01,0xf4,0xd5,0xf4,0xcd,0x81,0xd3,0xcd,0x03,0xb2,0xcd,0x92,0xcd,0x71,0xcd,
  0x51,0xcd,0x81,0xf0,0xc4,0x08,0x10,0xc5,0xf0,0xc4,0xcf,0xbc,0xae,0xbc,0x8e,0xbc,
  0x6e,0xbc,0x4d,0xb4,0x2c,0xb4,0xcb,0xab,0x82,0xab,0xab,0x15,0x8a,0xab,0x6a,0xa3,
  0x49,0xa3,0x29,0x9b,0x08,0x9b,0xe8,0x9a,0xc7,0x92,0xa7,0x92,0x86,0x92,0x66,0x8a,
  0x46,0x8a,0x25,0x82,0x05,0x82,0xe4,0x81,0xc4,0x81,0xa3,0x79,0x83,0x79,0x63,0x79,
  0x63,0x71,0x42,0x71,0x22,0x71,0x02,0x71,0x8e,0x01,0x69,0x8d,0x01,0x69,0x00,0x02,
  0x69,0x81,0x22,0x71,0x18,0x42,0x71,0x63,0x71,0x63,0x79,0xa3,0x79,0xc4,0x79,0xc4,
  0x81,0xe4,0x81,0x05,0x82,0x25,0x82,0x45,0x8a,0x66,0x8a,0x86,0x92,0xa7,0x92,0xe8,
  0x92,0xe8,0x9a,0x08,0x9b,0x49,0x9b,0x6a,0xa3,0x8a,0xa3,0xaa,0xa3,0xaa,0xab,0xeb,
  0xab,0x0c,0xac,0x2d,0xb4,0x4d,0xb4,0x82,0x8d,0xb4,0x0e,0x8d,0xbc,0xcf,0xbc,0x10,
  0xc5,0x51,0xc5,0x71,0xcd,0x72,0xcd,0x92,0xcd,0xb3,0xcd,0xd3,0xd5,0xf4,0xd5,0x14,
  0xde,0x14,0xd6,0xf3,0xd5,0x14,0xde,0x55,0xde,0x81,0x76,0xde,0x0f,0x55,0xe6,0xb6,
  0xe6,0xb7,0xe6,0xd7,0xe6,0xf8,0xe6,0xb6,0xe6,0x55,0xe6,0xf9,0xee,0x5a,0xf7,0x12,
  0xe6,0x10,0xe5,0xd5,0xed,0x77,0xee,0x3a,0xf7,0x7a,0xf7,0x19,0xef,0x81,0x3a,0xf7,
  0x06,0x97,0xee,0x19,0xf7,0x7a,0xf7,0x19,0xf7,0x1a,0xf7,0x7c,0xf7,0xdd,0xff,0x83,
  0xbd,0xf7,0x03,0x9d,0xf7,0x9c,0xf7,0x9d,0xf7,0xbd,0xf7,0x81,0x7c,0xf7,0x00,0xbe,
  0xf7,0x81,0xbd,0xf7,0x01,0xde,0xf7,0xbd,0xf7,0x81,0xbd,0xff,0x82,0xbd,0xf7,0x0e,
  0xde,0xff,0x9c,0xf7,0x7c,0xf7,0x9d,0xf7,0x7c,0xf7,0x5b,0xf7,0x7c,0xf7,0xf9,0xf6,
  0x3b,0xf7,0x7c,0xf7,0x5b,0xf7,0x5c,0xf7,0x1a,0xef,0xfa,0xee,0x3b,0xef,0x81,0xfa,
  0xee,0x01,0x3b,0xef,0x1a,0xef,0x81,0xf9,0xee,0x05,0xd9,0xe6,0xb8,0xe6,0xb9,0xe6,
  0xb8,0xe6,0xb7,0xe6,0x76,0xde,0x81,0x36,0xde,0x03,0x36,0xd6,0x56,0xd6,0x35,0xd6,
  0x55,0xd6,0x81,0x35,0xd6,0x07,0x14,0xd6,0xf4,0xd5,0xf3,0xd5,0xd3,0xd5,0xb2,0xcd,
  0x92,0xcd,0x71,0xcd,0x10,0xc5,0x82,0x30,0xc5,0x15,0x10,0xc5,0xcf,0xbc,0xaf,0xbc,
  0xae,0xbc,0x6d,0xbc,0x4d,0xb4,0x0b,0xb4,0xcb,0xab,0xeb,0xab,0xcb,0xab,0xab,0xab,
  0x8a,0xa3,0x6a,0xa3,0x49,0xa3,0x29,0x9b,0x08,0x9b,0xe8,0x9a,0xc7,0x92,0xa7,0x92,
  0x86,0x92,0x66,0x8a,0x25,0x8a,0x81,0x05,0x82,0x02,0xe4,0x81,0xa4,0x79,0x83,0x79,
  0x81,0x63,0x79,0x03,0x43,0x71,0x42,0x71,0x02,0x71,0x02,0x69,0x8d,0x01,0x69,0x8d,
  0x01,0x69,0x15,0x02,0x71,0x22,0x71,0x42,0x71,0x63,0x71,0x63,0x79,0x83,0x79,0xa4,
  0x79,0xc4,0x81,0xe4,0x81,0x05,0x82,0x25,0x8a,0x45,0x8a,0x66,0x8a,0x86,0x92,0xa7,
  0x92,0xc7,0x92,0xe8,0x9a,0x08,0x9b,0x28,0x9b,0x49,0x9b,0x8a,0xa3,0xaa,0xa3,0x81,
  0xcb,0xab,0x0a,0x0c,0xac,0x2c,0xb4,0x4d,0xb4,0x8e,0xb4,0x8d,0xb4,0xad,0xbc,0x8d,
  0xbc,0xae,0xbc,0x10,0xc5,0x51,0xc5,0x71,0xcd,0x81,0x92,0xcd,0x28,0xb3,0xcd,0xf3,
  0xcd,0xf4,0xd5,0x14,0xd6,0x34,0xd6,0x13,0xd6,0xf3,0xdd,0x35,0xde,0x76,0xde,0x97,
  0xe6,0x97,0xde,0x96,0xe6,0xb7,0xe6,0xd8,0xe6,0xf8,0xee,0x18,0xef,0x17,0xef,0x96,
  0xe6,0xb8,0xee,0x59,0xf7,0x91,0xe5,0x37,0xf6,0x7b,0xf7,0x5a,0xf7,0x3a,0xf7,0x7a,
  0xf7,0x59,0xf7,0x19,0xef,0x5b,0xf7,0x7b,0xff,0xd8,0xf6,0x19,0xf7,0x7c,0xff,0x3a,
  0xf7,0x39,0xef,0x9c,0xff,0x7c,0xf7,0x9c,0xff,0xbd,0xf7,0xde,0xff,0xff,0xff,0x82,
  0xde,0xff,0x01,0x9d,0xf7,0x9c,0xf7,0x83,0xde,0xf7,0x00,0xde,0xff,0x81,0xbd,0xf7,
  0x04,0xde,0xff,0xde,0xf7,0xde,0xff,0xbd,0xff,0x9d,0xf7,0x81,0xbd,0xf7,0x08,0x9c,
  0xf7,0x3b,0xf7,0x7c,0xf7,0x1a,0xf7,0x3b,0xf7,0x7c,0xf7,0x9c,0xf7,0x7c,0xf7,0x5c,
  0xef,0x82,0x3b,0xef,0x06,0x5c,0xf7,0x5c,0xef,0x1b,0xef,0xfa,0xee,0x1a,0xef,0xfa,
  0xee,0xda,0xe6,0x81,0xd9,0xe6,0x00,0x98,0xe6,0x81,0x77,0xde,0x83,0x56,0xd6,0x82,
  0x55,0xd6,0x01,0x35,0xd6,0x15,0xd6,0x81,0xf4,0xd5,0x22,0xd3,0xd5,0x91,0xd5,0x30,
  0xcd,0x31,0xcd,0x72,0xcd,0x51,0xcd,0x51,0xc5,0x30,0xc5,0x0f,0xc5,0xef,0xc4,0xcf,
  0xbc,0x8e,0xbc,0x6e,0xbc,0x2c,0xb4,0xcb,0xb3,0xeb,0xb3,0xeb,0xab,0xcb,0xab,0xab,
  0xab,0x8a,0xab,0x6a,0xa3,0x49,0xa3,0x29,0x9b,0x08,0x9b,0xe8,0x9a,0xc7,0x92,0xa7,
  0x92,0x66,0x8a,0x46,0x8a,0x25,0x8a,0x05,0x82,0xe4,0x81,0xc4,0x81,0xa4,0x79,0x83,
  0x79,0x81,0x63,0x79,0x03,0x42,0x71,0x22,0x71,0x02,0x71,0x02,0x69,0x8c,0x01,0x69,
  0x8c,0x01,0x69,0x12,0x02,0x69,0x22,0x71,0x42,0x71,0x63,0x71,0x63,0x79,0x83,0x79,
  0xa4,0x79,0xc4,0x79,0xe4,0x81,0x04,0x82,0x25,0x82,0x45,0x8a,0x46,0x8a,0x66,0x8a,
  0xa7,0x92,0xc8,0x92,0xe8,0x9a,0x08,0x9b,0x29,0x9b,0x81,0x69,0xa3,0x01,0x8a,0xa3,
  0xcb,0xab,0x81,0xeb,0xab,0x07,0x2c,0xac,0x4d,0xb4,0x6d,0xb4,0xae,0xbc,0x8d,0xb4,
  0xce,0xbc,0x8e,0xbc,0xae,0xbc,0x81,0x51,0xcd,0x02,0x92,0xcd,0xb2,0xcd,0xd3,0xd5,
  0x81,0xd3,0xcd,0x00,0xf4,0xd5,0x81,0x14,0xd6,0x02,0x34,0xde,0x14,0xde,0x56,0xde,
  0x81,0x97,0xe6,0x0b,0xb7,0xe6,0xd7,0xe6,0xb7,0xe6,0xd7,0xee,0xd6,0xee,0x94,0xee,
  0xf7,0xee,0xf8,0xe6,0xb7,0xe6,0x7a,0xff,0xb1,0xe5,0xd4,0xed,0x81,0x7b,0xf7,0x81,
  0x5a,0xf7,0x00,0x7a,0xf7,0x81,0x5a,0xf7,0x09,0x9b,0xff,0x1a,0xf7,0xd8,0xf6,0x7b,
  0xff,0x9c,0xf7,0x5a,0xf7,0x7c,0xff,0x7c,0xf7,0x9c,0xf7,0xbc,0xf7,0x81,0xbd,0xff,
  0x05,0x7d,0xf7,0xbd,0xff,0xde,0xff,0xbd,0xf7,0x7c,0xf7,0x9d,0xf7,0x82,0xde,0xf7,
  0x00,0xde,0xff,0x81,0xbe,0xf7,0x0a,0xde,0xff,0xde,0xf7,0xde,0xff,0xbe,0xf7,0x9d,
  0xf7,0xbe,0xff,0xbe,0xf7,0x9d,0xf7,0x3b,0xf7,0x1b,0xf7,0x5b,0xf7,0x81,0x9d,0xf7,
  0x81,0xbd,0xf7,0x81,0x5c,0xef,0x00,0x5c,0xf7,0x82,0x7c,0xf7,0x0a,0x3b,0xef,0xfa,
  0xee,0x1a,0xef,0x3a,0xef,0x1a,0xef,0xfa,0xee,0xf9,0xee,0xb8,0xe6,0x78,0xde,0x77,
  0xde,0x77,0xd6,0x81,0x56,0xd6,0x08,0x97,0xd6,0x76,0xd6,0x55,0xd6,0x76,0xde,0x56,
  0xde,0x36,0xd6,0x14,0xd6,0xf3,0xd5,0xd2,0xd5,0x81,0x71,0xcd,0x0d,0x92,0xcd,0x92,
  0xd5,0x92,0xcd,0x71,0xcd,0x30,0xcd,0x30,0xc5,0x10,0xc5,0xef,0xc4,0xcf,0xbc,0x8e,
  0xbc,0x4c,0xbc,0x0c,0xb4,0xeb,0xb3,0xeb,0xab,0x81,0xcb,0xab,0x15,0xaa,0xab,0x8a,
  0xa3,0x6a,0xa3,0x49,0xa3,0x29,0x9b,0x08,0x9b,0xe8,0x9a,0xa7,0x92,0x87,0x92,0x66,
  0x8a,0x46,0x8a,0x25,0x8a,0x05,0x82,0xe4,0x81,0xc4,0x81,0xa4,0x79,0x83,0x79,0x63,
  0x79,0x43,0x71,0x42,0x71,0x22,0x71,0x02,0x71,0x8c,0x01,0x69,0x8b,0x01,0x69,0x00,
  0x02,0x69,0x81,0x22,0x71,0x13,0x42,0x71,0x63,0x79,0x83,0x79,0xa3,0x79,0xc4,0x79,
  0xe4,0x81,0x04,0x82,0x05,0x82,0x25,0x8a,0x45,0x8a,0x66,0x8a,0x86,0x92,0xc7,0x92,
  0xe8,0x9a,0x08,0x9b,0x29,0x9b,0x49,0xa3,0x6a,0xa3,0x8a,0xa3,0xaa,0xa3,0x81,0xeb,
  0xab,0x0d,0x0c,0xac,0x4d,0xb4,0x6e,0xb4,0x8e,0xbc,0xae,0xbc,0xce,0xbc,0xef,0xbc,
  0xce,0xbc,0xae,0xc4,0x50,0xcd,0x72,0xcd,0x92,0xcd,0xb3,0xcd,0xd3,0xd5,0x81,0xd3,
  0xcd,0x00,0x14,0xd6,0x81,0x35,0xde,0x02,0x76,0xde,0x35,0xde,0x56,0xde,0x81,0xb7,
  0xe6,0x0d,0xf8,0xe6,0x18,0xef,0xf8,0xe6,0xf7,0xee,0xb6,0xee,0x96,0xe6,0xf8,0xee,
  0x59,0xef,0x96,0xee,0x5a,0xff,0x95,0xee,0x31,0xe5,0x3b,0xff,0x9c,0xf7,0x83,0x7b,
  0xf7,0x0c,0x5a,0xf7,0x9b,0xf7,0x5b,0xf7,0xd9,0xf6,0x9c,0xff,0x9c,0xf7,0x5b,0xf7,
  0x7c,0xff,0xfe,0xff,0xde,0xf7,0xbe,0xff,0xbd,0xff,0x9c,0xf7,0x81,0x7c,0xff,0x09,
  0x5b,0xf7,0x5b,0xef,0x7c,0xf7,0x9d,0xf7,0xbe,0xf7,0xde,0xff,0xde,0xf7,0xdf,0xff,
  0xff,0xff,0xde,0xf7,0x82,0xbe,0xf7,0x03,0x7d,0xf7,0xbe,0xf7,0xbe,0xff,0xbe,0xf7,
  0x81,0x7d,0xf7,0x02,0xfa,0xf6,0x3b,0xf7,0xde,0xf7,0x81,0xbd,0xf7,0x07,0x9d,0xf7,
  0x5c,0xef,0x5c,0xf7,0x9d,0xf7,0x9c,0xf7,0x7d,0xf7,0x7c,0xf7,0x7c,0xef,0x82,0x3b,
  0xef,0x81,0x1a,0xef,0x00,0xfa,0xee,0x81,0xd9,0xe6,0x03,0x98,0xde,0x77,0xde,0x57,
  0xde,0x56,0xd6,0x81,0x77,0xd6,0x00,0x56,0xd6,0x81,0x76,0xde,0x01,0x55,0xde,0xf4,
  0xd5,0x81,0xb3,0xd5,0x01,0xd4,0xd5,0xd3,0xd5,0x81,0xb2,0xd5,0x07,0x92,0xcd,0x71,
  0xcd,0x50,0xcd,0x30,0xcd,0x30,0xc5,0x10,0xc5,0xef,0xc4,0xae,0xbc,0x81,0x6d,0xbc,
  0x1a,0x2d,0xb4,0xec,0xb3,0xeb,0xb3,0xcb,0xab,0xaa,0xab,0x8a,0xab,0x8a,0xa3,0x6a,
  0xa3,0x49,0xa3,0x28,0x9b,0x08,0x9b,0xc8,0x92,0xa7,0x92,0x87,0x92,0x66,0x8a,0x46,
  0x8a,0x25,0x8a,0x05,0x82,0xc4,0x81,0xa4,0x79,0xa3,0x79,0x83,0x79,0x63,0x79,0x42,
  0x71,0x22,0x71,0x02,0x71,0x02,0x69,0x8b,0x01,0x69,0x8b,0x01,0x69,0x1b,0x02,0x71,
  0x22,0x71,0x42,0x71,0x63,0x71,0x63,0x79,0x83,0x79,0xa4,0x79,0xc4,0x81,0xe4,0x81,
  0x05,0x82,0x25,0x8a,0x45,0x8a,0x66,0x8a,0x86,0x92,0xa7,0x92,0xc7,0x9a,0x08,0x9b,
  0x28,0x9b,0x49,0x9b,0x69,0xa3,0xaa,0xa3,0xaa,0xab,0xca,0xab,0xeb,0xab,0x0c,0xac,
  0x2c,0xb4,0x6d,0xb4,0x8e,0xbc,0x81,0xce,0xbc,0x81,0xef,0xbc,0x04,0x10,0xc5,0x0f,
  0xc5,0x50,0xcd,0x91,0xcd,0xb2,0xcd,0x81,0xd3,0xcd,0x09,0xd3,0xd5,0xf4,0xd5,0x55,
  0xde,0x56,0xde,0x76,0xde,0x97,0xe6,0x55,0xde,0x56,0xde,0xb7,0xde,0xd8,0xe6,0x82,
  0x19,0xef,0x0a,0xf8,0xee,0xd8,0xee,0x5a,0xf7,0x18,0xef,0x38,0xef,0xb7,0xee,0xf9,
  0xee,0x39,0xf7,0xf0,0xe4,0xb8,0xf6,0xdd,0xf7,0x81,0x9c,0xf7,0x17,0xbd,0xf7,0x7c,
  0xf7,0x5b,0xf7,0x7c,0xf7,0x7b,0xf7,0xd9,0xf6,0x9c,0xff,0xfe,0xff,0x7c,0xf7,0x7b,
  0xf7,0xbd,0xff,0xdd,0xff,0xbc,0xff,0x7c,0xff,0xbd,0xff,0xbe,0xff,0x9d,0xff,0x7d,
  0xf7,0x9d,0xf7,0x7c,0xef,0x7d,0xf7,0x7d,0xef,0x9d,0xf7,0xbe,0xf7,0x81,0xdf,0xf7,
  0x81,0xbe,0xf7,0x09,0xde,0xf7,0x9d,0xf7,0x7d,0xef,0xde,0xff,0xbe,0xf7,0x9d,0xf7,
  0x7d,0xf7,0x9d,0xf7,0x3b,0xef,0x3c,0xf7,0x81,0xbe,0xf7,0x02,0x9d,0xf7,0x7d,0xf7,
  0x5d,0xf7,0x81,0x7d,0xf7,0x81,0x9d,0xf7,0x00,0x7c,0xf7,0x81,0x5c,0xef,0x02,0x5b,
  0xef,0x3b,0xef,0x1b,0xef,0x81,0xfa,0xee,0x02,0x1a,0xef,0xfa,0xe6,0xb9,0xe6,0x82,
  0x77,0xde,0x81,0x97,0xde,0x02,0x36,0xde,0x56,0xde,0x35,0xde,0x81,0x14,0xde,0x03,
  0xf4,0xd5,0x15,0xd6,0x35,0xd6,0x14,0xd6,0x81,0xd3,0xd5,0x03,0xd2,0xcd,0x92,0xcd,
  0x71,0xcd,0x30,0xcd,0x81,0x30,0xc5,0x08,0xef,0xc4,0xae,0xc4,0x8d,0xbc,0x8e,0xbc,
  0x6e,0xbc,0x4d,0xbc,0x2c,0xb4,0xeb,0xb3,0xcb,0xab,0x81,0x8a,0xab,0x0e,0x8a,0xa3,
  0x69,0xa3,0x49,0x9b,0x08,0x9b,0xe8,0x9a,0xc7,0x92,0xa7,0x92,0x86,0x92,0x66,0x8a,
  0x45,0x8a,0x05,0x82,0xe4,0x81,0xc4,0x81,0xa4,0x79,0x83,0x79,0x81,0x63,0x79,0x03,
  0x42,0x71,0x22,0x71,0x02,0x71,0x02,0x69,0x8a,0x01,0x69,0x8a,0x01,0x69,0x01,0x02,
  0x69,0x22,0x71,0x81,0x42,0x71,0x09,0x63,0x79,0x83,0x79,0xa4,0x79,0xc4,0x81,0xe4,
  0x81,0x05,0x82,0x25,0x8a,0x45,0x8a,0x66,0x8a,0x86,0x92,0x81,0xa7,0x92,0x0e,0xe8,
  0x9a,0x28,0x9b,0x49,0x9b,0x69,0xa3,0x8a,0xa3,0xaa,0xab,0xca,0xab,0xeb,0xab,0x0c,
  0xac,0x2c,0xb4,0x4d,0xb4,0x6e,0xb4,0xae,0xbc,0xcf,0xbc,0xef,0xbc,0x81,0x0f,0xc5,
  0x05,0x50,0xc5,0x71,0xc5,0x50,0xc5,0x51,0xcd,0x92,0xcd,0xd3,0xcd,0x81,0xf4,0xd5,
  0x00,0x35,0xd6,0x81,0x76,0xde,0x05,0x97,0xe6,0xb7,0xe6,0x75,0xe6,0x75,0xde,0xb7,
  0xde,0x19,0xef,0x82,0x3a,0xef,0x0a,0x18,0xef,0x19,0xef,0x5a,0xf7,0x17,0xef,0x39,
  0xf7,0x5a,0xf7,0xf9,0xee,0x9a,0xff,0x51,0xe5,0xf5,0xed,0xdd,0xf7,0x82,0xbd,0xf7,
  0x16,0x9d,0xf7,0x9c,0xf7,0x7c,0xf7,0xbd,0xf7,0x1b,0xf7,0xda,0xf6,0xdd,0xff,0xde,
  0xf7,0x9c,0xf7,0x5b,0xf7,0x7c,0xff,0x9c,0xff,0x7c,0xf7,0xbe,0xff,0xff,0xff,0xdf,
  0xff,0x9e,0xf7,0xdf,0xf7,0x9e,0xf7,0x3c,0xe7,0x3c,0xef,0x5d,0xef,0x9e,0xf7,0x81,
  0xdf,0xf7,0x09,0xbe,0xf7,0xdf,0xf7,0xff,0xff,0x7d,0xf7,0x9e,0xf7,0xbe,0xf7,0x9e,
  0xf7,0x9d,0xf7,0x9e,0xf7,0xbd,0xf7,0x81,0x5c,0xf7,0x03,0x5d,0xef,0x7d,0xf7,0x7e,
  0xf7,0x7d,0xf7,0x82,0x9d,0xf7,0x02,0x9e,0xf7,0x9d,0xf7,0x7d,0xf7,0x82,0x5c,0xef,
  0x81,0x3b,0xef,0x81,0x1b,0xef,0x03,0x3b,0xef,0x1a,0xef,0xd9,0xe6,0x98,0xde,0x81,
  0x77,0xde,0x08,0xb7,0xde,0x97,0xde,0x56,0xde,0x35,0xde,0xf4,0xd5,0x15,0xd6,0x56,
  0xde,0x76,0xde,0x56,0xde,0x81,0x55,0xde,0x00,0x14,0xd6,0x81,0xf3,0xd5,0x24,0xd2,
  0xcd,0xb2,0xd5,0x71,0xcd,0x2f,0xcd,0x30,0xcd,0xef,0xc4,0xae,0xc4,0xaf,0xc4,0xaf,
  0xbc,0xae,0xbc,0x6e,0xbc,0x4d,0xb4,0x2c,0xb4,0x0c,0xb4,0xeb,0xab,0x8a,0xab,0x69,
  0xab,0x6a,0xa3,0x69,0xa3,0x29,0x9b,0x08,0x9b,0xe8,0x9a,0xc7,0x92,0xa7,0x92,0x66,
  0x8a,0x46,0x8a,0x25,0x8a,0x05,0x82,0xe4,0x81,0xc4,0x81,0xa4,0x79,0x83,0x79,0x63,
  0x79,0x63,0x71,0x42,0x71,0x22,0x71,0x02,0x71,0x8a,0x01,0x69,0x89,0x01,0x69,0x08,
  0x02,0x69,0x02,0x71,0x22,0x71,0x42,0x71,0x63,0x79,0x83,0x79,0xa3,0x79,0xc4,0x79,
  0xe4,0x81,0x81,0x05,0x82,0x20,0x45,0x8a,0x66,0x8a,0x86,0x92,0xa7,0x92,0xc7,0x92,
  0xc7,0x9a,0xe7,0x9a,0x28,0x9b,0x69,0xa3,0x8a,0xa3,0xaa,0xab,0xca,0xab,0xeb,0xab,
  0x0c,0xac,0x2c,0xb4,0x4d,0xb4,0x6d,0xb4,0x8e,0xbc,0xcf,0xbc,0xef,0xbc,0xef,0xc4,
  0x0f,0xc5,0x30,0xc5,0x51,0xc5,0x71,0xc5,0x91,0xcd,0x51,0xcd,0x71,0xcd,0xd3,0xd5,
  0x13,0xd6,0x34,0xd6,0x56,0xde,0x76,0xde,0x81,0x97,0xe6,0x03,0xb8,0xe6,0x96,0xe6,
  0x95,0xe6,0xf9,0xee,0x81,0x3a,0xef,0x0f,0x5b,0xef,0x7b,0xf7,0x19,0xe7,0x39,0xef,
  0x39,0xf7,0x19,0xf7,0x5b,0xef,0x7c,0xf7,0x39,0xf7,0x7a,0xff,0xf4,0xed,0xd4,0xed,
  0xbd,0xff,0xbd,0xf7,0xbe,0xff,0xbe,0xf7,0x81,0xde,0xff,0x08,0xbd,0xf7,0xbd,0xff,
  0xde,0xff,0xda,0xee,0x3b,0xf7,0xdd,0xff,0x7d,0xf7,0x7c,0xf7,0x9d,0xf7,0x82,0xdf,
  0xff,0x81,0xff,0xff,0x00,0xdf,0xf7,0x81,0xbe,0xf7,0x81,0x7d,0xef,0x01,0x9e,0xf7,
  0x9e,0xef,0x82,0xdf,0xf7,0x02,0xbe,0xf7,0x7d,0xef,0x5d,0xef,0x82,0xbe,0xf7,0x08,
  0x9e,0xf7,0x7d,0xef,0xbe,0xf7,0x5c,0xef,0x3c,0xef,0x3d,0xef,0x5d,0xef,0x7e,0xf7,
  0x9e,0xf7,0x81,0x9d,0xf7,0x81,0x9e,0xf7,0x81,0x7d,0xf7,0x00,0x7d,0xef,0x81,0x5c,
  0xef,0x00,0x7c,0xef,0x81,0x5c,0xef,0x00,0x3c,0xef,0x81,0x3b,0xef,0x0a,0xf9,0xe6,
  0xb8,0xde,0x98,0xde,0xb8,0xde,0xd8,0xde,0xb7,0xde,0x55,0xde,0xd3,0xd5,0x36,0xde,
  0x77,0xde,0x76,0xde,0x81,0x96,0xde,0x16,0x76,0xde,0x55,0xde,0x35,0xde,0x14,0xd6,
  0x13,0xd6,0xf3,0xcd,0xd3,0xcd,0xb2,0xd5,0x71,0xcd,0x2f,0xcd,0xae,0xc4,0xce,0xc4,
  0xef,0xc4,0xce,0xc4,0xae,0xbc,0x8e,0xbc,0x6d,0xbc,0x4d,0xb4,0x2d,0xb4,0x0c,0xb4,
  0xeb,0xab,0xaa,0xab,0x49,0xa3,0x81,0x69,0xa3,0x11,0x29,0x9b,0x08,0x9b,0xe8,0x9a,
  0xa7,0x92,0x87,0x92,0x66,0x8a,0x46,0x8a,0x25,0x8a,0x05,0x82,0xe4,0x81,0xc4,0x79,
  0xa4,0x79,0x83,0x79,0x63,0x79,0x42,0x71,0x22,0x71,0x02,0x71,0x02,0x69,0x89,0x01,
  0x69,0x89,0x01,0x69,0x22,0x02,0x71,0x22,0x71,0x42,0x71,0x63,0x71,0x63,0x79,0x83,
  0x79,0xa4,0x79,0xc4,0x81,0xe4,0x81,0x05,0x82,0x25,0x8a,0x46,0x8a,0x86,0x8a,0xa7,
  0x92,0xc7,0x92,0xe7,0x9a,0x08,0x9b,0x28,0x9b,0x48,0xa3,0x69,0xa3,0xaa,0xa3,0xcb,
  0xab,0xeb,0xab,0x0b,0xac,0x2c,0xb4,0x4d,0xb4,0x6d,0xb4,0x8e,0xbc,0xae,0xbc,0xef,
  0xbc,0x0f,0xc5,0xef,0xc4,0x30,0xc5,0x71,0xcd,0x72,0xcd,0x81,0x91,0xcd,0x06,0x71,
  0xcd,0xb2,0xcd,0x14,0xd6,0x34,0xd6,0x55,0xde,0x76,0xde,0x97,0xe6,0x81,0xb7,0xe6,
  0x05,0xd8,0xe6,0xd7,0xe6,0xb6,0xe6,0xf9,0xee,0x3a,0xef,0x5a,0xef,0x81,0x59,0xf7,
  0x0d,0x9a,0xf7,0x17,0xef,0x39,0xf7,0x7b,0xf7,0x7c,0xf7,0x9c,0xf7,0x3a,0xf7,0x5a,
  0xff,0x77,0xee,0xb4,0xed,0xbd,0xff,0xdd,0xf7,0xbe,0xf7,0xbe,0xff,0x81,0xff,0xff,
  0x00,0xde,0xff,0x82,0xbe,0xf7,0x17,0xfb,0xee,0x1b,0xf7,0xbe,0xf7,0xbd,0xf7,0x9d,
  0xf7,0xdf,0xf7,0xff,0xf7,0xde,0xf7,0xbe,0xf7,0xdf,0xf7,0xbe,0xf7,0xbe,0xef,0x9e,
  0xef,0x9e,0xf7,0x5d,0xef,0x9e,0xf7,0xbf,0xf7,0x9e,0xef,0x9e,0xf7,0x5d,0xef,0x3c,
  0xef,0x3c,0xe7,0x7e,0xef,0xdf,0xf7,0x81,0xbe,0xf7,0x81,0x7e,0xef,0x03,0xdf,0xf7,
  0x1c,0xe7,0xdc,0xee,0x5e,0xef,0x81,0x9e,0xf7,0x05,0x7e,0xf7,0x9e,0xf7,0x9d,0xef,
  0x9e,0xef,0x9d,0xef,0x5d,0xef,0x81,0x7d,0xef,0x00,0x5c,0xef,0x82,0x7c,0xef,0x81,
  0x5c,0xef,0x81,0x3b,0xef,0x03,0xfa,0xe6,0xb9,0xde,0xd8,0xde,0xb7,0xde,0x81,0x77,
  0xde,0x02,0x35,0xde,0x34,0xde,0x56,0xde,0x81,0x97,0xde,0x01,0x96,0xde,0x97,0xde,
  0x81,0x96,0xde,0x00,0x55,0xde,0x81,0x14,0xd6,0x13,0x34,0xd6,0x13,0xd6,0xd3,0xd5,
  0xb2,0xcd,0x71,0xcd,0x30,0xcd,0x0f,0xcd,0x0f,0xc5,0xef,0xc4,0xce,0xbc,0xad,0xbc,
  0x6d,0xbc,0x4d,0xbc,0x4d,0xb4,0x2c,0xb4,0x0c,0xac,0xeb,0xab,0xaa,0xab,0x49,0xa3,
  0x28,0xa3,0x82,0x08,0x9b,0x09,0xc8,0x92,0xa7,0x92,0x86,0x92,0x66,0x8a,0x45,0x8a,
  0x25,0x8a,0x05,0x82,0xe4,0x81,0xa4,0x79,0x83,0x79,0x81,0x63,0x79,0x02,0x42,0x71,
  0x22,0x71,0x02,0x71,0x89,0x01,0x69,0x88,0x01,0x69,0x00,0x02,0x69,0x81,0x22,0x71,
  0x13,0x42,0x71,0x63,0x79,0x83,0x79,0xa3,0x79,0xc4,0x81,0xe4,0x81,0x05,0x82,0x25,
  0x8a,0x45,0x8a,0x66,0x8a,0x86,0x92,0xa7,0x92,0xc7,0x92,0xe8,0x9a,0x28,0x9b,0x49,
  0xa3,0x69,0xa3,0x89,0xa3,0xaa,0xa3,0xeb,0xab,0x81,0x0b,0xac,0x02,0x2c,0xb4,0x6d,
  0xb4,0x8d,0xbc,0x81,0xae,0xbc,0x00,0xce,0xc4,0x81,0xef,0xc4,0x01,0x51,0xcd,0x92,
  0xcd,0x81,0xb2,0xcd,0x02,0x71,0xcd,0x92,0xcd,0xf4,0xd5,0x81,0x55,0xde,0x1a,0x76,
  0xde,0x97,0xe6,0xd7,0xe6,0xd8,0xe6,0xd7,0xe6,0xd8,0xe6,0xf7,0xe6,0xd7,0xee,0x19,
  0xef,0x3a,0xef,0x7b,0xf7,0x59,0xef,0xf6,0xee,0xf6,0xf6,0x18,0xf7,0x5b,0xf7,0xbc,
  0xf7,0x9c,0xf7,0xbc,0xff,0x7c,0xff,0x7c,0xf7,0xf9,0xf6,0x73,0xe5,0x1b,0xff,0xfe,
  0xf7,0xde,0xf7,0xde,0xff,0x82,0xff,0xff,0x05,0xdf,0xf7,0xde,0xf7,0xbd,0xf7,0x98,
  0xee,0x1b,0xf7,0xff,0xff,0x81,0xbe,0xf7,0x04,0x9e,0xf7,0xdf,0xf7,0xde,0xf7,0xbe,
  0xf7,0x9e,0xf7,0x81,0x9e,0xef,0x81,0xbe,0xef,0x09,0x7e,0xe7,0xbf,0xef,0xdf,0xf7,
  0x9e,0xef,0x5e,0xef,0x3d,0xef,0x9e,0xef,0x5d,0xef,0x7e,0xef,0xbf,0xf7,0x81,0xbe,
  0xf7,0x81,0x7e,0xef,0x06,0x9e,0xef,0xdb,0xe6,0x3e,0xef,0x5e,0xef,0x9e,0xf7,0xbf,
  0xf7,0x9e,0xef,0x81,0x7e,0xef,0x81,0x9e,0xef,0x81,0x7d,0xef,0x82,0x5c,0xef,0x00,
  0x7d,0xef,0x82,0x5c,0xef,0x0d,0x3c,0xef,0x1b,0xef,0xd9,0xe6,0x98,0xde,0x77,0xde,
  0x76,0xde,0x98,0xde,0xb8,0xde,0x97,0xde,0x76,0xde,0x56,0xde,0x96,0xde,0xd7,0xe6,
  0x97,0xde,0x83,0x96,0xde,0x07,0x55,0xde,0x35,0xd6,0x35,0xde,0x34,0xd6,0xf4,0xd5,
  0xd3,0xcd,0xb2,0xcd,0x71,0xcd,0x81,0x51,0xcd,0x0b,0x30,0xc5,0x10,0xc5,0xcf,0xc4,
  0x8e,0xbc,0x4d,0xbc,0x6d,0xbc,0x4d,0xb4,0x2c,0xb4,0x0c,0xac,0xeb,0xab,0x8a,0xab,
  0x08,0xa3,0x81,0x08,0x9b,0x81,0xe8,0x9a,0x0e,0xc7,0x92,0xa7,0x92,0x86,0x8a,0x46,
  0x8a,0x25,0x8a,0x05,0x82,0xe4,0x81,0xc4,0x81,0xa4,0x79,0x83,0x79,0x63,0x79,0x43,
  0x71,0x42,0x71,0x22,0x71,0x02,0x69,0x88,0x01,0x69,0x88,0x01,0x69,0x07,0x02,0x71,
  0x22,0x71,0x42,0x71,0x63,0x71,0x63,0x79,0x83,0x79,0xa4,0x79,0xe4,0x81,0x81,0x05,
  0x82,0x11,0x45,0x8a,0x66,0x8a,0x86,0x92,0xa7,0x92,0xc7,0x92,0xe8,0x9a,0x08,0x9b,
  0x28,0x9b,0x69,0xa3,0x8a,0xa3,0xaa,0xab,0xca,0xab,0xea,0xab,0x0b,0xac,0x2c,0xb4,
  0x6d,0xb4,0x8d,0xbc,0xae,0xbc,0x81,0xcf,0xbc,0x00,0xef,0xc4,0x81,0x30,0xc5,0x09,
  0x71,0xcd,0x92,0xcd,0xb3,0xcd,0xd2,0xcd,0xb2,0xcd,0xb3,0xd5,0x35,0xde,0x55,0xde,
  0x76,0xde,0xb7,0xe6,0x82,0xd8,0xe6,0x81,0xf9,0xee,0x05,0xf7,0xee,0xb6,0xee,0x19,
  0xf7,0x7b,0xef,0x9b,0xf7,0x39,0xef,0x81,0xf7,0xee,0x0a,0x5a,0xf7,0x9c,0xf7,0xbd,
  0xf7,0xbd,0xff,0x9c,0xf7,0xbd,0xf7,0x7c,0xf7,0x9c,0xff,0x73,0xe5,0xb6,0xed,0xde,
  0xff,0x81,0xde,0xf7,0x82,0xff,0xff,0x07,0xff,0xf7,0xde,0xf7,0xfa,0xf6,0x58,0xee,
  0xba,0xee,0x9d,0xf7,0xff,0xf7,0xdf,0xf7,0x81,0x9e,0xf7,0x82,0xbe,0xf7,0x81,0x9e,
  0xf7,0x06,0x9e,0xef,0x7e,0xef,0x7e,0xe7,0xbf,0xef,0x3d,0xe7,0x1c,0xe7,0x9f,0xf7,
  0x81,0x9e,0xef,0x02,0x5d,0xef,0x7d,0xef,0x7e,0xef,0x81,0x7e,0xe7,0x09,0x5e,0xe7,
  0x9f,0xef,0x3c,0xe7,0xfc,0xe6,0x9f,0xf7,0x5d,0xef,0x7e,0xef,0x9e,0xf7,0x9e,0xef,
  0x7e,0xef,0x83,0x7d,0xef,0x01,0x5d,0xef,0x1c,0xe7,0x81,0x3c,0xef,0x81,0x5c,0xef,
  0x0c,0x7d,0xef,0x7c,0xef,0x5c,0xef,0x1b,0xe7,0xfa,0xe6,0xb9,0xde,0x78,0xde,0x98,
  0xde,0xf9,0xde,0x19,0xdf,0x19,0xe7,0xd9,0xde,0xf8,0xde,0x81,0xb7,0xde,0x01,0xd8,
  0xe6,0xb7,0xde,0x81,0x76,0xde,0x00,0x96,0xde,0x81,0x55,0xde,0x0e,0x55,0xd6,0x35,
  0xd6,0x15,0xd6,0xf4,0xd5,0xd3,0xd5,0x92,0xcd,0x91,0xcd,0x71,0xcd,0x50,0xcd,0x30,
  0xc5,0x10,0xc5,0xcf,0xc4,0xae,0xbc,0x8d,0xbc,0x4d,0xbc,0x81,0x2c,0xb4,0x16,0xec,
  0xab,0xcb,0xab,0x69,0xa3,0x49,0xa3,0x29,0xa3,0x08,0x9b,0xc7,0x9a,0xa7,0x92,0x86,
  0x92,0x66,0x92,0x66,0x8a,0x46,0x8a,0x25,0x8a,0x05,0x82,0xe4,0x81,0xc4,0x79,0xa3,
  0x79,0x83,0x79,0x63,0x79,0x42,0x71,0x22,0x71,0x02,0x71,0x02,0x69,0x87,0x01,0x69,
  0x87,0x01,0x69,0x01,0x02,0x69,0x22,0x71,0x81,0x42,0x71,0x10,0x63,0x79,0x83,0x79,
  0xa4,0x79,0xc4,0x81,0xe4,0x81,0x05,0x82,0x25,0x8a,0x46,0x8a,0x66,0x8a,0xa7,0x92,
  0xc7,0x92,0xe8,0x9a,0x08,0x9b,0x28,0x9b,0x48,0xa3,0x69,0xa3,0xaa,0xab,0x81,0xeb,
  0xab,0x08,0x0b,0xac,0x2b,0xb4,0x6c,0xb4,0x8d,0xbc,0xae,0xbc,0xcf,0xbc,0xef,0xc4,
  0xef,0xbc,0x10,0xc5,0x81,0x51,0xc5,0x02,0x71,0xcd,0xb2,0xcd,0xd3,0xcd,0x81,0xf3,
  0xcd,0x08,0xf3,0xd5,0x35,0xde,0x76,0xde,0x97,0xde,0xd7,0xe6,0xf8,0xe6,0xd8,0xe6,
  0xf8,0xee,0x19,0xef,0x81,0x18,0xef,0x01,0xb7,0xee,0xf8,0xf6,0x82,0x7b,0xf7,0x03,
  0x18,0xf7,0x3a,0xf7,0x9c,0xf7,0xbc,0xf7,0x81,0x9d,0xf7,0x0a,0xdd,0xff,0xbb,0xff,
  0x7b,0xff,0xff,0xff,0x56,0xe6,0xd2,0xdc,0x3c,0xff,0x7d,0xf7,0x9d,0xf7,0x7d,0xf7,
  0x9e,0xf7,0x81,0xbe,0xf7,0x00,0x5c,0xf7,0x81,0x1c,0xef,0x02,0xb9,0xee,0xfa,0xee,
  0x7d,0xf7,0x81,0xdf,0xf7,0x0d,0x9e,0xef,0x5d,0xef,0x7d,0xf7,0xdf,0xff,0xbe,0xf7,
  0x9e,0xf7,0x9f,0xef,0xdf,0xef,0x7d,0xe7,0xba,0xd6,0x5a,0xd6,0x9b,0xde,0x3d,0xef,
  0x7e,0xef,0x81,0x1c,0xe7,0x00,0x1d,0xe7,0x81,0x5d,0xe7,0x07,0x3d,0xe7,0x5e,0xef,
  0x3c,0xe7,0xb9,0xde,0x3d,0xef,0x9e,0xf7,0x5d,0xef,0x5e,0xef,0x82,0x7e,0xef,0x00,
  0x7d,0xef,0x81,0x5d,0xef,0x04,0x7d,0xef,0x3d,0xef,0x1c,0xe7,0x3c,0xe7,0x7d,0xef,
  0x82,0x5c,0xef,0x04,0x7c,0xef,0x3c,0xef,0xfa,0xe6,0xd9,0xe6,0xd9,0xde,0x81,0xd9,
  0xe6,0x00,0x1a,0xe7,0x81,0x3a,0xe7,0x03,0x19,0xe7,0x18,0xdf,0xf8,0xde,0xd7,0xde,
  0x81,0xd8,0xe6,0x00,0xb7,0xe6,0x81,0x76,0xe6,0x00,0x76,0xde,0x82,0x55,0xde,0x02,
  0x35,0xde,0x34,0xde,0xf3,0xd5,0x81,0xb2,0xd5,0x0c,0x92,0xcd,0x71,0xcd,0x51,0xcd,
  0x30,0xc5,0xef,0xc4,0xcf,0xbc,0xae,0xbc,0x6d,0xbc,0x4c,0xbc,0x2c,0xb4,0x0c,0xb4,
  0xeb,0xab,0x8a,0xab,0x81,0x49,0xa3,0x11,0x29,0x9b,0x08,0x9b,0xc7,0x92,0x87,0x92,
  0x66,0x92,0x46,0x8a,0x45,0x8a,0x25,0x8a,0x05,0x82,0xe5,0x81,0xc4,0x81,0xa4,0x79,
  0x83,0x79,0x63,0x79,0x63,0x71,0x42,0x71,0x22,0x71,0x02,0x71,0x87,0x01,0x69,0x87,
  0x01,0x69,0x02,0x02,0x71,0x22,0x71,0x42,0x71,0x81,0x63,0x79,0x0b,0xa3,0x79,0xc4,
  0x79,0xe4,0x81,0x04,0x82,0x25,0x82,0x45,0x8a,0x66,0x8a,0x86,0x92,0xa7,0x92,0xe7,
  0x9a,0x08,0x9b,0x28,0x9b,0x81,0x49,0xa3,0x10,0x89,0xa3,0xca,0xab,0xeb,0xab,0x0b,
  0xb4,0x2c,0xb4,0x4d,0xb4,0x6c,0xb4,0x8d,0xbc,0xcf,0xbc,0xef,0xbc,0xef,0xc4,0x10,
  0xc5,0x31,0xc5,0x71,0xcd,0x92,0xcd,0x71,0xc5,0x92,0xcd,0x81,0xf4,0xd5,0x05,0xd3,
  0xcd,0xf4,0xd5,0x76,0xde,0x97,0xde,0xb7,0xe6,0xd8,0xe6,0x81,0xf8,0xe6,0x16,0x19,
  0xef,0x39,0xef,0x38,0xef,0x59,0xf7,0x19,0xef,0xf9,0xee,0x59,0xf7,0x5a,0xf7,0xbd,
  0xf7,0x7b,0xf7,0xd7,0xee,0x59,0xf7,0x9c,0xf7,0xbd,0xf7,0xdd,0xff,0x5a,0xff,0x56,
  0xf6,0x57,0xf6,0x7b,0xff,0xd5,0xed,0xf4,0xe4,0x5d,0xff,0x7d,0xf7,0x81,0x9e,0xf7,
  0x1d,0xbe,0xf7,0x9d,0xef,0x5c,0xef,0x5d,0xf7,0xdf,0xf7,0x5d,0xef,0xfb,0xe6,0x1c,
  0xef,0xfb,0xee,0x3c,0xef,0x5d,0xef,0x7d,0xef,0x9e,0xef,0x9e,0xf7,0x9e,0xef,0x7d,
  0xef,0x9e,0xef,0x9d,0xef,0x1b,0xe7,0x9a,0xd6,0xbb,0xd6,0xfc,0xde,0xdb,0xde,0xbb,
  0xde,0xfc,0xde,0x1d,0xdf,0x3d,0xe7,0x1d,0xe7,0x3d,0xe7,0x7e,0xef,0x81,0x3d,0xe7,
  0x04,0xdb,0xde,0xdb,0xe6,0x7f,0xef,0x7e,0xef,0x5e,0xef,0x81,0x5d,0xef,0x82,0x7e,
  0xef,0x05,0x5d,0xef,0x3d,0xef,0x5d,0xef,0x3d,0xe7,0x1c,0xe7,0x3c,0xe7,0x81,0x7d,
  0xef,0x81,0x3c,0xe7,0x01,0x5c,0xef,0x3c,0xe7,0x81,0xda,0xe6,0x03,0xfa,0xe6,0xd9,
  0xde,0xf9,0xde,0x1a,0xe7,0x82,0x3a,0xe7,0x05,0x19,0xdf,0xf8,0xde,0xd8,0xde,0xd8,
  0xe6,0xf8,0xe6,0xd7,0xe6,0x81,0x96,0xe6,0x81,0x76,0xde,0x82,0x55,0xde,0x10,0x34,
  0xde,0x13,0xd6,0xf3,0xd5,0xd3,0xd5,0xb3,0xcd,0x92,0xcd,0x71,0xcd,0x51,0xcd,0x30,
  0xc5,0xf0,0xc4,0xcf,0xbc,0xae,0xbc,0x6d,0xbc,0x4c,0xb4,0x2c,0xb4,0x0c,0xac,0xaa,
  0xab,0x81,0x49,0xa3,0x0f,0x49,0x9b,0x08,0x9b,0xe8,0x9a,0xc8,0x9a,0xa7,0x92,0x66,
  0x92,0x45,0x8a,0x25,0x8a,0x05,0x8a,0x05,0x82,0xe4,0x81,0xc4,0x81,0xa3,0x79,0x83,
  0x79,0x63,0x79,0x42,0x71,0x81,0x22,0x71,0x00,0x02,0x69,0x86,0x01,0x69,0x86,0x01,
  0x69,0x00,0x02,0x69,0x81,0x22,0x71,0x19,0x42,0x71,0x63,0x79,0x83,0x79,0xa4,0x79,
  0xc4,0x81,0xe4,0x81,0x05,0x82,0x25,0x8a,0x66,0x8a,0x86,0x92,0xa7,0x92,0xc7,0x92,
  0xe8,0x9a,0x08,0x9b,0x49,0x9b,0x69,0xa3,0x89,0xa3,0x89,0xab,0xaa,0xab,0xeb,0xab,
  0x2c,0xb4,0x4d,0xb4,0x6d,0xb4,0x8d,0xbc,0xae,0xbc,0xce,0xbc,0x81,0xef,0xbc,0x02,
  0x30,0xc5,0x71,0xc5,0x92,0xcd,0x81,0xb3,0xcd,0x05,0x92,0xcd,0xb2,0xd5,0xb3,0xd5,
  0x92,0xd5,0xd4,0xdd,0x96,0xe6,0x81,0xb7,0xe6,0x81,0xd8,0xe6,0x03,0xf9,0xe6,0x3a,
  0xef,0x39,0xef,0x59,0xef,0x81,0x7a,0xf7,0x12,0x39,0xf7,0x59,0xf7,0x5a,0xf7,0x7c,
  0xf7,0x9c,0xf7,0x59,0xf7,0xb6,0xee,0x5b,0xf7,0xfd,0xff,0xd7,0xf6,0x12,0xed,0x34,
  0xe5,0x33,0xdd,0xd1,0xe4,0xd2,0xec,0x59,0xf6,0x9e,0xf7,0x7e,0xf7,0x9e,0xf7,0x81,
  0xdf,0xf7,0x20,0xbe,0xf7,0x9e,0xef,0xdf,0xf7,0x9e,0xf7,0x7d,0xef,0x5d,0xef,0x7d,
  0xef,0x5d,0xef,0xfb,0xe6,0xba,0xe6,0xdb,0xee,0x5c,0xef,0x7d,0xef,0x3c,0xef,0x3c,
  0xe7,0x1c,0xe7,0xda,0xe6,0x9a,0xde,0x9b,0xd6,0xfc,0xd6,0xdb,0xd6,0xfd,0xde,0x1d,
  0xe7,0xbb,0xd6,0x1d,0xdf,0x9e,0xe7,0x3d,0xdf,0xfc,0xd6,0x3d,0xe7,0x1d,0xdf,0x1c,
  0xdf,0xba,0xde,0xfc,0xe6,0x81,0x5e,0xe7,0x83,0x3d,0xe7,0x02,0x5d,0xef,0x7e,0xef,
  0x5d,0xe7,0x81,0x3d,0xe7,0x81,0x1c,0xe7,0x82,0x5d,0xe7,0x00,0x3c,0xe7,0x81,0x1c,
  0xe7,0x07,0xfb,0xe6,0xba,0xde,0xda,0xde,0xfa,0xde,0xd9,0xde,0xf9,0xde,0xfa,0xe6,
  0x3a,0xe7,0x81,0x5a,0xe7,0x07,0x3a,0xe7,0x19,0xdf,0xd8,0xe6,0x19,0xe7,0xf8,0xe6,
  0xd7,0xe6,0xb7,0xde,0xb7,0xe6,0x81,0x96,0xde,0x17,0x76,0xde,0x55,0xde,0x54,0xde,
  0x35,0xde,0x34,0xde,0x14,0xd6,0xf4,0xd5,0xd3,0xd5,0xb3,0xd5,0x72,0xcd,0x51,0xcd,
  0x31,0xc5,0x10,0xc5,0xef,0xc4,0xce,0xbc,0x8e,0xbc,0x6e,0xbc,0x4c,0xb4,0x2b,0xb4,
  0xeb,0xab,0x69,0xab,0x28,0xa3,0x49,0xa3,0x28,0x9b,0x81,0xe8,0x9a,0x09,0xc7,0x92,
  0x87,0x92,0x66,0x8a,0x45,0x8a,0x25,0x8a,0x05,0x82,0xe4,0x81,0xc4,0x81,0xa4,0x79,
  0x83,0x79,0x81,0x63,0x79,0x02,0x42,0x71,0x22,0x71,0x02,0x71,0x86,0x01,0x69,0x86,
  0x01,0x69,0x23,0x02,0x69,0x22,0x71,0x42,0x71,0x43,0x71,0x63,0x79,0x83,0x79,0xa4,
  0x79,0xe4,0x81,0x05,0x82,0x25,0x82,0x45,0x8a,0x66,0x8a,0x86,0x92,0xc7,0x92,0xe8,
  0x92,0x08,0x9b,0x29,0x9b,0x49,0xa3,0x8a,0xa3,0xaa,0xa3,0x8a,0xab,0xcb,0xab,0x2c,
  0xb4,0x4d,0xb4,0x6d,0xb4,0x8e,0xbc,0xaf,0xbc,0xcf,0xbc,0xce,0xbc,0xef,0xbc,0x0f,
  0xc5,0x51,0xc5,0x71,0xcd,0x92,0xcd,0xb2,0xcd,0xd3,0xd5,0x81,0xb2,0xcd,0x05,0xf3,
  0xd5,0xd3,0xd5,0xf4,0xdd,0x55,0xe6,0x95,0xe6,0xb6,0xe6,0x81,0xb7,0xe6,0x0a,0xf8,
  0xe6,0x38,0xef,0x39,0xef,0x5a,0xef,0x7b,0xef,0x7b,0xf7,0x59,0xf7,0x7b,0xf7,0x9c,
  0xf7,0x7b,0xf7,0x5b,0xf7,0x81,0x9c,0xf7,0x07,0x7b,0xf7,0x18,0xf7,0x72,0xe5,0x38,
  0xf6,0x3c,0xff,0x79,0xee,0x17,0xee,0xba,0xf6,0x81,0x5c,0xf7,0x04,0x7d,0xf7,0x7d,
  0xef,0xbf,0xf7,0xdf,0xf7,0xbe,0xf7,0x81,0x9e,0xf7,0x81,0x7e,0xef,0x81,0x9e,0xf7,
  0x19,0x3d,0xef,0x3c,0xef,0x5d,0xef,0x3c,0xef,0xda,0xe6,0xfb,0xe6,0x1c,0xef,0x3d,
  0xef,0x1c,0xe7,0xfc,0xde,0x3d,0xe7,0x1d,0xdf,0xbb,0xd6,0xfd,0xde,0x5f,0xe7,0x5e,
  0xdf,0xbb,0xd6,0xdc,0xd6,0x7f,0xe7,0x7e,0xdf,0x1c,0xd7,0xdb,0xd6,0xfc,0xd6,0xba,
  0xd6,0x9a,0xd6,0xfd,0xde,0x81,0x3d,0xdf,0x82,0x1d,0xdf,0x00,0xfd,0xe6,0x81,0x3d,
  0xe7,0x00,0x1d,0xe7,0x81,0x3d,0xe7,0x01,0x1c,0xe7,0xfb,0xe6,0x81,0x1c,0xe7,0x01,
  0xfc,0xde,0xfb,0xde,0x81,0xfb,0xe6,0x00,0xdb,0xe6,0x81,0xda,0xde,0x81,0xd9,0xde,
  0x81,0xfa,0xde,0x05,0x1a,0xe7,0x5a,0xe7,0x5b,0xe7,0x3a,0xe7,0x39,0xe7,0x18,0xdf,
  0x82,0xf8,0xe6,0x1a,0xd8,0xe6,0xf8,0xe6,0xd8,0xe6,0xb7,0xde,0x76,0xde,0x96,0xde,
  0x75,0xe6,0x55,0xde,0x34,0xde,0x35,0xde,0x15,0xd6,0xd4,0xd5,0xd3,0xd5,0x93,0xcd,
  0x72,0xcd,0x51,0xcd,0x30,0xc5,0x10,0xc5,0xd0,0xc4,0xaf,0xbc,0x8e,0xbc,0x4d,0xb4,
  0x2c,0xb4,0xeb,0xab,0x8a,0xab,0x28,0xa3,0x08,0xa3,0x81,0x08,0x9b,0x07,0xe8,0x9a,
  0xc7,0x9a,0xa7,0x92,0x86,0x92,0x66,0x8a,0x46,0x8a,0x05,0x8a,0xe4,0x81,0x81,0xc4,
  0x81,0x03,0xa4,0x79,0x83,0x79,0x63,0x79,0x42,0x71,0x81,0x22,0x71,0x00,0x02,0x69,
  0x85,0x01,0x69,0x85,0x01,0x69,0x1d,0x02,0x69,0x02,0x71,0x22,0x71,0x42,0x71,0x63,
  0x79,0x83,0x79,0xa4,0x79,0xc4,0x81,0xe4,0x81,0x05,0x82,0x25,0x8a,0x46,0x8a,0x66,
  0x8a,0xa7,0x92,0xc7,0x92,0x08,0x9b,0x28,0x9b,0x49,0xa3,0x69,0xa3,0x8a,0xa3,0xca,
  0xab,0xcb,0xab,0xeb,0xab,0x2c,0xb4,0x4d,0xb4,0x6d,0xbc,0xae,0xbc,0xcf,0xbc,0xef,
  0xbc,0x10,0xc5,0x81,0x0f,0xc5,0x04,0x51,0xc5,0x92,0xcd,0xb2,0xcd,0xd3,0xcd,0xf4,
  0xd5,0x81,0xf3,0xd5,0x03,0xd3,0xd5,0x14,0xd6,0x35,0xde,0x34,0xde,0x82,0x55,0xde,
  0x17,0xd7,0xe6,0x39,0xef,0x3a,0xef,0x5a,0xef,0x7b,0xf7,0x7b,0xef,0x7b,0xf7,0x39,
  0xf7,0x5a,0xf7,0x9c,0xf7,0x7c,0xf7,0x9c,0xf7,0xbd,0xf7,0xfd,0xff,0x9b,0xff,0x93,
  0xe5,0x75,0xed,0xbe,0xff,0xde,0xff,0x7d,0xff,0x3c,0xf7,0x3c,0xef,0x7d,0xf7,0x5c,
  0xf7,0x81,0x7e,0xf7,0x07,0x9e,0xef,0xbe,0xef,0xbe,0xf7,0x9e,0xf7,0x7e,0xef,0x5d,
  0xef,0x7e,0xef,0x9e,0xef,0x81,0x9e,0xf7,0x1d,0x3d,0xef,0x7d,0xef,0x9d,0xef,0x3c,
  0xe7,0x7d,0xef,0x5d,0xef,0xfb,0xe6,0xfc,0xe6,0x1d,0xdf,0x5e,0xdf,0x1c,0xd7,0xdc,
  0xd6,0x5f,0xe7,0x7f,0xe7,0x3e,0xdf,0xdc,0xd6,0xbb,0xd6,0x1d,0xd7,0x5e,0xd7,0x1d,
  0xd7,0xdb,0xd6,0x1b,0xdf,0xb9,0xd6,0xbb,0xd6,0x1d,0xdf,0x1c,0xdf,0x3d,0xdf,0x1d,
  0xdf,0xfd,0xde,0x1d,0xdf,0x81,0x1d,0xe7,0x82,0x1d,0xdf,0x03,0x1d,0xe7,0x1c,0xe7,
  0xfb,0xe6,0xdb,0xde,0x82,0xbb,0xde,0x82,0xdb,0xde,0x01,0xda,0xde,0xba,0xde,0x81,
  0xb9,0xde,0x00,0xda,0xde,0x81,0xd9,0xde,0x00,0x3a,0xe7,0x81,0x5a,0xe7,0x81,0x3a,
  0xe7,0x00,0x39,0xe7,0x81,0xf9,0xe6,0x01,0x19,0xe7,0x18,0xe7,0x81,0xf8,0xe6,0x29,
  0xd7,0xde,0x97,0xe6,0x96,0xe6,0x75,0xe6,0xf3,0xdd,0xf4,0xd5,0x15,0xd6,0x14,0xd6,
  0xd4,0xd5,0xb3,0xcd,0x92,0xcd,0x72,0xcd,0x51,0xcd,0x31,0xc5,0xf0,0xc4,0xcf,0xc4,
  0xae,0xbc,0x6e,0xbc,0x2d,0xb4,0xeb,0xab,0x89,0xab,0x49,0xa3,0x29,0xa3,0xc7,0xa2,
  0xc7,0x9a,0x08,0x9b,0xe8,0x9a,0xc7,0x92,0xa7,0x92,0x86,0x92,0x66,0x8a,0x25,0x8a,
  0x05,0x82,0xe4,0x81,0xc4,0x81,0xa3,0x79,0x83,0x79,0x63,0x79,0x63,0x71,0x42,0x71,
  0x22,0x71,0x02,0x71,0x85,0x01,0x69,0x85,0x01,0x69,0x00,0x02,0x69,0x81,0x22,0x71,
  0x20,0x42,0x71,0x63,0x79,0x83,0x79,0xa4,0x79,0xe4,0x81,0x04,0x82,0x25,0x82,0x45,
  0x8a,0x66,0x8a,0x86,0x92,0xc7,0x92,0xe7,0x9a,0x08,0x9b,0x28,0x9b,0x49,0xa3,0x89,
  0xa3,0xca,0xab,0xcb,0xab,0xeb,0xab,0x0c,0xb4,0x4c,0xb4,0x6d,0xb4,0x8e,0xbc,0xce,
  0xbc,0xef,0xbc,0x10,0xc5,0x30,0xc5,0x50,0xc5,0x30,0xc5,0x51,0xcd,0xb2,0xcd,0xd3,
  0xcd,0xd3,0xd5,0x81,0xf3,0xd5,0x10,0xf2,0xd5,0xf3,0xd5,0x35,0xde,0x76,0xe6,0x76,
  0xde,0x77,0xde,0x97,0xde,0xb7,0xe6,0x19,0xef,0x5b,0xef,0x7b,0xf7,0x9b,0xf7,0x9c,
  0xf7,0x7c,0xf7,0x7b,0xef,0x5a,0xf7,0x3b,0xf7,0x81,0x7b,0xf7,0x81,0x9d,0xf7,0x0a,
  0x7c,0xf7,0x9c,0xf7,0xd4,0xe5,0x33,0xed,0x3c,0xff,0xbe,0xff,0x7d,0xf7,0x5c,0xef,
  0x1b,0xef,0x5c,0xf7,0x9d,0xf7,0x85,0x9e,0xf7,0x02,0x5d,0xef,0x1d,0xef,0x7d,0xef,
  0x81,0x9e,0xf7,0x03,0xbf,0xf7,0x7e,0xef,0x5d,0xef,0x3d,0xe7,0x81,0x1c,0xe7,0x0e,
  0x3d,0xe7,0xdc,0xde,0x9a,0xd6,0x7a,0xd6,0x9b,0xce,0x9b,0xc6,0x7b,0xc6,0xdc,0xce,
  0xdd,0xd6,0x9b,0xce,0x9c,0xce,0x5a,0xc6,0x5a,0xce,0xdd,0xd6,0xdc,0xd6,0x81,0xdb,
  0xd6,0x03,0x9a,0xd6,0xfc,0xde,0x1c,0xdf,0xfc,0xde,0x81,0x1d,0xdf,0x02,0xdc,0xde,
  0xfc,0xde,0x1c,0xdf,0x81,0xdc,0xde,0x05,0x1c,0xdf,0x1d,0xdf,0xfd,0xde,0xdc,0xde,
  0xfc,0xde,0xdc,0xde,0x81,0xbb,0xde,0x83,0xdb,0xde,0x04,0xbb,0xde,0xba,0xde,0xb9,
  0xde,0x99,0xde,0xb9,0xde,0x81,0xd9,0xe6,0x05,0xd9,0xde,0x3a,0xe7,0x5a,0xe7,0x39,
  0xe7,0x3a,0xef,0x3a,0xe7,0x81,0x19,0xe7,0x00,0x39,0xe7,0x81,0x19,0xe7,0x04,0xf9,
  0xe6,0xf9,0xde,0xb7,0xde,0x75,0xde,0x55,0xe6,0x82,0x35,0xde,0x1c,0x14,0xd6,0xf3,
  0xd5,0xd3,0xd5,0xb2,0xcd,0x92,0xcd,0x72,0xcd,0x51,0xcd,0x10,0xc5,0xf0,0xc4,0xaf,
  0xbc,0x6e,0xbc,0x2d,0xb4,0xec,0xb3,0xaa,0xab,0x69,0xa3,0x29,0xa3,0xe8,0xa2,0xe7,
  0xa2,0xe7,0x9a,0xe8,0x9a,0xc7,0x9a,0xa7,0x92,0x87,0x92,0x66,0x92,0x46,0x8a,0x25,
  0x8a,0x05,0x82,0xe4,0x81,0xa4,0x81,0x81,0x83,0x79,0x01,0x63,0x79,0x42,0x71,0x81,
  0x22,0x71,0x00,0x02,0x69,0x84,0x01,0x69,0x84,0x01,0x69,0x00,0x02,0x69,0x82,0x22,
  0x71,0x1c,0x42,0x71,0x63,0x79,0x83,0x79,0xc4,0x79,0xe4,0x81,0x05,0x82,0x25,0x8a,
  0x45,0x8a,0x86,0x92,0xa7,0x92,0xc7,0x92,0x08,0x9b,0x28,0x9b,0x49,0xa3,0x69,0xa3,
  0x8a,0xa3,0xca,0xab,0xeb,0xab,0x0b,0xb4,0x2c,0xb4,0x4d,0xb4,0x8d,0xbc,0xae,0xbc,
  0xcf,0xbc,0xef,0xc4,0x10,0xc5,0x50,0xc5,0x71,0xc5,0x71,0xcd,0x81,0xb2,0xcd,0x81,
  0xd2,0xd5,0x02,0xf3,0xd5,0xb2,0xcd,0xd2,0xd5,0x81,0x55,0xde,0x07,0x96,0xde,0x76,
  0xde,0x97,0xde,0xd8,0xe6,0x18,0xe7,0x39,0xef,0x5b,0xef,0x7b,0xf7,0x81,0x9c,0xf7,
  0x81,0xbc,0xf7,0x81,0x7b,0xf7,0x01,0x9c,0xef,0x9d,0xf7,0x82,0x7d,0xf7,0x07,0x5d,
  0xf7,0xb8,0xee,0xd0,0xd4,0xba,0xf6,0xde,0xf7,0x5c,0xf7,0x9d,0xef,0x7d,0xef,0x81,
  0x5c,0xef,0x02,0x5d,0xef,0x7e,0xf7,0x9e,0xf7,0x83,0xbf,0xf7,0x08,0x9e,0xf7,0x5d,
  0xef,0x3c,0xef,0x5d,0xef,0x5d,0xe7,0x5e,0xe7,0xfd,0xde,0x9b,0xd6,0x9b,0xce,0x81,
  0x5a,0xc6,0x03,0x19,0xbe,0xb8,0xb5,0x76,0xb5,0x36,0xad,0x83,0xb8,0xb5,0x0a,0x77,
  0xad,0xb8,0xad,0xd8,0xad,0x97,0xad,0xf8,0xbd,0x9a,0xc6,0x7a,0xce,0x5a,0xce,0xbb,
  0xd6,0xdb,0xde,0xfc,0xe6,0x82,0x1c,0xe7,0x1e,0xfb,0xde,0xfc,0xe6,0xdc,0xde,0xbb,
  0xde,0xbb,0xd6,0xbc,0xd6,0xdc,0xd6,0xbb,0xd6,0x9b,0xd6,0xbc,0xd6,0xdc,0xde,0xbb,
  0xde,0xdb,0xde,0xfc,0xde,0xdc,0xde,0xbb,0xde,0x9a,0xde,0x9a,0xe6,0xba,0xde,0x99,
  0xe6,0xb9,0xde,0xda,0xde,0xfa,0xe6,0x3a,0xe7,0x1a,0xdf,0xf9,0xde,0x19,0xe7,0x3a,
  0xe7,0x5a,0xe7,0x3a,0xe7,0x1a,0xe7,0x81,0x5a,0xe7,0x00,0x3a,0xe7,0x82,0x19,0xe7,
  0x18,0xf8,0xde,0x75,0xde,0x55,0xde,0x97,0xe6,0x76,0xde,0x56,0xde,0x34,0xde,0x14,
  0xd6,0xf4,0xd5,0xd3,0xd5,0xb2,0xcd,0x72,0xcd,0x51,0xcd,0x31,0xc5,0xf0,0xc4,0xcf,
  0xc4,0x8e,0xbc,0x4d,0xb4,0x0c,0xb4,0xcb,0xab,0x8a,0xab,0x69,0xa3,0x49,0xa3,0x28,
  0xa3,0x08,0x9b,0x81,0xe8,0x9a,0x04,0xc7,0x92,0xa7,0x92,0x86,0x92,0x66,0x8a,0x45,
  0x8a,0x81,0x05,0x82,0x07,0xc4,0x81,0xa3,0x79,0x83,0x79,0x63,0x79,0x63,0x71,0x42,
  0x71,0x22,0x71,0x02,0x71,0x84,0x01,0x69,0x84,0x01,0x69,0x00,0x02,0x71,0x81,0x22,
  0x71,0x00,0x42,0x71,0x81,0x63,0x79,0x15,0xa3,0x79,0xc4,0x81,0x04,0x82,0x25,0x8a,
  0x45,0x8a,0x66,0x8a,0x86,0x92,0xc7,0x92,0xe7,0x9a,0x08,0x9b,0x49,0x9b,0x69,0xa3,
  0x8a,0xa3,0xca,0xa3,0xcb,0xab,0xeb,0xab,0x0b,0xb4,0x2c,0xb4,0x6d,0xbc,0xae,0xbc,
  0xce,0xbc,0xef,0xc4,0x81,0x10,0xc5,0x03,0x51,0xc5,0x71,0xcd,0x72,0xcd,0xd3,0xcd,
  0x81,0xf3,0xd5,0x81,0xd2,0xd5,0x0d,0x91,0xcd,0x92,0xd5,0xf5,0xd5,0x55,0xde,0x76,
  0xde,0x97,0xde,0xd8,0xe6,0xf9,0xe6,0x19,0xef,0x39,0xef,0x5a,0xef,0x5b,0xf7,0x7c,
  0xf7,0x9c,0xf7,0x81,0xbc,0xf7,0x0e,0x7b,0xf7,0x7c,0xf7,0xbd,0xf7,0xbe,0xf7,0x9d,
  0xf7,0x9d,0xef,0x9d,0xf7,0x3c,0xf7,0x3b,0xf7,0x53,0xdd,0x74,0xe5,0x1b,0xef,0x5b,
  0xef,0x7d,0xf7,0x9d,0xf7,0x81,0x7d,0xef,0x04,0x5d,0xf7,0x7d,0xf7,0x5c,0xef,0x9e,
  0xf7,0xbe,0xf7,0x82,0x9e,0xef,0x02,0x3d,0xe7,0xbb,0xde,0x9a,0xd6,0x81,0xbb,0xce,
  0x19,0x3a,0xbe,0xf9,0xb5,0xd9,0xad,0x77,0xa5,0x76,0x9d,0x36,0x9d,0xd4,0x8c,0x93,
  0x8c,0x94,0x8c,0xb4,0x94,0xf5,0x9c,0xd4,0x94,0x94,0x8c,0xb4,0x94,0xf6,0x94,0x56,
  0x9d,0x35,0x95,0x15,0x9d,0x96,0xad,0xf9,0xb5,0xf8,0xbd,0x18,0xc6,0x7a,0xce,0xdb,
  0xd6,0xfc,0xde,0x1c,0xe7,0x81,0x1c,0xdf,0x81,0xfc,0xde,0x00,0xdb,0xde,0x81,0x9b,
  0xd6,0x03,0xbc,0xde,0x9b,0xd6,0x9a,0xd6,0xbb,0xd6,0x81,0xdc,0xde,0x05,0xdb,0xde,
  0xfc,0xde,0xfc,0xe6,0x9a,0xde,0x38,0xde,0x99,0xe6,0x81,0xba,0xe6,0x07,0xfa,0xe6,
  0x1b,0xe7,0x1a,0xdf,0x1a,0xe7,0x1a,0xdf,0x1a,0xe7,0x3a,0xe7,0x5a,0xe7,0x81,0x5b,
  0xe7,0x81,0x5a,0xe7,0x02,0x5a,0xef,0x3a,0xe7,0x39,0xe7,0x81,0x19,0xe7,0x15,0xf8,
  0xe6,0xb7,0xde,0x97,0xde,0xb7,0xe6,0x97,0xde,0x76,0xde,0x56,0xde,0x35,0xde,0x15,
  0xde,0xd4,0xd5,0xd3,0xd5,0x92,0xd5,0x72,0xcd,0x51,0xcd,0x10,0xc5,0xf0,0xc4,0xaf,
  0xbc,0x6e,0xbc,0x2c,0xb4,0xeb,0xab,0xcb,0xab,0xaa,0xab,0x81,0x69,0xa3,0x01,0x49,
  0xa3,0x08,0x9b,0x81,0xe8,0x9a,0x07,0xc7,0x92,0xa7,0x92,0x66,0x92,0x46,0x8a,0x25,
  0x8a,0x05,0x82,0xe4,0x81,0xc4,0x81,0x81,0x83,0x79,0x04,0x63,0x79,0x42,0x71,0x22,
  0x71,0x02,0x71,0x02,0x69,0x83,0x01,0x69,0x83,0x01,0x69,0x00,0x02,0x69,0x82,0x22,
  0x71,0x11,0x42,0x71,0x63,0x79,0x83,0x79,0xa4,0x79,0xe4,0x81,0x05,0x82,0x25,0x8a,
  0x46,0x8a,0x86,0x92,0xa7,0x92,0xc7,0x92,0x08,0x9b,0x28,0x9b,0x49,0xa3,0x89,0xa3,
  0xaa,0xa3,0xcb,0xab,0xeb,0xab,0x81,0x0c,0xb4,0x03,0x4d,0xb4,0x8e,0xbc,0xae,0xbc,
  0xce,0xbc,0x81,0x0f,0xc5,0x03,0x30,0xc5,0x51,0xcd,0x71,0xcd,0x92,0xcd,0x81,0xd3,
  0xd5,0x06,0xf3,0xd5,0x14,0xd6,0xd2,0xcd,0x91,0xcd,0xf4,0xd5,0x35,0xde,0x97,0xde,
  0x81,0xd8,0xe6,0x02,0x3a,0xe7,0x5b,0xef,0x3b,0xef,0x82,0x5b,0xef,0x01,0x7c,0xef,
  0x7c,0xf7,0x81,0x9c,0xf7,0x01,0x5b,0xf7,0x5c,0xf7,0x81,0xde,0xff,0x0b,0xbe,0xf7,
  0xde,0xf7,0x9c,0xf7,0x1b,0xef,0x3c,0xef,0xba,0xe6,0xf7,0xe5,0x57,0xe6,0x78,0xe6,
  0xfb,0xee,0x5c,0xef,0x5c,0xf7,0x81,0x9e,0xf7,0x01,0x5d,0xef,0x3d,0xef,0x81,0x5d,
  0xef,0x22,0x3d,0xe7,0x1c,0xdf,0xdc,0xd6,0x9b,0xce,0x3a,0xbe,0xd8,0xb5,0xb8,0xad,
  0x98,0xa5,0x57,0x9d,0xf5,0x94,0xb4,0x84,0x73,0x7c,0x32,0x7c,0x52,0x7c,0xf1,0x73,
  0x8f,0x6b,0x11,0x74,0x8e,0x6b,0xcf,0x6b,0xf1,0x73,0xb0,0x6b,0xd0,0x73,0x11,0x7c,
  0x52,0x7c,0x93,0x84,0x52,0x7c,0x31,0x7c,0x36,0x9d,0x15,0x9d,0x56,0xa5,0xf8,0xb5,
  0x39,0xbe,0x9b,0xce,0xdb,0xd6,0x1c,0xdf,0x82,0xfb,0xde,0x01,0xdb,0xd6,0xbb,0xd6,
  0x81,0xdb,0xde,0x81,0xdb,0xd6,0x09,0xbb,0xd6,0xbb,0xde,0xdb,0xde,0xdc,0xde,0xfc,
  0xde,0xbb,0xde,0x59,0xde,0x79,0xde,0xba,0xde,0xfb,0xe6,0x81,0xda,0xde,0x00,0xfa,
  0xde,0x81,0xda,0xe6,0x03,0x3b,0xe7,0x5b,0xe7,0x5a,0xe7,0x5b,0xe7,0x82,0x7b,0xe7,
  0x00,0x7b,0xef,0x81,0x5a,0xe7,0x16,0x3a,0xe7,0x39,0xe7,0x18,0xe7,0xf8,0xe6,0xf8,
  0xde,0xd8,0xde,0xb7,0xe6,0xb7,0xde,0x96,0xde,0x76,0xde,0x56,0xde,0x35,0xde,0xf4,
  0xdd,0xd4,0xd5,0xb3,0xd5,0x92,0xcd,0x51,0xcd,0x31,0xc5,0x10,0xbd,0xcf,0xbc,0x8e,
  0xbc,0x6d,0xb4,0x0c,0xb4,0x81,0xeb,0xab,0x0f,0xaa,0xab,0x89,0xa3,0x69,0xa3,0x49,
  0xa3,0x08,0x9b,0xe7,0x9a,0xc7,0x9a,0xa7,0x92,0x87,0x92,0x66,0x8a,0x45,0x8a,0x05,
  0x82,0xe4,0x81,0xc4,0x81,0xa3,0x79,0x83,0x79,0x81,0x63,0x79,0x02,0x42,0x71,0x22,
  0x71,0x02,0x69,0x83,0x01,0x69,0x83,0x01,0x69,0x00,0x02,0x69,0x81,0x22,0x71,0x18,
  0x42,0x71,0x63,0x79,0x83,0x79,0xa3,0x79,0xc4,0x81,0xe4,0x81,0x05,0x82,0x45,0x8a,
  0x66,0x8a,0xa6,0x92,0xc7,0x92,0xe7,0x9a,0x08,0x9b,0x48,0x9b,0x69,0xa3,0x8a,0xa3,
  0xca,0xab,0xeb,0xab,0x0c,0xac,0x4c,0xb4,0x2c,0xb4,0x4d,0xbc,0xae,0xbc,0xce,0xbc,
  0xef,0xc4,0x81,0x0f,0xc5,0x01,0x71,0xcd,0x91,0xcd,0x81,0xb2,0xd5,0x01,0xb3,0xd5,
  0xf4,0xd5,0x81,0x14,0xd6,0x08,0xf3,0xd5,0xf4,0xd5,0x56,0xd6,0x97,0xe6,0xb7,0xe6,
  0xf8,0xe6,0x1a,0xe7,0x5a,0xef,0x7b,0xef,0x82,0x7c,0xef,0x00,0x5c,0xef,0x82,0x7c,
  0xef,0x03,0x7c,0xf7,0x9d,0xf7,0x5c,0xf7,0xbd,0xf7,0x81,0xde,0xff,0x03,0xdf,0xff,
  0x9d,0xf7,0x7c,0xf7,0x5c,0xef,0x82,0x1c,0xe7,0x1a,0x58,0xde,0xba,0xe6,0x1c,0xe7,
  0x1c,0xef,0x7d,0xef,0x5d,0xef,0x3c,0xe7,0x3d,0xe7,0x1c,0xdf,0xdc,0xd6,0x9b,0xce,
  0x9b,0xc6,0x1a,0xb6,0xb8,0xad,0x36,0x9d,0xd4,0x8c,0xd5,0x8c,0xf5,0x8c,0x73,0x84,
  0xf0,0x73,0xd0,0x6b,0xaf,0x6b,0x8e,0x63,0x8e,0x6b,0x6d,0x63,0x0c,0x53,0x2c,0x63,
  0x81,0xeb,0x5a,0x12,0x2c,0x63,0x2d,0x63,0x2d,0x5b,0x2d,0x63,0xaf,0x6b,0xcf,0x6b,
  0x6e,0x6b,0x4e,0x73,0xd0,0x83,0xd0,0x73,0x93,0x8c,0xd3,0x8c,0x55,0x95,0x19,0xae,
  0x5b,0xb6,0xbb,0xc6,0x9a,0xc6,0xba,0xce,0xdb,0xd6,0x81,0xdc,0xd6,0x81,0xfc,0xd6,
  0x82,0xfc,0xde,0x82,0xfc,0xe6,0x01,0xba,0xde,0x9a,0xde,0x82,0xdb,0xde,0x81,0xba,
  0xde,0x81,0x99,0xde,0x81,0xfa,0xe6,0x04,0x1b,0xe7,0x5b,0xe7,0x3a,0xe7,0x5b,0xe7,
  0x9c,0xe7,0x81,0x7b,0xef,0x00,0x7b,0xe7,0x81,0x5a,0xe7,0x02,0x7a,0xe7,0x39,0xe7,
  0x19,0xe7,0x82,0xf8,0xe6,0x28,0xd7,0xde,0xb7,0xde,0x97,0xde,0x76,0xde,0x56,0xde,
  0x35,0xde,0x15,0xde,0xf4,0xd5,0xd3,0xd5,0xb3,0xd5,0x72,0xcd,0x51,0xcd,0x10,0xc5,
  0xf0,0xbc,0xcf,0xbc,0x8e,0xbc,0x4d,0xb4,0x0c,0xb4,0x0b,0xac,0xcb,0xab,0xaa,0xab,
  0x8a,0xa3,0x69,0xa3,0x49,0xa3,0x08,0x9b,0xe7,0x9a,0xc7,0x92,0xa7,0x92,0x86,0x92,
  0x46,0x8a,0x25,0x8a,0x05,0x82,0xe4,0x81,0xc4,0x81,0xa3,0x79,0x83,0x79,0x63,0x79,
  0x42,0x71,0x22,0x71,0x02,0x71,0x02,0x69,0x82,0x01,0x69,0x83,0x01,0x69,0x01,0x02,
  0x71,0x22,0x71,0x81,0x42,0x71,0x22,0x63,0x79,0x83,0x79,0xa4,0x79,0xc4,0x81,0x04,
  0x82,0x25,0x8a,0x45,0x8a,0x86,0x8a,0xa7,0x92,0xe7,0x92,0x08,0x9b,0x28,0x9b,0x49,
  0xa3,0x89,0xa3,0xaa,0xab,0xcb,0xab,0xeb,0xab,0x2c,0xb4,0x4c,0xb4,0x6d,0xbc,0x4d,
  0xbc,0xae,0xbc,0xef,0xc4,0x0f,0xc5,0xef,0xc4,0x30,0xcd,0x71,0xcd,0x92,0xcd,0xb2,
  0xd5,0xb2,0xcd,0xd3,0xd5,0x14,0xd6,0x35,0xd6,0x14,0xd6,0xd3,0xd5,0x81,0x15,0xde,
  0x1b,0x97,0xe6,0xf9,0xe6,0xf8,0xe6,0x19,0xe7,0x5a,0xef,0x7c,0xef,0x9c,0xf7,0xbd,
  0xf7,0x9d,0xef,0x9d,0xf7,0x7c,0xef,0x7d,0xef,0x9d,0xef,0x9e,0xef,0xbe,0xf7,0x7d,
  0xf7,0x5c,0xef,0x9e,0xf7,0xde,0xf7,0xbe,0xf7,0x9d,0xff,0x9d,0xf7,0x5d,0xef,0x3d,
  0xe7,0x1d,0xdf,0xfd,0xde,0xfc,0xde,0x1c,0xe7,0x82,0x3d,0xe7,0x0c,0xdb,0xde,0xdc,
  0xde,0xdc,0xce,0x7b,0xc6,0x3a,0xbe,0xf9,0xb5,0xb9,0xa5,0x16,0x95,0x94,0x8c,0x31,
  0x7c,0x8e,0x6b,0xd0,0x73,0x31,0x74,0x81,0xaf,0x6b,0x06,0x4d,0x63,0x2c,0x5b,0x2d,
  0x5b,0xaa,0x52,0x48,0x42,0x07,0x3a,0x08,0x3a,0x81,0xc7,0x39,0x00,0xe7,0x39,0x81,
  0x07,0x3a,0x13,0x07,0x42,0x49,0x42,0x8a,0x52,0xaa,0x5a,0x69,0x52,0x8a,0x5a,0x4d,
  0x63,0xce,0x6b,0xaf,0x6b,0x11,0x74,0xd4,0x8c,0x56,0x9d,0x97,0xa5,0xf8,0xad,0x79,
  0xb6,0xdb,0xc6,0x9b,0xce,0xbb,0xd6,0xdc,0xde,0xfc,0xde,0x81,0x1c,0xdf,0x0d,0x1d,
  0xe7,0x3d,0xe7,0xfc,0xe6,0xdb,0xde,0xfb,0xe6,0x1c,0xe7,0x1d,0xe7,0x1c,0xe7,0xdb,
  0xe6,0x9a,0xde,0xdb,0xde,0xda,0xe6,0x99,0xde,0xfb,0xde,0x81,0xda,0xe6,0x05,0x3a,
  0xe7,0x5a,0xe7,0x7b,0xe7,0x7b,0xef,0x5b,0xef,0x7b,0xef,0x81,0x7b,0xe7,0x04,0x3a,
  0xe7,0x39,0xe7,0x3a,0xe7,0x39,0xe7,0x19,0xe7,0x81,0xf8,0xe6,0x00,0xf8,0xde,0x81,
  0xb7,0xde,0x25,0x97,0xde,0x76,0xde,0x55,0xde,0x35,0xde,0x15,0xde,0xd4,0xd5,0xd3,
  0xd5,0x92,0xd5,0x52,0xcd,0x50,0xc5,0x10,0xc5,0xef,0xbc,0xaf,0xbc,0x6d,0xb4,0x2c,
  0xb4,0x0c,0xb4,0xeb,0xab,0xcb,0xab,0xaa,0xab,0x8a,0xa3,0x69,0xa3,0x29,0x9b,0xe8,
  0x9a,0xc7,0x9a,0xa7,0x92,0x87,0x92,0x66,0x8a,0x45,0x8a,0x25,0x8a,0xe5,0x81,0xc4,
  0x81,0xa4,0x79,0x83,0x79,0x63,0x79,0x63,0x71,0x42,0x71,0x22,0x71,0x02,0x69,0x82,
  0x01,0x69,0x82,0x01,0x69,0x17,0x02,0x69,0x02,0x71,0x22,0x71,0x42,0x71,0x43,0x79,
  0x63,0x79,0x83,0x79,0xa4,0x79,0xc4,0x81,0x05,0x82,0x25,0x8a,0x66,0x8a,0x86,0x92,
  0xa7,0x92,0xe7,0x9a,0x08,0x9b,0x48,0x9b,0x69,0xa3,0x8a,0xa3,0xaa,0xa3,0xeb,0xab,
  0x0b,0xac,0x2c,0xb4,0x6d,0xb4,0x81,0x8d,0xbc,0x00,0xae,0xbc,0x81,0xcf,0xc4,0x00,
  0x10,0xc5,0x81,0x71,0xcd,0x07,0x92,0xcd,0xd3,0xd5,0xd2,0xd5,0xd3,0xd5,0x14,0xd6,
  0x55,0xde,0xf3,0xd5,0xd3,0xdd,0x81,0x35,0xde,0x05,0xb8,0xe6,0x19,0xe7,0xf9,0xe6,
  0x19,0xef,0x5a,0xef,0x9c,0xf7,0x83,0xbd,0xf7,0x00,0x9d,0xef,0x81,0xbe,0xf7,0x05,
  0xbe,0xef,0xbf,0xef,0x7e,0xef,0x5d,0xef,0x9e,0xf7,0xbe,0xf7,0x81,0x9e,0xf7,0x04,
  0x9e,0xef,0x7e,0xe7,0x3e,0xe7,0x1d,0xdf,0xfd,0xde,0x81,0x1d,0xdf,0x81,0x3d,0xdf,
  0x14,0x1c,0xdf,0xbb,0xce,0x39,0xc6,0x5a,0xbe,0x3a,0xb6,0xb8,0xa5,0x57,0x95,0xb4,
  0x7c,0x11,0x6c,0x8f,0x63,0x6e,0x5b,0x0c,0x53,0xcb,0x52,0x0c,0x5b,0x0c,0x63,0x89,
  0x4a,0xc7,0x31,0xa6,0x31,0x65,0x29,0xc3,0x18,0x82,0x10,0x81,0x61,0x08,0x81,0x41,
  0x08,0x01,0x40,0x00,0x41,0x08,0x81,0x61,0x08,0x14,0x81,0x10,0xa2,0x10,0xe3,0x18,
  0x24,0x21,0x65,0x29,0x07,0x3a,0x69,0x42,0xab,0x52,0x4d,0x63,0xae,0x6b,0x10,0x7c,
  0x72,0x84,0xd4,0x9c,0x97,0x9d,0x59,0xae,0x59,0xbe,0x59,0xc6,0xdc,0xd6,0x1c,0xdf,
  0x1d,0xdf,0x3d,0xdf,0x81,0x5d,0xe7,0x81,0x3c,0xe7,0x00,0x7d,0xe7,0x81,0x5d,0xe7,
  0x0b,0x3c,0xe7,0xfb,0xe6,0x1c,0xe7,0x3c,0xe7,0xdb,0xde,0x79,0xde,0x9a,0xde,0xfa,
  0xde,0x1a,0xdf,0x3b,0xe7,0x5b,0xe7,0x7b,0xe7,0x81,0x5b,0xe7,0x81,0x7b,0xe7,0x05,
  0x7b,0xef,0x5b,0xe7,0x19,0xe7,0x3a,0xe7,0x5a,0xef,0x39,0xe7,0x82,0xf8,0xe6,0x27,
  0xd7,0xe6,0xb7,0xe6,0xb7,0xde,0x97,0xde,0x55,0xde,0x34,0xde,0x35,0xde,0xf4,0xd5,
  0xd3,0xd5,0xb3,0xd5,0x72,0xd5,0x51,0xcd,0x2f,0xc5,0xcf,0xc4,0xcf,0xbc,0xaf,0xbc,
  0x4d,0xb4,0x2d,0xb4,0x0c,0xb4,0xeb,0xab,0xcb,0xab,0x8a,0xa3,0x6a,0xa3,0x49,0xa3,
  0x28,0x9b,0xe7,0x9a,0xc7,0x92,0xa7,0x92,0x86,0x92,0x46,0x8a,0x25,0x8a,0x05,0x82,
  0xe4,0x81,0xc4,0x81,0xa3,0x79,0x83,0x79,0x63,0x79,0x42,0x71,0x22,0x71,0x02,0x71,
  0x82,0x01,0x69,0x82,0x01,0x69,0x00,0x02,0x69,0x81,0x22,0x71,0x00,0x42,0x71,0x81,
  0x63,0x79,0x00,0x83,0x79,0x81,0xc4,0x81,0x0e,0xe4,0x81,0x25,0x8a,0x66,0x8a,0x86,
  0x92,0xc7,0x92,0xe7,0x92,0x28,0x9b,0x49,0xa3,0x69,0xa3,0xaa,0xa3,0xca,0xab,0xeb,
  0xab,0x2c,0xb4,0x4c,0xb4,0x6d,0xb4,0x81,0xae,0xbc,0x14,0x8e,0xbc,0x8e,0xc4,0xef,
  0xc4,0x51,0xcd,0x71,0xcd,0x91,0xcd,0x92,0xd5,0xd3,0xd5,0xd2,0xd5,0xf2,0xd5,0x13,
  0xd6,0xd2,0xd5,0x71,0xd5,0xb3,0xdd,0x56,0xde,0x76,0xde,0xd8,0xe6,0x19,0xe7,0xf9,
  0xe6,0x3a,0xef,0x5b,0xef,0x81,0x9c,0xf7,0x81,0xbc,0xf7,0x01,0x9c,0xf7,0xbd,0xf7,
  0x82,0xde,0xf7,0x05,0xbf,0xef,0x9f,0xef,0x9e,0xe7,0x7e,0xe7,0x5e,0xe7,0x9e,0xef,
  0x82,0xbf,0xef,0x00,0x7f,0xe7,0x81,0x5e,0xe7,0x14,0x3d,0xdf,0x1d,0xdf,0xfc,0xd6,
  0xbb,0xce,0x7a,0xc6,0x39,0xb6,0xb7,0xad,0x56,0xa5,0xd5,0x94,0x36,0x8d,0x92,0x7c,
  0xae,0x63,0x6d,0x5b,0x0c,0x53,0xca,0x52,0x89,0x4a,0xe7,0x39,0x85,0x29,0x24,0x21,
  0x61,0x08,0x20,0x00,0x8f,0x00,0x00,0x14,0x20,0x00,0x41,0x08,0xa2,0x10,0x24,0x21,
  0xc6,0x31,0x88,0x4a,0x2c,0x5b,0x8e,0x6b,0xd0,0x73,0x32,0x84,0xd3,0x94,0xb6,0xa5,
  0x39,0xb6,0xbb,0xc6,0x1c,0xd7,0x1d,0xdf,0x3d,0xdf,0x7d,0xe7,0x5d,0xe7,0x7d,0xe7,
  0x9e,0xef,0x82,0x7d,0xe7,0x00,0x3c,0xe7,0x82,0x1c,0xe7,0x03,0xba,0xde,0x59,0xde,
  0x9a,0xde,0xda,0xe6,0x81,0x3b,0xe7,0x82,0x5b,0xe7,0x01,0x7b,0xe7,0x7b,0xef,0x81,
  0x7b,0xe7,0x81,0x5a,0xe7,0x02,0x3a,0xef,0x5a,0xe7,0x3a,0xe7,0x82,0xf8,0xe6,0x00,
  0xd7,0xe6,0x81,0xb7,0xde,0x25,0x96,0xde,0x55,0xde,0x34,0xd6,0x34,0xde,0x14,0xde,
  0xf4,0xd5,0xd3,0xd5,0x93,0xd5,0x71,0xcd,0x2f,0xcd,0xef,0xc4,0xf0,0xbc,0xcf,0xbc,
  0x8e,0xbc,0x4d,0xbc,0x2c,0xb4,0x0c,0xac,0xeb,0xab,0xab,0xab,0x8a,0xa3,0x69,0xa3,
  0x29,0x9b,0x08,0x9b,0xc7,0x92,0xa7,0x92,0x87,0x92,0x66,0x8a,0x46,0x8a,0x05,0x82,
  0xe4,0x81,0xc4,0x81,0xa4,0x79,0x83,0x79,0x63,0x79,0x43,0x71,0x42,0x71,0x22,0x71,
  0x02,0x69,0x81,0x01,0x69,0x82,0x01,0x69,0x00,0x02,0x71,0x81,0x22,0x71,0x00,0x42,
  0x71,0x81,0x63,0x79,0x01,0xa3,0x79,0xc4,0x81,0x81,0xe4,0x81,0x13,0x25,0x8a,0x66,
  0x8a,0xa7,0x92,0xc7,0x92,0xe8,0x9a,0x28,0x9b,0x69,0xa3,0x8a,0xa3,0xca,0xab,0xeb,
  0xab,0x0b,0xac,0x2c,0xb4,0x6d,0xb4,0x8d,0xbc,0xae,0xbc,0xce,0xbc,0xae,0xbc,0xae,
  0xc4,0x10,0xcd,0x51,0xcd,0x81,0x71,0xcd,0x0a,0x92,0xd5,0x92,0xcd,0x91,0xd5,0xb2,
  0xdd,0xb2,0xd5,0x92,0xd5,0xd3,0xd5,0xf4,0xdd,0x15,0xde,0x56,0xde,0xd7,0xe6,0x81,
  0x3a,0xef,0x06,0x1a,0xe7,0x3a,0xe7,0x5b,0xef,0x5a,0xef,0x5b,0xef,0x7c,0xef,0x9d,
  0xef,0x81,0xde,0xf7,0x07,0xbe,0xef,0x9e,0xef,0xbe,0xef,0x9e,0xe7,0x3d,0xdf,0x1d,
  0xdf,0x7e,0xe7,0x9f,0xe7,0x82,0xbf,0xef,0x00,0x9f,0xe7,0x81,0x7e,0xe7,0x10,0x5d,
  0xdf,0x3d,0xd7,0xfc,0xce,0x9b,0xc6,0x19,0xb6,0x57,0xa5,0x93,0x94,0xf0,0x7b,0x11,
  0x7c,0x72,0x7c,0xaf,0x6b,0x4d,0x5b,0xcb,0x52,0x27,0x42,0x44,0x29,0xc2,0x18,0x61,
  0x08,0x97,0x00,0x00,0x0f,0x20,0x00,0xa2,0x10,0x65,0x21,0x48,0x42,0x2c,0x53,0x6e,
  0x6b,0xef,0x73,0x92,0x7c,0x35,0x95,0xf7,0xa5,0x9a,0xbe,0x3c,0xcf,0x5d,0xd7,0x3d,
  0xdf,0x7d,0xe7,0x9e,0xe7,0x81,0xbe,0xe7,0x09,0x9d,0xe7,0x7d,0xef,0x5d,0xef,0x3d,
  0xe7,0x1c,0xe7,0xfb,0xe6,0x9a,0xde,0x59,0xde,0xba,0xe6,0xda,0xde,0x81,0x3b,0xe7,
  0x04,0x1b,0xe7,0x3b,0xe7,0x5b,0xe7,0x7b,0xef,0x5b,0xef,0x81,0x7b,0xe7,0x81,0x7b,
  0xef,0x07,0x7b,0xe7,0x5a,0xe7,0x5a,0xef,0x39,0xe7,0xd8,0xe6,0xf8,0xe6,0x18,0xe7,
  0xd7,0xde,0x81,0x75,0xde,0x81,0x76,0xde,0x22,0x55,0xde,0x34,0xde,0xf4,0xdd,0xd3,
  0xd5,0xb3,0xd5,0x92,0xcd,0x4f,0xcd,0x10,0xc5,0xf0,0xc4,0xcf,0xbc,0x8e,0xbc,0x6d,
  0xbc,0x4d,0xb4,0x0c,0xac,0xeb,0xab,0xcb,0xab,0xaa,0xa3,0x6a,0xa3,0x49,0xa3,0x08,
  0x9b,0xe7,0x9a,0xa7,0x92,0x86,0x92,0x66,0x8a,0x46,0x8a,0x25,0x8a,0x05,0x82,0xe4,
  0x81,0xc4,0x79,0x83,0x79,0x63,0x79,0x63,0x71,0x42,0x71,0x22,0x71,0x02,0x69,0x81,
  0x01,0x69,0x81,0x01,0x69,0x02,0x02,0x69,0x02,0x71,0x22,0x71,0x81,0x42,0x71,0x81,
  0x63,0x79,0x01,0x83,0x79,0xc4,0x81,0x81,0xe4,0x81,0x09,0x25,0x8a,0x66,0x8a,0xa7,
  0x92,0xc7,0x92,0x08,0x9b,0x28,0x9b,0x69,0xa3,0x8a,0xa3,0xcb,0xab,0xeb,0xab,0x81,
  0x2c,0xb4,0x18,0x6d,0xb4,0xad,0xbc,0xce,0xbc,0xef,0xc4,0xee,0xc4,0xad,0xbc,0xef,
  0xc4,0x10,0xcd,0x30,0xcd,0x51,0xcd,0x71,0xcd,0xb2,0xcd,0xd3,0xd5,0xb3,0xdd,0xd4,
  0xdd,0xf4,0xd5,0x56,0xde,0x77,0xe6,0x57,0xe6,0x57,0xde,0xd8,0xe6,0x19,0xef,0x3a,
  0xef,0xf9,0xe6,0x1a,0xef,0x81,0x5b,0xef,0x05,0x1a,0xe7,0x3b,0xef,0x9d,0xef,0xbe,
  0xf7,0x9e,0xf7,0x9d,0xef,0x81,0x7d,0xe7,0x03,0xfc,0xde,0xbc,0xde,0x5d,0xe7,0x7e,
  0xef,0x81,0x9e,0xe7,0x00,0x9f,0xe7,0x82,0x9e,0xe7,0x0e,0x7e,0xdf,0x5d,0xd7,0x1c,
  0xcf,0xbb,0xc6,0x3a,0xae,0xb9,0x9d,0x15,0x8d,0xd0,0x73,0x8f,0x6b,0xef,0x6b,0x6d,
  0x63,0x2c,0x5b,0x28,0x42,0x24,0x21,0x81,0x10,0x9d,0x00,0x00,0x0b,0x61,0x08,0x24,
  0x21,0x08,0x3a,0x6d,0x5b,0x10,0x74,0x31,0x7c,0x92,0x84,0xb6,0xa5,0x9a,0xbe,0x1c,
  0xc7,0x3d,0xd7,0x7d,0xdf,0x81,0xbe,0xe7,0x81,0xbe,0xef,0x81,0x9e,0xef,0x06,0x5d,
  0xef,0x1c,0xe7,0x1b,0xe7,0xbb,0xe6,0x7a,0xde,0xda,0xe6,0xfb,0xde,0x82,0x1b,0xe7,
  0x02,0x3b,0xdf,0x5b,0xdf,0x7b,0xe7,0x81,0x5b,0xef,0x81,0x7c,0xef,0x01,0x9c,0xef,
  0x9b,0xe7,0x82,0x5a,0xef,0x2a,0x3a,0xe7,0xf8,0xe6,0xd6,0xe6,0xb6,0xde,0x76,0xde,
  0x96,0xde,0x97,0xe6,0x97,0xde,0x56,0xde,0x35,0xde,0x14,0xde,0xf3,0xd5,0xd2,0xd5,
  0xb1,0xd5,0x70,0xcd,0x10,0xc5,0xf0,0xc4,0xcf,0xc4,0xae,0xbc,0x8e,0xbc,0x4d,0xb4,
  0x2c,0xb4,0x0c,0xac,0xeb,0xab,0xab,0xab,0x8a,0xa3,0x49,0xa3,0x29,0x9b,0x08,0x9b,
  0xc7,0x92,0x87,0x92,0x86,0x92,0x46,0x8a,0x25,0x8a,0x05,0x82,0xe4,0x81,0xc4,0x81,
  0xa3,0x79,0x83,0x79,0x63,0x79,0x42,0x71,0x22,0x71,0x02,0x71,0x81,0x01,0x69,0x81,
  0x01,0x69,0x00,0x02,0x69,0x81,0x22,0x71,0x81,0x42,0x71,0x01,0x63,0x79,0x83,0x79,
  0x81,0xa4,0x81,0x18,0xe4,0x81,0x05,0x8a,0x25,0x8a,0x86,0x92,0xa7,0x92,0xc7,0x92,
  0x08,0x9b,0x48,0x9b,0x69,0xa3,0x8a,0xa3,0xcb,0xab,0x0b,0xac,0x2c,0xb4,0x4d,0xb4,
  0x6d,0xb4,0x8d,0xbc,0xce,0xc4,0xee,0xc4,0xae,0xbc,0x8e,0xc4,0xcf,0xcc,0x10,0xcd,
  0x30,0xcd,0x51,0xcd,0x92,0xd5,0x81,0xd3,0xd5,0x05,0xd4,0xd5,0x15,0xde,0x56,0xde,
  0x97,0xde,0x97,0xe6,0xb7,0xe6,0x81,0x77,0xe6,0x05,0x97,0xe6,0x19,0xef,0x3a,0xef,
  0x5b,0xef,0x5c,0xef,0x7c,0xef,0x81,0x5b,0xef,0x00,0x7d,0xef,0x82,0x5d,0xef,0x04,
  0x7d,0xe7,0x1c,0xdf,0x9b,0xde,0x3d,0xe7,0x7d,0xe7,0x81,0x5d,0xe7,0x11,0x5e,0xe7,
  0x7e,0xe7,0x9e,0xe7,0x7e,0xe7,0x3d,0xdf,0x3d,0xd7,0x1d,0xcf,0x7b,0xbe,0xf9,0xad,
  0x57,0x9d,0xf5,0x8c,0x52,0x74,0xef,0x63,0x8e,0x6b,0xca,0x52,0xc6,0x31,0x23,0x21,
  0x61,0x10,0xa1,0x00,0x00,0x0b,0x40,0x00,0x24,0x21,0x68,0x42,0x6c,0x63,0x2f,0x7c,
  0xb2,0x8c,0x56,0x9d,0xbb,0xb6,0x1c,0xc7,0x3c,0xd7,0x9d,0xdf,0xbe,0xe7,0x81,0xdf,
  0xef,0x81,0xde,0xef,0x0e,0x7d,0xef,0x3d,0xef,0x5d,0xef,0x1c,0xe7,0x7a,0xde,0xda,
  0xe6,0x1b,0xe7,0xfb,0xe6,0x1c,0xe7,0x3c,0xe7,0x5c,0xe7,0x5b,0xdf,0x7b,0xe7,0x7c,
  0xef,0x5c,0xef,0x81,0x5b,0xef,0x81,0x9c,0xef,0x12,0x7b,0xef,0x7a,0xe7,0x5a,0xe7,
  0x3a,0xe7,0xf8,0xe6,0x96,0xde,0xb7,0xde,0xd8,0xe6,0xb7,0xde,0x97,0xe6,0x97,0xde,
  0x76,0xde,0x55,0xd6,0x35,0xd6,0x14,0xd6,0xd3,0xd5,0x91,0xd5,0x51,0xcd,0xef,0xc4,
  0x82,0xcf,0xc4,0x0a,0xae,0xbc,0x6d,0xb4,0x4d,0xb4,0x0c,0xac,0xeb,0xab,0xcb,0xab,
  0xaa,0xa3,0x6a,0xa3,0x49,0xa3,0x28,0x9b,0xe8,0x9a,0x81,0xa7,0x92,0x01,0x66,0x8a,
  0x45,0x8a,0x81,0x05,0x82,0x08,0xe4,0x81,0xa4,0x79,0x83,0x79,0x63,0x79,0x63,0x71,
  0x42,0x71,0x22,0x71,0x02,0x69,0x01,0x69,0x81,0x01,0x69,0x00,0x02,0x71,0x81,0x22,
  0x71,0x03,0x42,0x71,0x42,0x79,0x63,0x79,0xa4,0x79,0x81,0xc4,0x81,0x15,0xe4,0x81,
  0x05,0x8a,0x25,0x8a,0x86,0x92,0xc7,0x92,0xe8,0x92,0x08,0x9b,0x29,0x9b,0x69,0xa3,
  0x8a,0xa3,0xcb,0xab,0x0b,0xb4,0x2c,0xb4,0x6d,0xbc,0x8d,0xbc,0xad,0xbc,0xcd,0xbc,
  0xad,0xbc,0x8e,0xbc,0xef,0xc4,0x10,0xcd,0x51,0xcd,0x81,0x72,0xcd,0x00,0x92,0xd5,
  0x81,0xb3,0xd5,0x03,0xf5,0xdd,0x76,0xde,0x97,0xde,0xb8,0xde,0x81,0xd8,0xe6,0x04,
  0x97,0xe6,0xd8,0xe6,0xb7,0xde,0xd8,0xe6,0x19,0xe7,0x81,0x3b,0xef,0x81,0x3b,0xe7,
  0x00,0x3c,0xe7,0x81,0x5c,0xef,0x18,0x3c,0xe7,0x3d,0xe7,0x1c,0xdf,0x7b,0xde,0x1c,
  0xe7,0x9d,0xe7,0x5d,0xe7,0x3c,0xe7,0x5d,0xe7,0x5e,0xe7,0x7e,0xef,0x7e,0xe7,0x5d,
  0xdf,0x1c,0xd7,0xbb,0xc6,0x39,0xae,0xd8,0x9d,0x36,0x95,0x73,0x84,0x30,0x74,0x8d,
  0x63,0xeb,0x5a,0x48,0x4a,0x44,0x29,0x61,0x08,0xa5,0x00,0x00,0x0d,0x40,0x08,0x44,
  0x21,0xaa,0x52,0xef,0x73,0xd2,0x84,0x96,0x95,0x59,0xb6,0xfb,0xce,0x3c,0xd7,0x7d,
  0xe7,0xff,0xef,0xff,0xe7,0xdf,0xef,0xde,0xef,0x81,0x9e,0xef,0x03,0x9d,0xef,0x7d,
  0xef,0xbb,0xe6,0xfb,0xe6,0x82,0x3c,0xe7,0x00,0x5c,0xe7,0x82,0x7c,0xe7,0x81,0x7c,
  0xef,0x01,0x5b,0xef,0x5a,0xe7,0x81,0x3a,0xe7,0x04,0x5a,0xef,0x7a,0xef,0x39,0xe7,
  0xf8,0xe6,0xd8,0xe6,0x81,0xf9,0xe6,0x10,0xf8,0xe6,0xb7,0xe6,0x97,0xde,0x97,0xe6,
  0x76,0xe6,0x56,0xde,0x35,0xd6,0xf4,0xd5,0xb2,0xd5,0x92,0xcd,0x71,0xcd,0x10,0xc5,
  0xce,0xc4,0xce,0xbc,0xcf,0xbc,0x8e,0xbc,0x4d,0xb4,0x81,0x2c,0xb4,0x15,0x0c,0xac,
  0xcb,0xab,0xaa,0xab,0x6a,0xa3,0x49,0xa3,0x29,0x9b,0xe8,0x9a,0xc7,0x92,0xa7,0x92,
  0x86,0x92,0x46,0x8a,0x25,0x8a,0x05,0x82,0xe4,0x81,0xc4,0x79,0x83,0x79,0x63,0x79,
  0x63,0x71,0x42,0x71,0x22,0x71,0x02,0x71,0x01,0x69,0x03,0x01,0x69,0x02,0x69,0x02,
  0x71,0x22,0x71,0x81,0x42,0x71,0x04,0x42,0x79,0x63,0x79,0xa4,0x79,0xe4,0x81,0x05,
  0x82,0x81,0xe4,0x81,0x15,0x25,0x8a,0x86,0x92,0xc7,0x92,0xe7,0x92,0xe8,0x9a,0x28,
  0x9b,0x69,0xa3,0xaa,0xab,0xeb,0xab,0x0b,0xb4,0x4c,0xb4,0x6d,0xb4,0xad,0xbc,0xce,
  0xbc,0xad,0xbc,0x8d,0xbc,0xef,0xc4,0x10,0xc5,0x30,0xc5,0x92,0xcd,0xb3,0xcd,0xd3,
  0xd5,0x82,0xf4,0xd5,0x04,0x56,0xde,0x96,0xde,0x97,0xde,0xb8,0xde,0xd9,0xe6,0x81,
  0xd8,0xe6,0x81,0xf9,0xe6,0x04,0xd8,0xe6,0x78,0xe6,0xfa,0xee,0x1b,0xe7,0x1a,0xe7,
  0x81,0x1b,0xe7,0x83,0x3c,0xe7,0x05,0x9a,0xd6,0xdc,0xde,0x5d,0xe7,0x3c,0xdf,0x1b,
  0xdf,0x3c,0xe7,0x81,0x3d,0xe7,0x81,0x5d,0xdf,0x0b,0x1d,0xd7,0xbc,0xce,0x5a,0xb6,
  0x97,0x95,0x15,0x8d,0x31,0x7c,0x4d,0x63,0x0b,0x5b,0xea,0x52,0xe6,0x31,0xc2,0x18,
  0x20,0x00,0xa8,0x00,0x00,0x08,0x82,0x10,0x07,0x3a,0x6c,0x6b,0xb2,0x8c,0x54,0xa5,
  0xf7,0xad,0xfc,0xce,0x7d,0xdf,0xbe,0xe7,0x81,0xff,0xe7,0x81,0xbe,0xef,0x05,0xde,
  0xef,0xbe,0xef,0x9e,0xef,0x1c,0xef,0xfc,0xe6,0x5d,0xef,0x81,0x5c,0xe7,0x01,0x7c,
  0xef,0x7d,0xef,0x82,0x7c,0xef,0x08,0x7b,0xef,0x5b,0xef,0x3a,0xe7,0x1a,0xe7,0xf9,
  0xe6,0x3a,0xe7,0x19,0xef,0xf9,0xe6,0x19,0xe7,0x81,0x3a,0xe7,0x04,0x19,0xe7,0xf8,
  0xe6,0xd8,0xe6,0xb7,0xe6,0x97,0xe6,0x81,0x76,0xde,0x0a,0x55,0xd6,0xd3,0xd5,0xb2,
  0xcd,0xd3,0xcd,0x92,0xcd,0x51,0xcd,0xf0,0xc4,0xce,0xbc,0xcf,0xbc,0xae,0xbc,0x6d,
  0xb4,0x81,0x2c,0xb4,0x12,0x0c,0xac,0xeb,0xab,0xcb,0xab,0x8a,0xa3,0x6a,0xa3,0x29,
  0x9b,0x08,0x9b,0xc7,0x92,0xa7,0x92,0x87,0x92,0x66,0x8a,0x25,0x8a,0x05,0x82,0xe4,
  0x81,0xc4,0x81,0xa4,0x79,0x83,0x79,0x63,0x79,0x42,0x71,0x81,0x22,0x71,0x00,0x02,
  0x69,0x01,0x01,0x69,0x02,0x71,0x81,0x22,0x71,0x81,0x42,0x71,0x03,0x42,0x79,0x63,
  0x79,0xc4,0x81,0xe5,0x81,0x81,0x05,0x82,0x02,0xe4,0x89,0x04,0x8a,0x46,0x92,0x81,
  0xa7,0x92,0x15,0xe8,0x9a,0x28,0x9b,0x69,0xa3,0xaa,0xab,0xeb,0xab,0x0c,0xac,0x4c,
  0xb4,0x8d,0xb4,0xae,0xbc,0xce,0xbc,0x6d,0xbc,0x8e,0xc4,0xce,0xc4,0xef,0xc4,0x51,
  0xcd,0xb2,0xcd,0xd3,0xd5,0xf4,0xd5,0x35,0xd6,0x35,0xde,0x56,0xde,0x76,0xde,0x81,
  0x97,0xde,0x02,0xb8,0xe6,0xd9,0xe6,0xd8,0xe6,0x81,0xf9,0xe6,0x1f,0x1a,0xe7,0x1a,
  0xef,0xb9,0xe6,0xd9,0xe6,0x3b,0xe7,0x5c,0xe7,0x3c,0xe7,0x1b,0xe7,0xb9,0xde,0xba,
  0xde,0x5c,0xe7,0x9a,0xde,0xbb,0xde,0x5d,0xe7,0x3c,0xe7,0xfb,0xde,0xfc,0xe6,0x1c,
  0xe7,0x3c,0xe7,0x5d,0xe7,0x5d,0xdf,0x1c,0xd7,0xdc,0xce,0x3a,0xae,0xb7,0x9d,0x35,
  0x95,0x52,0x7c,0x6e,0x6b,0xc9,0x5a,0x26,0x42,0x85,0x31,0x61,0x08,0xab,0x00,0x00,
  0x08,0x20,0x00,0x24,0x29,0x6c,0x63,0x70,0x7c,0x34,0x95,0xba,0xb6,0xfb,0xce,0x7d,
  0xd7,0xff,0xdf,0x81,0xde,0xe7,0x0a,0xff,0xef,0xde,0xef,0xdf,0xef,0xde,0xef,0x3c,
  0xef,0xfb,0xe6,0x3c,0xef,0x5c,0xe7,0x7d,0xef,0x9d,0xef,0x9c,0xe7,0x81,0x7c,0xe7,
  0x1a,0x7c,0xef,0x7b,0xe7,0x5b,0xe7,0x3b,0xe7,0x7b,0xef,0x5b,0xe7,0x1a,0xe7,0xd8,
  0xe6,0x1a,0xef,0x7b,0xe7,0x5a,0xe7,0x3a,0xe7,0x19,0xe7,0x18,0xe7,0xf8,0xe6,0xd8,
  0xe6,0x97,0xde,0x96,0xde,0x75,0xde,0x34,0xde,0xd4,0xd5,0xf4,0xcd,0xd3,0xcd,0xb3,
  0xcd,0x72,0xc5,0x31,0xc5,0xef,0xc4,0x81,0xcf,0xbc,0x18,0x8e,0xbc,0x4d,0xb4,0x2c,
  0xb4,0x0c,0xac,0xeb,0xab,0xcb,0xab,0xaa,0xab,0x6a,0xa3,0x49,0xa3,0x08,0x9b,0xe8,
  0x9a,0xa7,0x92,0x87,0x92,0x66,0x8a,0x46,0x8a,0x25,0x82,0x05,0x82,0xe4,0x81,0xa4,
  0x79,0x83,0x79,0x63,0x79,0x43,0x71,0x42,0x71,0x22,0x71,0x02,0x69,0x01,0x02,0x69,
  0x02,0x71,0x81,0x22,0x71,0x00,0x42,0x71,0x81,0x42,0x79,0x05,0x63,0x79,0xc4,0x81,
  0x05,0x82,0x05,0x8a,0x25,0x8a,0x05,0x8a,0x81,0x04,0x8a,0x1c,0x46,0x92,0xa7,0x92,
  0xc7,0x9a,0x08,0xa3,0x6a,0xa3,0xaa,0xab,0xeb,0xab,0x2c,0xb4,0x4d,0xb4,0x8e,0xbc,
  0xae,0xbc,0x6d,0xbc,0x4c,0xbc,0xae,0xc4,0xcf,0xc4,0x30,0xc5,0x91,0xcd,0xd2,0xd5,
  0xd3,0xd5,0xf4,0xd5,0x14,0xd6,0x35,0xde,0x56,0xde,0x76,0xde,0x77,0xde,0x77,0xe6,
  0x97,0xde,0xb8,0xe6,0xd8,0xe6,0x81,0xf9,0xe6,0x81,0xd9,0xe6,0x81,0xd9,0xde,0x00,
  0xfa,0xe6,0x81,0x3b,0xe7,0x04,0xfb,0xe6,0x59,0xde,0xb6,0xd5,0xd6,0xdd,0x38,0xde,
  0x82,0x3c,0xe7,0x81,0xfb,0xde,0x0d,0xfc,0xde,0x1c,0xdf,0x3d,0xdf,0xfb,0xd6,0x7a,
  0xbe,0x5a,0xae,0x19,0x9e,0x55,0x95,0x31,0x7c,0x8e,0x6b,0x0b,0x5b,0x47,0x4a,0x03,
  0x21,0x20,0x00,0xae,0x00,0x00,0x0a,0xe2,0x18,0xa9,0x4a,0xd2,0x84,0xf6,0x9d,0x18,
  0xb6,0xfb,0xc6,0x7d,0xd7,0x9e,0xe7,0xbe,0xe7,0xde,0xef,0xfe,0xef,0x81,0xdf,0xef,
  0x06,0x9d,0xef,0x3c,0xef,0x3c,0xe7,0x5c,0xef,0x7c,0xef,0x7c,0xe7,0x9c,0xe7,0x81,
  0x7c,0xe7,0x03,0x9c,0xe7,0x7c,0xef,0x5b,0xe7,0x3b,0xe7,0x81,0x5b,0xe7,0x81,0x1a,
  0xe7,0x00,0x1a,0xef,0x81,0x3a,0xe7,0x2a,0x1a,0xe7,0x39,0xe7,0x19,0xe7,0xf8,0xe6,
  0xb8,0xe6,0x97,0xe6,0x97,0xde,0x55,0xde,0xf3,0xdd,0xf4,0xd5,0x15,0xd6,0xf4,0xd5,
  0xd3,0xcd,0x92,0xc5,0x51,0xc5,0x10,0xc5,0xce,0xbc,0xaf,0xbc,0xae,0xbc,0x6e,0xb4,
  0x4d,0xb4,0x2c,0xb4,0x0b,0xac,0xcb,0xab,0xaa,0xab,0x8a,0xa3,0x49,0xa3,0x08,0x9b,
  0xe8,0x9a,0xc7,0x92,0xa7,0x92,0x86,0x92,0x46,0x8a,0x25,0x8a,0x05,0x82,0xe4,0x81,
  0xc4,0x79,0x83,0x79,0x63,0x79,0x63,0x71,0x42,0x71,0x22,0x71,0x02,0x71,0x00,0x02,
  0x69,0x82,0x22,0x71,0x00,0x42,0x71,0x81,0x42,0x79,0x02,0x63,0x79,0xc4,0x81,0x05,
  0x82,0x83,0x25,0x8a,0x13,0xe4,0x89,0x04,0x8a,0x66,0x92,0xa7,0x9a,0xe8,0x9a,0x49,
  0xa3,0x8a,0xab,0xcb,0xab,0x0c,0xb4,0x4d,0xb4,0x8d,0xbc,0x8c,0xbc,0x4c,0xbc,0x6d,
  0xbc,0xcf,0xc4,0x51,0xcd,0x91,0xcd,0x92,0xcd,0xb2,0xd5,0xd3,0xd5,0x81,0xf4,0xd5,
  0x01,0x15,0xd6,0x35,0xde,0x81,0x56,0xde,0x81,0x57,0xde,0x02,0x77,0xde,0xb8,0xe6,
  0xd8,0xe6,0x81,0x98,0xde,0x81,0xb9,0xde,0x81,0xda,0xde,0x17,0xb9,0xde,0xb9,0xe6,
  0xdb,0xe6,0x7d,0xe7,0x75,0xcd,0x11,0xcc,0xdb,0xee,0x7c,0xe7,0xdb,0xe6,0x9a,0xde,
  0xfb,0xe6,0x1c,0xe7,0x3c,0xe7,0x3d,0xdf,0xdb,0xd6,0xbb,0xce,0x7b,0xb6,0xb8,0x95,
  0x36,0x8d,0x93,0x84,0xaf,0x6b,0xeb,0x52,0x27,0x42,0xe3,0x18,0xb1,0x00,0x00,0x08,
  0xa2,0x10,0xea,0x52,0x71,0x8c,0x74,0x9d,0x17,0xae,0xba,0xc6,0x5d,0xdf,0x9e,0xe7,
  0xde,0xe7,0x81,0xff,0xef,0x04,0xdf,0xf7,0xff,0xf7,0xbe,0xef,0x3c,0xef,0x5d,0xef,
  0x81,0x7c,0xe7,0x09,0x9d,0xef,0x7c,0xef,0x7c,0xe7,0x7c,0xef,0x9d,0xef,0x7c,0xef,
  0x3b,0xe7,0x5b,0xe7,0x3a,0xe7,0x3a,0xdf,0x81,0x5b,0xef,0x0a,0x1a,0xe7,0x1a,0xef,
  0x1a,0xe7,0x19,0xe7,0xf9,0xe6,0xd8,0xe6,0xb8,0xe6,0xb7,0xde,0x55,0xde,0x15,0xde,
  0x35,0xde,0x82,0xf4,0xd5,0x04,0xd3,0xd5,0xb2,0xcd,0x71,0xc5,0x31,0xc5,0xef,0xbc,
  0x81,0xcf,0xbc,0x17,0xae,0xbc,0x6d,0xb4,0x2d,0xb4,0x0c,0xac,0xec,0xab,0xcb,0xab,
  0x8a,0xa3,0x6a,0xa3,0x29,0x9b,0xe8,0x9a,0xe7,0x9a,0xa7,0x92,0x86,0x92,0x66,0x8a,
  0x25,0x8a,0x05,0x82,0xe4,0x81,0xc4,0x81,0xa3,0x79,0x83,0x79,0x63,0x79,0x42,0x71,
  0x22,0x71,0x02,0x71,0x00,0x02,0x69,0x81,0x22,0x71,0x81,0x42,0x71,0x21,0x63,0x79,
  0x42,0x79,0x83,0x79,0xc4,0x81,0xe4,0x81,0x25,0x8a,0x45,0x8a,0x46,0x8a,0x45,0x8a,
  0x05,0x8a,0x05,0x92,0x45,0x92,0xa7,0x9a,0x08,0x9b,0x29,0xa3,0x8a,0xab,0xcb,0xab,
  0x0c,0xb4,0x2c,0xb4,0x4c,0xbc,0x4b,0xbc,0x6c,0xbc,0xae,0xc4,0x10,0xc5,0x51,0xcd,
  0x71,0xcd,0x92,0xcd,0x92,0xd5,0xb2,0xd5,0xf3,0xd5,0xd4,0xd5,0xf5,0xdd,0x35,0xde,
  0x15,0xd6,0x81,0x36,0xde,0x02,0x77,0xde,0x97,0xde,0xb8,0xe6,0x81,0x78,0xde,0x0e,
  0xda,0xe6,0xfa,0xe6,0x1b,0xe7,0x5c,0xe7,0x3c,0xe7,0xba,0xe6,0x1c,0xe7,0x7d,0xef,
  0x9d,0xe7,0x38,0xde,0x93,0xd4,0xbb,0xe6,0x1c,0xe7,0xba,0xe6,0x1c,0xe7,0x81,0x5c,
  0xe7,0x0a,0x3c,0xdf,0xfc,0xd6,0xbb,0xc6,0x7b,0xb6,0xf8,0xa5,0x35,0x95,0x51,0x7c,
  0xce,0x73,0xad,0x6b,0x48,0x42,0xc2,0x18,0xb3,0x00,0x00,0x07,0x81,0x08,0x47,0x42,
  0x70,0x84,0x95,0x9d,0x79,0xae,0x1b,0xcf,0x1c,0xd7,0xbd,0xdf,0x83,0xff,0xef,0x00,
  0xbe,0xf7,0x81,0x5d,0xef,0x00,0x5c,0xef,0x83,0x7c,0xe7,0x10,0x7b,0xe7,0x9c,0xef,
  0x5b,0xef,0x3b,0xe7,0x5b,0xe7,0x3a,0xdf,0x19,0xdf,0x5b,0xe7,0x7c,0xe7,0x3b,0xe7,
  0x1a,0xe7,0xd8,0xe6,0xb8,0xe6,0xd8,0xe6,0xf8,0xe6,0xd8,0xe6,0x96,0xde,0x81,0x15,
  0xde,0x02,0x56,0xde,0x35,0xd6,0xf4,0xd5,0x81,0xd3,0xd5,0x03,0xb3,0xcd,0x72,0xcd,
  0x31,0xc5,0x10,0xc5,0x81,0xcf,0xbc,0x17,0xaf,0xbc,0x8e,0xb4,0x4d,0xb4,0x2c,0xb4,
  0x0c,0xac,0xcb,0xab,0xaa,0xab,0x6a,0xa3,0x29,0x9b,0xe8,0x9a,0xc7,0x9a,0xa7,0x92,
  0x87,0x92,0x66,0x8a,0x46,0x8a,0x25,0x8a,0x05,0x82,0xc4,0x81,0xa4,0x79,0x83,0x79,
  0x63,0x79,0x42,0x71,0x22,0x71,0x02,0x71,0x00,0x02,0x71,0x81,0x22,0x71,0x00,0x42,
  0x71,0x82,0x63,0x79,0x0f,0x83,0x79,0xc4,0x81,0x05,0x82,0x05,0x8a,0x45,0x8a,0x66,
  0x8a,0x25,0x8a,0x26,0x8a,0x66,0x92,0x46,0x92,0x86,0x9a,0x08,0xa3,0x6a,0xab,0xab,
  0xab,0xec,0xb3,0x2c,0xb4,0x81,0x4d,0xbc,0x0c,0x0b,0xbc,0x2b,0xbc,0xae,0xc4,0x10,
  0xc5,0x50,0xcd,0x71,0xcd,0x92,0xd5,0xb2,0xd5,0xb2,0xcd,0xb2,0xd5,0xb3,0xd5,0xf5,
  0xdd,0x56,0xde,0x82,0x36,0xde,0x06,0x77,0xde,0x98,0xde,0x78,0xde,0x98,0xde,0xb9,
  0xde,0x1b,0xe7,0x1b,0xdf,0x81,0x7c,0xe7,0x08,0xfb,0xe6,0x3b,0xe7,0x1b,0xe7,0xda,
  0xe6,0x9d,0xef,0xda,0xe6,0x76,0xdd,0x3a,0xe6,0xfc,0xe6,0x82,0x3c,0xe7,0x0a,0x1c,
  0xdf,0xdb,0xd6,0xba,0xce,0x39,0xb6,0xf8,0xa5,0x76,0x95,0x93,0x7c,0x6d,0x63,0x2a,
  0x5b,0x88,0x4a,0xe2,0x18,0xb5,0x00,0x00,0x07,0x40,0x08,0x27,0x42,0x50,0x84,0xd7,
  0x95,0x79,0xa6,0xfa,0xc6,0x5c,0xdf,0xbe,0xe7,0x81,0xfe,0xef,0x06,0xff,0xef,0xbe,
  0xef,0x9d,0xef,0x7d,0xef,0x5c,0xef,0x7d,0xef,0x5c,0xe7,0x81,0x7c,0xe7,0x03,0x7b,
  0xe7,0x3b,0xe7,0x3b,0xef,0x5c,0xef,0x81,0x7c,0xe7,0x22,0x1a,0xe7,0x3a,0xdf,0x5b,
  0xe7,0x5a,0xe7,0xd8,0xe6,0x97,0xe6,0x77,0xde,0x98,0xe6,0x97,0xe6,0x76,0xde,0x15,
  0xd6,0x15,0xde,0x36,0xde,0x36,0xd6,0x56,0xde,0x15,0xd6,0xd4,0xd5,0xd3,0xcd,0xb3,
  0xcd,0x92,0xcd,0x51,0xc5,0x30,0xc5,0xf0,0xbc,0xcf,0xbc,0xae,0xbc,0x6d,0xb4,0x4d,
  0xb4,0x2c,0xb4,0x0c,0xac,0xeb,0xab,0xab,0xab,0x8a,0xa3,0x49,0xa3,0x08,0x9b,0xc7,
  0x9a,0x81,0xa7,0x92,0x0a,0x66,0x92,0x46,0x8a,0x25,0x8a,0x05,0x82,0xe4,0x81,0xa4,
  0x79,0x83,0x79,0x63,0x79,0x43,0x79,0x42,0x71,0x22,0x71,0x0e,0x02,0x71,0x22,0x71,
  0x42,0x71,0x43,0x71,0x63,0x79,0x83,0x79,0x63,0x79,0x83,0x79,0xc4,0x81,0xe4,0x81,
  0x05,0x8a,0x46,0x8a,0x66,0x92,0x25,0x8a,0x46,0x92,0x81,0xa7,0x9a,0x05,0xc7,0x9a,
  0x08,0xa3,0x69,0xab,0xcb,0xab,0x0c,0xb4,0x4c,0xb4,0x81,0x6d,0xbc,0x81,0x2c,0xbc,
  0x0a,0xae,0xc4,0x30,0xcd,0x51,0xcd,0x92,0xcd,0xd3,0xd5,0xf3,0xd5,0xb2,0xd5,0x92,
  0xd5,0x93,0xd5,0xb4,0xd5,0x15,0xde,0x81,0x77,0xde,0x01,0x98,0xde,0xb8,0xde,0x81,
  0xb9,0xde,0x0f,0xfa,0xe6,0x1a,0xe7,0x1b,0xe7,0x5c,0xe7,0x1b,0xdf,0x58,0xde,0x1a,
  0xe7,0x3b,0xe7,0x38,0xe6,0xd7,0xdd,0xb6,0xdd,0x76,0xdd,0x19,0xe6,0x1d,0xe7,0x3d,
  0xe7,0x7d,0xef,0x81,0x3d,0xe7,0x09,0xfc,0xde,0xba,0xce,0x38,0xbe,0xd7,0xad,0x55,
  0x95,0xb2,0x84,0xce,0x6b,0x4b,0x5b,0x27,0x3a,0xc2,0x18,0xb7,0x00,0x00,0x04,0x40,
  0x08,0x68,0x42,0xb1,0x7c,0xb5,0x9d,0x1b,0xc7,0x81,0x5c,0xdf,0x02,0xbe,0xe7,0xbe,
  0xef,0x9d,0xef,0x82,0xbe,0xef,0x02,0x7d,0xef,0x3c,0xef,0x3b,0xe7,0x81,0x7c,0xe7,
  0x06,0x5b,0xe7,0x1a,0xe7,0x5b,0xe7,0xbd,0xef,0x9c,0xef,0x9c,0xe7,0x7b,0xe7,0x81,
  0x1a,0xe7,0x81,0x19,0xe7,0x08,0xf9,0xe6,0x98,0xde,0x77,0xde,0x56,0xde,0x15,0xde,
  0x57,0xde,0x77,0xe6,0x56,0xde,0x36,0xd6,0x81,0x35,0xde,0x17,0xf4,0xd5,0xd3,0xcd,
  0xb2,0xcd,0xb3,0xcd,0x52,0xcd,0x31,0xc5,0x10,0xc5,0xcf,0xbc,0xae,0xbc,0x8e,0xb4,
  0x6d,0xb4,0x2c,0xb4,0x0c,0xac,0xcb,0xab,0xab,0xab,0x6a,0xa3,0x08,0xa3,0xe8,0x9a,
  0x08,0x9b,0xc7,0x92,0x86,0x92,0x66,0x92,0x45,0x8a,0x05,0x8a,0x81,0xe4,0x81,0x03,
  0xc4,0x81,0xa3,0x79,0x63,0x79,0x42,0x79,0x81,0x22,0x71,0x02,0x02,0x71,0x22,0x71,
  0x42,0x71,0x81,0x63,0x79,0x82,0x83,0x79,0x81,0xc4,0x81,0x20,0x05,0x8a,0x46,0x8a,
  0x66,0x92,0x45,0x8a,0x66,0x92,0xa7,0x9a,0xc8,0x9a,0x08,0xa3,0x29,0xa3,0x69,0xab,
  0xaa,0xab,0x0c,0xb4,0x4d,0xb4,0x8d,0xbc,0x2c,0xbc,0x2d,0xbc,0xae,0xbc,0xae,0xc4,
  0x10,0xc5,0x51,0xcd,0x72,0xcd,0xb3,0xcd,0xd2,0xd5,0xb3,0xd5,0xf4,0xd5,0x35,0xd6,
  0x15,0xd6,0x36,0xd6,0x77,0xde,0x98,0xde,0xb9,0xde,0xd9,0xde,0xf9,0xe6,0x81,0x1a,
  0xe7,0x0c,0x3b,0xe7,0x5c,0xe7,0x5b,0xe7,0x38,0xde,0x75,0xdd,0x17,0xde,0x59,0xe6,
  0xdc,0xee,0x1c,0xe7,0x18,0xde,0x96,0xdd,0xdc,0xee,0x9e,0xef,0x81,0x7e,0xe7,0x0a,
  0x9e,0xe7,0x5d,0xdf,0xfb,0xd6,0xdb,0xc6,0x5a,0xb6,0x56,0x9d,0x51,0x84,0xce,0x6b,
  0x4b,0x5b,0xa9,0x4a,0x03,0x19,0xb9,0x00,0x00,0x05,0x61,0x08,0x88,0x4a,0x90,0x8c,
  0x78,0xb6,0xda,0xbe,0xfb,0xd6,0x81,0x7d,0xe7,0x00,0x9d,0xef,0x81,0xbe,0xef,0x08,
  0xde,0xef,0x9d,0xef,0xfa,0xe6,0x3b,0xe7,0x7c,0xef,0x7c,0xe7,0x3b,0xe7,0xfa,0xe6,
  0x7c,0xe7,0x81,0xbc,0xef,0x00,0x9c,0xe7,0x81,0x7c,0xe7,0x0b,0x3b,0xe7,0x1a,0xdf,
  0x3b,0xe7,0x5b,0xe7,0xb8,0xde,0x56,0xde,0x57,0xde,0x77,0xde,0xb8,0xe6,0xd8,0xde,
  0xb7,0xde,0x76,0xde,0x82,0x15,0xd6,0x00,0xd4,0xcd,0x82,0x92,0xcd,0x0e,0x31,0xc5,
  0x10,0xc5,0xf0,0xbc,0xcf,0xbc,0xae,0xbc,0x6d,0xb4,0x4d,0xb4,0x0c,0xb4,0xcb,0xab,
  0x8a,0xab,0x49,0xa3,0xe8,0xa2,0xe8,0x9a,0xc7,0x9a,0x66,0x92,0x81,0x45,0x92,0x01,
  0x25,0x8a,0xe4,0x89,0x81,0xc4,0x81,0x03,0xa3,0x81,0x83,0x79,0x63,0x79,0x42,0x79,
  0x81,0x22,0x71,0x81,0x22,0x71,0x01,0x42,0x71,0x63,0x79,0x82,0x83,0x79,0x00,0xa3,
  0x81,0x81,0xc4,0x81,0x19,0x05,0x8a,0x66,0x8a,0x66,0x92,0x46,0x92,0x87,0x92,0xa7,
  0x9a,0xc8,0x9a,0x29,0xa3,0x6a,0xab,0xaa,0xab,0x8a,0xab,0x89,0xb3,0xca,0xb3,0xeb,
  0xb3,0xaa,0xbb,0xeb,0xbb,0x8d,0xbc,0x8e,0xc4,0xf0,0xcc,0x52,0xcd,0x93,0xcd,0x92,
  0xcd,0x72,0xcd,0xd4,0xd5,0x35,0xde,0x56,0xde,0x81,0x77,0xde,0x0b,0x57,0xde,0x77,
  0xde,0xb8,0xde,0xd9,0xde,0xfa,0xe6,0x1a,0xe7,0x1a,0xdf,0x3b,0xe7,0xfa,0xe6,0x98,
  0xe6,0x37,0xe6,0x79,0xe6,0x81,0x9a,0xde,0x11,0x5d,0xef,0x7d,0xef,0x3c,0xe7,0x7a,
  0xd6,0x5d,0xe7,0x9e,0xef,0x7d,0xef,0x9d,0xe7,0x7d,0xdf,0x1c,0xdf,0x9a,0xce,0x5a,
  0xb6,0xf9,0x9d,0x14,0x85,0xef,0x73,0x6d,0x63,0xca,0x52,0x44,0x21,0xbb,0x00,0x00,
  0x0f,0xa1,0x10,0x0b,0x5b,0x53,0x95,0x37,0xae,0xba,0xc6,0xfb,0xd6,0x5c,0xdf,0x7d,
  0xe7,0x9d,0xe7,0xbd,0xe7,0xbd,0xef,0x5c,0xef,0x3c,0xef,0x1b,0xe7,0x3b,0xef,0x3b,
  0xe7,0x81,0xfa,0xe6,0x00,0x5b,0xe7,0x81,0x9c,0xef,0x00,0x7b,0xe7,0x82,0x7c,0xe7,
  0x05,0x5b,0xe7,0x3a,0xe7,0x3a,0xdf,0xd9,0xe6,0x97,0xe6,0xb8,0xe6,0x82,0xd8,0xe6,
  0x02,0xb7,0xde,0x76,0xe6,0x35,0xde,0x81,0xf4,0xd5,0x1a,0xd3,0xd5,0x92,0xcd,0x72,
  0xcd,0x92,0xcd,0x51,0xc5,0x10,0xc5,0x10,0xbd,0xef,0xbc,0xcf,0xbc,0x8e,0xb4,0x6d,
  0xb4,0x2c,0xb4,0xeb,0xab,0x8a,0xab,0x29,0xa3,0x49,0xa3,0x29,0x9b,0xc7,0x9a,0x86,
  0x9a,0x86,0x92,0x66,0x92,0x46,0x8a,0x25,0x8a,0x05,0x8a,0xc4,0x81,0xa4,0x81,0x83,
  0x79,0x81,0x63,0x79,0x01,0x42,0x71,0x22,0x71,0x81,0x22,0x71,0x08,0x42,0x71,0x63,
  0x79,0x83,0x79,0xa3,0x79,0xa3,0x81,0xa4,0x81,0xc4,0x81,0xe4,0x89,0x05,0x8a,0x81,
  0x66,0x92,0x03,0x46,0x92,0xa7,0x9a,0xc7,0x9a,0xe8,0x9a,0x81,0x08,0xa3,0x81,0x29,
  0xab,0x81,0x28,0xab,0x1b,0xaa,0xb3,0xcb,0xbb,0xab,0xbb,0xaa,0xbb,0x0c,0xc4,0xaf,
  0xc4,0x31,0xcd,0x71,0xcd,0x51,0xcd,0x92,0xd5,0xd4,0xd5,0x15,0xd6,0x56,0xd6,0x56,
  0xde,0x36,0xd6,0x56,0xde,0x77,0xde,0x98,0xde,0xb8,0xde,0xb9,0xde,0xf9,0xe6,0xd9,
  0xe6,0x98,0xde,0x16,0xde,0xf7,0xdd,0x17,0xde,0x79,0xe6,0x3c,0xe7,0x82,0x3c,0xef,
  0x02,0x79,0xe6,0x9a,0xe6,0x5d,0xe7,0x81,0x5c,0xe7,0x0a,0x1c,0xe7,0xfb,0xd6,0xbb,
  0xd6,0x7b,0xc6,0xf8,0xa5,0x55,0x8d,0x71,0x74,0x6d,0x63,0xca,0x5a,0xa5,0x31,0x20,
  0x00,0xbc,0x00,0x00,0x09,0x23,0x21,0xcc,0x63,0x74,0x9d,0xf7,0xb5,0x79,0xbe,0x3c,
  0xdf,0x9d,0xe7,0xbd,0xe7,0x7c,0xe7,0x5b,0xe7,0x81,0x7d,0xef,0x02,0x1b,0xe7,0xfb,
  0xe6,0xfa,0xe6,0x81,0x1b,0xe7,0x00,0x3b,0xe7,0x81,0x7c,0xe7,0x09,0x7b,0xe7,0x7b,
  0xdf,0x7b,0xe7,0x7c,0xef,0x5b,0xe7,0x1a,0xdf,0xf9,0xde,0xb8,0xde,0xb8,0xe6,0xb7,
  0xe6,0x81,0x97,0xe6,0x04,0x96,0xde,0x76,0xde,0x56,0xde,0x15,0xde,0xd3,0xd5,0x83,
  0x72,0xcd,0x03,0x10,0xc5,0xcf,0xbc,0xef,0xc4,0xcf,0xbc,0x81,0xae,0xbc,0x05,0x6d,
  0xb4,0x4c,0xb4,0x0c,0xb4,0xcb,0xab,0x8a,0xab,0x29,0xa3,0x81,0x28,0xa3,0x09,0xe7,
  0x9a,0xa7,0x9a,0xa6,0x92,0x66,0x92,0x46,0x92,0x25,0x8a,0x05,0x8a,0x05,0x82,0xc4,
  0x81,0x83,0x79,0x81,0x63,0x79,0x01,0x42,0x71,0x22,0x71,0x06,0x22,0x71,0x42,0x71,
  0x42,0x79,0x63,0x79,0x83,0x79,0xa4,0x79,0xa4,0x81,0x81,0xc4,0x81,0x04,0xe4,0x89,
  0x05,0x8a,0x45,0x92,0x66,0x92,0x46,0x92,0x81,0xa7,0x9a,0x08,0xe8,0x9a,0x08,0xa3,
  0xe8,0xa2,0xc8,0xa2,0xc7,0xa2,0x29,0xab,0x69,0xb3,0xcb,0xbb,0x0c,0xbc,0x81,0x8a,
  0xbb,0x06,0xaa,0xbb,0x2c,0xc4,0xae,0xc4,0xcf,0xcc,0x10,0xcd,0x72,0xcd,0xd3,0xd5,
  0x81,0xf4,0xd5,0x81,0xf5,0xd5,0x00,0x36,0xd6,0x81,0x56,0xde,0x1b,0x77,0xde,0x98,
  0xde,0x98,0xe6,0x78,0xe6,0x37,0xe6,0xb5,0xdd,0x37,0xe6,0x58,0xe6,0x59,0xe6,0x99,
  0xe6,0xba,0xe6,0x3c,0xef,0xda,0xe6,0x59,0xe6,0xfc,0xee,0x1c,0xe7,0x5c,0xe7,0x7c,
  0xe7,0x1c,0xdf,0xfb,0xd6,0xfb,0xce,0x39,0xb6,0x55,0x9d,0x92,0x84,0x8e,0x6b,0x0b,
  0x53,0x07,0x32,0x81,0x08,0xbd,0x00,0x00,0x06,0x20,0x00,0xa4,0x31,0xed,0x73,0x75,
  0x9d,0x59,0xbe,0xda,0xce,0xfa,0xde,0x81,0x3b,0xe7,0x05,0x5c,0xef,0x7c,0xef,0x5c,
  0xe7,0x3c,0xef,0xfb,0xe6,0xfa,0xe6,0x82,0x3b,0xe7,0x02,0x7c,0xe7,0x7c,0xef,0x7c,
  0xe7,0x81,0x5b,0xe7,0x04,0x7c,0xe7,0x7b,0xe7,0x1a,0xdf,0xd8,0xde,0xb8,0xe6,0x81,
  0xb7,0xe6,0x16,0xb8,0xe6,0x97,0xe6,0x98,0xe6,0xb8,0xe6,0x97,0xde,0x56,0xde,0x35,
  0xd6,0xd4,0xd5,0x52,0xcd,0x30,0xc5,0xcf,0xc4,0x6d,0xbc,0xae,0xbc,0xcf,0xbc,0xae,
  0xbc,0x8e,0xbc,0x6d,0xb4,0x2d,0xb4,0x2c,0xb4,0x0b,0xac,0xcb,0xab,0xaa,0xab,0x49,
  0xab,0x81,0x28,0xa3,0x09,0xc8,0x9a,0x86,0x9a,0x86,0x92,0x66,0x92,0x25,0x92,0x25,
  0x8a,0x05,0x8a,0xe4,0x81,0xc4,0x81,0x83,0x79,0x81,0x63,0x79,0x01,0x42,0x79,0x42,
  0x71,0x03,0x22,0x71,0x42,0x71,0x42,0x79,0x63,0x79,0x81,0x83,0x79,0x00,0xa4,0x81,
  0x81,0xe4,0x81,0x81,0x05,0x8a,0x07,0x25,0x92,0x66,0x92,0x46,0x92,0xa7,0x9a,0xc8,
  0x9a,0xe8,0x9a,0x08,0xa3,0xe8,0xa2,0x81,0xc7,0xa2,0x04,0x28,0xab,0x49,0xab,0x49,
  0xb3,0xab,0xbb,0xaa,0xbb,0x81,0x0b,0xbc,0x05,0x2c,0xc4,0x8e,0xc4,0x4e,0xc4,0x6e,
  0xc4,0x10,0xcd,0x93,0xd5,0x81,0xb3,0xd5,0x02,0xb4,0xd5,0xd5,0xd5,0x15,0xde,0x81,
  0x36,0xde,0x05,0x15,0xd6,0xf5,0xd5,0xf5,0xdd,0x57,0xe6,0xd5,0xdd,0x75,0xdd,0x81,
  0x58,0xe6,0x01,0x99,0xe6,0x1b,0xe7,0x81,0xfb,0xe6,0x0e,0x58,0xde,0xba,0xe6,0x7d,
  0xef,0x7c,0xef,0x3c,0xe7,0x1b,0xdf,0xfb,0xde,0xfb,0xd6,0xba,0xc6,0xd7,0xa5,0xf3,
  0x94,0x0f,0x74,0x2b,0x5b,0x27,0x42,0xc2,0x10,0xbf,0x00,0x00,0x0c,0x40,0x08,0x06,
  0x42,0x30,0x7c,0x75,0x9d,0x17,0xb6,0x38,0xc6,0xfa,0xde,0x5c,0xe7,0x3b,0xe7,0x1b,
  0xe7,0x5c,0xe7,0x9d,0xef,0x5c,0xef,0x81,0xfa,0xe6,0x01,0x1a,0xe7,0x3a,0xe7,0x82,
  0x5b,0xef,0x01,0x5c,0xef,0x5c,0xe7,0x81,0x7c,0xe7,0x00,0x5a,0xdf,0x83,0xf9,0xe6,
  0x01,0x1a,0xe7,0xf9,0xde,0x82,0xd8,0xde,0x1c,0xb7,0xde,0x77,0xd6,0x56,0xd6,0x93,
  0xcd,0xd0,0xc4,0x6e,0xc4,0x6e,0xbc,0x10,0xc5,0x31,0xc5,0xf0,0xbc,0xcf,0xbc,0xaf,
  0xbc,0x8e,0xbc,0x4d,0xb4,0x2d,0xb4,0x0c,0xb4,0xeb,0xab,0x8a,0xab,0x6a,0xa3,0x4a,
  0xa3,0x29,0xa3,0xe8,0x9a,0xa7,0x9a,0x87,0x92,0x66,0x92,0x46,0x8a,0x05,0x8a,0xe4,
  0x81,0xa3,0x81,0x82,0x63,0x79,0x01,0x42,0x79,0x42,0x71,0x09,0x22,0x71,0x42,0x71,
  0x42,0x79,0x62,0x79,0x63,0x79,0x83,0x79,0xc4,0x81,0xe5,0x81,0x05,0x82,0x05,0x8a,
  0x81,0x25,0x92,0x0f,0x45,0x92,0x66,0x92,0xa7,0x9a,0xe8,0x9a,0x09,0xa3,0xe8,0xa2,
  0xc7,0x9a,0xc7,0xa2,0x29,0xab,0x8a,0xab,0xab,0xb3,0x8a,0xb3,0x69,0xb3,0x8a,0xbb,
  0x2c,0xbc,0x6d,0xc4,0x81,0x2d,0xc4,0x06,0x4d,0xc4,0x8e,0xcc,0xaf,0xcc,0x52,0xd5,
  0x72,0xd5,0x10,0xd5,0x32,0xd5,0x81,0xb4,0xd5,0x81,0x93,0xd5,0x81,0xb4,0xd5,0x0f,
  0x33,0xd5,0xd5,0xdd,0xb5,0xdd,0xb6,0xdd,0xb9,0xe6,0xda,0xe6,0xfb,0xe6,0x1b,0xe7,
  0x5c,0xef,0xda,0xe6,0x79,0xde,0x1c,0xef,0x5c,0xef,0x5d,0xef,0x7d,0xe7,0x1b,0xdf,
  0x81,0xfb,0xd6,0x05,0x59,0xb6,0xd6,0x9d,0xb2,0x84,0xad,0x6b,0x2b,0x63,0x65,0x29,
  0xc1,0x00,0x00,0x11,0xa1,0x10,0x69,0x4a,0xef,0x7b,0x95,0xa5,0x79,0xbe,0xda,0xd6,
  0x1b,0xdf,0xfb,0xde,0xfb,0xe6,0x5c,0xe7,0x7c,0xef,0x3b,0xef,0xfa,0xee,0xd9,0xe6,
  0x3b,0xef,0x5b,0xef,0x1a,0xef,0x5b,0xef,0x81,0x5b,0xe7,0x00,0x7b,0xe7,0x81,0x5b,
  0xe7,0x13,0x3a,0xe7,0x3b,0xe7,0x1b,0xe7,0xf9,0xe6,0x19,0xe7,0x5a,0xe7,0x3a,0xdf,
  0xf9,0xde,0xf8,0xde,0xd8,0xde,0xb7,0xde,0x97,0xd6,0x36,0xde,0xb3,0xcd,0x51,0xc5,
  0x12,0xcd,0xd0,0xc4,0x11,0xc5,0x51,0xc5,0x31,0xc5,0x81,0xf0,0xbc,0x11,0xcf,0xbc,
  0x8e,0xb4,0x4d,0xb4,0x2c,0xb4,0xec,0xab,0xaa,0xab,0x8a,0xa3,0x6a,0xa3,0x49,0xa3,
  0x08,0x9b,0xc7,0x9a,0xa7,0x92,0x66,0x92,0x46,0x8a,0x25,0x8a,0xe5,0x89,0xa3,0x81,
  0x83,0x81,0x81,0x63,0x79,0x01,0x43,0x79,0x42,0x71,0x01,0x22,0x71,0x42,0x71,0x81,
  0x42,0x79,0x06,0x63,0x79,0xa3,0x81,0xe4,0x81,0xe5,0x81,0x25,0x8a,0x05,0x8a,0x25,
  0x8a,0x81,0x25,0x92,0x08,0x87,0x9a,0xc8,0x9a,0x08,0x9b,0x29,0xa3,0xe8,0x9a,0xe8,
  0xa2,0x49,0xab,0x69,0xab,0xab,0xb3,0x81,0xeb,0xb3,0x03,0xeb,0xbb,0x2c,0xbc,0x6d,
  0xbc,0xaf,0xc4,0x81,0xcf,0xc4,0x11,0xef,0xcc,0x31,0xd5,0xcf,0xcc,0x11,0xcd,0x31,
  0xcd,0x6e,0xcc,0x90,0xcc,0xd5,0xdd,0x93,0xd5,0xd1,0xcc,0xf1,0xcc,0xf5,0xdd,0x36,
  0xde,0x73,0xd5,0xb5,0xdd,0x38,0xde,0x78,0xe6,0x99,0xe6,0x81,0xba,0xe6,0x10,0xfb,
  0xe6,0x1b,0xef,0x9a,0xe6,0xda,0xe6,0x5c,0xef,0x5d,0xe7,0x5c,0xe7,0x7d,0xe7,0x3c,
  0xd7,0xfb,0xd6,0xb9,0xc6,0xf7,0xad,0x35,0x8d,0x0f,0x74,0x6c,0x73,0x68,0x4a,0x81,
  0x10,0xc2,0x00,0x00,0x08,0x03,0x21,0x0b,0x5b,0xb2,0x94,0xd7,0xb5,0x57,0xc6,0x99,
  0xd6,0xb9,0xd6,0xda,0xde,0x1b,0xe7,0x82,0x1a,0xe7,0x04,0x3b,0xef,0x3a,0xef,0x5b,
  0xef,0x5c,0xef,0x7c,0xef,0x82,0x7b,0xe7,0x0a,0x5b,0xe7,0x3b,0xe7,0x1b,0xe7,0xfa,
  0xde,0x1a,0xe7,0xf9,0xde,0x19,0xdf,0x5b,0xe7,0x3a,0xe7,0x19,0xe7,0xf9,0xde,0x81,
  0xd8,0xde,0x06,0x97,0xde,0x35,0xd6,0x92,0xd5,0x72,0xcd,0xb4,0xcd,0x11,0xc5,0xd0,
  0xc4,0x81,0x51,0xc5,0x13,0x10,0xc5,0xf0,0xbc,0xcf,0xbc,0xae,0xb4,0x6d,0xb4,0x2d,
  0xb4,0x0c,0xac,0xca,0xab,0x8a,0xa3,0x6a,0xa3,0x49,0xa3,0x08,0x9b,0xc7,0x9a,0xa7,
  0x92,0x66,0x92,0x46,0x92,0x25,0x8a,0xe4,0x81,0xa3,0x81,0x83,0x81,0x82,0x63,0x79,
  0x00,0x42,0x71,0x01,0x22,0x71,0x42,0x71,0x81,0x42,0x79,0x03,0x63,0x79,0xa4,0x81,
  0xe4,0x81,0x05,0x8a,0x81,0x25,0x8a,0x00,0x05,0x8a,0x81,0x25,0x92,0x02,0x87,0x92,
  0xc8,0x9a,0xe8,0x9a,0x81,0xe8,0xa2,0x00,0x29,0xa3,0x81,0x6a,0xab,0x2c,0x8a,0xab,
  0xaa,0xb3,0xca,0xb3,0x0b,0xbc,0x4c,0xbc,0x8e,0xbc,0xcf,0xc4,0x10,0xc5,0x51,0xc5,
  0x31,0xcd,0x51,0xcd,0x31,0xcd,0xcf,0xcc,0xd0,0xcc,0x53,0xd5,0x32,0xcd,0x52,0xd5,
  0x94,0xdd,0x16,0xde,0x36,0xd6,0xd4,0xdd,0x94,0xdd,0xf6,0xe5,0x58,0xe6,0x58,0xde,
  0xb9,0xe6,0xba,0xe6,0x9a,0xe6,0xba,0xe6,0xda,0xe6,0xba,0xe6,0x9a,0xe6,0x1b,0xef,
  0x5c,0xef,0x5c,0xe7,0x3c,0xe7,0x1b,0xdf,0xdb,0xd6,0xda,0xce,0x59,0xb6,0x96,0x9d,
  0xd3,0x84,0xcd,0x6b,0x2a,0x5b,0x44,0x29,0xc3,0x00,0x00,0x0a,0x40,0x08,0xc5,0x31,
  0x8e,0x73,0xf3,0x9c,0xb5,0xb5,0x37,0xc6,0x58,0xce,0xb8,0xd6,0xd9,0xde,0xda,0xde,
  0x1a,0xe7,0x81,0x7c,0xf7,0x03,0xfa,0xe6,0x5b,0xf7,0x7c,0xf7,0x5b,0xef,0x81,0x7c,
  0xef,0x09,0x5b,0xe7,0x5c,0xe7,0x7c,0xe7,0x5b,0xe7,0xfa,0xde,0xfa,0xe6,0x19,0xe7,
  0xd9,0xe6,0x1a,0xe7,0x3a,0xe7,0x81,0x19,0xe7,0x17,0xf8,0xe6,0xb8,0xe6,0x76,0xde,
  0x14,0xd6,0x52,0xcd,0x93,0xcd,0x15,0xd6,0x72,0xcd,0xcf,0xbc,0x31,0xc5,0x51,0xc5,
  0x30,0xc5,0xf0,0xbc,0xcf,0xbc,0xae,0xbc,0x6e,0xb4,0x4d,0xb4,0x0c,0xac,0xcb,0xab,
  0xab,0xab,0x6a,0xa3,0x49,0xa3,0x09,0x9b,0xc7,0x9a,0x81,0xa7,0x92,0x05,0x46,0x92,
  0x05,0x8a,0xe4,0x89,0xa4,0x81,0x83,0x81,0x83,0x79,0x81,0x63,0x79,0x00,0x42,0x71,
  0x02,0x22,0x71,0x42,0x71,0x42,0x79,0x81,0x63,0x79,0x02,0xa4,0x81,0xe4,0x81,0x05,
  0x8a,0x81,0x25,0x8a,0x04,0x05,0x8a,0x05,0x92,0x45,0x92,0x66,0x92,0x67,0x9a,0x81,
  0xa7,0x9a,0x15,0xe8,0xa2,0x08,0xa3,0x29,0xab,0x49,0xab,0x69,0xab,0xaa,0xb3,0x0b,
  0xb4,0x4c,0xbc,0x4d,0xbc,0x8e,0xbc,0xef,0xc4,0x10,0xc5,0x30,0xc5,0x10,0xc5,0x11,
  0xcd,0x73,0xcd,0x11,0xcd,0xf2,0xcc,0xf5,0xd5,0x93,0xd5,0xd1,0xcc,0xd5,0xd5,0x81,
  0x77,0xde,0x05,0x36,0xde,0x94,0xdd,0xd5,0xe5,0x37,0xe6,0x99,0xde,0xda,0xe6,0x81,
  0xba,0xe6,0x05,0xfb,0xe6,0xdb,0xde,0x79,0xde,0xba,0xe6,0x3c,0xef,0x5c,0xef,0x81,
  0x3c,0xe7,0x08,0xfb,0xde,0xba,0xce,0x79,0xbe,0xb7,0xa5,0xf4,0x8c,0x50,0x7c,0xed,
  0x73,0x67,0x42,0x81,0x08,0xc4,0x00,0x00,0x11,0xc2,0x18,0x88,0x4a,0x10,0x84,0x34,
  0xa5,0xb5,0xbd,0xf7,0xc5,0x17,0xce,0x98,0xde,0xda,0xde,0x3b,0xe7,0x7c,0xf7,0x5b,
  0xef,0x5c,0xef,0x1a,0xef,0x3a,0xf7,0x5b,0xef,0x5c,0xef,0x5b,0xef,0x82,0x5b,0xe7,
  0x00,0x5c,0xe7,0x84,0x1a,0xe7,0x00,0x3a,0xe7,0x82,0x19,0xe7,0x02,0x97,0xde,0x36,
  0xd6,0x15,0xd6,0x81,0x93,0xcd,0x18,0xf4,0xd5,0x93,0xcd,0xf0,0xbc,0xf0,0xc4,0x31,
  0xc5,0x30,0xc5,0x10,0xc5,0xcf,0xbc,0xaf,0xbc,0x6e,0xb4,0x4d,0xb4,0x0c,0xac,0xcb,
  0xab,0xab,0xab,0x8a,0xa3,0x49,0xa3,0x29,0x9b,0xa7,0x9a,0x66,0x92,0x87,0x92,0x25,
  0x92,0xe4,0x89,0xc4,0x89,0xa4,0x81,0x83,0x81,0x81,0x83,0x79,0x01,0x63,0x79,0x42,
  0x79,0x01,0x22,0x71,0x42,0x79,0x81,0x63,0x79,0x06,0x83,0x81,0xc4,0x81,0xe4,0x81,
  0x05,0x8a,0x25,0x8a,0x45,0x8a,0x45,0x92,0x82,0x25,0x92,0x03,0x46,0x9a,0xa7,0xa2,
  0xc7,0xa2,0x08,0xa3,0x81,0x49,0xab,0x03,0x6a,0xab,0xcb,0xb3,0x2c,0xb4,0x4d,0xb4,
  0x81,0x6d,0xbc,0x0d,0xae,0xbc,0xef,0xbc,0x10,0xc5,0xcf,0xbc,0x8f,0xbc,0x11,0xcd,
  0x93,0xcd,0xf4,0xd5,0x15,0xd6,0xf4,0xd5,0x15,0xd6,0x16,0xd6,0x78,0xde,0xb9,0xde,
  0x81,0xb8,0xde,0x0a,0x98,0xe6,0x16,0xde,0xd5,0xdd,0x58,0xe6,0x99,0xe6,0x99,0xde,
  0x99,0xe6,0xfb,0xe6,0xba,0xe6,0x79,0xe6,0x1b,0xef,0x81,0x5c,0xef,0x09,0x5c,0xe7,
  0x3c,0xe7,0x1b,0xdf,0xba,0xce,0x59,0xb6,0x76,0x9d,0x31,0x7c,0xae,0x6b,0x6c,0x63,
  0x84,0x29,0xc5,0x00,0x00,0x0a,0x61,0x08,0xc5,0x39,0xae,0x7b,0xb3,0x9c,0x75,0xad,
  0xb6,0xbd,0x75,0xc5,0x16,0xce,0xb9,0xde,0xb9,0xe6,0xfa,0xe6,0x81,0x3b,0xef,0x06,
  0x1a,0xef,0xfa,0xee,0x1a,0xef,0x7c,0xef,0x5c,0xe7,0x7c,0xef,0x5c,0xe7,0x81,0x3b,
  0xe7,0x01,0x3a,0xe7,0x3b,0xe7,0x81,0x1a,0xe7,0x0e,0x5b,0xe7,0x3a,0xdf,0x1a,0xe7,
  0x19,0xe7,0xd8,0xde,0xb7,0xe6,0x98,0xde,0x36,0xd6,0xd4,0xd5,0x93,0xcd,0x92,0xcd,
  0x72,0xcd,0x31,0xc5,0x11,0xc5,0xef,0xbc,0x81,0x10,0xc5,0x04,0xef,0xbc,0xaf,0xbc,
  0x6e,0xb4,0x4d,0xb4,0xec,0xab,0x81,0xcb,0xab,0x03,0x8a,0xa3,0x69,0xa3,0x29,0x9b,
  0xa7,0x9a,0x81,0x25,0x92,0x03,0x05,0x8a,0xe4,0x89,0xc4,0x89,0xa3,0x81,0x81,0x83,
  0x81,0x00,0x83,0x79,0x81,0x63,0x79,0x01,0x22,0x71,0x42,0x79,0x81,0x63,0x79,0x04,
  0x83,0x79,0xc4,0x81,0x04,0x8a,0x05,0x8a,0x25,0x8a,0x81,0x46,0x92,0x02,0x45,0x92,
  0x25,0x92,0x46,0x92,0x81,0xa7,0x9a,0x03,0xe8,0xa2,0x6a,0xab,0xcb,0xab,0xec,0xab,
  0x81,0xcb,0xab,0x0a,0x2c,0xb4,0x6d,0xb4,0x6e,0xbc,0x6d,0xbc,0x8e,0xbc,0xcf,0xbc,
  0xf0,0xc4,0xaf,0xbc,0xd0,0xc4,0x72,0xcd,0xd4,0xcd,0x82,0x15,0xd6,0x0f,0x77,0xde,
  0xb8,0xde,0xb9,0xde,0xd9,0xde,0xb8,0xde,0xb9,0xe6,0xb9,0xde,0xb9,0xe6,0x16,0xde,
  0xf7,0xdd,0x99,0xe6,0x79,0xde,0x59,0xde,0x99,0xe6,0x58,0xe6,0xba,0xee,0x81,0x5c,
  0xef,0x0a,0x7d,0xef,0x7d,0xe7,0x3c,0xe7,0xfb,0xde,0xba,0xce,0xf8,0xb5,0xd3,0x8c,
  0xcf,0x6b,0x4d,0x63,0x07,0x42,0x81,0x08,0xc6,0x00,0x00,0x0f,0x23,0x21,0xea,0x5a,
  0x30,0x84,0x55,0xa5,0x75,0xb5,0x33,0xbd,0xd5,0xcd,0x37,0xd6,0x57,0xde,0xd9,0xe6,
  0xfa,0xe6,0x3b,0xef,0x7c,0xef,0x5c,0xef,0x1b,0xef,0x7c,0xef,0x81,0x7c,0xe7,0x0a,
  0x7d,0xef,0x5c,0xef,0x5b,0xe7,0x1b,0xdf,0x3b,0xe7,0x3a,0xe7,0x1a,0xdf,0x5b,0xe7,
  0x3a,0xe7,0x1a,0xe7,0xf9,0xe6,0x81,0xb7,0xde,0x0f,0xd8,0xde,0x56,0xd6,0xd4,0xd5,
  0x71,0xcd,0x30,0xc5,0x72,0xcd,0x93,0xcd,0x52,0xc5,0xd0,0xbc,0xd0,0xc4,0xf0,0xc4,
  0xef,0xbc,0xaf,0xbc,0x6e,0xb4,0x4d,0xb4,0x0c,0xac,0x81,0xcb,0xab,0x04,0x8a,0xa3,
  0x49,0xa3,0x08,0x9b,0x66,0x9a,0x05,0x92,0x81,0xe5,0x91,0x02,0xe5,0x89,0xc4,0x89,
  0xc4,0x81,0x81,0xa4,0x81,0x02,0xa4,0x79,0x83,0x79,0x63,0x79,0x00,0x42,0x71,0x82,
  0x63,0x79,0x01,0x83,0x79,0xc4,0x81,0x81,0x04,0x8a,0x00,0x05,0x8a,0x83,0x66,0x92,
  0x07,0xa7,0x9a,0xc8,0x9a,0xa7,0x9a,0x29,0xa3,0xcb,0xab,0xec,0xab,0x0c,0xac,0x0c,
  0xb4,0x81,0xcb,0xab,0x0d,0x2d,0xbc,0x4d,0xbc,0x2c,0xbc,0x4d,0xbc,0x6e,0xbc,0x8e,
  0xbc,0xf0,0xc4,0x31,0xc5,0x52,0xc5,0xb4,0xcd,0x36,0xd6,0x15,0xd6,0x36,0xd6,0x97,
  0xde,0x83,0xb8,0xde,0x81,0xd9,0xe6,0x14,0xb9,0xde,0x37,0xde,0x38,0xe6,0x99,0xe6,
  0xba,0xe6,0x59,0xde,0x18,0xe6,0xba,0xe6,0x3c,0xef,0x5c,0xef,0x3c,0xef,0x5c,0xef,
  0x3c,0xe7,0x1b,0xdf,0xdb,0xd6,0x79,0xc6,0x96,0xad,0x72,0x8c,0x8e,0x6b,0x2b,0x5b,
  0x64,0x29,0xc7,0x00,0x00,0x0c,0x81,0x10,0xe6,0x31,0x8e,0x63,0x14,0x9d,0xb6,0xbd,
  0x54,0xbd,0xd5,0xcd,0xf6,0xcd,0x57,0xde,0xb9,0xe6,0xfa,0xe6,0x1b,0xef,0x3b,0xef,
  0x81,0x5c,0xef,0x01,0x7d,0xef,0x7c,0xe7,0x81,0x3b,0xe7,0x02,0x5c,0xe7,0x7c,0xe7,
  0x1b,0xdf,0x81,0x1a,0xe7,0x10,0xfa,0xde,0x3a,0xe7,0x5a,0xe7,0x19,0xdf,0xd8,0xde,
  0xd9,0xde,0xd8,0xde,0xb7,0xde,0x15,0xd6,0xb3,0xcd,0x72,0xcd,0x93,0xcd,0xd4,0xcd,
  0xb3,0xcd,0x72,0xc5,0x10,0xc5,0xaf,0xbc,0x81,0xcf,0xbc,0x09,0xae,0xbc,0x8e,0xb4,
  0x4d,0xb4,0x0c,0xac,0xcb,0xab,0xab,0xab,0x49,0xa3,0xe7,0xa2,0xa7,0xa2,0x46,0x9a,
  0x81,0x25,0x92,0x03,0x05,0x92,0x05,0x8a,0xe5,0x89,0xe4,0x89,0x81,0xc4,0x81,0x02,
  0xa4,0x79,0x83,0x79,0x63,0x79,0x00,0x42,0x71,0x82,0x63,0x79,0x06,0x83,0x79,0xc4,
  0x81,0x04,0x82,0x04,0x8a,0x25,0x8a,0x46,0x8a,0x87,0x92,0x81,0xa7,0x92,0x0c,0xc8,
  0x9a,0xe8,0xa2,0xc8,0x9a,0x6a,0xa3,0xcb,0xab,0xec,0xab,0x0c,0xac,0x0c,0xb4,0xeb,
  0xab,0xcb,0xb3,0x2d,0xb4,0x0c,0xb4,0xec,0xb3,0x81,0x0c,0xbc,0x07,0x4e,0xbc,0xaf,
  0xbc,0x10,0xc5,0x72,0xcd,0xd4,0xcd,0x15,0xd6,0xf5,0xcd,0x36,0xd6,0x81,0x77,0xd6,
  0x00,0x98,0xde,0x82,0xb9,0xde,0x09,0xda,0xe6,0xfa,0xe6,0x78,0xde,0x38,0xde,0x99,
  0xe6,0xba,0xe6,0x9a,0xe6,0x59,0xe6,0x3c,0xef,0x5c,0xef,0x81,0x5d,0xef,0x09,0x5d,
  0xe7,0x3c,0xe7,0xfb,0xde,0xdb,0xce,0x59,0xb6,0x76,0x9d,0x52,0x84,0x8e,0x63,0x48,
  0x3a,0xa2,0x10,0xc7,0x00,0x00,0x09,0x20,0x00,0x03,0x21,0xeb,0x52,0xb3,0x8c,0xb6,
  0xb5,0x95,0xbd,0x94,0xbd,0xd5,0xcd,0x37,0xd6,0x78,0xde,0x82,0xda,0xe6,0x00,0x1b,
  0xef,0x82,0x5c,0xef,0x10,0x3b,0xe7,0xfa,0xde,0x1a,0xe7,0x3b,0xe7,0xfa,0xde,0xfa,
  0xe6,0x1b,0xe7,0xfa,0xde,0xd9,0xe6,0x1a,0xe7,0xf8,0xde,0xd8,0xde,0xf9,0xde,0xd8,
  0xde,0x97,0xd6,0x15,0xd6,0xd4,0xd5,0x81,0xf5,0xd5,0x05,0xf4,0xcd,0xb3,0xcd,0x72,
  0xc5,0x51,0xc5,0xaf,0xbc,0x6e,0xbc,0x81,0xae,0xbc,0x07,0x6d,0xb4,0x2c,0xb4,0xaa,
  0xab,0x69,0xab,0x49,0xab,0xe8,0xaa,0xc7,0xa2,0xc8,0xa2,0x81,0x66,0x9a,0x01,0x87,
  0x92,0x25,0x92,0x81,0x05,0x8a,0x05,0xe4,0x89,0xe4,0x81,0xc4,0x81,0xa4,0x79,0x83,
  0x79,0x63,0x79,0x00,0x42,0x71,0x81,0x63,0x79,0x10,0x83,0x79,0x83,0x81,0xc4,0x81,
  0x05,0x8a,0x04,0x8a,0x25,0x8a,0x66,0x92,0xa7,0x92,0xe8,0x9a,0xc7,0x9a,0xc8,0x9a,
  0xe8,0xa2,0x29,0xa3,0x6a,0xa3,0xcb,0xab,0xec,0xab,0x0c,0xac,0x82,0xec,0xb3,0x04,
  0x2d,0xb4,0x0c,0xb4,0xab,0xb3,0x0c,0xbc,0xaf,0xbc,0x81,0xd0,0xc4,0x01,0x11,0xc5,
  0xb3,0xcd,0x81,0xf4,0xcd,0x07,0x15,0xd6,0x77,0xd6,0x97,0xde,0x77,0xd6,0x78,0xd6,
  0xb9,0xde,0xd9,0xde,0xb9,0xde,0x81,0xd9,0xe6,0x07,0x58,0xde,0x17,0xde,0x99,0xe6,
  0xfb,0xee,0x3c,0xef,0xba,0xe6,0xfb,0xee,0x9d,0xf7,0x82,0x7d,0xef,0x08,0x7d,0xe7,
  0x1c,0xd7,0xba,0xc6,0x59,0xb6,0x55,0x95,0x30,0x7c,0x4c,0x53,0x85,0x29,0x20,0x08,
  0xc8,0x00,0x00,0x03,0xc2,0x18,0x88,0x4a,0xef,0x73,0x35,0xa5,0x81,0xb6,0xbd,0x0f,
  0xd6,0xcd,0x16,0xd6,0x78,0xde,0x99,0xe6,0xfa,0xe6,0x1b,0xef,0xfa,0xee,0x1b,0xef,
  0x7c,0xef,0x3b,0xe7,0x1b,0xe7,0x1a,0xdf,0xfa,0xe6,0xda,0xde,0x98,0xde,0xd9,0xde,
  0x81,0xf9,0xde,0x03,0xb8,0xde,0xb9,0xe6,0xb8,0xde,0x97,0xd6,0x81,0xd9,0xde,0x03,
  0x97,0xde,0x15,0xd6,0xf5,0xd5,0xf5,0xcd,0x81,0xf4,0xcd,0x04,0xb3,0xcd,0x72,0xc5,
  0x71,0xc5,0xf0,0xc4,0x4d,0xbc,0x82,0x0c,0xb4,0x00,0xca,0xb3,0x81,0x28,0xab,0x01,
  0x09,0xab,0x08,0xa3,0x81,0x29,0xa3,0x03,0xa7,0x9a,0x87,0x9a,0xa7,0x92,0x46,0x92,
  0x82,0x05,0x8a,0x04,0xe4,0x81,0xc4,0x81,0xa4,0x79,0x83,0x79,0x63,0x79,0x00,0x42,
  0x71,0x81,0x63,0x79,0x02,0x83,0x79,0xa3,0x81,0xc4,0x81,0x81,0x05,0x8a,0x02,0x25,
  0x8a,0x87,0x92,0xa7,0x92,0x81,0xe8,0x9a,0x08,0xa7,0x9a,0xe7,0x9a,0x49,0xa3,0x8a,
  0xa3,0xab,0xab,0xeb,0xab,0xec,0xab,0x0c,0xb4,0xec,0xab,0x81,0xec,0xb3,0x81,0xcb,
  0xb3,0x05,0x2d,0xbc,0xf0,0xbc,0x10,0xc5,0x31,0xc5,0x72,0xc5,0x93,0xc5,0x81,0xd4,
  0xcd,0x03,0x15,0xce,0x76,0xd6,0x77,0xd6,0x57,0xd6,0x82,0x77,0xd6,0x15,0x98,0xde,
  0xb8,0xde,0x98,0xde,0x79,0xde,0x79,0xe6,0xdb,0xe6,0x3c,0xef,0x7d,0xf7,0x1b,0xef,
  0x59,0xde,0x5d,0xef,0x9e,0xef,0x9d,0xef,0x7d,0xef,0x7c,0xe7,0x5c,0xdf,0xba,0xc6,
  0xd7,0xad,0xd3,0x8c,0xf0,0x73,0xea,0x52,0x03,0x21,0xc9,0x00,0x00,0x16,0xa2,0x10,
  0x07,0x3a,0x6d,0x6b,0x14,0x9d,0xb6,0xb5,0x55,0xb5,0x95,0xc5,0x37,0xd6,0x58,0xd6,
  0x58,0xde,0xda,0xe6,0x3c,0xef,0xfb,0xe6,0xfa,0xe6,0x3b,0xef,0x1a,0xe7,0x1b,0xe7,
  0x3b,0xe7,0xfa,0xde,0xda,0xe6,0xfa,0xde,0xd9,0xde,0xf9,0xde,0x81,0xfa,0xde,0x01,
  0xb9,0xde,0x98,0xde,0x81,0x97,0xd6,0x81,0xb8,0xde,0x0b,0x35,0xd6,0xf5,0xcd,0xf5,
  0xd5,0xd3,0xcd,0xb3,0xcd,0x92,0xcd,0x51,0xc5,0x10,0xc5,0xae,0xbc,0x4d,0xbc,0x0c,
  0xbc,0x8a,0xb3,0x81,0x6a,0xb3,0x82,0x6a,0xab,0x81,0x6a,0xa3,0x01,0x28,0xa3,0x87,
  0x9a,0x81,0xa7,0x9a,0x03,0x46,0x92,0x05,0x92,0x25,0x8a,0x05,0x8a,0x81,0xe4,0x81,
  0x02,0xc4,0x81,0xa3,0x79,0x83,0x79,0x00,0x42,0x71,0x81,0x63,0x79,0x20,0x83,0x79,
  0xa3,0x81,0xc4,0x81,0x05,0x8a,0x04,0x8a,0x25,0x8a,0x87,0x92,0xa7,0x92,0xc7,0x9a,
  0x08,0x9b,0xa7,0x9a,0xc7,0x9a,0x29,0xa3,0x6a,0xab,0x8b,0xab,0xab,0xab,0xeb,0xab,
  0xec,0xab,0xcb,0xab,0x0c,0xb4,0xeb,0xb3,0xcb,0xb3,0x0d,0xb4,0xaf,0xbc,0xf0,0xc4,
  0x31,0xc5,0x72,0xc5,0x73,0xc5,0xb4,0xcd,0xf4,0xcd,0x15,0xce,0x56,0xd6,0x77,0xd6,
  0x81,0x97,0xd6,0x00,0x77,0xd6,0x82,0x57,0xd6,0x14,0x56,0xd6,0x78,0xde,0xfb,0xe6,
  0x1b,0xef,0xfb,0xe6,0x3c,0xef,0x7d,0xf7,0x5d,0xef,0x9a,0xde,0xbb,0xde,0xbe,0xf7,
  0x9d,0xf7,0x7d,0xef,0x5c,0xdf,0x3c,0xd7,0x99,0xc6,0x96,0xa5,0xb4,0x84,0xd0,0x73,
  0xa9,0x4a,0xc2,0x10,0xc9,0x00,0x00,0x2d,0x61,0x08,0x85,0x29,0xea,0x52,0xb2,0x8c,
  0x55,0xad,0x13,0xb5,0xb5,0xbd,0xf6,0xcd,0xd6,0xcd,0xf7,0xd5,0x78,0xde,0xfa,0xe6,
  0x1a,0xe7,0xd9,0xe6,0xf9,0xe6,0x1a,0xe7,0x1b,0xe7,0x3b,0xe7,0xfa,0xde,0xfa,0xe6,
  0x1b,0xe7,0xb9,0xde,0x98,0xde,0xfa,0xde,0x1a,0xdf,0xd9,0xde,0x97,0xd6,0x36,0xd6,
  0x56,0xd6,0xb8,0xde,0x97,0xde,0x35,0xd6,0xb3,0xcd,0xd4,0xcd,0x92,0xcd,0x71,0xc5,
  0x52,0xcd,0x10,0xc5,0xae,0xbc,0x6d,0xbc,0x4d,0xb4,0x4d,0xbc,0x2d,0xb4,0x8b,0xb3,
  0xaa,0xb3,0xeb,0xab,0x81,0xcb,0xab,0x03,0x8a,0xa3,0x6a,0xa3,0x28,0xa3,0xa7,0x9a,
  0x81,0x66,0x9a,0x08,0x46,0x92,0x26,0x92,0x25,0x8a,0x05,0x8a,0x05,0x82,0xe4,0x81,
  0xc4,0x81,0xa4,0x79,0x83,0x79,0x05,0x42,0x71,0x42,0x79,0x63,0x79,0x83,0x79,0xa3,
  0x81,0xc4,0x81,0x81,0x04,0x8a,0x08,0x25,0x8a,0x87,0x92,0xc7,0x92,0xc7,0x9a,0xe8,
  0x9a,0xc7,0x9a,0xe8,0x9a,0x49,0xa3,0x8a,0xab,0x81,0xab,0xab,0x82,0xcb,0xab,0x00,
  0xcc,0xb3,0x82,0x0c,0xb4,0x0a,0xcf,0xbc,0x10,0xc5,0x31,0xc5,0x72,0xc5,0xb3,0xc5,
  0xd3,0xcd,0xb2,0xcd,0x92,0xc5,0xb3,0xcd,0xf4,0xcd,0x35,0xce,0x83,0x77,0xd6,0x81,
  0x98,0xde,0x13,0x98,0xe6,0xda,0xee,0x1b,0xef,0x1c,0xef,0x3c,0xef,0x5d,0xef,0x7d,
  0xf7,0xbe,0xf7,0x1c,0xe7,0x5d,0xef,0xde,0xf7,0x7d,0xe7,0x3c,0xdf,0x1c,0xd7,0x59,
  0xbe,0x76,0x9d,0x93,0x8c,0x8e,0x73,0x07,0x3a,0x61,0x08,0xca,0x00,0x00,0x0b,0x44,
  0x21,0x88,0x42,0xae,0x73,0xb2,0x9c,0x33,0xad,0xd5,0xbd,0x16,0xce,0x36,0xd6,0x37,
  0xde,0x78,0xde,0xda,0xe6,0x1b,0xe7,0x81,0xfa,0xe6,0x0b,0xfb,0xee,0xda,0xe6,0xfb,
  0xe6,0x3c,0xe7,0x1b,0xdf,0x1b,0xe7,0xda,0xde,0x57,0xde,0xb9,0xde,0xfa,0xde,0xf9,
  0xde,0xd9,0xde,0x81,0x57,0xd6,0x0e,0x97,0xde,0x76,0xde,0xf4,0xd5,0x92,0xcd,0xd4,
  0xcd,0xb3,0xcd,0x72,0xc5,0x72,0xcd,0x51,0xc5,0x8e,0xbc,0xaf,0xc4,0xcf,0xbc,0x8e,
  0xbc,0x4d,0xb4,0x0c,0xb4,0x81,0xec,0xb3,0x06,0xec,0xab,0xcb,0xab,0x8a,0xa3,0x6a,
  0xa3,0x49,0xa3,0xc7,0x9a,0x46,0x9a,0x82,0x46,0x92,0x81,0x25,0x8a,0x04,0x05,0x82,
  0xe4,0x81,0xa4,0x81,0xa4,0x79,0x83,0x79,0x0a,0x22,0x71,0x42,0x79,0x63,0x79,0x83,
  0x79,0xa3,0x81,0xe4,0x81,0x05,0x8a,0x04,0x8a,0x25,0x8a,0x86,0x92,0xc7,0x92,0x81,
  0x08,0x9b,0x03,0xc7,0x9a,0xe8,0x9a,0x49,0xa3,0x8a,0xab,0x81,0xcb,0xab,0x03,0xab,
  0xab,0xcb,0xab,0xcb,0xb3,0xec,0xb3,0x81,0x4d,0xb4,0x03,0x4d,0xbc,0xaf,0xbc,0x31,
  0xbd,0x31,0xc5,0x81,0x51,0xc5,0x0a,0x30,0xc5,0x52,0xcd,0x93,0xcd,0x72,0xcd,0x93,
  0xcd,0xb4,0xcd,0xd4,0xcd,0x36,0xd6,0x77,0xd6,0x98,0xde,0xda,0xde,0x81,0x3b,0xe7,
  0x11,0x3b,0xef,0x3c,0xef,0x5d,0xef,0x7d,0xf7,0x7d,0xef,0x9d,0xf7,0xde,0xf7,0x9d,
  0xef,0xdb,0xe6,0xfc,0xe6,0x7d,0xe7,0x1b,0xdf,0xdb,0xce,0x39,0xb6,0x34,0x95,0x10,
  0x7c,0x0c,0x63,0x65,0x29,0xcb,0x00,0x00,0x0c,0x23,0x21,0x68,0x4a,0x4d,0x6b,0xb2,
  0x9c,0x74,0xad,0x74,0xb5,0x16,0xc6,0x56,0xce,0x77,0xd6,0xb9,0xde,0x1b,0xe7,0x5c,
  0xef,0x1b,0xe7,0x81,0xfa,0xe6,0x09,0xda,0xe6,0xfa,0xe6,0x3c,0xe7,0x1b,0xdf,0xfb,
  0xe6,0x1b,0xe7,0x98,0xde,0xd9,0xde,0x1a,0xdf,0xb9,0xde,0x81,0xd9,0xde,0x04,0x98,
  0xde,0x77,0xd6,0x56,0xd6,0x15,0xd6,0xb3,0xcd,0x81,0xf5,0xd5,0x07,0xd4,0xcd,0x92,
  0xcd,0x72,0xc5,0xcf,0xc4,0x8e,0xc4,0xcf,0xc4,0x6e,0xbc,0x2c,0xb4,0x81,0x2d,0xb4,
  0x0a,0x0c,0xb4,0x0c,0xac,0xcb,0xab,0xaa,0xab,0x6a,0xa3,0x49,0xa3,0xc8,0x9a,0x46,
  0x9a,0x26,0x92,0x46,0x92,0x45,0x92,0x81,0x25,0x8a,0x00,0x05,0x82,0x81,0xc4,0x81,
  0x01,0xa4,0x79,0x83,0x79,0x81,0x42,0x71,0x03,0x62,0x79,0x83,0x79,0xa3,0x81,0xc4,
  0x81,0x81,0xe4,0x89,0x09,0x25,0x92,0x86,0x92,0xc7,0x9a,0x08,0x9b,0xe7,0x9a,0x86,
  0x92,0xc7,0x9a,0x28,0xa3,0x29,0xa3,0x8a,0xab,0x81,0xab,0xab,0x01,0xcb,0xab,0x0c,
  0xb4,0x81,0x4d,0xb4,0x11,0x6d,0xb4,0xaf,0xbc,0xcf,0xbc,0x10,0xc5,0x31,0xc5,0x10,
  0xc5,0x31,0xc5,0x93,0xcd,0x15,0xce,0x56,0xd6,0x77,0xd6,0x56,0xd6,0x97,0xd6,0xb9,
  0xd6,0xd9,0xd6,0xfa,0xde,0x1b,0xe7,0x5b,0xdf,0x81,0x5c,0xe7,0x81,0x7d,0xef,0x00,
  0x9d,0xef,0x81,0xbe,0xf7,0x0c,0x9e,0xef,0x7d,0xf7,0x7d,0xef,0xda,0xe6,0x79,0xde,
  0xba,0xde,0x7a,0xd6,0x39,0xc6,0x38,0xae,0x55,0x8d,0xef,0x73,0x48,0x42,0xc3,0x18,
  0xcb,0x00,0x00,0x18,0xc2,0x18,0x07,0x42,0x4c,0x63,0xf4,0x94,0x95,0xad,0x95,0xb5,
  0x16,0xc6,0x77,0xce,0x98,0xd6,0xd9,0xde,0x1b,0xe7,0x5c,0xe7,0x7c,0xef,0x3c,0xef,
  0xfb,0xe6,0x99,0xe6,0x58,0xde,0xd9,0xde,0xda,0xde,0x99,0xde,0xfa,0xe6,0xda,0xe6,
  0xb9,0xde,0x1a,0xe7,0xd9,0xde,0x82,0xb8,0xd6,0x81,0xb7,0xd6,0x08,0x36,0xd6,0x93,
  0xcd,0xf5,0xd5,0x15,0xd6,0xd3,0xcd,0x92,0xcd,0x72,0xcd,0x51,0xc5,0xae,0xbc,0x81,
  0x4d,0xbc,0x81,0x6e,0xb4,0x08,0x4d,0xb4,0x2c,0xb4,0xeb,0xab,0xcb,0xab,0x8a,0xa3,
  0x6a,0xa3,0x49,0xa3,0xc7,0x9a,0x26,0x9a,0x81,0x46,0x92,0x07,0x25,0x92,0x46,0x8a,
  0x25,0x8a,0x05,0x82,0xe4,0x81,0xc4,0x81,0xa3,0x79,0x83,0x79,0x00,0x42,0x71,0x81,
  0x42,0x79,0x06,0x83,0x79,0xa4,0x81,0xc4,0x81,0xe4,0x81,0xe4,0x89,0x25,0x92,0x66,
  0x92,0x81,0xc7,0x9a,0x06,0x86,0x92,0xa7,0x92,0x08,0xa3,0x69,0xa3,0x49,0xab,0x29,
  0xa3,0x8a,0xab,0x81,0xec,0xb3,0x0c,0x2c,0xb4,0x2d,0xb4,0x4d,0xb4,0x8e,0xbc,0xcf,
  0xbc,0xd0,0xbc,0xaf,0xbc,0x10,0xc5,0x52,0xc5,0xb3,0xcd,0xd4,0xcd,0xf4,0xcd,0x36,
  0xd6,0x81,0x56,0xd6,0x06,0x77,0xd6,0xd9,0xde,0x1a,0xd7,0x1a,0xdf,0x3b,0xe7,0x5c,
  0xe7,0x7c,0xe7,0x81,0x9d,0xef,0x82,0xbe,0xef,0x0d,0xbe,0xf7,0xde,0xf7,0x9d,0xf7,
  0x5d,0xef,0x1c,0xe7,0xfb,0xde,0xba,0xd6,0x79,0xce,0x18,0xc6,0xb7,0xad,0x34,0x8d,
  0xae,0x63,0xe7,0x39,0xc2,0x10,0xcb,0x00,0x00,0x13,0xa1,0x10,0x27,0x3a,0x4c,0x63,
  0xb3,0x8c,0x76,0xad,0xd6,0xb5,0x37,0xc6,0xb9,0xd6,0xda,0xde,0xb9,0xde,0x1a,0xdf,
  0x1b,0xe7,0x3c,0xe7,0x3c,0xef,0xfb,0xe6,0xda,0xe6,0x99,0xe6,0x58,0xde,0x79,0xde,
  0x99,0xde,0x81,0x98,0xde,0x04,0x78,0xde,0xd9,0xe6,0xd9,0xde,0xb8,0xd6,0xb8,0xde,
  0x81,0xd8,0xde,0x0c,0xd8,0xd6,0x97,0xd6,0xd4,0xcd,0xb4,0xd5,0xf5,0xd5,0x93,0xcd,
  0x92,0xcd,0x72,0xcd,0x31,0xc5,0x8e,0xbc,0x0c,0xb4,0x8e,0xbc,0x8e,0xb4,0x81,0x4d,
  0xb4,0x02,0x0c,0xb4,0xeb,0xab,0xcb,0xab,0x81,0x8a,0xa3,0x08,0x49,0xa3,0x87,0x9a,
  0x26,0x9a,0x67,0x9a,0x26,0x92,0x45,0x92,0x66,0x8a,0x45,0x8a,0x05,0x82,0x81,0xc4,
  0x81,0x01,0x83,0x79,0x63,0x79,0x00,0x42,0x71,0x81,0x42,0x79,0x00,0x83,0x79,0x81,
  0xc4,0x81,0x00,0xe4,0x81,0x81,0xe4,0x89,0x22,0x25,0x92,0x45,0x92,0x66,0x92,0xa7,
  0x9a,0x08,0x9b,0x49,0xa3,0x8a,0xa3,0x8a,0xab,0x49,0xa3,0x4a,0xab,0x8b,0xb3,0xab,
  0xab,0xec,0xb3,0x0c,0xb4,0x6d,0xbc,0x6e,0xbc,0xaf,0xbc,0xd0,0xbc,0xaf,0xbc,0x11,
  0xc5,0x93,0xc5,0x93,0xcd,0xb3,0xcd,0xf4,0xcd,0x36,0xd6,0x98,0xde,0xb9,0xde,0xb8,
  0xd6,0xd9,0xde,0x1a,0xdf,0x3b,0xdf,0x5c,0xdf,0x7c,0xe7,0x9d,0xe7,0xbd,0xef,0x83,
  0xbe,0xef,0x81,0x9d,0xef,0x0b,0x7d,0xef,0x5d,0xef,0x5d,0xe7,0x1b,0xdf,0xba,0xd6,
  0x79,0xc6,0x38,0xbe,0xb7,0xad,0xf4,0x94,0x6d,0x5b,0xe6,0x31,0xa2,0x10,0xcb,0x00,
  0x00,0x08,0x61,0x08,0x06,0x3a,0x0a,0x53,0x72,0x7c,0x96,0xa5,0xf7,0xbd,0x58,0xc6,
  0xba,0xd6,0xfb,0xde,0x81,0xda,0xde,0x81,0x1b,0xdf,0x08,0x1b,0xe7,0xba,0xe6,0x99,
  0xe6,0x1b,0xe7,0x99,0xe6,0xb9,0xe6,0xda,0xe6,0xb9,0xde,0x99,0xde,0x81,0x57,0xde,
  0x02,0x56,0xde,0x97,0xd6,0xb9,0xde,0x81,0xd9,0xde,0x08,0xb8,0xd6,0x97,0xd6,0x15,
  0xd6,0x93,0xcd,0x73,0xcd,0x31,0xc5,0x51,0xc5,0xef,0xc4,0xae,0xc4,0x81,0x4d,0xbc,
  0x15,0x8f,0xbc,0xae,0xbc,0x6d,0xb4,0x4d,0xb4,0x2c,0xb4,0x0c,0xac,0xcb,0xab,0xaa,
  0xa3,0x8a,0xa3,0x08,0xa3,0x66,0x9a,0x26,0x9a,0x46,0x9a,0x26,0x92,0x46,0x92,0x66,
  0x8a,0x25,0x8a,0xc4,0x81,0xa3,0x81,0xa4,0x81,0xa3,0x79,0x83,0x79,0x03,0x42,0x71,
  0x63,0x79,0x42,0x79,0x63,0x79,0x81,0xc4,0x81,0x81,0xe4,0x89,0x00,0xc4,0x89,0x81,
  0xe4,0x89,0x0e,0x45,0x92,0xc7,0x9a,0x29,0xa3,0x49,0xa3,0xaa,0xab,0xcb,0xab,0x8b,
  0xab,0x6a,0xab,0x8a,0xab,0x8b,0xab,0xec,0xb3,0x4d,0xb4,0xaf,0xbc,0x6e,0xbc,0x4d,
  0xbc,0x81,0xaf,0xbc,0x07,0x31,0xc5,0x72,0xcd,0x51,0xc5,0x93,0xcd,0x15,0xce,0x36,
  0xd6,0x98,0xd6,0xd9,0xde,0x82,0x1a,0xdf,0x03,0x3b,0xdf,0x5c,0xdf,0x9d,0xe7,0xbd,
  0xef,0x81,0xbe,0xef,0x81,0xde,0xef,0x81,0xbe,0xef,0x0c,0x7d,0xe7,0x5c,0xe7,0x3c,
  0xe7,0x5c,0xe7,0xfb,0xde,0x79,0xd6,0x79,0xce,0xf7,0xb5,0x15,0x9d,0x92,0x84,0x0b,
  0x5b,0x85,0x29,0x61,0x08,0xcb,0x00,0x00,0x14,0x40,0x00,0x84,0x29,0x88,0x4a,0xcf,
  0x6b,0x55,0x9d,0x17,0xbe,0x78,0xc6,0xba,0xd6,0xda,0xd6,0xda,0xde,0xb9,0xde,0xf9,
  0xde,0xfa,0xde,0x1b,0xe7,0xfa,0xe6,0x58,0xe6,0x99,0xe6,0xb9,0xde,0x98,0xde,0xfa,
  0xe6,0xda,0xe6,0x81,0xfa,0xe6,0x00,0x98,0xde,0x81,0x15,0xd6,0x01,0x36,0xd6,0x77,
  0xd6,0x81,0xb8,0xde,0x08,0x77,0xd6,0x35,0xd6,0x72,0xcd,0x32,0xc5,0xf0,0xc4,0x4d,
  0xc4,0x0c,0xbc,0x4d,0xbc,0x8e,0xbc,0x82,0xaf,0xbc,0x03,0x8e,0xb4,0x4d,0xb4,0x2d,
  0xb4,0x0c,0xac,0x81,0xcb,0xab,0x02,0x6a,0xa3,0xa7,0xa2,0x66,0x9a,0x81,0x46,0x9a,
  0x03,0x46,0x92,0x66,0x92,0x46,0x8a,0x05,0x8a,0x81,0xe4,0x81,0x02,0xc4,0x81,0xa4,
  0x79,0x83,0x79,0x0f,0x42,0x71,0x42,0x79,0x62,0x79,0x63,0x79,0xa4,0x81,0xc4,0x81,
  0xe4,0x89,0x05,0x8a,0xe4,0x89,0xc3,0x81,0xe4,0x89,0x65,0x92,0x08,0x9b,0x29,0xa3,
  0x49,0xa3,0x8a,0xab,0x81,0xcb,0xab,0x04,0xab,0xab,0x8a,0xa3,0xeb,0xb3,0xec,0xb3,
  0x4d,0xb4,0x81,0x8e,0xbc,0x07,0x8f,0xbc,0xcf,0xbc,0xaf,0xbc,0x11,0xc5,0x72,0xc5,
  0xb3,0xcd,0xf5,0xcd,0x36,0xd6,0x81,0x56,0xd6,0x02,0x98,0xde,0xfa,0xde,0x3b,0xe7,
  0x81,0x5c,0xe7,0x03,0x7c,0xdf,0x9c,0xdf,0xbd,0xe7,0xbe,0xef,0x82,0xde,0xef,0x81,
  0xbe,0xef,0x0c,0xbf,0xef,0x9d,0xe7,0x5c,0xe7,0x3c,0xdf,0xda,0xde,0x58,0xce,0x38,
  0xc6,0x38,0xbe,0x76,0xa5,0x50,0x7c,0xc9,0x4a,0xa5,0x29,0x61,0x08,0xcc,0x00,0x00,
  0x13,0x03,0x19,0x27,0x3a,0x8d,0x63,0x55,0x9d,0xf7,0xb5,0x58,0xc6,0xba,0xd6,0xd9,
  0xd6,0xfa,0xd6,0x1a,0xdf,0xfa,0xde,0xd9,0xde,0x1b,0xdf,0x1b,0xe7,0x78,0xe6,0x57,
  0xde,0xd9,0xe6,0x98,0xe6,0xb9,0xe6,0xda,0xe6,0x82,0xfa,0xe6,0x01,0xb8,0xde,0x78,
  0xd6,0x81,0x36,0xd6,0x09,0x35,0xd6,0x15,0xd6,0x55,0xd6,0x14,0xce,0x52,0xcd,0x72,
  0xcd,0x31,0xc5,0xf0,0xcc,0x4e,0xc4,0x6e,0xbc,0x81,0xf0,0xbc,0x0a,0xcf,0xbc,0xae,
  0xbc,0x8e,0xbc,0x6d,0xb4,0x2d,0xb4,0xec,0xab,0xeb,0xab,0xab,0xab,0xe8,0xa2,0xa7,
  0xa2,0xa7,0x9a,0x81,0x66,0x9a,0x01,0x46,0x92,0x25,0x92,0x81,0x25,0x8a,0x04,0x05,
  0x8a,0xe5,0x81,0xc4,0x81,0xa4,0x79,0x83,0x79,0x01,0x42,0x71,0x43,0x79,0x81,0x63,
  0x79,0x08,0x83,0x79,0xc4,0x81,0xe4,0x89,0x25,0x8a,0x25,0x92,0xe4,0x89,0x25,0x92,
  0x66,0x9a,0x08,0x9b,0x81,0x49,0xa3,0x05,0x8a,0xa3,0xcb,0xab,0xec,0xab,0x0c,0xb4,
  0xcb,0xab,0xec,0xb3,0x81,0x0c,0xb4,0x13,0x2d,0xb4,0x8e,0xbc,0xcf,0xbc,0xd0,0xbc,
  0x11,0xbd,0x51,0xc5,0xb3,0xc5,0xf4,0xcd,0xf5,0xcd,0x36,0xd6,0x77,0xd6,0x97,0xde,
  0x98,0xde,0xd9,0xde,0x1a,0xdf,0x5b,0xe7,0x7c,0xe7,0x7d,0xe7,0x9d,0xdf,0xbd,0xe7,
  0x81,0xbe,0xef,0x81,0xdf,0xef,0x0e,0xbe,0xef,0x9d,0xe7,0xbe,0xef,0x9e,0xef,0x7c,
  0xe7,0x5c,0xe7,0x1b,0xdf,0x79,0xce,0x38,0xc6,0x18,0xb6,0x95,0x9d,0xef,0x6b,0x88,
  0x42,0x85,0x29,0x61,0x08,0xcc,0x00,0x00,0x16,0xc2,0x10,0x07,0x32,0xce,0x6b,0x55,
  0x9d,0xd7,0xb5,0x59,0xbe,0xba,0xce,0xda,0xd6,0x1b,0xdf,0xfa,0xde,0xd9,0xd6,0xfa,
  0xde,0x3b,0xdf,0x3b,0xe7,0xd9,0xe6,0xb9,0xe6,0xfa,0xe6,0xb9,0xe6,0x78,0xe6,0xfb,
  0xe6,0x1a,0xe7,0xd9,0xe6,0xb9,0xde,0x81,0xb8,0xd6,0x0e,0xd9,0xde,0xb8,0xde,0x15,
  0xd6,0xf4,0xd5,0xb3,0xd5,0x52,0xcd,0x93,0xcd,0x72,0xcd,0x51,0xc5,0x93,0xcd,0xd0,
  0xc4,0xcf,0xbc,0x10,0xbd,0xef,0xbc,0xcf,0xbc,0x81,0x8e,0xbc,0x07,0x4d,0xb4,0x2d,
  0xb4,0x0c,0xac,0xcb,0xab,0x29,0xab,0xc8,0xa2,0x09,0xa3,0xa7,0x9a,0x81,0x66,0x9a,
  0x01,0x25,0x92,0x45,0x92,0x81,0x46,0x8a,0x04,0x05,0x82,0xe5,0x81,0xc4,0x81,0xa4,
  0x79,0x83,0x79,0x0c,0x42,0x71,0x43,0x79,0x63,0x79,0x83,0x79,0x62,0x79,0xa3,0x81,
  0xe4,0x89,0x25,0x8a,0x66,0x92,0x05,0x8a,0x46,0x92,0xa7,0x9a,0xe7,0x9a,0x81,0x49,
  0xa3,0x02,0x8a,0xab,0xca,0xab,0xeb,0xab,0x81,0x2c,0xb4,0x0f,0x0c,0xb4,0xec,0xb3,
  0xab,0xb3,0x4d,0xb4,0x6e,0xbc,0x8e,0xbc,0xd0,0xbc,0x31,0xbd,0x72,0xc5,0xb3,0xc5,
  0xf4,0xcd,0x35,0xce,0x56,0xd6,0xb8,0xde,0xfa,0xe6,0x1a,0xe7,0x81,0x1a,0xdf,0x06,
  0x3b,0xdf,0x5c,0xe7,0x7d,0xe7,0xbd,0xe7,0xbe,0xe7,0xde,0xe7,0xde,0xef,0x81,0xdf,
  0xef,0x01,0xbe,0xef,0x9d,0xef,0x81,0x9d,0xe7,0x0a,0x7c,0xe7,0x3b,0xdf,0x1b,0xd7,
  0xb9,0xce,0x38,0xc6,0xf7,0xb5,0x75,0x95,0xaf,0x63,0x07,0x42,0x23,0x21,0x20,0x00,
  0xcc,0x00,0x00,0x0e,0xa2,0x10,0x27,0x32,0xaf,0x63,0xf3,0x8c,0x17,0xae,0x99,0xc6,
  0xb9,0xce,0xda,0xd6,0x3b,0xd7,0x1b,0xdf,0xfa,0xde,0x3b,0xdf,0x5b,0xdf,0x7c,0xe7,
  0x3b,0xe7,0x81,0x1b,0xef,0x06,0xd9,0xe6,0x98,0xe6,0xb9,0xe6,0xf9,0xe6,0xb9,0xe6,
  0x78,0xde,0x98,0xde,0x81,0xd9,0xde,0x05,0xb8,0xde,0x98,0xde,0x77,0xde,0xf5,0xd5,
  0x31,0xcd,0x52,0xcd,0x81,0x51,0xcd,0x00,0x51,0xc5,0x81,0xf0,0xbc,0x17,0xf0,0xc4,
  0xef,0xbc,0xcf,0xbc,0x8e,0xbc,0x6e,0xb4,0x4d,0xb4,0x2c,0xb4,0xec,0xab,0x8a,0xab,
  0x29,0xab,0x4a,0xa3,0x29,0xa3,0xe8,0x9a,0xa7,0x9a,0x66,0x9a,0x66,0x92,0x86,0x92,
  0x66,0x8a,0x46,0x8a,0x25,0x8a,0x05,0x82,0xe4,0x81,0xa4,0x79,0x83,0x79,0x03,0x42,
  0x71,0x43,0x79,0x63,0x79,0xa3,0x81,0x81,0x83,0x81,0x06,0xe4,0x89,0x25,0x8a,0x66,
  0x92,0x25,0x8a,0x25,0x92,0xc7,0x9a,0x08,0xa3,0x81,0x28,0xa3,0x02,0x6a,0xa3,0xca,
  0xab,0xeb,0xab,0x81,0x2c,0xb4,0x0f,0xec,0xb3,0x8b,0xab,0xcb,0xb3,0x2c,0xbc,0x0c,
  0xbc,0x4e,0xbc,0xf0,0xbc,0x32,0xc5,0x73,0xc5,0xb3,0xc5,0xd4,0xcd,0xf4,0xcd,0x15,
  0xce,0xb8,0xde,0x1a,0xe7,0x3b,0xe7,0x82,0x7c,0xe7,0x81,0x9d,0xe7,0x00,0xbd,0xe7,
  0x81,0xbe,0xe7,0x00,0xde,0xe7,0x81,0xdf,0xef,0x02,0xde,0xef,0xbe,0xef,0x9d,0xe7,
  0x81,0x7d,0xe7,0x09,0x5c,0xdf,0x1b,0xd7,0xb9,0xce,0x58,0xc6,0xf7,0xad,0x75,0x95,
  0xae,0x6b,0xa6,0x29,0xe3,0x10,0x20,0x00,0xcc,0x00,0x00,0x16,0x81,0x08,0xc6,0x29,
  0xce,0x6b,0x34,0x8d,0xf7,0xad,0x58,0xc6,0x99,0xce,0xfa,0xd6,0x3b,0xdf,0x5c,0xdf,
  0x3c,0xdf,0x5c,0xdf,0x7c,0xe7,0x9d,0xe7,0x7c,0xe7,0x3b,0xef,0x5c,0xef,0x3b,0xef,
  0x98,0xe6,0x16,0xde,0x77,0xe6,0x98,0xe6,0x98,0xde,0x81,0x77,0xde,0x82,0xb8,0xde,
  0x14,0x97,0xd6,0x56,0xd6,0x72,0xcd,0x11,0xcd,0x73,0xcd,0x72,0xcd,0x31,0xc5,0xf0,
  0xbc,0x31,0xc5,0x11,0xc5,0xf0,0xbc,0xcf,0xbc,0xae,0xbc,0x6d,0xb4,0x4d,0xb4,0x2d,
  0xb4,0xcb,0xab,0x6a,0xab,0x8a,0xab,0x8a,0xa3,0x29,0xa3,0x81,0xe8,0x9a,0x09,0x87,
  0x9a,0x86,0x92,0x87,0x92,0x66,0x8a,0x46,0x8a,0x25,0x8a,0x05,0x82,0xc4,0x81,0xa4,
  0x79,0x63,0x79,0x03,0x42,0x71,0x43,0x79,0x63,0x79,0xa4,0x81,0x81,0xa3,0x81,0x1d,
  0xe4,0x89,0x25,0x8a,0x66,0x92,0x65,0x92,0x05,0x8a,0xa7,0x9a,0x29,0xa3,0x28,0xa3,
  0x07,0x9b,0x28,0xa3,0xaa,0xab,0xcb,0xab,0x2c,0xac,0x2c,0xb4,0xeb,0xb3,0xcc,0xb3,
  0xcb,0xb3,0xeb,0xb3,0x2d,0xbc,0x4d,0xbc,0xf0,0xbc,0x52,0xbd,0x72,0xc5,0x93,0xc5,
  0xf5,0xcd,0x15,0xce,0x36,0xce,0x77,0xde,0xf9,0xde,0x5b,0xe7,0x81,0x7c,0xef,0x00,
  0x9d,0xef,0x81,0xbd,0xe7,0x06,0xbe,0xef,0xde,0xe7,0x9e,0xe7,0xbe,0xe7,0xfe,0xef,
  0xfe,0xe7,0xbd,0xe7,0x81,0x9d,0xe7,0x0b,0x7c,0xe7,0x7c,0xdf,0x5c,0xdf,0x1b,0xd7,
  0xba,0xce,0x78,0xc6,0x17,0xae,0xd3,0x8c,0x6d,0x63,0x06,0x32,0x03,0x19,0x20,0x00,
  0xcc,0x00,0x00,0x08,0x81,0x10,0xc7,0x39,0x10,0x74,0x96,0x9d,0xd6,0xb5,0x17,0xbe,
  0x99,0xc6,0xda,0xd6,0xfa,0xd6,0x81,0x3b,0xdf,0x1d,0x3c,0xdf,0x7d,0xe7,0x9e,0xef,
  0x3b,0xe7,0xf9,0xe6,0x9d,0xf7,0x7c,0xef,0xb8,0xe6,0xf6,0xdd,0x16,0xde,0x56,0xde,
  0x97,0xde,0x77,0xde,0x37,0xde,0x98,0xde,0xd9,0xde,0xb8,0xde,0x77,0xd6,0x36,0xd6,
  0x52,0xcd,0x11,0xc5,0xd4,0xcd,0xb4,0xcd,0x31,0xc5,0x11,0xc5,0x52,0xc5,0x31,0xc5,
  0x10,0xbd,0xcf,0xbc,0x8e,0xbc,0x81,0x4d,0xb4,0x05,0x0c,0xb4,0x8a,0xab,0xab,0xab,
  0xcb,0xab,0x8a,0xa3,0x29,0xa3,0x81,0xe8,0x9a,0x09,0xc7,0x9a,0x87,0x92,0x86,0x92,
  0x66,0x8a,0x46,0x8a,0x25,0x8a,0x05,0x82,0xc4,0x81,0xa3,0x79,0x63,0x79,0x00,0x42,
  0x71,0x81,0x63,0x79,0x04,0xa4,0x81,0xc4,0x81,0xa3,0x81,0xe5,0x89,0x25,0x8a,0x81,
  0x66,0x92,0x01,0x25,0x92,0x86,0x9a,0x81,0x29,0xa3,0x03,0x08,0xa3,0x28,0xa3,0x6a,
  0xa3,0xeb,0xab,0x81,0x0c,0xac,0x82,0x2c,0xb4,0x00,0x2d,0xb4,0x81,0x6d,0xbc,0x09,
  0xae,0xbc,0x30,0xbd,0x31,0xc5,0x53,0xc5,0xf5,0xcd,0x77,0xd6,0xb8,0xd6,0xd9,0xde,
  0x1a,0xe7,0x5b,0xef,0x81,0x7c,0xef,0x03,0x9d,0xef,0xbd,0xef,0xbd,0xe7,0xbe,0xef,
  0x83,0xde,0xe7,0x0f,0xbe,0xef,0xbd,0xef,0x9d,0xe7,0x7c,0xe7,0x3b,0xe7,0x5c,0xe7,
  0x3c,0xdf,0xfb,0xd6,0xba,0xce,0x79,0xbe,0xd7,0xb5,0x14,0x95,0x6e,0x63,0x07,0x3a,
  0x23,0x19,0x20,0x00,0xcc,0x00,0x00,0x09,0xc2,0x18,0x48,0x42,0xef,0x6b,0x75,0x9d,
  0xf7,0xb5,0x17,0xc6,0x99,0xce,0xfb,0xd6,0xfa,0xde,0x1b,0xdf,0x81,0x5c,0xe7,0x0d,
  0x3b,0xdf,0x7d,0xe7,0x3c,0xe7,0x97,0xe6,0x3a,0xef,0x7c,0xef,0xda,0xe6,0x98,0xe6,
  0x77,0xe6,0x15,0xde,0x16,0xde,0x57,0xde,0x77,0xde,0x98,0xde,0x81,0xb8,0xde,0x20,
  0x56,0xd6,0x15,0xd6,0xd4,0xcd,0x31,0xc5,0x72,0xcd,0x93,0xcd,0x11,0xc5,0x31,0xc5,
  0x72,0xc5,0x31,0xc5,0x10,0xbd,0xf0,0xbc,0x8e,0xbc,0x4d,0xb4,0x2c,0xb4,0xcb,0xab,
  0xab,0xab,0xeb,0xab,0xcb,0xab,0x8a,0xa3,0x29,0xa3,0x08,0x9b,0xe8,0x9a,0xc8,0x9a,
  0xa7,0x92,0x87,0x92,0x66,0x8a,0x46,0x8a,0x25,0x8a,0x05,0x82,0xc4,0x81,0x83,0x79,
  0x63,0x79,0x00,0x42,0x71,0x81,0x63,0x79,0x13,0xa4,0x81,0xc4,0x81,0xc3,0x81,0xe4,
  0x89,0x25,0x8a,0x45,0x92,0x86,0x92,0x45,0x92,0x66,0x92,0x08,0xa3,0x49,0xa3,0x08,
  0x9b,0x29,0xa3,0x69,0xa3,0x0b,0xac,0x2c,0xac,0x2d,0xb4,0x2c,0xb4,0x4c,0xb4,0x8d,
  0xb4,0x81,0xae,0xbc,0x0d,0x6c,0xbc,0x4c,0xbc,0x6e,0xbc,0xf1,0xc4,0xb3,0xc5,0x16,
  0xce,0x97,0xd6,0xb8,0xd6,0xf9,0xde,0x3a,0xdf,0x5b,0xe7,0x7c,0xef,0x9c,0xef,0x9d,
  0xef,0x82,0xbd,0xef,0x07,0xde,0xef,0xfe,0xef,0xff,0xef,0xde,0xe7,0x9d,0xe7,0xbd,
  0xef,0x5c,0xe7,0x3b,0xe7,0x81,0x5c,0xe7,0x09,0x3b,0xdf,0xfb,0xd6,0xba,0xd6,0x38,
  0xbe,0xd7,0xb5,0x54,0x95,0x6c,0x5b,0x07,0x32,0x44,0x21,0x20,0x00,0xcc,0x00,0x00,
  0x0a,0xe2,0x10,0x88,0x42,0x50,0x7c,0x95,0xa5,0xf7,0xb5,0xd6,0xbd,0x37,0xce,0xb9,
  0xd6,0xfa,0xde,0x1b,0xdf,0x5c,0xdf,0x81,0x5c,0xe7,0x0a,0x7c,0xe7,0x5d,0xe7,0xb9,
  0xe6,0x98,0xde,0x5c,0xef,0xfa,0xe6,0x98,0xe6,0x56,0xde,0x35,0xde,0x16,0xde,0x77,
  0xde,0x81,0x98,0xde,0x02,0x77,0xde,0x97,0xde,0x56,0xd6,0x81,0x36,0xd6,0x12,0x73,
  0xcd,0x11,0xc5,0x72,0xc5,0x11,0xbd,0x11,0xc5,0x72,0xc5,0x30,0xbd,0x10,0xbd,0xcf,
  0xbc,0x8e,0xbc,0x4d,0xb4,0xcb,0xab,0xeb,0xab,0x0c,0xac,0xeb,0xab,0xab,0xab,0x6a,
  0xa3,0x08,0xa3,0xe8,0xa2,0x81,0xe8,0x9a,0x06,0xa7,0x92,0x87,0x92,0x66,0x8a,0x46,
  0x8a,0x25,0x8a,0x05,0x82,0xc4,0x81,0x81,0x63,0x79,0x00,0x42,0x71,0x81,0x63,0x79,
  0x00,0xa3,0x81,0x81,0xc4,0x81,0x0c,0xe4,0x89,0x25,0x8a,0x45,0x92,0x66,0x92,0x65,
  0x92,0x45,0x92,0xc7,0x9a,0x49,0xa3,0xe7,0x9a,0x49,0xa3,0x8a,0xab,0xaa,0xab,0x2c,
  0xb4,0x81,0x4d,0xb4,0x1d,0x4c,0xb4,0x8d,0xbc,0xce,0xbc,0xef,0xbc,0xcf,0xbc,0x2c,
  0xbc,0x6e,0xbc,0x31,0xc5,0xf4,0xcd,0x36,0xce,0x97,0xd6,0x98,0xd6,0xd8,0xd6,0x3a,
  0xdf,0x7b,0xdf,0x7c,0xe7,0x9d,0xe7,0x9d,0xef,0xbd,0xef,0xbd,0xe7,0xbd,0xef,0xbe,
  0xef,0xdf,0xe7,0xdf,0xef,0xde,0xef,0xbd,0xe7,0xbd,0xef,0x7c,0xe7,0x5c,0xe7,0x5b,
  0xef,0x81,0x3b,0xe7,0x08,0x1b,0xdf,0xda,0xd6,0x78,0xc6,0xf7,0xb5,0x14,0x95,0x6d,
  0x63,0x67,0x42,0xa5,0x29,0x61,0x08,0xcc,0x00,0x00,0x14,0xe3,0x18,0xea,0x52,0x51,
  0x7c,0xf4,0x9c,0xd6,0xb5,0x17,0xc6,0x37,0xce,0x99,0xd6,0xba,0xd6,0xb8,0xd6,0xfa,
  0xde,0x3c,0xdf,0x7c,0xe7,0x3b,0xe7,0x5c,0xef,0x1b,0xe7,0xd9,0xe6,0x3b,0xef,0xfa,
  0xe6,0x78,0xde,0x37,0xde,0x81,0x57,0xde,0x00,0x77,0xde,0x81,0x98,0xde,0x82,0x77,
  0xd6,0x12,0x56,0xd6,0x35,0xd6,0x94,0xcd,0x31,0xc5,0x52,0xcd,0x31,0xc5,0xf0,0xbc,
  0x51,0xc5,0x10,0xbd,0xf0,0xbc,0xaf,0xbc,0x6d,0xbc,0xec,0xb3,0xcb,0xb3,0x0c,0xb4,
  0x0c,0xac,0xeb,0xab,0xab,0xab,0x69,0xa3,0x81,0xe8,0xa2,0x0a,0x08,0x9b,0xc8,0x9a,
  0xa7,0x92,0x87,0x92,0x66,0x8a,0x46,0x8a,0x25,0x82,0xe5,0x81,0x83,0x81,0x63,0x79,
  0x83,0x79,0x00,0x42,0x71,0x81,0x63,0x79,0x14,0x83,0x81,0xc4,0x81,0xe4,0x81,0xe4,
  0x89,0x05,0x8a,0x25,0x92,0x66,0x92,0x86,0x92,0x66,0x92,0x87,0x9a,0x08,0xa3,0xe7,
  0x9a,0x49,0xa3,0xab,0xab,0x8a,0xab,0xec,0xb3,0x4c,0xb4,0x2c,0xb4,0x0b,0xb4,0x6d,
  0xbc,0xee,0xbc,0x81,0xef,0xbc,0x0a,0xae,0xbc,0xef,0xc4,0x72,0xc5,0xd3,0xcd,0x35,
  0xce,0x77,0xd6,0x98,0xd6,0xb7,0xd6,0xb7,0xde,0x3a,0xdf,0x7c,0xe7,0x81,0x9d,0xe7,
  0x07,0xbd,0xef,0xbd,0xe7,0x9d,0xef,0xbe,0xef,0xbe,0xe7,0xbd,0xe7,0x9d,0xe7,0x7c,
  0xe7,0x81,0x5c,0xe7,0x0c,0x7d,0xef,0x7c,0xef,0x3c,0xe7,0x5c,0xe7,0x3b,0xe7,0xda,
  0xd6,0x78,0xc6,0xf7,0xb5,0x55,0x9d,0xef,0x6b,0xc9,0x4a,0x46,0x42,0xa1,0x10,0xcb,
  0x00,0x00,0x20,0x20,0x00,0x03,0x19,0x2c,0x5b,0x93,0x8c,0x55,0xa5,0xf6,0xb5,0x58,
  0xc6,0x79,0xce,0x99,0xd6,0xba,0xde,0x78,0xde,0xb8,0xe6,0xfa,0xde,0x1b,0xe7,0xb9,
  0xe6,0xfa,0xe6,0x5c,0xef,0xfa,0xe6,0xf9,0xe6,0xfa,0xde,0xb9,0xde,0x97,0xde,0x57,
  0xde,0x16,0xde,0x57,0xde,0xb8,0xde,0xb9,0xde,0x77,0xd6,0x36,0xd6,0x57,0xd6,0x36,
  0xd6,0x15,0xce,0xd4,0xcd,0x81,0x11,0xc5,0x05,0x52,0xc5,0xf0,0xbc,0x11,0xc5,0xf0,
  0xbc,0xaf,0xbc,0x6e,0xbc,0x81,0x0c,0xb4,0x00,0x2d,0xb4,0x81,0x0c,0xac,0x03,0xeb,
  0xab,0xab,0xa3,0x49,0xa3,0xc7,0xa2,0x81,0x08,0x9b,0x09,0xa7,0x9a,0xa7,0x92,0x87,
  0x92,0x66,0x8a,0x46,0x8a,0x25,0x8a,0xa4,0x81,0x83,0x81,0xa4,0x79,0x83,0x79,0x00,
  0x42,0x71,0x81,0x63,0x79,0x10,0x83,0x79,0xc4,0x81,0xe4,0x81,0xc4,0x89,0x04,0x8a,
  0x45,0x92,0x86,0x92,0xa6,0x92,0x86,0x9a,0xa7,0x9a,0xc7,0xa2,0xc7,0x9a,0x28,0xa3,
  0xaa,0xab,0x8a,0xab,0xcb,0xab,0x4c,0xb4,0x81,0x0c,0xb4,0x01,0x6d,0xbc,0xae,0xbc,
  0x81,0xef,0xbc,0x05,0x30,0xbd,0x10,0xbd,0x10,0xc5,0x72,0xc5,0xd4,0xcd,0x36,0xd6,
  0x81,0x56,0xd6,0x04,0xb7,0xd6,0xf9,0xde,0x7c,0xe7,0x9c,0xe7,0x9d,0xe7,0x83,0xbd,
  0xef,0x81,0x9d,0xe7,0x00,0x7c,0xe7,0x81,0x5c,0xe7,0x0d,0x3c,0xe7,0x5d,0xef,0x9e,
  0xef,0x7d,0xef,0x5c,0xe7,0x3c,0xe7,0xda,0xde,0x57,0xc6,0xd6,0xb5,0x76,0xa5,0x51,
  0x84,0x2a,0x5b,0x87,0x42,0xe2,0x18,0xcb,0x00,0x00,0x16,0x20,0x00,0x44,0x21,0x8e,
  0x5b,0xd3,0x8c,0x75,0xa5,0x38,0xbe,0x99,0xce,0xfa,0xce,0x99,0xd6,0x38,0xde,0x59,
  0xde,0xfa,0xe6,0x5b,0xe7,0xd9,0xde,0x77,0xde,0xd9,0xe6,0x3b,0xef,0xfa,0xe6,0xb8,
  0xde,0xd9,0xde,0xd9,0xe6,0x97,0xde,0x77,0xde,0x81,0x57,0xde,0x24,0x98,0xde,0xb8,
  0xde,0x97,0xde,0x36,0xd6,0x16,0xce,0x16,0xd6,0xf4,0xcd,0xb3,0xcd,0xf0,0xc4,0xd0,
  0xbc,0x72,0xcd,0xf0,0xbc,0xcf,0xbc,0xd0,0xbc,0x8e,0xb4,0x4d,0xb4,0x0c,0xb4,0x4e,
  0xb4,0x4d,0xb4,0x2c,0xac,0x0c,0xac,0xcb,0xab,0xab,0xa3,0x29,0xa3,0xe8,0xa2,0x29,
  0x9b,0x08,0x9b,0xc7,0x92,0xa7,0x92,0x87,0x92,0x66,0x8a,0x46,0x8a,0xe5,0x81,0xa3,
  0x81,0xc4,0x81,0xa4,0x79,0x83,0x79,0x00,0x42,0x71,0x81,0x63,0x79,0x01,0x83,0x79,
  0xc4,0x81,0x81,0xe4,0x81,0x0e,0x04,0x8a,0x45,0x8a,0x86,0x92,0xa6,0x9a,0x66,0x92,
  0x87,0x9a,0xc6,0xa2,0xa7,0x9a,0x28,0xa3,0x89,0xab,0xaa,0xab,0xeb,0xab,0x0c,0xac,
  0x6d,0xb4,0xae,0xb4,0x81,0xae,0xbc,0x03,0xef,0xbc,0x30,0xbd,0x30,0xc5,0x30,0xbd,
  0x81,0x51,0xc5,0x04,0x72,0xcd,0xb3,0xcd,0xf4,0xd5,0x15,0xd6,0xd9,0xde,0x81,0x1a,
  0xdf,0x00,0x5b,0xdf,0x83,0x7c,0xe7,0x81,0x9d,0xef,0x04,0x9d,0xe7,0x9e,0xef,0xbe,
  0xef,0x9d,0xef,0x7c,0xef,0x82,0x7d,0xef,0x09,0x5c,0xef,0x3b,0xe7,0xd9,0xde,0x57,
  0xce,0xb5,0xb5,0x75,0xad,0x93,0x8c,0x0b,0x5b,0x47,0x42,0x03,0x19,0xcc,0x00,0x00,
  0x10,0x85,0x29,0xef,0x6b,0x34,0x85,0xb6,0xa5,0x18,0xbe,0xba,0xce,0x1b,0xd7,0x79,
  0xde,0xb5,0xd5,0x57,0xe6,0x98,0xe6,0xd9,0xde,0xda,0xe6,0xb9,0xe6,0xda,0xe6,0x3c,
  0xef,0xfb,0xe6,0x82,0xd9,0xde,0x81,0x98,0xde,0x05,0xb9,0xe6,0x78,0xde,0x77,0xde,
  0x98,0xde,0x77,0xde,0x36,0xd6,0x81,0xf5,0xcd,0x09,0x73,0xc5,0x51,0xc5,0x11,0xc5,
  0xd0,0xc4,0x32,0xc5,0x11,0xbd,0x8e,0xbc,0xaf,0xbc,0x6e,0xb4,0x2d,0xb4,0x81,0x6e,
  0xb4,0x04,0x4d,0xb4,0x0c,0xac,0xec,0xab,0xcb,0xab,0xaa,0xa3,0x81,0x08,0xa3,0x0b,
  0x29,0x9b,0x08,0x9b,0xc7,0x92,0xa7,0x92,0x87,0x92,0x66,0x8a,0x25,0x8a,0xc4,0x81,
  0xa3,0x81,0xa4,0x81,0xa3,0x79,0x83,0x79,0x00,0x42,0x71,0x81,0x63,0x79,0x0e,0x83,
  0x79,0xc4,0x81,0xe4,0x81,0x04,0x82,0x04,0x8a,0x25,0x8a,0x66,0x92,0xa6,0x9a,0x86,
  0x92,0x66,0x9a,0x45,0x92,0x86,0x9a,0x69,0xa3,0xa9,0xab,0xeb,0xab,0x81,0x0b,0xac,
  0x02,0x8e,0xb4,0xcf,0xb4,0xcf,0xbc,0x81,0x10,0xbd,0x81,0x30,0xc5,0x07,0x2f,0xbd,
  0x92,0xc5,0xd3,0xcd,0xd4,0xcd,0xf4,0xcd,0x15,0xd6,0x35,0xce,0x77,0xd6,0x81,0xd9,
  0xde,0x08,0x1a,0xdf,0x5b,0xe7,0x7c,0xe7,0x5c,0xe7,0x3b,0xdf,0x3b,0xe7,0x7c,0xef,
  0x9c,0xef,0x7c,0xef,0x82,0x5c,0xef,0x0c,0x9d,0xf7,0x9d,0xef,0x7d,0xef,0x5c,0xef,
  0x1a,0xe7,0xd9,0xde,0x17,0xce,0x74,0xb5,0x95,0xad,0xb2,0x94,0x0b,0x63,0x67,0x4a,
  0x43,0x21,0xcb,0x00,0x00,0x0a,0x41,0x08,0x48,0x42,0xcf,0x7b,0xf3,0x84,0x17,0xa6,
  0x79,0xbe,0xb9,0xce,0xda,0xde,0xba,0xde,0x98,0xde,0xd9,0xe6,0x81,0xb9,0xde,0x2b,
  0x1c,0xe7,0xfb,0xee,0xfa,0xee,0x3c,0xef,0x1b,0xef,0xda,0xe6,0xd9,0xde,0xb9,0xde,
  0xb8,0xde,0xb9,0xde,0xb9,0xe6,0x77,0xde,0x57,0xde,0x77,0xde,0x56,0xd6,0x16,0xd6,
  0xd5,0xcd,0xb4,0xcd,0x93,0xcd,0x73,0xc5,0x73,0xcd,0xf1,0xc4,0xf0,0xc4,0x10,0xbd,
  0x6e,0xbc,0xaf,0xbc,0x0d,0xb4,0x2d,0xb4,0x8e,0xbc,0x4e,0xb4,0x2d,0xb4,0x0c,0xac,
  0xec,0xab,0xcb,0xab,0x8a,0xa3,0x08,0xa3,0x29,0xa3,0x29,0x9b,0xe8,0x9a,0xc7,0x92,
  0xa7,0x92,0x87,0x92,0x66,0x8a,0x05,0x8a,0x81,0xa3,0x81,0x00,0xa4,0x81,0x81,0x83,
  0x79,0x00,0x42,0x71,0x81,0x63,0x79,0x13,0x83,0x79,0xa3,0x81,0xe4,0x81,0x05,0x8a,
  0x04,0x8a,0x25,0x8a,0x65,0x92,0x86,0x92,0xa6,0x9a,0x45,0x9a,0xe4,0x91,0x45,0x9a,
  0x49,0xab,0xaa,0xab,0xea,0xab,0xeb,0xab,0x0c,0xac,0x6d,0xb4,0xcf,0xbc,0xef,0xbc,
  0x81,0x51,0xbd,0x0c,0x51,0xc5,0x50,0xc5,0x0f,0xbd,0x10,0xc5,0x92,0xcd,0xf4,0xcd,
  0x56,0xce,0x77,0xd6,0x76,0xd6,0x97,0xd6,0xb8,0xde,0x98,0xde,0xb9,0xde,0x81,0x3b,
  0xe7,0x07,0x1b,0xe7,0x7c,0xe7,0x7b,0xe7,0x3b,0xe7,0x1a,0xe7,0x5b,0xe7,0x7c,0xef,
  0x7d,0xef,0x81,0x5c,0xef,0x0c,0x7d,0xf7,0x7d,0xef,0x3c,0xef,0x1b,0xe7,0xd9,0xde,
  0x57,0xd6,0xb5,0xbd,0x34,0xad,0x51,0x94,0x2c,0x63,0x68,0x42,0x64,0x29,0x20,0x00,
  0xca,0x00,0x00,0x05,0xe3,0x18,0x0c,0x63,0x51,0x84,0x14,0x95,0x18,0xb6,0x9a,0xce,
  0x81,0xb9,0xd6,0x04,0xb9,0xde,0xfa,0xde,0xfa,0xe6,0xb9,0xde,0xda,0xe6,0x81,0x1b,
  0xef,0x04,0xfb,0xee,0x1b,0xef,0x3c,0xef,0xfa,0xe6,0xb9,0xe6,0x81,0x78,0xde,0x03,
  0x98,0xe6,0x77,0xde,0x16,0xde,0x16,0xd6,0x81,0x36,0xd6,0x21,0x36,0xce,0xd4,0xcd,
  0x72,0xc5,0x93,0xcd,0x73,0xcd,0x93,0xc5,0x31,0xbd,0x6e,0xbc,0x2d,0xbc,0x8f,0xbc,
  0x6e,0xb4,0xec,0xb3,0x4d,0xb4,0x6e,0xb4,0x4d,0xb4,0x2c,0xac,0x0c,0xac,0xec,0xab,
  0xcb,0xab,0x6a,0xa3,0x08,0xa3,0x49,0xa3,0x29,0x9b,0xe8,0x9a,0xc7,0x92,0xa7,0x92,
  0x87,0x92,0x25,0x8a,0xe4,0x89,0xe4,0x81,0xc4,0x81,0xa4,0x81,0x83,0x79,0x63,0x79,
  0x00,0x42,0x71,0x81,0x63,0x79,0x1f,0x83,0x79,0xa3,0x81,0xe4,0x81,0x05,0x8a,0x04,
  0x8a,0x24,0x8a,0x65,0x92,0x86,0x92,0xc7,0x9a,0x66,0x9a,0xe4,0x89,0x04,0x92,0xc7,
  0xa2,0x8a,0xab,0xea,0xb3,0xca,0xab,0x2c,0xb4,0x6d,0xb4,0xae,0xb4,0xef,0xbc,0x51,
  0xbd,0x72,0xbd,0x71,0xc5,0x92,0xc5,0x50,0xc5,0xee,0xbc,0x0f,0xc5,0x92,0xc5,0x15,
  0xce,0x76,0xd6,0x96,0xd6,0xb8,0xde,0x81,0xd9,0xde,0x0b,0xd8,0xde,0xd9,0xde,0xfa,
  0xe6,0xd9,0xde,0xfa,0xe6,0x7c,0xef,0x7c,0xe7,0x5b,0xe7,0x3b,0xe7,0x1b,0xef,0x5b,
  0xef,0x7c,0xef,0x81,0x5c,0xef,0x0b,0x5b,0xef,0x1b,0xef,0xda,0xee,0xb9,0xe6,0x98,
  0xd6,0xf6,0xc5,0x34,0xb5,0x14,0x9d,0xce,0x73,0x68,0x42,0x85,0x29,0x41,0x08,0xca,
  0x00,0x00,0x0c,0x44,0x21,0x6d,0x6b,0x92,0x84,0x13,0x9d,0x17,0xbe,0x57,0xc6,0x37,
  0xce,0x78,0xd6,0x37,0xd6,0xba,0xde,0xfa,0xe6,0x58,0xde,0x78,0xe6,0x81,0xfb,0xee,
  0x0b,0x1c,0xef,0x3c,0xef,0x3b,0xef,0xfa,0xee,0x99,0xe6,0x78,0xde,0x57,0xde,0x77,
  0xde,0x56,0xde,0x16,0xde,0xf5,0xd5,0x16,0xd6,0x81,0x16,0xce,0x0b,0xd5,0xcd,0x52,
  0xc5,0x53,0xcd,0x73,0xc5,0x92,0xc5,0x52,0xc5,0x4e,0xbc,0xcc,0xbb,0x4e,0xbc,0xec,
  0xb3,0x4d,0xb4,0x6e,0xb4,0x81,0x4d,0xb4,0x0b,0x0c,0xac,0xec,0xab,0xcb,0xab,0xab,
  0xab,0x49,0xa3,0x08,0xa3,0x49,0xa3,0x29,0x9b,0xe8,0x9a,0xc7,0x92,0xa7,0x92,0x46,
  0x92,0x81,0xe5,0x89,0x04,0x05,0x82,0xe4,0x81,0xa4,0x81,0x83,0x79,0x63,0x79,0x00,
  0x42,0x71,0x81,0x63,0x79,0x08,0x83,0x79,0xa3,0x81,0xe4,0x81,0x04,0x8a,0x05,0x8a,
  0x04,0x8a,0x45,0x92,0x66,0x92,0x86,0x9a,0x81,0x45,0x92,0x1e,0x65,0x92,0xe7,0xa2,
  0x68,0xab,0xca,0xb3,0xaa,0xab,0x0c,0xac,0x6d,0xb4,0x8d,0xb4,0xcf,0xbc,0x30,0xbd,
  0x71,0xbd,0x71,0xc5,0xb3,0xc5,0xb2,0xc5,0x50,0xbd,0x30,0xc5,0x50,0xc5,0x51,0xc5,
  0xb2,0xcd,0x35,0xd6,0x76,0xde,0xb8,0xde,0xf9,0xde,0x19,0xdf,0xd8,0xde,0xf9,0xde,
  0x3a,0xe7,0x1a,0xe7,0x3b,0xe7,0x5b,0xef,0x7b,0xef,0x82,0x3b,0xef,0x02,0x3a,0xef,
  0x5b,0xef,0x3b,0xef,0x81,0x1b,0xef,0x09,0xda,0xe6,0xba,0xe6,0x99,0xde,0xd6,0xc5,
  0x55,0xb5,0x96,0xb5,0xb2,0x94,0xeb,0x5a,0xc6,0x39,0xa2,0x10,0xc9,0x00,0x00,0x36,
  0x20,0x00,0xa5,0x29,0x6d,0x63,0x30,0x84,0xf1,0xa4,0xd4,0xbd,0x16,0xce,0x37,0xd6,
  0x99,0xde,0x79,0xde,0x58,0xde,0xd9,0xe6,0x99,0xde,0x99,0xe6,0xfb,0xee,0x1b,0xef,
  0x1c,0xef,0x5c,0xf7,0x5c,0xef,0xfa,0xe6,0x98,0xe6,0x78,0xe6,0x36,0xde,0x57,0xde,
  0x16,0xd6,0xd4,0xd5,0xd5,0xd5,0xf5,0xd5,0xd5,0xcd,0xf5,0xcd,0xb4,0xcd,0x52,0xc5,
  0x72,0xcd,0x52,0xcd,0x32,0xcd,0x52,0xcd,0x8f,0xbc,0xcc,0xb3,0xcb,0xb3,0x2d,0xbc,
  0x8e,0xb4,0x6e,0xb4,0x4e,0xb4,0x4d,0xb4,0x0c,0xac,0xec,0xab,0xcb,0xab,0x8a,0xa3,
  0xe8,0xa2,0x28,0xa3,0x49,0xa3,0x29,0x9b,0xc8,0x9a,0xc7,0x92,0x86,0x92,0x81,0x05,
  0x8a,0x03,0x25,0x8a,0x05,0x82,0xe4,0x81,0x83,0x79,0x81,0x63,0x79,0x00,0x42,0x71,
  0x81,0x63,0x79,0x03,0x83,0x79,0xa4,0x81,0xc4,0x81,0xe4,0x89,0x81,0x05,0x8a,0x0a,
  0x04,0x92,0x45,0x92,0x25,0x92,0x45,0x92,0x86,0x9a,0xa7,0x9a,0x28,0xa3,0x49,0xa3,
  0x69,0xab,0xa9,0xab,0x0b,0xb4,0x81,0x8d,0xb4,0x01,0xae,0xb4,0x10,0xbd,0x81,0x51,
  0xbd,0x0a,0xb3,0xc5,0xd3,0xcd,0xb3,0xc5,0x92,0xc5,0x71,0xc5,0x51,0xc5,0x30,0xc5,
  0x51,0xcd,0xd4,0xcd,0x97,0xde,0x19,0xdf,0x82,0x3a,0xe7,0x03,0x5b,0xe7,0x5b,0xef,
  0x3b,0xef,0x5c,0xef,0x81,0x7c,0xef,0x00,0x5b,0xef,0x81,0x1a,0xef,0x02,0x1b,0xef,
  0x3c,0xef,0x7d,0xef,0x81,0x3c,0xef,0x08,0x1b,0xef,0xda,0xe6,0x38,0xd6,0xd6,0xbd,
  0xd7,0xbd,0xf3,0x9c,0x6d,0x6b,0x27,0x42,0xc2,0x18,0xc9,0x00,0x00,0x1f,0x40,0x08,
  0x47,0x3a,0xcf,0x73,0x50,0x8c,0x11,0xa5,0xb4,0xbd,0x17,0xc6,0x16,0xce,0xb9,0xde,
  0xda,0xe6,0x57,0xde,0x98,0xde,0xba,0xde,0x99,0xde,0xda,0xe6,0xfb,0xe6,0x1b,0xef,
  0x1c,0xef,0x3c,0xef,0x1b,0xef,0xda,0xe6,0xb9,0xe6,0x16,0xde,0x37,0xde,0x16,0xde,
  0x32,0xcd,0xb4,0xcd,0x16,0xce,0x94,0xcd,0x93,0xc5,0x52,0xc5,0x11,0xc5,0x82,0x31,
  0xc5,0x03,0x11,0xc5,0xec,0xbb,0x4a,0xb3,0xec,0xb3,0x81,0x8e,0xb4,0x81,0x6e,0xb4,
  0x01,0x4d,0xb4,0x0c,0xac,0x81,0xec,0xab,0x06,0x49,0xa3,0xe8,0xa2,0x49,0xa3,0x49,
  0x9b,0x29,0x9b,0xc8,0x9a,0x66,0x92,0x81,0x25,0x92,0x81,0x25,0x8a,0x01,0x05,0x82,
  0xc4,0x81,0x81,0x83,0x79,0x00,0x63,0x79,0x00,0x42,0x71,0x81,0x63,0x79,0x05,0x83,
  0x79,0xa4,0x81,0xc4,0x81,0xe4,0x89,0x04,0x8a,0x05,0x8a,0x81,0x04,0x92,0x01,0x45,
  0x92,0x66,0x9a,0x81,0x86,0x9a,0x0d,0x08,0xab,0x8a,0xab,0x89,0xa3,0x48,0xab,0xeb,
  0xab,0x8e,0xb4,0xae,0xb4,0x8d,0xb4,0xef,0xbc,0x52,0xbd,0x72,0xc5,0x92,0xc5,0xd3,
  0xc5,0xf4,0xcd,0x81,0xd4,0xcd,0x81,0xb3,0xcd,0x05,0x92,0xc5,0x53,0xcd,0xf5,0xd5,
  0xf8,0xde,0x1a,0xdf,0x1a,0xe7,0x81,0x5a,0xe7,0x09,0x3a,0xdf,0x3b,0xe7,0x7c,0xe7,
  0x9c,0xe7,0x9c,0xef,0x5c,0xef,0x9d,0xef,0x7d,0xef,0x3c,0xf7,0x3c,0xef,0x81,0x5c,
  0xef,0x0a,0x3b,0xef,0x1b,0xef,0xda,0xe6,0x79,0xde,0xf7,0xc5,0xd6,0xbd,0x56,0xad,
  0x0f,0x74,0x69,0x4a,0xe3,0x18,0x20,0x00,0xc8,0x00,0x00,0x13,0xc2,0x10,0xa9,0x42,
  0xce,0x73,0x91,0x9c,0x53,0xad,0xf6,0xc5,0x99,0xce,0x57,0xce,0x58,0xde,0xda,0xe6,
  0xb9,0xde,0x57,0xde,0x58,0xde,0x37,0xd6,0x99,0xde,0xda,0xe6,0xda,0xee,0xfb,0xee,
  0x3b,0xef,0x1b,0xef,0x81,0xfa,0xe6,0x0d,0x78,0xde,0xb4,0xdd,0x12,0xd5,0x91,0xcc,
  0x33,0xd5,0xd4,0xcd,0xb4,0xcd,0x52,0xc5,0x73,0xcd,0x73,0xc5,0xd0,0xc4,0xd0,0xcc,
  0x52,0xcd,0xd0,0xc4,0x81,0x8b,0xbb,0x01,0x8f,0xbc,0xaf,0xbc,0x82,0x6e,0xb4,0x00,
  0x4d,0xb4,0x81,0x0c,0xac,0x0d,0xcb,0xab,0x08,0xa3,0x29,0xa3,0x6a,0xa3,0x49,0x9b,
  0x08,0x9b,0xa7,0x9a,0x25,0x92,0x05,0x92,0x25,0x92,0x25,0x8a,0x05,0x8a,0xe4,0x81,
  0xa3,0x81,0x81,0x83,0x79,0x00,0x63,0x79,0x00,0x22,0x71,0x81,0x63,0x79,0x00,0x83,
  0x79,0x81,0xa4,0x81,0x01,0xc4,0x81,0xe4,0x89,0x81,0x04,0x8a,0x02,0xe4,0x89,0x45,
  0x9a,0x66,0x9a,0x81,0x86,0x9a,0x22,0xe8,0xa2,0x8a,0xab,0x89,0xa3,0x48,0xa3,0x89,
  0xab,0x6d,0xb4,0xae,0xb4,0x8d,0xb4,0xce,0xbc,0x31,0xbd,0x72,0xc5,0x93,0xc5,0xf4,
  0xc5,0x14,0xce,0xf3,0xcd,0x14,0xce,0x14,0xd6,0x36,0xd6,0x57,0xd6,0x15,0xd6,0xb3,
  0xd5,0x15,0xd6,0x98,0xde,0xf9,0xe6,0xd8,0xe6,0xd9,0xde,0x5b,0xe7,0x9d,0xe7,0x7c,
  0xe7,0x5a,0xdf,0x7b,0xe7,0xbe,0xef,0xdf,0xf7,0xbe,0xef,0x5c,0xef,0x81,0x1b,0xef,
  0x0b,0x3c,0xf7,0x5c,0xf7,0x3b,0xef,0xfb,0xee,0x78,0xde,0xf6,0xcd,0xb6,0xc5,0xf7,
  0xbd,0xb3,0x8c,0x0b,0x53,0x64,0x21,0x61,0x08,0xc7,0x00,0x00,0x12,0x20,0x00,0x84,
  0x21,0x4d,0x5b,0x10,0x7c,0xd1,0x9c,0xb5,0xb5,0xf6,0xc5,0x98,0xd6,0xb8,0xde,0x58,
  0xd6,0x99,0xde,0xba,0xe6,0x78,0xde,0x37,0xd6,0xd6,0xd5,0x38,0xd6,0xba,0xe6,0xda,
  0xe6,0xfb,0xee,0x81,0x1b,0xef,0x0c,0xfa,0xe6,0xb9,0xe6,0x98,0xde,0xb4,0xd5,0x53,
  0xcd,0x90,0xcc,0xce,0xcb,0x90,0xcc,0xb4,0xcd,0x11,0xc5,0xaf,0xc4,0x52,0xcd,0x6f,
  0xc4,0x81,0x2e,0xc4,0x04,0x6e,0xc4,0x4e,0xc4,0x2e,0xbc,0xcf,0xbc,0xaf,0xbc,0x81,
  0x6e,0xb4,0x01,0x6d,0xb4,0x2d,0xb4,0x81,0x0c,0xac,0x0d,0x6a,0xa3,0xe8,0xa2,0x6a,
  0xa3,0x6a,0x9b,0x29,0x9b,0xc8,0x9a,0x46,0x92,0x05,0x92,0x25,0x92,0x25,0x8a,0x05,
  0x8a,0xe4,0x89,0xc4,0x81,0x83,0x81,0x81,0x83,0x79,0x00,0x63,0x79,0x01,0x22,0x71,
  0x42,0x79,0x81,0x63,0x79,0x0d,0x83,0x81,0xa4,0x81,0xa3,0x81,0xc3,0x81,0xe4,0x89,
  0xc4,0x89,0xe4,0x89,0x25,0x92,0x65,0x9a,0x86,0x9a,0xe7,0xa2,0xc7,0x9a,0x49,0xa3,
  0x69,0xab,0x81,0x48,0xab,0x00,0xeb,0xb3,0x81,0x8d,0xb4,0x0d,0xae,0xbc,0xef,0xbc,
  0x51,0xc5,0x92,0xc5,0xd3,0xc5,0xd4,0xcd,0xd3,0xcd,0xf4,0xcd,0x55,0xd6,0x97,0xde,
  0x98,0xde,0x97,0xd6,0x14,0xd6,0x93,0xd5,0x81,0xd4,0xd5,0x18,0xf4,0xd5,0xb5,0xcd,
  0x1b,0xe7,0x9c,0xe7,0x7c,0xe7,0x9c,0xe7,0xbc,0xef,0xde,0xef,0xdf,0xf7,0xbe,0xef,
  0x9d,0xef,0x7c,0xf7,0x3c,0xf7,0x1b,0xf7,0x5c,0xf7,0x3c,0xf7,0xfb,0xee,0xda,0xe6,
  0x58,0xd6,0x95,0xc5,0x96,0xbd,0x14,0x9d,0xae,0x6b,0x27,0x42,0xc2,0x18,0xc7,0x00,
  0x00,0x13,0x81,0x08,0x48,0x3a,0xae,0x6b,0x92,0x8c,0xf3,0x9c,0x54,0xbd,0x16,0xce,
  0x37,0xd6,0x78,0xd6,0x78,0xde,0x57,0xde,0x58,0xde,0xb9,0xde,0x79,0xd6,0xf7,0xd5,
  0xd7,0xd5,0x79,0xde,0xda,0xe6,0xba,0xee,0xda,0xee,0x81,0xfa,0xee,0x0c,0xb9,0xe6,
  0x37,0xde,0xd5,0xd5,0xf5,0xd5,0x33,0xcd,0xb0,0xcc,0xf2,0xcc,0xf1,0xcc,0xd1,0xcc,
  0xed,0xc3,0x4e,0xc4,0x12,0xcd,0x32,0xcd,0x81,0xb0,0xc4,0x0f,0x8f,0xbc,0x4e,0xbc,
  0xd0,0xbc,0x8e,0xb4,0x0c,0xac,0x4d,0xb4,0x6e,0xb4,0x2d,0xb4,0x0c,0xac,0xcb,0xab,
  0xe8,0xa2,0xa7,0x9a,0x49,0xa3,0x29,0xa3,0xa7,0x9a,0x25,0x92,0x81,0x05,0x92,0x08,
  0x45,0x92,0x25,0x8a,0x05,0x8a,0xe4,0x89,0xc4,0x81,0x83,0x81,0x83,0x79,0x63,0x79,
  0x43,0x79,0x02,0x22,0x71,0x42,0x71,0x62,0x79,0x81,0x63,0x79,0x81,0x83,0x81,0x01,
  0xa3,0x81,0xc3,0x81,0x81,0xe4,0x89,0x02,0x25,0x92,0x86,0x9a,0xa7,0x9a,0x82,0x08,
  0xa3,0x2f,0x28,0xa3,0x49,0xab,0x89,0xab,0x88,0xa3,0x2b,0xb4,0x6c,0xb4,0xce,0xbc,
  0xef,0xbc,0x10,0xbd,0x72,0xc5,0xb3,0xcd,0xf4,0xcd,0x14,0xce,0x15,0xd6,0x56,0xd6,
  0x96,0xde,0xb8,0xde,0xf9,0xde,0xb8,0xde,0x76,0xd6,0x36,0xde,0x16,0xd6,0x73,0xc5,
  0x11,0xc5,0xb8,0xde,0x19,0xdf,0x56,0xd6,0x5c,0xef,0xff,0xf7,0xfe,0xef,0xde,0xef,
  0xbd,0xef,0x7d,0xef,0x7c,0xef,0x5c,0xf7,0x3b,0xef,0x3c,0xef,0x3b,0xef,0xfb,0xee,
  0xfa,0xe6,0x37,0xd6,0x95,0xc5,0xd6,0xbd,0x54,0xa5,0x51,0x8c,0x2b,0x6b,0x44,0x29,
  0x20,0x00,0xc6,0x00,0x00,0x05,0x03,0x21,0xeb,0x5a,0xce,0x73,0xb2,0x94,0x55,0xb5,
  0x74,0xbd,0x81,0x99,0xce,0x18,0x99,0xd6,0x99,0xde,0x58,0xde,0xf6,0xdd,0x37,0xd6,
  0x58,0xd6,0x17,0xd6,0xd6,0xd5,0x17,0xde,0x9a,0xe6,0x99,0xe6,0xda,0xee,0xfa,0xee,
  0xda,0xee,0xb9,0xe6,0x57,0xde,0xf6,0xd5,0xf5,0xd5,0x33,0xcd,0xf1,0xd4,0x93,0xcd,
  0x6f,0xc4,0xd0,0xcc,0x73,0xcd,0x12,0xcd,0x82,0x93,0xcd,0x00,0x11,0xc5,0x81,0x6e,
  0xbc,0x16,0xd0,0xbc,0x8e,0xb4,0x0d,0xac,0x0c,0xb4,0x2d,0xb4,0x0c,0xac,0xcb,0xab,
  0x29,0xab,0x66,0x9a,0xa7,0xa2,0xe8,0xa2,0x87,0x9a,0x04,0x92,0x05,0x92,0x25,0x92,
  0x05,0x92,0x25,0x92,0x05,0x8a,0xe4,0x89,0xc4,0x81,0xa4,0x81,0x83,0x81,0x83,0x79,
  0x81,0x63,0x79,0x81,0x22,0x71,0x00,0x42,0x79,0x81,0x63,0x79,0x0c,0x83,0x81,0xa3,
  0x81,0xc4,0x81,0xe4,0x89,0x04,0x8a,0x24,0x92,0x45,0x92,0xa7,0x9a,0xe7,0x9a,0x08,
  0xa3,0x49,0xab,0x28,0xa3,0x49,0xa3,0x81,0xcb,0xab,0x81,0x88,0xab,0x1b,0xeb,0xb3,
  0xae,0xbc,0x0f,0xbd,0x10,0xbd,0x51,0xc5,0x93,0xc5,0xf4,0xcd,0x35,0xce,0x35,0xd6,
  0x76,0xd6,0x96,0xd6,0x97,0xde,0xd8,0xde,0x19,0xdf,0xb7,0xd6,0xd9,0xde,0x3b,0xef,
  0x98,0xde,0xd5,0xcd,0x98,0xde,0xd9,0xe6,0xd5,0xd5,0x78,0xde,0x9c,0xef,0xbd,0xef,
  0x9d,0xef,0x5c,0xef,0x5c,0xf7,0x81,0x5c,0xef,0x0c,0x7c,0xf7,0x7d,0xf7,0x5c,0xf7,
  0x3c,0xef,0x3b,0xef,0xb9,0xe6,0xf7,0xcd,0xf6,0xc5,0x54,0xad,0xb3,0x9c,0xae,0x73,
  0xe6,0x39,0x61,0x10,0xc5,0x00,0x00,0x21,0x20,0x00,0xe7,0x39,0x8d,0x6b,0x2f,0x84,
  0x13,0x9d,0xb5,0xb5,0x37,0xc6,0xb9,0xce,0xba,0xd6,0xda,0xe6,0xba,0xde,0x99,0xde,
  0x79,0xde,0x17,0xd6,0x37,0xd6,0x37,0xce,0xd6,0xd5,0xf7,0xdd,0x9a,0xe6,0xba,0xe6,
  0xb9,0xe6,0xfa,0xee,0xfa,0xe6,0xb9,0xe6,0x58,0xde,0x57,0xde,0x37,0xd6,0xb5,0xd5,
  0x12,0xd5,0x32,0xd5,0xd1,0xcc,0x12,0xcd,0xd4,0xd5,0xb4,0xd5,0x82,0x93,0xcd,0x06,
  0x51,0xc5,0x4e,0xbc,0x6f,0xbc,0xd0,0xbc,0x8e,0xb4,0x2d,0xb4,0x8b,0xb3,0x81,0x6a,
  0xab,0x02,0x29,0xab,0xa7,0xa2,0x46,0xa2,0x81,0x46,0x9a,0x0d,0x25,0x9a,0x26,0x9a,
  0x66,0x9a,0x46,0x92,0x66,0x92,0x46,0x92,0x25,0x8a,0x05,0x8a,0x05,0x82,0xc4,0x81,
  0x83,0x81,0x83,0x79,0x63,0x79,0x42,0x79,0x81,0x22,0x71,0x00,0x42,0x71,0x81,0x63,
  0x79,0x02,0xa3,0x81,0xc4,0x81,0xe4,0x89,0x81,0x04,0x8a,0x04,0x45,0x92,0x65,0x92,
  0xa7,0x9a,0x08,0x9b,0x28,0xa3,0x81,0x49,0xa3,0x0e,0x8a,0xab,0x0b,0xac,0x2c,0xac,
  0xcb,0xb3,0x69,0xab,0xca,0xb3,0xad,0xbc,0xef,0xbc,0x10,0xbd,0x51,0xc5,0x92,0xc5,
  0xd3,0xcd,0x15,0xce,0x55,0xce,0x55,0xd6,0x81,0x76,0xd6,0x13,0xb7,0xde,0xd8,0xde,
  0x96,0xde,0xd8,0xe6,0x3b,0xe7,0x3a,0xe7,0xf9,0xe6,0x98,0xde,0x77,0xde,0xb9,0xe6,
  0x57,0xd6,0xb9,0xde,0x7c,0xef,0x5c,0xef,0x5b,0xef,0x3b,0xf7,0x5c,0xef,0x7c,0xf7,
  0x7d,0xf7,0x7c,0xf7,0x81,0x7d,0xf7,0x08,0x3c,0xef,0x1b,0xef,0x78,0xd6,0xf7,0xc5,
  0xb5,0xb5,0x33,0xa5,0x30,0x84,0xca,0x52,0x23,0x21,0xc5,0x00,0x00,0x07,0x03,0x19,
  0x0c,0x5b,0xef,0x7b,0x71,0x8c,0xb5,0xb5,0x17,0xbe,0x79,0xce,0x9a,0xd6,0x81,0xda,
  0xde,0x81,0xba,0xde,0x12,0x9a,0xde,0x17,0xd6,0xf7,0xd5,0x17,0xd6,0xf7,0xd5,0x18,
  0xde,0xba,0xe6,0xda,0xe6,0x99,0xe6,0xfa,0xee,0x1a,0xef,0xb9,0xe6,0x58,0xde,0x57,
  0xde,0x37,0xd6,0x16,0xd6,0x73,0xcd,0x73,0xd5,0x94,0xd5,0x81,0x73,0xd5,0x04,0x52,
  0xd5,0x73,0xcd,0x93,0xcd,0xb3,0xcd,0x11,0xc5,0x81,0xec,0xbb,0x07,0x2d,0xbc,0x0c,
  0xb4,0x8a,0xab,0x09,0xab,0x08,0xab,0xc7,0xa2,0xa7,0xa2,0x46,0x9a,0x81,0x25,0x9a,
  0x06,0x87,0x9a,0xe8,0xa2,0xa7,0x9a,0x87,0x9a,0x66,0x92,0x86,0x92,0x66,0x8a,0x81,
  0x25,0x8a,0x05,0x05,0x82,0xc4,0x81,0xa3,0x81,0xa3,0x79,0x63,0x79,0x42,0x79,0x81,
  0x22,0x71,0x0c,0x42,0x79,0x63,0x79,0x83,0x79,0xa3,0x81,0xe4,0x81,0x04,0x8a,0x05,
  0x8a,0x25,0x92,0x65,0x92,0x86,0x92,0xa7,0x9a,0x08,0x9b,0x49,0x9b,0x81,0x69,0xa3,
  0x1d,0xaa,0xab,0xeb,0xab,0x2c,0xac,0x4c,0xb4,0xeb,0xb3,0xca,0xb3,0x8d,0xb4,0xce,
  0xbc,0x0f,0xbd,0x51,0xc5,0x92,0xc5,0xb2,0xc5,0xd3,0xc5,0x14,0xce,0x34,0xce,0x55,
  0xce,0x75,0xd6,0x76,0xd6,0x55,0xde,0x35,0xde,0x76,0xde,0xf9,0xe6,0x3a,0xef,0x19,
  0xe7,0xb7,0xde,0x77,0xde,0x19,0xe7,0x1a,0xe7,0xfa,0xe6,0x3b,0xef,0x81,0x5b,0xef,
  0x04,0x3b,0xef,0x3b,0xf7,0x5c,0xf7,0x5c,0xef,0x7d,0xf7,0x81,0x9d,0xf7,0x09,0x5c,
  0xef,0x1a,0xe7,0x98,0xde,0x17,0xce,0xd6,0xbd,0x95,0xb5,0x14,0xa5,0xd0,0x7b,0x47,
  0x42,0x81,0x10,0xc3,0x00,0x00,0x05,0x61,0x08,0x48,0x3a,0xae,0x6b,0x10,0x84,0x92,
  0x9c,0x95,0xb5,0x81,0x79,0xce,0x01,0x99,0xd6,0xda,0xde,0x81,0x9a,0xde,0x01,0xba,
  0xde,0x79,0xd6,0x82,0x18,0xd6,0x11,0xf7,0xd5,0x18,0xde,0x99,0xde,0xda,0xe6,0x99,
  0xee,0xda,0xee,0x1a,0xef,0xb9,0xe6,0x37,0xde,0x36,0xde,0x37,0xd6,0xf6,0xd5,0x94,
  0xcd,0x73,0xcd,0xd5,0xd5,0xb4,0xd5,0x73,0xd5,0x31,0xcd,0x81,0x11,0xcd,0x01,0xf0,
  0xc4,0x2c,0xbc,0x83,0x8a,0xb3,0x16,0x6a,0xab,0x29,0xab,0x6a,0xb3,0x4a,0xab,0x87,
  0x9a,0x26,0x9a,0x67,0x9a,0xc8,0x9a,0x29,0xa3,0x09,0x9b,0x87,0x9a,0x66,0x92,0x46,
  0x92,0x66,0x92,0x46,0x8a,0x25,0x8a,0x25,0x82,0xe4,0x81,0xa3,0x81,0xa4,0x79,0x83,
  0x79,0x63,0x79,0x42,0x79,0x81,0x22,0x71,0x00,0x42,0x71,0x81,0x63,0x79,0x0e,0xa3,
  0x81,0xe4,0x81,0x04,0x82,0x25,0x8a,0x45,0x92,0x66,0x92,0xa6,0x92,0xc7,0x9a,0x08,
  0x9b,0x49,0x9b,0x69,0xa3,0x89,0xa3,0xaa,0xab,0xca,0xab,0xeb,0xab,0x81,0x0b,0xb4,
  0x16,0xeb,0xb3,0x4c,0xb4,0xce,0xb4,0xef,0xbc,0x30,0xbd,0x71,0xc5,0x72,0xc5,0x92,
  0xc5,0xd3,0xcd,0x14,0xce,0x34,0xd6,0x55,0xd6,0x14,0xd6,0x56,0xde,0x97,0xde,0x96,
  0xde,0x97,0xde,0xd8,0xe6,0xf9,0xe6,0xf9,0xde,0xd8,0xde,0xd8,0xe6,0x19,0xef,0x81,
  0x19,0xe7,0x00,0x5a,0xef,0x81,0x5b,0xef,0x0f,0x5c,0xf7,0x3b,0xef,0x1b,0xef,0x5c,
  0xf7,0x7d,0xf7,0x9d,0xf7,0x7c,0xef,0x1a,0xef,0x78,0xde,0xf7,0xd5,0x95,0xc5,0xd6,
  0xbd,0xd7,0xb5,0xb2,0x94,0x4d,0x63,0x65,0x29,0xc3,0x00,0x00,0x1f,0x44,0x21,0x4c,
  0x5b,0xcf,0x73,0xb2,0x94,0xd2,0xa4,0x13,0xad,0x78,0xce,0xda,0xd6,0xda,0xde,0xba,
  0xde,0xba,0xe6,0xba,0xde,0x99,0xde,0x59,0xde,0x17,0xd6,0x18,0xde,0x79,0xde,0x38,
  0xde,0xd7,0xd5,0x58,0xde,0xba,0xde,0xb9,0xe6,0xb9,0xee,0xfa,0xee,0xb9,0xe6,0x37,
  0xde,0x16,0xde,0x16,0xd6,0xf6,0xd5,0xd5,0xd5,0x73,0xcd,0x93,0xd5,0x81,0xb4,0xd5,
  0x09,0x73,0xd5,0x32,0xcd,0xf0,0xc4,0x4d,0xc4,0xcc,0xbb,0x0d,0xbc,0xcb,0xb3,0xab,
  0xb3,0xcc,0xb3,0xec,0xb3,0x81,0xab,0xab,0x02,0x4a,0xab,0x46,0x9a,0x66,0x9a,0x81,
  0x09,0xa3,0x81,0x08,0x9b,0x00,0xa7,0x9a,0x81,0x66,0x92,0x03,0x86,0x92,0x46,0x8a,
  0x25,0x8a,0x05,0x82,0x81,0xc4,0x81,0x03,0xa4,0x79,0x83,0x79,0x63,0x79,0x42,0x71,
  0x00,0x22,0x71,0x81,0x42,0x71,0x81,0x63,0x79,0x0f,0x83,0x79,0xc4,0x81,0xe5,0x89,
  0x25,0x8a,0x45,0x92,0x66,0x92,0xa7,0x92,0xc7,0x9a,0x08,0x9b,0x48,0x9b,0x69,0xa3,
  0x8a,0xa3,0xaa,0xa3,0xca,0xab,0xea,0xab,0xeb,0xb3,0x81,0xcb,0xb3,0x0d,0x4c,0xbc,
  0x8d,0xb4,0xae,0xbc,0xef,0xbc,0x30,0xc5,0x71,0xc5,0x91,0xc5,0xb2,0xcd,0xd2,0xcd,
  0xd3,0xd5,0xf3,0xd5,0x35,0xd6,0x77,0xd6,0x96,0xde,0x81,0x97,0xde,0x00,0xf9,0xde,
  0x81,0x19,0xe7,0x01,0xf8,0xde,0xf9,0xde,0x81,0xd7,0xe6,0x81,0xd8,0xee,0x01,0xf9,
  0xee,0x1a,0xef,0x81,0x3b,0xef,0x0e,0x1a,0xef,0x1b,0xef,0x3b,0xef,0x5c,0xef,0x3b,
  0xef,0xfa,0xe6,0x99,0xde,0x37,0xd6,0x95,0xcd,0x54,0xbd,0x55,0xbd,0x13,0xa5,0x10,
  0x7c,0xcc,0x52,0xc2,0x10,0xc1,0x00,0x00,0x0a,0x81,0x08,0x89,0x4a,0xce,0x73,0x71,
  0x8c,0x55,0x9d,0xb6,0xb5,0x95,0xbd,0xb5,0xc5,0x79,0xde,0x1b,0xe7,0xda,0xde,0x81,
  0xba,0xde,0x05,0x79,0xde,0x17,0xde,0xd7,0xdd,0x58,0xde,0x99,0xe6,0x59,0xde,0x81,
  0xf7,0xdd,0x13,0x58,0xde,0x79,0xe6,0x99,0xe6,0xd9,0xe6,0x98,0xe6,0x16,0xde,0xf6,
  0xdd,0x16,0xde,0xd5,0xd5,0xd5,0xcd,0x94,0xd5,0x52,0xcd,0x73,0xd5,0xd4,0xd5,0x73,
  0xcd,0x52,0xcd,0x31,0xcd,0x4d,0xbc,0x2e,0xbc,0x4e,0xbc,0x81,0x8a,0xb3,0x0b,0x0d,
  0xb4,0x4d,0xac,0xcb,0xab,0x8a,0xab,0xc8,0xa2,0x25,0x9a,0xc8,0xa2,0x29,0xa3,0x09,
  0xa3,0x08,0x9b,0xc7,0x9a,0x87,0x9a,0x81,0x66,0x92,0x03,0x86,0x8a,0x46,0x8a,0x25,
  0x8a,0xe5,0x81,0x81,0xc4,0x81,0x03,0xa4,0x79,0x83,0x79,0x63,0x79,0x42,0x71,0x81,
  0x22,0x71,0x81,0x42,0x71,0x24,0x63,0x79,0x83,0x79,0xc4,0x81,0xe4,0x89,0x05,0x8a,
  0x45,0x92,0x66,0x92,0xa6,0x92,0xc7,0x9a,0x08,0x9b,0x28,0x9b,0x49,0xa3,0x89,0xa3,
  0xaa,0xa3,0xaa,0xab,0xca,0xab,0xca,0xb3,0x89,0xab,0xaa,0xb3,0x0c,0xbc,0x4c,0xbc,
  0x6d,0xbc,0xae,0xbc,0xef,0xbc,0x10,0xc5,0x30,0xc5,0x71,0xcd,0x92,0xcd,0xd3,0xd5,
  0x15,0xd6,0x55,0xd6,0x76,0xd6,0x96,0xde,0x76,0xde,0x96,0xde,0xb7,0xde,0xd8,0xde,
  0x81,0xf8,0xde,0x82,0xf9,0xe6,0x82,0x3a,0xef,0x02,0x5b,0xef,0x3b,0xef,0x3a,0xef,
  0x81,0x1a,0xef,0x00,0x1b,0xef,0x81,0x3b,0xef,0x0a,0x1a,0xe7,0xda,0xde,0x57,0xd6,
  0xd6,0xcd,0x55,0xc5,0x34,0xbd,0x75,0xb5,0xf3,0x9c,0x11,0x7c,0x28,0x42,0x40,0x08,
  0xbf,0x00,0x00,0x22,0x20,0x00,0xa5,0x31,0x4c,0x6b,0xef,0x83,0xd3,0x9c,0xb6,0xad,
  0x38,0xbe,0x38,0xce,0x38,0xd6,0xf8,0xdd,0xba,0xe6,0xfb,0xe6,0xba,0xde,0x18,0xd6,
  0xb6,0xd5,0xf7,0xdd,0x58,0xe6,0x79,0xe6,0x99,0xe6,0x59,0xe6,0xf7,0xdd,0xd6,0xdd,
  0x38,0xde,0x17,0xde,0x57,0xde,0xb9,0xe6,0x57,0xe6,0xf5,0xdd,0xb5,0xd5,0xd5,0xd5,
  0xd4,0xd5,0x94,0xcd,0x73,0xcd,0x53,0xcd,0x72,0xd5,0x81,0x72,0xcd,0x01,0x52,0xcd,
  0x31,0xc5,0x81,0x2d,0xbc,0x06,0x2d,0xb4,0xab,0xb3,0x69,0xab,0xcb,0xb3,0x4d,0xb4,
  0xab,0xab,0xe8,0xaa,0x81,0x87,0x9a,0x0b,0x29,0xa3,0x49,0xa3,0x29,0xa3,0xe8,0x9a,
  0x87,0x92,0x86,0x9a,0x46,0x92,0x66,0x92,0x66,0x8a,0x46,0x8a,0x25,0x8a,0xe4,0x81,
  0x81,0xc4,0x81,0x03,0xa3,0x79,0x83,0x79,0x63,0x79,0x42,0x71,0x81,0x22,0x71,0x0e,
  0x42,0x71,0x42,0x79,0x63,0x79,0x83,0x79,0xa3,0x81,0xe4,0x81,0x04,0x8a,0x25,0x8a,
  0x45,0x92,0x66,0x92,0x86,0x9a,0xc7,0x9a,0x08,0x9b,0x08,0xa3,0x48,0xa3,0x81,0x69,
  0xab,0x0d,0x89,0xab,0x48,0xab,0x49,0xab,0xaa,0xb3,0x8a,0xb3,0xaa,0xb3,0x0c,0xbc,
  0x2c,0xbc,0x6d,0xbc,0xcf,0xbc,0x10,0xc5,0x71,0xcd,0xd3,0xcd,0x14,0xd6,0x81,0x55,
  0xd6,0x04,0x35,0xd6,0x56,0xd6,0x76,0xd6,0x96,0xde,0xb7,0xde,0x82,0xd8,0xde,0x08,
  0xd9,0xde,0x19,0xe7,0x39,0xe7,0x3a,0xe7,0x5a,0xe7,0x7b,0xef,0x7c,0xef,0x5b,0xef,
  0x3b,0xef,0x81,0x5b,0xef,0x0d,0x3b,0xef,0x5c,0xef,0x5b,0xef,0x1a,0xef,0xda,0xe6,
  0x79,0xde,0x17,0xce,0xb6,0xc5,0x75,0xbd,0xb7,0xb5,0x35,0xad,0x51,0x94,0x8f,0x73,
  0xa6,0x31,0xbf,0x00,0x00,0x10,0x03,0x21,0xca,0x5a,0xae,0x73,0x51,0x84,0x35,0xad,
  0xf8,0xbd,0x59,0xc6,0x79,0xce,0xba,0xde,0xfb,0xde,0x79,0xde,0x9a,0xe6,0x79,0xde,
  0xf7,0xd5,0xb6,0xdd,0x38,0xe6,0x99,0xe6,0x82,0x79,0xe6,0x0f,0x58,0xe6,0xf7,0xdd,
  0x17,0xde,0x58,0xe6,0x16,0xe6,0x37,0xe6,0x36,0xde,0x16,0xde,0xb4,0xd5,0x53,0xd5,
  0xb4,0xd5,0x73,0xd5,0x53,0xcd,0x73,0xcd,0x94,0xd5,0x32,0xcd,0x81,0x52,0xcd,0x0b,
  0xd0,0xc4,0x4d,0xbc,0x8e,0xbc,0x2d,0xb4,0x8a,0xb3,0x29,0xab,0x6a,0xab,0xcc,0xb3,
  0x29,0xab,0x66,0x9a,0x67,0x9a,0xe8,0xa2,0x81,0x49,0xa3,0x03,0x29,0x9b,0xc8,0x9a,
  0x87,0x92,0x86,0x92,0x81,0x46,0x92,0x02,0x46,0x8a,0x25,0x8a,0x05,0x82,0x81,0xc4,
  0x81,0x01,0xc4,0x79,0xa3,0x79,0x81,0x63,0x79,0x00,0x22,0x71,0x81,0x22,0x71,0x81,
  0x42,0x71,0x0d,0x63,0x79,0x83,0x79,0xa3,0x81,0xe4,0x81,0x05,0x8a,0x25,0x8a,0x45,
  0x92,0x66,0x92,0x86,0x9a,0xc7,0x9a,0xe7,0x9a,0x08,0xa3,0x28,0xa3,0x69,0xa3,0x81,
  0x89,0xab,0x0d,0x49,0xab,0x8a,0xb3,0xaa,0xb3,0x49,0xab,0x8a,0xb3,0x0b,0xbc,0x2c,
  0xb4,0x8d,0xbc,0x10,0xc5,0x51,0xc5,0x92,0xcd,0xd3,0xcd,0xf4,0xcd,0x14,0xd6,0x81,
  0x35,0xd6,0x00,0x75,0xd6,0x81,0x76,0xd6,0x02,0x97,0xde,0x97,0xd6,0xd8,0xde,0x82,
  0xf9,0xde,0x03,0x19,0xe7,0xf9,0xe6,0x19,0xe7,0x3a,0xe7,0x82,0x5b,0xe7,0x81,0x7c,
  0xef,0x0e,0x3b,0xef,0x1a,0xef,0x1b,0xef,0xda,0xe6,0xfb,0xe6,0xda,0xe6,0x58,0xd6,
  0xf6,0xcd,0x95,0xbd,0xd6,0xc5,0x96,0xb5,0x92,0x9c,0x32,0x8c,0x4d,0x6b,0xe3,0x18,
  0xbd,0x00,0x00,0x0d,0x81,0x10,0x48,0x4a,0x8e,0x6b,0x50,0x7c,0x34,0x9d,0xd7,0xb5,
  0x59,0xc6,0x9a,0xd6,0xba,0xd6,0x9a,0xde,0xdb,0xe6,0xba,0xe6,0x59,0xde,0x39,0xde,
  0x81,0x79,0xde,0x00,0x59,0xe6,0x82,0x79,0xe6,0x1e,0xb9,0xe6,0x9a,0xe6,0x38,0xde,
  0x17,0xde,0x79,0xe6,0x58,0xde,0x16,0xde,0xd5,0xdd,0xf5,0xdd,0xf5,0xd5,0x74,0xd5,
  0xb4,0xd5,0xd4,0xd5,0xb4,0xd5,0x73,0xd5,0x73,0xcd,0x52,0xcd,0x31,0xc5,0xf1,0xc4,
  0x6e,0xbc,0x4e,0xbc,0xf0,0xbc,0x6e,0xb4,0x6a,0xb3,0x09,0xb3,0x6a,0xab,0x8b,0xab,
  0xe8,0xa2,0xc8,0xa2,0xa8,0xa2,0xe9,0xa2,0x81,0x49,0xa3,0x08,0x29,0x9b,0xc8,0x9a,
  0x87,0x92,0x86,0x92,0x66,0x92,0x45,0x8a,0x25,0x8a,0x05,0x8a,0xe4,0x81,0x81,0xc4,
  0x81,0x04,0xa4,0x79,0x83,0x79,0x63,0x79,0x62,0x71,0x22,0x71,0x81,0x22,0x71,0x81,
  0x42,0x71,0x06,0x62,0x79,0x63,0x79,0xa3,0x81,0xe4,0x81,0x05,0x8a,0x25,0x8a,0x66,
  0x92,0x81,0x86,0x92,0x14,0xc7,0x9a,0x08,0x9b,0x08,0xa3,0x48,0xa3,0x69,0xa3,0xaa,
  0xab,0xcb,0xab,0xcb,0xb3,0xca,0xb3,0xaa,0xb3,0xcb,0xb3,0x0b,0xb4,0x2c,0xbc,0x6d,
  0xbc,0xcf,0xbc,0x10,0xc5,0x51,0xcd,0x92,0xcd,0xd3,0xcd,0xf4,0xcd,0x14,0xd6,0x81,
  0x35,0xd6,0x00,0x76,0xde,0x81,0x96,0xde,0x81,0x97,0xde,0x0e,0xb8,0xde,0xd8,0xde,
  0xf9,0xde,0x1a,0xdf,0x5b,0xe7,0x3b,0xe7,0x19,0xe7,0x1a,0xe7,0x5b,0xe7,0x7b,0xe7,
  0x3b,0xe7,0x5b,0xe7,0x5c,0xe7,0x3b,0xe7,0x1b,0xe7,0x81,0xfb,0xe6,0x81,0xda,0xe6,
  0x09,0xda,0xde,0x58,0xd6,0xb6,0xcd,0xb6,0xc5,0x95,0xb5,0x35,0xad,0xf4,0x9c,0x72,
  0x84,0xaa,0x52,0xa2,0x10,0xbb,0x00,0x00,0x12,0x40,0x08,0xe6,0x39,0x6d,0x6b,0xce,
  0x73,0xb3,0x94,0xb7,0xb5,0xf8,0xbd,0x9a,0xce,0xba,0xd6,0x9a,0xd6,0x9a,0xde,0xbb,
  0xde,0xfc,0xe6,0xbb,0xe6,0x39,0xde,0x9a,0xde,0xba,0xe6,0x79,0xe6,0x59,0xe6,0x81,
  0x79,0xde,0x81,0xba,0xe6,0x05,0xb9,0xe6,0x79,0xe6,0x98,0xe6,0x78,0xe6,0x37,0xe6,
  0x16,0xde,0x81,0xf5,0xd5,0x82,0xd5,0xd5,0x07,0xd4,0xd5,0x93,0xd5,0x31,0xcd,0x11,
  0xc5,0xf1,0xc4,0xd0,0xc4,0x0c,0xb4,0x2d,0xbc,0x81,0x6e,0xbc,0x0f,0xec,0xb3,0x29,
  0xb3,0xab,0xb3,0x6a,0xab,0x09,0xab,0x6a,0xab,0xe8,0xa2,0xc8,0xa2,0x4a,0xa3,0x49,
  0xa3,0x08,0x9b,0xa7,0x9a,0x87,0x92,0x86,0x92,0x66,0x92,0x25,0x8a,0x81,0x05,0x8a,
  0x00,0xe4,0x81,0x81,0xc4,0x81,0x04,0xa4,0x79,0x83,0x79,0x63,0x79,0x42,0x71,0x22,
  0x71,0x81,0x22,0x71,0x81,0x42,0x71,0x1f,0x42,0x79,0x63,0x79,0x83,0x79,0xc4,0x81,
  0x04,0x82,0x25,0x8a,0x45,0x8a,0x65,0x92,0x86,0x92,0xc7,0x9a,0xe7,0x9a,0x08,0x9b,
  0x49,0xa3,0x69,0xa3,0xaa,0xab,0xcb,0xab,0xeb,0xab,0xca,0xab,0xcb,0xb3,0x2c,0xb4,
  0x4d,0xb4,0x6d,0xb4,0xae,0xbc,0xcf,0xbc,0x0f,0xc5,0x50,0xc5,0x92,0xcd,0xd3,0xcd,
  0xf4,0xcd,0x14,0xd6,0x35,0xd6,0x55,0xd6,0x81,0x76,0xde,0x06,0x96,0xde,0x76,0xde,
  0x97,0xde,0xb7,0xde,0xb8,0xde,0xd9,0xde,0x3a,0xdf,0x81,0x5b,0xe7,0x05,0x1a,0xe7,
  0x3a,0xe7,0x7b,0xef,0x7b,0xe7,0x5b,0xe7,0x5c,0xe7,0x81,0x3c,0xe7,0x0f,0x5d,0xe7,
  0x5c,0xef,0x1c,0xef,0xfb,0xe6,0xda,0xde,0xdb,0xe6,0x79,0xde,0x58,0xce,0x38,0xce,
  0xb6,0xc5,0xb7,0xbd,0x76,0xa5,0x34,0x9d,0x30,0x7c,0xe7,0x39,0x41,0x08,0xba,0x00,
  0x00,0x1e,0x85,0x29,0x2c,0x63,0xae,0x73,0x71,0x8c,0x55,0xa5,0xf9,0xbd,0x39,0xc6,
  0x17,0xc6,0x18,0xce,0x59,0xd6,0x7a,0xd6,0xbb,0xde,0xfc,0xe6,0x7a,0xe6,0xf7,0xdd,
  0x38,0xde,0x79,0xe6,0x58,0xe6,0x59,0xde,0x59,0xd6,0x58,0xde,0x99,0xe6,0xba,0xe6,
  0xfa,0xe6,0xfa,0xee,0xda,0xe6,0xb9,0xe6,0x57,0xe6,0x57,0xde,0x36,0xde,0x15,0xd6,
  0x81,0xf5,0xd5,0x03,0xd4,0xd5,0xb4,0xd5,0x93,0xcd,0xf0,0xc4,0x81,0xf1,0xc4,0x0f,
  0x2d,0xbc,0xcc,0xb3,0x4d,0xbc,0x2d,0xbc,0xec,0xbb,0x6a,0xb3,0x49,0xab,0xab,0xb3,
  0x29,0xab,0x4a,0xab,0x8b,0xab,0x09,0xa3,0xe8,0xa2,0x49,0xa3,0x29,0xa3,0xe8,0x9a,
  0x82,0x86,0x92,0x00,0x46,0x8a,0x82,0x05,0x8a,0x07,0xe4,0x81,0xc4,0x81,0xa4,0x81,
  0xa3,0x79,0x83,0x79,0x63,0x79,0x42,0x71,0x22,0x71,0x01,0x02,0x71,0x22,0x71,0x81,
  0x42,0x71,0x0f,0x62,0x79,0x63,0x79,0x83,0x79,0xc4,0x81,0x04,0x82,0x25,0x8a,0x45,
  0x8a,0x66,0x92,0xa7,0x92,0xc7,0x9a,0xe7,0x9a,0x08,0x9b,0x49,0xa3,0x8a,0xa3,0xaa,
  0xab,0xcb,0xab,0x81,0xeb,0xab,0x09,0x0c,0xb4,0x4c,0xb4,0x6d,0xb4,0x8e,0xbc,0xae,
  0xbc,0xef,0xbc,0x30,0xc5,0x51,0xc5,0x92,0xc5,0xb3,0xcd,0x81,0xf4,0xd5,0x0f,0x15,
  0xd6,0x35,0xd6,0x76,0xd6,0x55,0xd6,0x35,0xde,0x55,0xd6,0x76,0xd6,0x97,0xd6,0xd8,
  0xde,0xf9,0xde,0x1a,0xdf,0x5b,0xe7,0x3a,0xe7,0xf9,0xde,0x1a,0xe7,0x5b,0xe7,0x81,
  0x7c,0xe7,0x06,0x5c,0xe7,0x5c,0xef,0x5d,0xef,0x5c,0xe7,0x3c,0xe7,0x1b,0xe7,0xfb,
  0xe6,0x81,0xda,0xde,0x0a,0xb9,0xde,0x58,0xce,0xf7,0xcd,0xd7,0xc5,0xf7,0xbd,0xd7,
  0xb5,0x75,0xa5,0x92,0x94,0xf0,0x7b,0x08,0x42,0x41,0x08,0xb7,0x00,0x00,0x10,0x20,
  0x00,0x23,0x21,0xcb,0x5a,0xaf,0x7b,0x30,0x84,0xf4,0x9c,0xb7,0xb5,0x39,0xc6,0x59,
  0xce,0x34,0xc5,0x55,0xcd,0x38,0xd6,0x59,0xd6,0x79,0xde,0x59,0xde,0x39,0xe6,0x59,
  0xe6,0x81,0x18,0xde,0x04,0x79,0xe6,0x79,0xde,0x38,0xd6,0x58,0xde,0x99,0xe6,0x81,
  0xb9,0xe6,0x1e,0xfa,0xee,0x1b,0xef,0xda,0xe6,0x98,0xe6,0x78,0xde,0x57,0xde,0x16,
  0xd6,0xd5,0xd5,0xf5,0xd5,0xd4,0xd5,0x52,0xcd,0x11,0xc5,0xd0,0xc4,0xb0,0xc4,0xd0,
  0xc4,0xcc,0xbb,0x0d,0xbc,0xaf,0xbc,0x8e,0xbc,0x2d,0xbc,0x49,0xb3,0x29,0xab,0x4a,
  0xab,0x08,0xab,0x8b,0xb3,0x4a,0xab,0xe9,0xa2,0xe8,0x9a,0x09,0xa3,0xe8,0x9a,0xa7,
  0x9a,0x82,0x66,0x92,0x00,0x46,0x92,0x81,0x25,0x8a,0x08,0x05,0x8a,0xc4,0x81,0xa4,
  0x81,0xa4,0x79,0x83,0x79,0x63,0x79,0x63,0x71,0x42,0x71,0x22,0x71,0x00,0x02,0x71,
  0x81,0x22,0x71,0x00,0x42,0x71,0x82,0x63,0x79,0x19,0xa4,0x81,0xe4,0x81,0x05,0x8a,
  0x45,0x8a,0x66,0x8a,0xa6,0x92,0xa7,0x92,0xe7,0x9a,0x28,0x9b,0x49,0xa3,0x8a,0xa3,
  0xaa,0xa3,0xcb,0xab,0xeb,0xab,0x0b,0xac,0x2c,0xb4,0x4d,0xb4,0x6d,0xb4,0x8e,0xbc,
  0xae,0xbc,0xcf,0xbc,0x10,0xc5,0x51,0xc5,0x72,0xc5,0xb3,0xcd,0xd3,0xcd,0x81,0xf4,
  0xcd,0x09,0x35,0xd6,0x55,0xd6,0x14,0xd6,0xd3,0xd5,0xd4,0xd5,0x56,0xd6,0x35,0xd6,
  0xb3,0xd5,0x98,0xde,0x19,0xdf,0x81,0x3a,0xe7,0x01,0xfa,0xe6,0x1a,0xe7,0x81,0x7b,
  0xe7,0x04,0x7c,0xe7,0x5c,0xe7,0x5c,0xef,0x5c,0xe7,0x3c,0xe7,0x82,0x1b,0xe7,0x0d,
  0xda,0xe6,0x58,0xd6,0x17,0xde,0x18,0xde,0x38,0xd6,0x59,0xce,0x18,0xc6,0xf7,0xbd,
  0x75,0xad,0x14,0xa5,0xd3,0x9c,0xcf,0x73,0xc7,0x31,0x20,0x00,0xb6,0x00,0x00,0x08,
  0x24,0x21,0xca,0x52,0x8d,0x73,0xcf,0x7b,0xd4,0x9c,0x55,0xa5,0xd6,0xb5,0x79,0xce,
  0x7a,0xce,0x81,0xd8,0xcd,0x08,0x79,0xd6,0x9a,0xde,0x7a,0xde,0xb7,0xd5,0x76,0xd5,
  0xdb,0xe6,0x9a,0xe6,0x59,0xde,0x99,0xe6,0x81,0x58,0xde,0x04,0x99,0xde,0xba,0xe6,
  0xb9,0xe6,0x98,0xe6,0xb9,0xe6,0x81,0xfa,0xee,0x02,0xd9,0xe6,0x98,0xde,0x36,0xde,
  0x81,0xd5,0xd5,0x04,0xb4,0xd5,0x93,0xd5,0x32,0xcd,0xd0,0xc4,0xb0,0xc4,0x81,0x2d,
  0xbc,0x0b,0xac,0xb3,0x0d,0xbc,0x8f,0xbc,0x6e,0xbc,0x4d,0xb4,0xcb,0xb3,0x4a,0xb3,
  0x29,0xab,0xe8,0xaa,0x6b,0xab,0x09,0xa3,0xc8,0xa2,0x81,0xc8,0x9a,0x00,0xa7,0x9a,
  0x81,0x87,0x92,0x02,0x86,0x92,0x66,0x92,0x46,0x8a,0x81,0x25,0x8a,0x01,0xe4,0x81,
  0xa4,0x81,0x81,0xa3,0x79,0x02,0x83,0x79,0x63,0x79,0x42,0x71,0x81,0x22,0x71,0x00,
  0x02,0x69,0x81,0x22,0x71,0x81,0x42,0x71,0x81,0x63,0x79,0x19,0xa3,0x81,0xe4,0x81,
  0x04,0x82,0x25,0x8a,0x66,0x8a,0x86,0x92,0xa7,0x92,0xe7,0x9a,0x08,0x9b,0x49,0x9b,
  0x69,0xa3,0x8a,0xa3,0xca,0xab,0xeb,0xab,0x0c,0xac,0x2c,0xb4,0x4d,0xb4,0x6d,0xb4,
  0x8d,0xb4,0xaf,0xbc,0xcf,0xbc,0xef,0xbc,0x31,0xc5,0x71,0xc5,0x92,0xcd,0xd3,0xcd,
  0x81,0xf4,0xcd,0x00,0x14,0xce,0x81,0xf4,0xcd,0x0c,0x15,0xd6,0xb3,0xd5,0x56,0xde,
  0xf4,0xd5,0x51,0xcd,0x15,0xd6,0xd8,0xde,0x19,0xdf,0x3b,0xe7,0x1a,0xe7,0xf9,0xe6,
  0x7b,0xef,0x7c,0xe7,0x81,0x5c,0xef,0x01,0x5b,0xe7,0x3b,0xdf,0x81,0x1b,0xe7,0x00,
  0xfb,0xe6,0x81,0x1c,0xe7,0x02,0x79,0xd6,0x38,0xd6,0x99,0xde,0x81,0x79,0xd6,0x08,
  0x59,0xce,0xb6,0xbd,0x96,0xb5,0x95,0xb5,0xd3,0xa4,0x92,0x8c,0xcf,0x6b,0xe7,0x31,
  0x41,0x00,0xb3,0x00,0x00,0x0c,0x40,0x00,0x44,0x29,0xea,0x5a,0xae,0x73,0x10,0x84,
  0xd3,0x94,0x76,0xad,0xf7,0xbd,0x18,0xc6,0x59,0xce,0x7a,0xd6,0x9b,0xd6,0xbb,0xd6,
  0x81,0xdb,0xde,0x0b,0xfb,0xde,0x39,0xde,0x35,0xd5,0x96,0xd5,0x59,0xde,0x9a,0xe6,
  0x79,0xde,0x39,0xde,0x9a,0xde,0xba,0xe6,0x99,0xde,0xba,0xe6,0x81,0x99,0xe6,0x81,
  0xd9,0xe6,0x02,0xb9,0xe6,0xb8,0xe6,0x36,0xde,0x81,0xb4,0xd5,0x0d,0x93,0xd5,0x52,
  0xcd,0x11,0xc5,0xd0,0xc4,0x8f,0xc4,0x0d,0xbc,0x8b,0xb3,0x6a,0xb3,0x0d,0xb4,0x4e,
  0xbc,0x4d,0xb4,0x2d,0xb4,0xab,0xb3,0x6a,0xb3,0x81,0x09,0xab,0x05,0x09,0xa3,0xa8,
  0x9a,0xc8,0x9a,0xa7,0x9a,0x66,0x9a,0x66,0x92,0x81,0x87,0x92,0x81,0x66,0x92,0x04,
  0x46,0x8a,0x25,0x8a,0x05,0x8a,0xe4,0x81,0xa4,0x79,0x81,0x83,0x79,0x81,0x63,0x79,
  0x00,0x42,0x71,0x81,0x22,0x71,0x02,0x02,0x69,0x02,0x71,0x22,0x71,0x81,0x42,0x71,
  0x81,0x63,0x79,0x0f,0x83,0x79,0xc4,0x81,0xe4,0x81,0x05,0x8a,0x46,0x8a,0x86,0x92,
  0xa7,0x92,0xc7,0x92,0xe8,0x9a,0x28,0x9b,0x69,0xa3,0x89,0xa3,0xaa,0xa3,0xeb,0xab,
  0x0c,0xac,0x2c,0xac,0x81,0x4d,0xb4,0x07,0x6d,0xb4,0x8e,0xbc,0xcf,0xbc,0xef,0xbc,
  0x30,0xc5,0x51,0xc5,0x72,0xcd,0xb2,0xcd,0x81,0xd3,0xcd,0x09,0xf3,0xcd,0xf2,0xcd,
  0x14,0xd6,0x35,0xd6,0x93,0xd5,0x92,0xd5,0x72,0xd5,0x92,0xd5,0x14,0xd6,0xb8,0xde,
  0x81,0x19,0xe7,0x07,0xf8,0xe6,0xf9,0xe6,0x7c,0xef,0x9c,0xef,0x7b,0xef,0x7b,0xe7,
  0xfa,0xde,0xda,0xde,0x83,0x1b,0xe7,0x0f,0x3c,0xe7,0xdb,0xde,0xb9,0xde,0xfa,0xde,
  0xf7,0xd5,0x58,0xd6,0x78,0xd6,0xb6,0xc5,0xd6,0xc5,0xb6,0xbd,0xf3,0xa4,0x93,0x94,
  0x92,0x8c,0xcf,0x73,0x49,0x42,0x61,0x08,0xb1,0x00,0x00,0x1b,0x20,0x00,0x44,0x29,
  0x89,0x4a,0xae,0x73,0x30,0x84,0x92,0x94,0xd3,0xa4,0x95,0xbd,0x18,0xce,0x59,0xce,
  0x7a,0xd6,0x79,0xd6,0x9a,0xd6,0xdc,0xde,0xfc,0xe6,0x1c,0xe7,0x3c,0xe7,0xdb,0xde,
  0x3a,0xde,0x96,0xd5,0xd6,0xdd,0x9a,0xe6,0x59,0xde,0x38,0xde,0x39,0xde,0x59,0xde,
  0x38,0xde,0x78,0xde,0x81,0xb9,0xe6,0x01,0xd9,0xe6,0xb9,0xe6,0x81,0x98,0xe6,0x06,
  0x57,0xde,0xf5,0xdd,0x73,0xd5,0x52,0xd5,0x12,0xcd,0xd0,0xc4,0x8f,0xc4,0x81,0x6f,
  0xbc,0x07,0x4e,0xbc,0x0d,0xbc,0x2d,0xbc,0x2d,0xb4,0x0c,0xb4,0xab,0xb3,0x6a,0xab,
  0x8b,0xab,0x81,0xe8,0xa2,0x03,0xc8,0xa2,0xa8,0x9a,0xc8,0x9a,0x87,0x9a,0x81,0x46,
  0x92,0x82,0x66,0x92,0x05,0x46,0x92,0x46,0x8a,0x45,0x8a,0x05,0x82,0xc4,0x81,0xa3,
  0x79,0x81,0x83,0x79,0x04,0x63,0x79,0x63,0x71,0x42,0x71,0x22,0x71,0x02,0x71,0x01,
  0x01,0x69,0x02,0x71,0x81,0x22,0x71,0x00,0x42,0x71,0x81,0x63,0x79,0x1a,0x83,0x79,
  0xa4,0x81,0xe4,0x81,0xe4,0x89,0x25,0x8a,0x66,0x92,0xa6,0x92,0xc7,0x92,0xe7,0x9a,
  0x28,0x9b,0x49,0x9b,0x69,0xa3,0x89,0xa3,0xca,0xab,0xeb,0xab,0x0c,0xac,0x2c,0xb4,
  0x4c,0xb4,0x6d,0xb4,0x8d,0xbc,0xaf,0xbc,0xef,0xbc,0x30,0xc5,0x51,0xc5,0x71,0xc5,
  0x92,0xcd,0xb2,0xcd,0x81,0xd3,0xcd,0x05,0xd2,0xcd,0x14,0xd6,0x34,0xd6,0xb3,0xd5,
  0x51,0xd5,0xd3,0xd5,0x81,0xf4,0xd5,0x81,0xb7,0xde,0x08,0xb8,0xde,0x19,0xe7,0x1a,
  0xe7,0x5b,0xef,0x7b,0xe7,0x5b,0xe7,0x3b,0xe7,0x1a,0xe7,0xfa,0xe6,0x82,0x3b,0xe7,
  0x07,0xda,0xde,0xfa,0xe6,0xfb,0xe6,0xda,0xe6,0xba,0xde,0xf7,0xd5,0x38,0xd6,0x58,
  0xd6,0x81,0x38,0xce,0x07,0x17,0xbe,0xb6,0xb5,0x75,0xad,0xf3,0x9c,0x71,0x94,0xcf,
  0x7b,0x49,0x42,0xa2,0x10,0xaf,0x00,0x00,0x0a,0x40,0x08,0x44,0x29,0x89,0x52,0x4c,
  0x6b,0x10,0x7c,0xd3,0x9c,0xf4,0xa4,0x72,0xa4,0x55,0xbd,0x59,0xce,0xbb,0xd6,0x81,
  0xfc,0xe6,0x02,0xba,0xde,0xdc,0xe6,0x1c,0xe7,0x81,0x3d,0xef,0x14,0x1c,0xe7,0xfc,
  0xe6,0x7a,0xde,0xd7,0xdd,0xf7,0xdd,0x7a,0xe6,0x39,0xde,0xd7,0xd5,0x18,0xd6,0x17,
  0xd6,0x37,0xde,0x99,0xe6,0xd9,0xe6,0xd9,0xee,0xd9,0xe6,0xb8,0xe6,0x77,0xe6,0x57,
  0xde,0x36,0xde,0xd4,0xd5,0x52,0xd5,0x81,0x32,0xcd,0x00,0xf1,0xc4,0x81,0xd0,0xc4,
  0x04,0xb0,0xbc,0x8f,0xbc,0x4e,0xbc,0xec,0xb3,0xcb,0xb3,0x81,0x6b,0xab,0x08,0x6a,
  0xab,0xc8,0xa2,0x67,0x9a,0xa8,0xa2,0x09,0xa3,0xe8,0xa2,0xa7,0x9a,0x87,0x9a,0x67,
  0x9a,0x81,0x66,0x92,0x00,0x46,0x92,0x81,0x46,0x8a,0x03,0x25,0x8a,0x05,0x82,0xc4,
  0x81,0xa3,0x79,0x81,0x83,0x79,0x04,0x63,0x79,0x43,0x71,0x42,0x71,0x22,0x71,0x02,
  0x71,0x01,0x01,0x69,0x02,0x71,0x81,0x22,0x71,0x01,0x42,0x71,0x42,0x79,0x81,0x63,
  0x79,0x00,0xa3,0x81,0x81,0xc4,0x81,0x16,0x04,0x8a,0x45,0x8a,0x86,0x92,0xa7,0x92,
  0xc7,0x9a,0x08,0x9b,0x29,0x9b,0x69,0xa3,0x89,0xa3,0xaa,0xa3,0xca,0xab,0xeb,0xab,
  0x0b,0xac,0x2c,0xb4,0x6d,0xb4,0x8d,0xbc,0xae,0xbc,0xcf,0xbc,0x0f,0xbd,0x30,0xc5,
  0x51,0xc5,0x71,0xcd,0x92,0xcd,0x81,0xd2,0xcd,0x02,0xd3,0xcd,0x34,0xd6,0x55,0xd6,
  0x81,0x14,0xd6,0x01,0x76,0xde,0x96,0xde,0x81,0xf4,0xd5,0x00,0x97,0xde,0x81,0xf9,
  0xde,0x04,0xd9,0xde,0x3a,0xe7,0x7b,0xe7,0x5b,0xef,0x3b,0xe7,0x81,0x5b,0xe7,0x16,
  0x3b,0xe7,0x1b,0xe7,0x3b,0xe7,0xfa,0xe6,0xba,0xde,0x1b,0xe7,0xda,0xe6,0x38,0xde,
  0x9a,0xde,0xba,0xde,0x79,0xde,0x38,0xd6,0x18,0xce,0x38,0xce,0x17,0xc6,0xf7,0xbd,
  0x75,0xad,0xb3,0x9c,0x31,0x8c,0x0f,0x74,0xcb,0x52,0x04,0x21,0x20,0x00,0xac,0x00,
  0x00,0x10,0x81,0x10,0xc6,0x39,0xa9,0x5a,0x2c,0x63,0xd0,0x7b,0x52,0x94,0x15,0xad,
  0xb7,0xb5,0xd7,0xbd,0x96,0xc5,0xf7,0xcd,0x9b,0xde,0x5e,0xe7,0x5e,0xef,0x1d,0xe7,
  0xfb,0xe6,0x1c,0xe7,0x81,0xfc,0xe6,0x07,0xdb,0xe6,0xbb,0xe6,0x9b,0xe6,0x5a,0xe6,
  0x34,0xd5,0x55,0xdd,0x19,0xde,0xd8,0xd5,0x81,0xb6,0xd5,0x0e,0x17,0xde,0x78,0xde,
  0xb9,0xe6,0xd9,0xe6,0xf9,0xee,0xb8,0xe6,0x77,0xe6,0x57,0xde,0x16,0xde,0xd5,0xd5,
  0x52,0xcd,0x11,0xcd,0x31,0xc5,0xf0,0xc4,0xae,0xbc,0x82,0xaf,0xbc,0x02,0x8f,0xb4,
  0x2d,0xbc,0xcb,0xb3,0x81,0x6b,0xab,0x03,0x4a,0xab,0xe8,0xa2,0x67,0x9a,0x87,0x9a,
  0x81,0xe8,0x9a,0x81,0xa7,0x9a,0x02,0x87,0x92,0x66,0x92,0x46,0x92,0x83,0x25,0x8a,
  0x02,0x05,0x82,0xc4,0x81,0xa3,0x79,0x81,0x83,0x79,0x01,0x63,0x79,0x43,0x71,0x81,
  0x22,0x71,0x00,0x02,0x69,0x05,0x01,0x69,0x02,0x69,0x02,0x71,0x22,0x71,0x42,0x71,
  0x42,0x79,0x81,0x63,0x79,0x16,0x83,0x79,0xa4,0x81,0xc4,0x81,0xe4,0x89,0x25,0x8a,
  0x66,0x92,0xa7,0x92,0xa7,0x9a,0xe7,0x9a,0x28,0x9b,0x49,0x9b,0x89,0xa3,0xaa,0xa3,
  0xca,0xab,0xea,0xab,0xca,0xab,0x0c,0xac,0x4d,0xb4,0x6d,0xb4,0x8d,0xbc,0xaf,0xbc,
  0xef,0xbc,0x0f,0xbd,0x81,0x30,0xc5,0x04,0x71,0xcd,0x92,0xcd,0xb1,0xcd,0xd3,0xcd,
  0x14,0xd6,0x81,0x34,0xd6,0x00,0x55,0xd6,0x81,0x76,0xde,0x02,0x76,0xd6,0x56,0xd6,
  0xb8,0xde,0x81,0xf9,0xde,0x01,0x19,0xe7,0x39,0xdf,0x81,0x7b,0xe7,0x00,0x3b,0xe7,
  0x81,0x5b,0xe7,0x81,0x3b,0xe7,0x01,0xfa,0xe6,0xda,0xe6,0x81,0xfb,0xe6,0x11,0xba,
  0xe6,0x79,0xde,0xfb,0xde,0xda,0xde,0x58,0xde,0x38,0xde,0x9a,0xde,0x9a,0xd6,0x59,
  0xce,0x18,0xc6,0xb6,0xb5,0x54,0xa5,0xd3,0x9c,0xd3,0x94,0x11,0x84,0x2d,0x63,0xc6,
  0x31,0x61,0x08,0xa9,0x00,0x00,0x20,0x20,0x00,0xe3,0x18,0xe7,0x39,0xeb,0x62,0x8d,
  0x73,0xf0,0x7b,0x93,0x9c,0xf4,0xac,0xd7,0xbd,0x39,0xc6,0xf8,0xcd,0xb6,0xcd,0x96,
  0xd5,0xb7,0xd5,0x7a,0xde,0x1d,0xe7,0x7e,0xef,0x1c,0xe7,0x99,0xe6,0x9b,0xe6,0xfc,
  0xe6,0xdb,0xe6,0x9b,0xe6,0x7b,0xde,0x7a,0xde,0xf8,0xdd,0xd3,0xcc,0x14,0xd5,0x19,
  0xde,0xf8,0xd5,0x75,0xcd,0xb6,0xd5,0x58,0xde,0x81,0xb9,0xe6,0x81,0xd9,0xe6,0x23,
  0x97,0xe6,0x57,0xde,0x15,0xde,0xd4,0xd5,0x73,0xcd,0x11,0xc5,0xaf,0xc4,0x8f,0xbc,
  0x6e,0xbc,0x4d,0xbc,0x6e,0xbc,0x8e,0xbc,0x8e,0xb4,0x6e,0xb4,0xec,0xb3,0x6a,0xab,
  0x4a,0xab,0x4a,0xa3,0x29,0xa3,0xe8,0x9a,0x87,0x92,0x67,0x92,0x46,0x92,0x66,0x92,
  0x87,0x9a,0xa7,0x9a,0x87,0x92,0x66,0x92,0x46,0x8a,0x25,0x8a,0x05,0x8a,0x05,0x82,
  0xe5,0x81,0xc4,0x81,0xa3,0x79,0x83,0x79,0x81,0x63,0x79,0x03,0x42,0x71,0x22,0x71,
  0x02,0x71,0x01,0x69,0x81,0x01,0x69,0x00,0x02,0x71,0x81,0x22,0x71,0x08,0x42,0x71,
  0x62,0x79,0x63,0x79,0x83,0x79,0xa3,0x81,0xc3,0x81,0xc4,0x81,0x25,0x8a,0x66,0x92,
  0x81,0x86,0x92,0x0d,0xc7,0x9a,0x07,0x9b,0x28,0x9b,0x69,0xa3,0x8a,0xa3,0xca,0xab,
  0xeb,0xab,0xca,0xab,0xea,0xab,0x4c,0xb4,0x6d,0xb4,0x8d,0xbc,0x8e,0xbc,0xcf,0xbc,
  0x81,0xef,0xc4,0x04,0x30,0xc5,0x50,0xc5,0x71,0xc5,0x91,0xcd,0xd2,0xcd,0x81,0xf3,
  0xd5,0x01,0x14,0xd6,0x55,0xd6,0x81,0x76,0xde,0x02,0x77,0xd6,0xb8,0xd6,0xd8,0xde,
  0x81,0x19,0xe7,0x02,0x39,0xe7,0x3a,0xe7,0x5a,0xe7,0x83,0x5b,0xe7,0x81,0x3b,0xe7,
  0x01,0x1b,0xe7,0xda,0xe6,0x81,0xfb,0xe6,0x12,0x99,0xe6,0x79,0xe6,0xba,0xde,0xdb,
  0xde,0x58,0xde,0x39,0xde,0x1c,0xe7,0xfb,0xde,0x9a,0xde,0x59,0xce,0x18,0xc6,0xf7,
  0xbd,0x75,0xad,0x15,0xa5,0x92,0x94,0x51,0x84,0x8d,0x6b,0x29,0x4a,0x04,0x21,0xa7,
  0x00,0x00,0x15,0x61,0x08,0x64,0x29,0x68,0x4a,0x0c,0x6b,0x8f,0x73,0x31,0x8c,0xd3,
  0x9c,0x55,0xa5,0xd7,0xbd,0x18,0xce,0x17,0xce,0xb6,0xcd,0xf8,0xd5,0x39,0xd6,0x18,
  0xd6,0x5a,0xde,0xdc,0xe6,0xfc,0xe6,0x9b,0xe6,0x39,0xde,0xba,0xe6,0x3d,0xe7,0x81,
  0x1c,0xe7,0x19,0xfb,0xde,0xdb,0xde,0x9b,0xde,0x19,0xde,0xf2,0xcc,0x13,0xd5,0x9a,
  0xe6,0x38,0xde,0xb5,0xd5,0x37,0xde,0x78,0xe6,0x98,0xde,0x78,0xde,0xb8,0xe6,0x77,
  0xde,0x56,0xde,0x15,0xd6,0xd4,0xd5,0x93,0xcd,0x32,0xc5,0xb0,0xc4,0x8f,0xbc,0xaf,
  0xbc,0x6e,0xbc,0x2d,0xbc,0x4d,0xbc,0x81,0x2d,0xb4,0x02,0xec,0xab,0xab,0xab,0x29,
  0xa3,0x81,0x09,0xa3,0x05,0xe8,0x9a,0xc8,0x9a,0x87,0x92,0x46,0x8a,0x05,0x8a,0x46,
  0x92,0x82,0x87,0x92,0x05,0x66,0x8a,0x25,0x8a,0x05,0x8a,0x05,0x82,0xe4,0x81,0xc4,
  0x81,0x81,0x83,0x79,0x05,0x63,0x79,0x63,0x71,0x42,0x71,0x22,0x71,0x02,0x71,0x01,
  0x69,0x81,0x01,0x69,0x81,0x02,0x71,0x02,0x22,0x71,0x42,0x71,0x42,0x79,0x81,0x63,
  0x79,0x05,0xa3,0x81,0xa4,0x81,0xc4,0x81,0x04,0x8a,0x45,0x8a,0x66,0x92,0x81,0x86,
  0x92,0x05,0xc6,0x9a,0xe7,0x9a,0x28,0x9b,0x69,0xa3,0x8a,0xa3,0xcb,0xab,0x81,0xeb,
  0xab,0x04,0x2c,0xb4,0x6d,0xb4,0x8e,0xbc,0xae,0xbc,0xcf,0xbc,0x81,0xef,0xc4,0x02,
  0x0f,0xc5,0x2f,0xc5,0x50,0xc5,0x81,0x71,0xcd,0x05,0xd2,0xcd,0xf3,0xd5,0x13,0xd6,
  0x34,0xd6,0x55,0xd6,0x76,0xde,0x81,0x97,0xde,0x04,0xd8,0xde,0xf9,0xde,0x19,0xe7,
  0xf8,0xe6,0xf9,0xe6,0x81,0x3a,0xe7,0x82,0x5b,0xe7,0x01,0x3a,0xe7,0x1a,0xe7,0x82,
  0x1b,0xe7,0x02,0xba,0xe6,0x99,0xe6,0x9a,0xde,0x81,0xba,0xe6,0x00,0x5a,0xde,0x81,
  0x9a,0xde,0x0d,0xba,0xde,0x79,0xd6,0x39,0xd6,0x99,0xd6,0x7a,0xce,0xf8,0xbd,0xb7,
  0xb5,0x34,0xa5,0x71,0x8c,0x10,0x84,0xae,0x7b,0x0b,0x63,0x86,0x29,0x82,0x10,0xa3,
  0x00,0x00,0x0a,0x40,0x08,0x03,0x21,0xe6,0x41,0x89,0x5a,0x2c,0x63,0xcf,0x7b,0x72,
  0x94,0xf4,0xa4,0x97,0xb5,0xf9,0xbd,0xf8,0xc5,0x82,0xf7,0xcd,0x09,0x7a,0xd6,0xfc,
  0xde,0x1c,0xe7,0xfc,0xe6,0xbb,0xde,0x5a,0xde,0x5b,0xde,0xdc,0xe6,0xdb,0xe6,0xba,
  0xde,0x81,0xfc,0xe6,0x08,0xdb,0xe6,0xba,0xde,0x79,0xde,0x7a,0xde,0x18,0xde,0x12,
  0xd5,0x32,0xd5,0x38,0xe6,0x78,0xe6,0x81,0xf6,0xdd,0x1c,0x36,0xde,0x57,0xde,0x77,
  0xde,0x57,0xde,0x36,0xd6,0xf5,0xd5,0xb4,0xd5,0xb3,0xcd,0x52,0xc5,0x11,0xc5,0xd0,
  0xbc,0xaf,0xbc,0x8e,0xbc,0x6e,0xbc,0x2d,0xbc,0xec,0xb3,0xcb,0xab,0xec,0xab,0xcc,
  0xab,0x4a,0xa3,0x09,0x9b,0xe8,0x9a,0xc8,0x9a,0xc7,0x92,0xa7,0x92,0x87,0x92,0x25,
  0x8a,0x05,0x8a,0x25,0x8a,0x81,0x66,0x92,0x02,0x46,0x8a,0x25,0x8a,0x05,0x82,0x81,
  0xe4,0x81,0x01,0xc4,0x81,0x83,0x79,0x81,0x63,0x79,0x81,0x42,0x71,0x02,0x22,0x71,
  0x02,0x69,0x01,0x69,0x82,0x01,0x69,0x00,0x02,0x71,0x81,0x22,0x71,0x00,0x42,0x71,
  0x81,0x63,0x79,0x00,0x83,0x79,0x81,0xa3,0x81,0x02,0xe4,0x89,0x25,0x8a,0x65,0x92,
  0x81,0x86,0x92,0x18,0xa6,0x92,0xa6,0x9a,0xe7,0x9a,0x29,0xa3,0x69,0xa3,0xaa,0xa3,
  0xcb,0xab,0xca,0xab,0x0c,0xac,0x2d,0xb4,0x6d,0xbc,0xae,0xbc,0xcf,0xbc,0xef,0xbc,
  0x0f,0xbd,0xef,0xc4,0xee,0xc4,0x0f,0xc5,0x30,0xc5,0x71,0xcd,0xb2,0xcd,0x91,0xcd,
  0xb2,0xd5,0x14,0xde,0x56,0xde,0x81,0x76,0xde,0x00,0x97,0xde,0x81,0xb8,0xde,0x81,
  0xd8,0xde,0x02,0x98,0xde,0xd9,0xe6,0x1a,0xe7,0x81,0x3a,0xe7,0x00,0x1a,0xe7,0x82,
  0xfa,0xe6,0x81,0x1b,0xe7,0x17,0xba,0xe6,0xfb,0xe6,0x1b,0xe7,0xba,0xe6,0x7a,0xe6,
  0xbb,0xe6,0xdb,0xe6,0x59,0xde,0x38,0xde,0x7a,0xde,0x59,0xd6,0x18,0xce,0x9a,0xd6,
  0x79,0xce,0xf7,0xbd,0x55,0xad,0xf4,0xa4,0x14,0xa5,0x91,0x94,0xcf,0x73,0x6f,0x6b,
  0xab,0x52,0xa6,0x31,0x82,0x10,0x9f,0x00,0x00,0x11,0x40,0x08,0x02,0x21,0xc5,0x39,
  0x68,0x4a,0x0a,0x63,0x6d,0x73,0xef,0x7b,0x92,0x94,0x14,0xa5,0xb7,0xad,0x39,0xc6,
  0x9b,0xce,0x59,0xce,0x39,0xd6,0xbb,0xde,0xdc,0xde,0xdb,0xde,0xfb,0xde,0x81,0x1c,
  0xe7,0x02,0xbb,0xde,0x7a,0xde,0xdb,0xe6,0x81,0xfc,0xe6,0x01,0x79,0xde,0xba,0xe6,
  0x81,0x1c,0xe7,0x20,0xdb,0xe6,0x79,0xde,0x59,0xde,0x79,0xde,0x78,0xde,0x73,0xd5,
  0xd0,0xd4,0x16,0xe6,0x37,0xde,0xf5,0xdd,0xf5,0xd5,0xf5,0xdd,0x57,0xde,0x36,0xde,
  0x15,0xd6,0xf4,0xd5,0xb3,0xcd,0x93,0xcd,0x52,0xc5,0x11,0xc5,0xf0,0xbc,0xcf,0xbc,
  0x8e,0xbc,0x6e,0xb4,0x4d,0xb4,0xec,0xb3,0xcb,0xab,0xec,0xab,0xcb,0xab,0x6a,0xa3,
  0x29,0xa3,0x08,0x9b,0xc8,0x9a,0x81,0xa7,0x92,0x00,0x86,0x92,0x81,0x46,0x8a,0x82,
  0x25,0x8a,0x0d,0x26,0x8a,0x25,0x8a,0x05,0x82,0xe4,0x81,0xc4,0x81,0xa4,0x79,0x83,
  0x79,0x63,0x79,0x63,0x71,0x42,0x71,0x22,0x71,0x02,0x71,0x02,0x69,0x01,0x69,0x82,
  0x01,0x69,0x81,0x02,0x71,0x00,0x22,0x71,0x81,0x42,0x71,0x01,0x63,0x79,0x83,0x79,
  0x81,0xa3,0x81,0x04,0xc4,0x81,0x05,0x8a,0x45,0x8a,0x66,0x92,0x86,0x92,0x81,0xa6,
  0x92,0x02,0xe7,0x9a,0x28,0xa3,0x48,0xa3,0x81,0x69,0xa3,0x06,0xaa,0xab,0x0c,0xac,
  0x2c,0xac,0x4d,0xb4,0x8e,0xb4,0xce,0xbc,0xcf,0xbc,0x81,0xef,0xbc,0x08,0xce,0xbc,
  0xad,0xc4,0x0f,0xc5,0x51,0xcd,0x50,0xcd,0x71,0xcd,0xb2,0xcd,0xd3,0xd5,0x34,0xde,
  0x81,0x55,0xde,0x2a,0x76,0xd6,0x76,0xde,0xb7,0xde,0xd8,0xde,0xb7,0xde,0x76,0xde,
  0xb7,0xe6,0xf8,0xe6,0x1a,0xe7,0x1a,0xdf,0xf9,0xde,0xfa,0xe6,0x1b,0xe7,0x1a,0xe7,
  0x3b,0xe7,0xfb,0xe6,0xda,0xe6,0x1c,0xef,0x1b,0xe7,0xfb,0xee,0xba,0xe6,0xdb,0xe6,
  0xfb,0xe6,0xba,0xe6,0x18,0xde,0x39,0xde,0xda,0xde,0x38,0xd6,0x39,0xd6,0x38,0xce,
  0x96,0xbd,0xf8,0xbd,0x19,0xbe,0xd8,0xbd,0x35,0xa5,0x51,0x84,0x10,0x84,0x11,0x84,
  0x6e,0x6b,0xaa,0x52,0x85,0x31,0x03,0x21,0x61,0x08,0x99,0x00,0x00,0x28,0x20,0x08,
  0x81,0x10,0x23,0x29,0xe6,0x41,0x68,0x52,0xca,0x62,0x4c,0x6b,0xae,0x7b,0x71,0x8c,
  0xd3,0x9c,0x35,0xad,0xb7,0xbd,0x59,0xc6,0x7a,0xce,0xbb,0xd6,0xdc,0xde,0x9a,0xde,
  0xdd,0xe6,0x3e,0xe7,0x1c,0xe7,0xdb,0xde,0x3c,0xe7,0x5d,0xef,0xbb,0xde,0x9a,0xde,
  0x1c,0xe7,0xfc,0xe6,0xdb,0xe6,0xbb,0xe6,0x99,0xde,0xfb,0xe6,0x3c,0xe7,0x1b,0xe7,
  0x9a,0xde,0x79,0xde,0x78,0xde,0x99,0xde,0x99,0xe6,0x94,0xd5,0x11,0xd5,0x74,0xdd,
  0x81,0x73,0xd5,0x01,0xb4,0xd5,0xd5,0xd5,0x81,0xf5,0xd5,0x0b,0xd4,0xd5,0xb3,0xcd,
  0x73,0xcd,0x52,0xc5,0x10,0xc5,0xf0,0xbc,0xaf,0xbc,0x4e,0xb4,0x4d,0xb4,0x2d,0xb4,
  0x0c,0xb4,0xec,0xb3,0x81,0xec,0xab,0x00,0x6a,0xa3,0x81,0xe8,0x9a,0x01,0xc7,0x9a,
  0xa7,0x92,0x81,0x87,0x92,0x00,0x66,0x8a,0x82,0x46,0x8a,0x0c,0x05,0x8a,0xe4,0x89,
  0x05,0x8a,0x05,0x82,0xc4,0x81,0xa4,0x81,0xa4,0x79,0x83,0x79,0x63,0x79,0x63,0x71,
  0x42,0x71,0x22,0x71,0x02,0x69,0x81,0x01,0x69,0x82,0x01,0x69,0x01,0x02,0x69,0x02,
  0x71,0x81,0x22,0x71,0x01,0x42,0x71,0x63,0x79,0x82,0x83,0x79,0x03,0xc4,0x81,0x04,
  0x8a,0x25,0x8a,0x66,0x92,0x81,0x86,0x92,0x03,0xa6,0x92,0xe7,0x9a,0x28,0x9b,0x48,
  0xa3,0x81,0x28,0xa3,0x05,0x6a,0xab,0xeb,0xab,0x2c,0xac,0x4d,0xac,0x6d,0xb4,0xae,
  0xbc,0x81,0xcf,0xbc,0x20,0xce,0xbc,0xad,0xbc,0xae,0xc4,0xee,0xc4,0xcd,0xc4,0xef,
  0xcc,0x92,0xcd,0xd2,0xd5,0xb2,0xd5,0xd2,0xd5,0x34,0xde,0x76,0xd6,0x55,0xd6,0x75,
  0xd6,0x76,0xde,0x96,0xde,0x76,0xde,0x56,0xde,0x97,0xde,0xd8,0xe6,0x19,0xe7,0xd8,
  0xe6,0x98,0xde,0x1a,0xe7,0x3a,0xe7,0xfa,0xe6,0x1b,0xe7,0x3b,0xe7,0xda,0xe6,0xfb,
  0xe6,0x1b,0xe7,0x1c,0xef,0x1c,0xe7,0x81,0xfb,0xe6,0x02,0xdb,0xe6,0xfb,0xe6,0x9a,
  0xde,0x81,0xba,0xe6,0x11,0xf7,0xd5,0x38,0xce,0x59,0xce,0x7a,0xd6,0x5a,0xce,0x7a,
  0xc6,0xf8,0xb5,0xf3,0x9c,0x51,0x94,0x52,0x94,0x52,0x8c,0xcf,0x7b,0x0b,0x6b,0xca,
  0x62,0x07,0x42,0x44,0x29,0xa2,0x18,0x20,0x08,0x93,0x00,0x00,0x14,0x20,0x00,0x60,
  0x10,0xc1,0x20,0x43,0x31,0xe5,0x41,0x88,0x5a,0xeb,0x62,0x0b,0x6b,0x6e,0x7b,0x10,
  0x84,0x92,0x94,0x14,0xad,0x75,0xb5,0xb7,0xbd,0x39,0xce,0x7a,0xd6,0x9b,0xd6,0xdc,
  0xde,0x5d,0xef,0xdc,0xe6,0xbb,0xde,0x81,0x3d,0xe7,0x04,0xfc,0xe6,0xfb,0xe6,0x5d,
  0xef,0xdb,0xe6,0xfb,0xe6,0x81,0x1c,0xe7,0x81,0xdb,0xde,0x03,0xda,0xde,0x98,0xde,
  0xb9,0xe6,0xda,0xe6,0x81,0xba,0xe6,0x0a,0x99,0xde,0x78,0xde,0x99,0xde,0xb9,0xde,
  0x94,0xd5,0x6e,0xcc,0xd0,0xcc,0x53,0xd5,0x93,0xd5,0x93,0xcd,0x73,0xcd,0x81,0x93,
  0xcd,0x81,0x73,0xcd,0x08,0x72,0xcd,0x31,0xc5,0xcf,0xbc,0x8e,0xbc,0x4e,0xb4,0x4d,
  0xb4,0x2d,0xb4,0x0c,0xac,0xec,0xab,0x81,0xcb,0xab,0x02,0xab,0xa3,0x08,0x9b,0xa7,
  0x92,0x81,0xa7,0x9a,0x01,0x87,0x92,0x66,0x92,0x83,0x46,0x8a,0x01,0x25,0x8a,0x05,
  0x8a,0x82,0xc4,0x81,0x00,0xa4,0x79,0x81,0x83,0x79,0x01,0x63,0x79,0x42,0x71,0x81,
  0x22,0x71,0x00,0x02,0x69,0x81,0x01,0x69,0x82,0x01,0x69,0x00,0x02,0x69,0x81,0x02,
  0x71,0x03,0x22,0x71,0x42,0x71,0x42,0x79,0x63,0x79,0x81,0x83,0x79,0x03,0xc4,0x81,
  0xe4,0x81,0x25,0x8a,0x45,0x8a,0x81,0x65,0x92,0x02,0x86,0x92,0xe7,0x9a,0x08,0x9b,
  0x82,0x28,0xa3,0x09,0x6a,0xab,0xaa,0xa3,0x0c,0xac,0x2c,0xac,0x6d,0xb4,0x8e,0xb4,
  0xcf,0xb4,0xef,0xbc,0xad,0xbc,0x8d,0xbc,0x81,0xad,0xc4,0x03,0xce,0xc4,0x30,0xcd,
  0x71,0xcd,0x91,0xcd,0x81,0xd2,0xd5,0x01,0x14,0xd6,0x75,0xd6,0x81,0x75,0xde,0x05,
  0x56,0xd6,0x76,0xde,0x97,0xde,0x76,0xde,0x14,0xde,0x75,0xde,0x81,0xb7,0xe6,0x00,
  0xd8,0xe6,0x81,0xf9,0xe6,0x25,0xd9,0xe6,0x1b,0xe7,0x1a,0xe7,0xda,0xe6,0xdb,0xe6,
  0x1b,0xef,0x3c,0xef,0x7d,0xef,0xfb,0xe6,0xdb,0xe6,0x1c,0xef,0x3c,0xef,0x3c,0xe7,
  0xda,0xe6,0xb6,0xdd,0xd7,0xdd,0x9a,0xd6,0xbb,0xde,0xdc,0xde,0x9b,0xd6,0x7a,0xc6,
  0x79,0xbe,0xd7,0xb5,0x34,0xad,0x55,0xad,0xd3,0x9c,0x51,0x8c,0xcf,0x83,0x8e,0x83,
  0x8e,0x7b,0x2c,0x63,0x8a,0x52,0xe8,0x41,0x85,0x31,0x03,0x21,0x81,0x10,0x41,0x08,
  0x20,0x00,0x89,0x00,0x00,0x15,0x20,0x00,0x40,0x08,0x81,0x10,0xc2,0x18,0x03,0x29,
  0x44,0x31,0xa5,0x41,0x27,0x4a,0x89,0x5a,0x0b,0x6b,0x4d,0x73,0xae,0x7b,0x10,0x8c,
  0x93,0x94,0xf4,0xa4,0x35,0xad,0xd7,0xbd,0x19,0xc6,0x18,0xce,0x39,0xd6,0x7b,0xd6,
  0xfc,0xde,0x81,0x5d,0xe7,0x0b,0xdb,0xde,0x59,0xde,0xfc,0xe6,0x3d,0xe7,0x7d,0xef,
  0x1c,0xe7,0x3c,0xe7,0xfc,0xe6,0x3d,0xe7,0x5d,0xef,0x3d,0xe7,0x3c,0xe7,0x81,0x1b,
  0xe7,0x05,0xda,0xe6,0x78,0xe6,0x99,0xe6,0xfa,0xe6,0x1a,0xe7,0xd9,0xde,0x81,0x58,
  0xde,0x07,0x78,0xde,0x58,0xde,0x32,0xd5,0x6e,0xc4,0x52,0xd5,0x73,0xd5,0x93,0xcd,
  0x73,0xcd,0x81,0x52,0xcd,0x0b,0x32,0xcd,0x52,0xcd,0x51,0xc5,0x11,0xc5,0xcf,0xbc,
  0x8e,0xbc,0x8e,0xb4,0x6e,0xb4,0x2d,0xb4,0x0c,0xac,0xcb,0xab,0xab,0xab,0x81,0x49,
  0xa3,0x00,0x08,0x9b,0x81,0xa7,0x9a,0x04,0x87,0x92,0x66,0x92,0x45,0x8a,0x25,0x8a,
  0x26,0x8a,0x81,0x25,0x8a,0x0b,0x46,0x8a,0x25,0x8a,0xe4,0x81,0xa3,0x81,0x83,0x79,
  0xa3,0x79,0x83,0x79,0x63,0x79,0x63,0x71,0x42,0x71,0x22,0x71,0x02,0x71,0x82,0x01,
  0x69,0x83,0x01,0x69,0x01,0x02,0x69,0x02,0x71,0x81,0x22,0x71,0x01,0x42,0x71,0x62,
  0x79,0x81,0x83,0x79,0x03,0xa3,0x81,0xe4,0x81,0x04,0x82,0x25,0x8a,0x81,0x45,0x92,
  0x08,0x65,0x92,0xa6,0x92,0x08,0x9b,0x28,0xa3,0xe7,0x9a,0x08,0xa3,0x49,0xa3,0x69,
  0xa3,0xab,0xab,0x81,0xeb,0xab,0x07,0x4d,0xb4,0xad,0xb4,0xad,0xbc,0x4b,0xbc,0x2b,
  0xbc,0x6c,0xbc,0xce,0xc4,0x51,0xcd,0x81,0x71,0xcd,0x10,0x91,0xcd,0xd2,0xcd,0xb1,
  0xcd,0xf3,0xd5,0x35,0xd6,0x35,0xde,0x55,0xde,0x76,0xd6,0x76,0xde,0x96,0xde,0x76,
  0xde,0x14,0xde,0x14,0xd6,0x76,0xde,0xd9,0xe6,0x1a,0xe7,0xfa,0xe6,0x81,0xd8,0xe6,
  0x0f,0xd9,0xe6,0x98,0xe6,0xda,0xe6,0x1b,0xe7,0xfb,0xee,0x1c,0xef,0xda,0xee,0xba,
  0xee,0xfc,0xe6,0x1c,0xe7,0x3d,0xef,0x1b,0xef,0x99,0xe6,0xb6,0xdd,0x59,0xe6,0xfb,
  0xde,0x81,0xdb,0xde,0x00,0xdb,0xd6,0x81,0x9a,0xce,0x06,0x59,0xc6,0xd7,0xbd,0xb7,
  0xbd,0x55,0xb5,0x76,0xad,0xd3,0x9c,0x50,0x8c,0x81,0x51,0x8c,0x0c,0x10,0x84,0xef,
  0x7b,0x6d,0x73,0x0b,0x6b,0x69,0x52,0x28,0x4a,0x07,0x42,0xa6,0x39,0x85,0x31,0x44,
  0x29,0x03,0x21,0xc3,0x20,0xe3,0x20,0x81,0x03,0x21,0x16,0x24,0x29,0x44,0x31,0x85,
  0x39,0xe6,0x41,0x06,0x4a,0x48,0x52,0xa9,0x5a,0xcb,0x6a,0xec,0x72,0x6d,0x73,0xcf,
  0x7b,0x11,0x84,0x72,0x94,0xd4,0x9c,0x14,0xa5,0x96,0xb5,0xb7,0xbd,0xd7,0xbd,0x39,
  0xce,0x7a,0xd6,0x59,0xce,0x7a,0xd6,0xdc,0xde,0x82,0x3d,0xe7,0x09,0x1c,0xe7,0x59,
  0xde,0x7a,0xde,0xfc,0xe6,0x1c,0xe7,0x5d,0xe7,0xfc,0xe6,0xba,0xde,0x5d,0xef,0x7d,
  0xef,0x81,0x5c,0xef,0x13,0x3c,0xe7,0xfb,0xe6,0x1b,0xe7,0xd9,0xe6,0x78,0xe6,0xda,
  0xe6,0x1a,0xe7,0xf9,0xe6,0x98,0xde,0x57,0xde,0x36,0xd6,0x37,0xd6,0x37,0xde,0xaf,
  0xcc,0x4c,0xcc,0x93,0xd5,0xb4,0xcd,0x93,0xcd,0x52,0xcd,0x31,0xcd,0x81,0x31,0xc5,
  0x02,0x10,0xc5,0xf0,0xc4,0xcf,0xbc,0x81,0x8e,0xbc,0x06,0x6e,0xb4,0x2d,0xb4,0xec,
  0xab,0xab,0xab,0xcb,0xab,0x6a,0xa3,0x29,0xa3,0x82,0xe8,0x9a,0x03,0x87,0x92,0x66,
  0x8a,0x46,0x8a,0x25,0x8a,0x83,0x05,0x8a,0x81,0x05,0x82,0x01,0xc4,0x81,0x83,0x79,
  0x82,0x63,0x79,0x81,0x42,0x71,0x01,0x22,0x71,0x02,0x69,0x82,0x01,0x69,0x84,0x01,
  0x69,0x00,0x02,0x71,0x82,0x22,0x71,0x00,0x42,0x79,0x81,0x63,0x79,0x08,0x83,0x81,
  0xc4,0x81,0x04,0x82,0x04,0x8a,0x25,0x8a,0x25,0x92,0x45,0x92,0x86,0x92,0xc7,0x9a,
  0x81,0xe7,0x9a,0x00,0x07,0x9b,0x81,0x48,0xa3,0x03,0x49,0xa3,0x6a,0xab,0x69,0xab,
  0xaa,0xab,0x82,0xca,0xb3,0x09,0x2c,0xbc,0xce,0xbc,0x30,0xc5,0x50,0xcd,0x71,0xcd,
  0x71,0xc5,0x92,0xc5,0xf3,0xcd,0xb2,0xcd,0xd2,0xcd,0x81,0x14,0xd6,0x03,0x34,0xd6,
  0x55,0xd6,0x96,0xde,0x76,0xd6,0x81,0x76,0xde,0x02,0x56,0xde,0xb8,0xde,0xb9,0xe6,
  0x81,0xf9,0xe6,0x09,0xb8,0xe6,0xd8,0xe6,0xf9,0xde,0x99,0xde,0xb9,0xe6,0xda,0xe6,
  0x79,0xe6,0x9a,0xe6,0xba,0xe6,0xdb,0xe6,0x81,0xfc,0xe6,0x03,0xfb,0xee,0x79,0xe6,
  0x9a,0xe6,0x1c,0xef,0x81,0xba,0xe6,0x07,0xbb,0xde,0xba,0xde,0xdb,0xde,0xbb,0xd6,
  0x9a,0xd6,0xbb,0xd6,0x38,0xce,0xb6,0xbd,0x81,0x39,0xc6,0x19,0xf7,0xbd,0x75,0xad,
  0x34,0xa5,0x55,0xa5,0x35,0xa5,0xf4,0xa4,0xd3,0x9c,0x72,0x94,0x30,0x8c,0x2f,0x84,
  0xef,0x83,0xae,0x83,0xad,0x7b,0x6d,0x73,0x2c,0x6b,0x0b,0x6b,0xeb,0x62,0xca,0x62,
  0xeb,0x62,0x2c,0x6b,0x4c,0x73,0x6d,0x73,0x8e,0x7b,0x8e,0x83,0xae,0x7b,0xf0,0x83,
  0x81,0x10,0x8c,0x06,0x72,0x9c,0x14,0xa5,0x76,0xad,0xd7,0xb5,0x18,0xbe,0x19,0xc6,
  0x59,0xce,0x82,0x7a,0xd6,0x04,0xf9,0xcd,0xf9,0xd5,0xbb,0xde,0xdc,0xde,0x1c,0xe7,
  0x81,0x5d,0xe7,0x02,0x7e,0xef,0xfb,0xe6,0xb9,0xde,0x81,0xdc,0xe6,0x04,0xfc,0xe6,
  0x9a,0xde,0x99,0xde,0x3c,0xef,0x7d,0xef,0x82,0x3c,0xef,0x00,0x1b,0xe7,0x81,0xfa,
  0xe6,0x05,0x99,0xe6,0x98,0xe6,0xda,0xe6,0xd9,0xe6,0xb8,0xde,0x57,0xde,0x81,0x16,
  0xd6,0x11,0x36,0xde,0x73,0xd5,0x2c,0xc4,0xaf,0xcc,0xd4,0xd5,0xb3,0xcd,0x52,0xc5,
  0x10,0xc5,0x31,0xc5,0x11,0xc5,0xf0,0xc4,0xd0,0xbc,0xcf,0xbc,0xaf,0xbc,0x6e,0xbc,
  0x4d,0xb4,0x2d,0xb4,0x0c,0xac,0x81,0xcb,0xab,0x02,0xab,0xab,0x49,0xa3,0x08,0x9b,
  0x81,0xe8,0x9a,0x81,0xa7,0x92,0x03,0x87,0x92,0x46,0x8a,0x05,0x82,0xe4,0x81,0x81,
  0xe5,0x81,0x81,0xe4,0x81,0x05,0xc4,0x81,0xa4,0x79,0x63,0x79,0x42,0x79,0x43,0x71,
  0x42,0x71,0x81,0x22,0x71,0x00,0x02,0x69,0x82,0x01,0x69,0x84,0x01,0x69,0x01,0x02,
  0x69,0x02,0x71,0x82,0x22,0x71,0x0f,0x42,0x79,0x62,0x79,0x83,0x79,0xa3,0x81,0xc4,
  0x81,0xe4,0x89,0x05,0x8a,0x04,0x8a,0x25,0x92,0x45,0x92,0xa6,0x92,0xc7,0x9a,0xa6,
  0x9a,0xe7,0x9a,0x07,0xa3,0xe7,0x9a,0x82,0xe7,0xa2,0x05,0xc7,0x9a,0xe7,0xa2,0x8a,
  0xab,0x6d,0xb4,0xae,0xbc,0x10,0xc5,0x81,0x50,0xc5,0x06,0x71,0xcd,0x91,0xcd,0x92,
  0xc5,0xd4,0xcd,0xd2,0xcd,0x70,0xc5,0xd2,0xcd,0x81,0xf3,0xd5,0x00,0x13,0xd6,0x81,
  0x35,0xd6,0x17,0x56,0xd6,0x76,0xde,0x56,0xde,0x77,0xde,0xb8,0xe6,0xd9,0xe6,0x97,
  0xe6,0x98,0xe6,0x1b,0xe7,0xfa,0xde,0x37,0xde,0x17,0xde,0x58,0xde,0x99,0xe6,0xd9,
  0xe6,0x1b,0xe7,0x3b,0xe7,0xfa,0xe6,0x79,0xe6,0x9a,0xe6,0xfb,0xe6,0x3c,0xef,0x1c,
  0xef,0xfb,0xe6,0x81,0x9a,0xde,0x81,0xdb,0xde,0x14,0xbb,0xde,0x79,0xd6,0x9a,0xd6,
  0x19,0xd6,0x19,0xce,0x9a,0xd6,0x7a,0xce,0x38,0xc6,0x18,0xc6,0xf8,0xc5,0x39,0xc6,
  0x59,0xc6,0x39,0xc6,0x18,0xbe,0xd7,0xbd,0x75,0xb5,0x55,0xad,0x34,0xad,0x13,0xa5,
  0xd3,0x9c,0xd2,0x9c,0x81,0x91,0x94,0x03,0x71,0x94,0x10,0x84,0xef,0x83,0x10,0x8c,
  0x81,0xd3,0x9c,0x04,0xb2,0xa4,0xf3,0xa4,0x75,0xa5,0x55,0xad,0x14,0xad,0x81,0x55,
  0xb5,0x03,0xb7,0xc5,0xbb,0xce,0x1c,0xdf,0x5d,0xdf,0x81,0x5d,0xe7,0x07,0x3d,0xe7,
  0x1c,0xe7,0xfc,0xe6,0x19,0xde,0x37,0xd5,0x7b,0xde,0x1c,0xdf,0x3d,0xe7,0x81,0x7e,
  0xef,0x0d,0x5e,0xef,0x3c,0xe7,0xb9,0xde,0xfb,0xe6,0x1c,0xe7,0xfb,0xe6,0x9a,0xde,
  0xba,0xde,0xdb,0xe6,0x1c,0xef,0x3c,0xef,0x5c,0xef,0x3c,0xef,0xfb,0xe6,0x81,0xb9,
  0xe6,0x00,0xfa,0xe6,0x81,0x78,0xde,0x02,0xd9,0xe6,0xb8,0xe6,0x56,0xde,0x81,0xf5,
  0xd5,0x07,0x16,0xde,0xb4,0xd5,0x11,0xcd,0x4e,0xc4,0xf0,0xcc,0xb3,0xd5,0x72,0xcd,
  0x31,0xc5,0x81,0x10,0xc5,0x01,0xf0,0xc4,0xaf,0xbc,0x81,0x8e,0xbc,0x11,0x6e,0xbc,
  0x2d,0xb4,0x2d,0xac,0x0c,0xac,0xec,0xab,0xab,0xab,0x6a,0xa3,0x29,0xa3,0xe8,0x9a,
  0x08,0x9b,0xe8,0x9a,0xc7,0x92,0xa7,0x92,0x87,0x92,0x66,0x8a,0x25,0x82,0xe5,0x81,
  0xe4,0x81,0x82,0xc4,0x81,0x02,0xa4,0x79,0x83,0x79,0x63,0x79,0x81,0x42,0x71,0x81,
  0x22,0x71,0x00,0x02,0x71,0x83,0x01,0x69,0x85,0x01,0x69,0x00,0x02,0x71,0x82,0x22,
  0x71,0x00,0x42,0x79,0x81,0x62,0x79,0x02,0x83,0x79,0xc3,0x81,0xe4,0x81,0x82,0x04,
  0x8a,0x02,0x45,0x92,0x86,0x92,0xc7,0x9a,0x82,0x85,0x92,0x0f,0x65,0x9a,0x45,0x9a,
  0x24,0x92,0x45,0x9a,0x87,0x9a,0x29,0xa3,0x0c,0xb4,0x8e,0xb4,0xaf,0xbc,0xf0,0xbc,
  0x30,0xc5,0x50,0xc5,0x51,0xcd,0x71,0xcd,0x91,0xcd,0x71,0xcd,0x81,0x91,0xcd,0x03,
  0xb2,0xcd,0xd2,0xcd,0xd3,0xd5,0xf3,0xd5,0x81,0xf4,0xd5,0x0d,0x14,0xd6,0x55,0xd6,
  0x36,0xd6,0x36,0xde,0xb8,0xde,0xb8,0xe6,0x97,0xe6,0xd9,0xe6,0xb8,0xde,0x36,0xde,
  0x16,0xde,0x98,0xde,0xd9,0xde,0xfa,0xe6,0x81,0x99,0xe6,0x09,0xb9,0xee,0x58,0xe6,
  0x18,0xe6,0xfb,0xee,0x5d,0xef,0x3c,0xef,0x1c,0xe7,0xfc,0xe6,0xfb,0xe6,0x9a,0xde,
  0x82,0x79,0xd6,0x02,0xf7,0xcd,0x18,0xd6,0x7b,0xd6,0x81,0xbb,0xde,0x82,0x9a,0xd6,
  0x1f,0x59,0xce,0x7a,0xd6,0x1c,0xdf,0x1d,0xdf,0x1c,0xdf,0xfb,0xd6,0xba,0xce,0x9a,
  0xce,0x59,0xc6,0x38,0xc6,0x38,0xbe,0x18,0xbe,0xf8,0xc5,0x76,0xb5,0x14,0xad,0x14,
  0xa5,0xd4,0xa4,0x55,0xad,0xf7,0xbd,0xb7,0xbd,0x96,0xbd,0xb6,0xbd,0x38,0xce,0x18,
  0xce,0x7a,0xce,0xfc,0xde,0xbb,0xde,0x38,0xd6,0xdc,0xde,0xff,0xef,0xff,0xf7,0xdf,
  0xef,0x81,0x7e,0xef,0x08,0x5d,0xef,0x3d,0xe7,0xbc,0xee,0x15,0xd5,0xd8,0xd5,0xdb,
  0xde,0x3d,0xe7,0x9f,0xef,0x9e,0xe7,0x81,0x5d,0xe7,0x08,0xba,0xde,0xdb,0xe6,0x5d,
  0xe7,0x3c,0xe7,0xdb,0xde,0xda,0xde,0x1b,0xe7,0x3b,0xe7,0x3c,0xef,0x81,0x1b,0xef,
  0x17,0xfa,0xe6,0xb9,0xe6,0xb9,0xde,0xb8,0xe6,0x98,0xe6,0x16,0xde,0x77,0xe6,0xb8,
  0xe6,0x97,0xde,0xf5,0xd5,0xd5,0xd5,0x15,0xd6,0xb4,0xd5,0x32,0xcd,0xf1,0xcc,0x2d,
  0xc4,0xf0,0xcc,0x72,0xcd,0x31,0xc5,0xf0,0xc4,0xcf,0xc4,0xaf,0xbc,0x8e,0xbc,0x6e,
  0xbc,0x81,0x4d,0xb4,0x01,0x2c,0xb4,0x0c,0xac,0x81,0xec,0xab,0x01,0xab,0xab,0x29,
  0xa3,0x81,0xc8,0x9a,0x03,0x08,0x9b,0xe8,0x9a,0xc7,0x92,0x86,0x92,0x81,0x46,0x8a,
  0x06,0x25,0x8a,0x05,0x82,0xe4,0x81,0xc4,0x81,0xa4,0x79,0xa3,0x79,0x83,0x79,0x81,
  0x63,0x79,0x00,0x42,0x71,0x81,0x22,0x71,0x01,0x02,0x71,0x02,0x69,0x83,0x01,0x69,
  0x85,0x01,0x69,0x81,0x02,0x71,0x81,0x22,0x71,0x01,0x22,0x79,0x42,0x79,0x81,0x62,
  0x79,0x01,0xa3,0x81,0xc4,0x81,0x81,0xe4,0x89,0x05,0x04,0x8a,0x45,0x92,0x66,0x92,
  0x85,0x92,0x44,0x92,0x24,0x92,0x81,0x45,0x92,0x81,0x04,0x92,0x06,0x45,0x9a,0xa7,
  0xa2,0x4a,0xab,0x0c,0xb4,0x6d,0xb4,0xaf,0xbc,0xf0,0xbc,0x81,0x50,0xc5,0x10,0x50,
  0xcd,0x51,0xcd,0x71,0xcd,0x51,0xc5,0x51,0xcd,0xb2,0xcd,0xb1,0xcd,0xb2,0xd5,0xb2,
  0xcd,0xf3,0xcd,0x15,0xce,0x55,0xd6,0x35,0xd6,0x14,0xd6,0x36,0xd6,0x76,0xd6,0x97,
  0xde,0x81,0x77,0xde,0x03,0x97,0xde,0x35,0xde,0x16,0xde,0x99,0xde,0x81,0xb9,0xde,
  0x01,0x78,0xde,0x17,0xe6,0x81,0x58,0xde,0x02,0x38,0xde,0x7a,0xe6,0xdb,0xe6,0x81,
  0xfb,0xe6,0x12,0xdb,0xe6,0xdb,0xde,0xfb,0xde,0xdb,0xde,0x39,0xd6,0x7a,0xd6,0xdb,
  0xd6,0x5a,0xd6,0x3a,0xd6,0xdc,0xde,0x1c,0xe7,0xfc,0xe6,0x9a,0xde,0xbb,0xde,0xfc,
  0xde,0xfb,0xde,0x9a,0xde,0x59,0xde,0xba,0xde,0x82,0x1c,0xe7,0x30,0xfb,0xde,0xdb,
  0xde,0x1c,0xdf,0xda,0xde,0x79,0xd6,0x9a,0xde,0x18,0xce,0xd7,0xc5,0xf7,0xcd,0x38,
  0xce,0xbb,0xd6,0xdb,0xde,0xbb,0xd6,0xdb,0xde,0xba,0xde,0x59,0xd6,0x39,0xd6,0x3d,
  0xe7,0xdf,0xef,0xbe,0xef,0x1c,0xef,0x9b,0xde,0x3d,0xe7,0xbf,0xf7,0x9e,0xf7,0x5d,
  0xef,0x7d,0xef,0x5d,0xef,0x5e,0xef,0x1d,0xef,0x15,0xd5,0x76,0xdd,0xbb,0xee,0x3c,
  0xe7,0x9e,0xef,0x9e,0xe7,0x5d,0xe7,0x5d,0xef,0x1b,0xe7,0xba,0xde,0x3c,0xef,0x3c,
  0xe7,0xda,0xde,0x99,0xde,0xfa,0xe6,0x1b,0xef,0x5c,0xef,0x1a,0xe7,0xda,0xe6,0x81,
  0xfa,0xe6,0x07,0xd9,0xe6,0x98,0xde,0x77,0xde,0x37,0xde,0xf4,0xdd,0x15,0xde,0x97,
  0xde,0x56,0xde,0x81,0xd4,0xd5,0x0d,0x93,0xd5,0x11,0xcd,0x52,0xd5,0xf0,0xcc,0x2c,
  0xc4,0xf0,0xc4,0x31,0xc5,0x11,0xc5,0xd0,0xbc,0x8e,0xbc,0x4d,0xbc,0x4e,0xbc,0x2d,
  0xb4,0x0c,0xb4,0x81,0x0c,0xac,0x09,0xec,0xab,0xcb,0xab,0xab,0xa3,0x4a,0xa3,0xa8,
  0x9a,0xa7,0x9a,0xc8,0x9a,0xa7,0x92,0x87,0x92,0x46,0x92,0x82,0x25,0x8a,0x02,0x05,
  0x82,0xe4,0x81,0xc4,0x81,0x81,0x83,0x79,0x02,0x63,0x79,0x62,0x71,0x42,0x71,0x82,
  0x22,0x71,0x00,0x02,0x69,0x84,0x01,0x69,0x85,0x01,0x69,0x01,0x02,0x69,0x02,0x71,
  0x82,0x22,0x71,0x08,0x22,0x79,0x42,0x79,0x62,0x79,0x83,0x81,0xa3,0x81,0xc4,0x81,
  0xe4,0x89,0x04,0x8a,0x04,0x92,0x81,0x25,0x92,0x81,0x04,0x92,0x00,0x24,0x92,0x81,
  0x25,0x92,0x07,0x04,0x92,0x66,0x9a,0xc7,0xa2,0xc8,0x9a,0x8b,0xab,0x2d,0xb4,0x8e,
  0xb4,0xcf,0xbc,0x81,0x30,0xc5,0x81,0x50,0xc5,0x01,0x71,0xc5,0x72,0xcd,0x81,0x91,
  0xcd,0x09,0x51,0xcd,0x91,0xcd,0xd3,0xcd,0xf4,0xcd,0x14,0xce,0x35,0xd6,0x56,0xd6,
  0x36,0xd6,0x56,0xd6,0x97,0xd6,0x81,0x97,0xde,0x00,0xb8,0xde,0x81,0x98,0xde,0x07,
  0x77,0xde,0x17,0xde,0x16,0xde,0xf6,0xdd,0xd6,0xdd,0xf6,0xdd,0x58,0xde,0x59,0xde,
  0x81,0x9a,0xde,0x00,0xba,0xde,0x82,0x9a,0xde,0x0e,0xba,0xde,0xfb,0xe6,0xba,0xde,
  0xbb,0xde,0xfc,0xde,0x1c,0xdf,0x1c,0xe7,0x9a,0xde,0x59,0xd6,0xfc,0xe6,0x3c,0xe7,
  0xbb,0xde,0xba,0xde,0x9a,0xde,0x39,0xd6,0x81,0xdc,0xe6,0x05,0xbb,0xde,0xdc,0xe6,
  0xbb,0xe6,0xfc,0xe6,0x1c,0xe7,0xdb,0xde,0x81,0x79,0xde,0x11,0xdb,0xe6,0x3d,0xe7,
  0x1b,0xdf,0xdb,0xde,0xfb,0xde,0x1c,0xe7,0x3c,0xe7,0x5d,0xe7,0x7e,0xef,0x9e,0xef,
  0x7e,0xef,0x9e,0xef,0x5d,0xe7,0x1c,0xe7,0xbf,0xf7,0xff,0xf7,0xbf,0xf7,0x1c,0xe7,
  0x81,0x59,0xde,0x0a,0x9b,0xde,0xba,0xde,0x9a,0xde,0xbb,0xe6,0x3e,0xf7,0xfc,0xee,
  0x93,0xcc,0x35,0xd5,0xdb,0xe6,0x1c,0xe7,0x5d,0xe7,0x81,0x9e,0xef,0x81,0x5d,0xef,
  0x0b,0xfb,0xe6,0x1c,0xef,0x3c,0xe7,0x99,0xde,0x79,0xe6,0xda,0xe6,0xfa,0xe6,0x1b,
  0xe7,0x1a,0xe7,0xfa,0xe6,0xda,0xe6,0xd9,0xe6,0x81,0xb8,0xe6,0x1d,0x98,0xe6,0x77,
  0xde,0x15,0xde,0x92,0xd5,0xf4,0xdd,0x15,0xde,0xd3,0xd5,0xb3,0xd5,0x52,0xcd,0xf1,
  0xcc,0x52,0xd5,0xb3,0xd5,0xcf,0xc4,0x4d,0xc4,0xef,0xcc,0xf0,0xc4,0xcf,0xc4,0x8e,
  0xbc,0x4d,0xbc,0x6d,0xbc,0x6e,0xbc,0x0c,0xb4,0xaa,0xab,0xeb,0xab,0xec,0xab,0xcb,
  0xab,0x8a,0xa3,0x29,0x9b,0xe8,0x9a,0xa7,0x9a,0x81,0x87,0x92,0x01,0x66,0x92,0x46,
  0x8a,0x81,0x25,0x8a,0x00,0x05,0x8a,0x81,0xe4,0x81,0x03,0xa4,0x79,0x83,0x79,0x63,
  0x79,0x43,0x79,0x81,0x42,0x71,0x82,0x22,0x71,0x00,0x02,0x69,0x84,0x01,0x69,0x86,
  0x01,0x69,0x00,0x02,0x69,0x83,0x22,0x71,0x04,0x42,0x79,0x62,0x79,0x63,0x79,0x83,
  0x81,0xc4,0x81,0x81,0x04,0x8a,0x03,0xe4,0x89,0x04,0x92,0x25,0x92,0x04,0x92,0x81,
  0xc3,0x89,0x09,0x66,0x9a,0x45,0x9a,0x04,0x92,0xc7,0x9a,0x08,0xa3,0xa6,0x9a,0x49,
  0xa3,0x0c,0xb4,0x8e,0xb4,0xcf,0xbc,0x81,0x10,0xc5,0x11,0x30,0xc5,0x50,0xc5,0x71,
  0xcd,0x92,0xcd,0x92,0xc5,0xb2,0xcd,0xb2,0xd5,0xb2,0xcd,0xd4,0xd5,0xf5,0xd5,0xf4,
  0xcd,0x14,0xce,0x35,0xce,0x56,0xd6,0x77,0xd6,0xb7,0xd6,0x97,0xde,0xb8,0xde,0x81,
  0xd9,0xde,0x04,0xb8,0xe6,0x97,0xde,0x36,0xde,0xf5,0xdd,0x17,0xde,0x81,0x37,0xde,
  0x03,0x38,0xde,0x79,0xd6,0x99,0xde,0x79,0xde,0x81,0x79,0xd6,0x02,0x58,0xd6,0x59,
  0xde,0x79,0xde,0x81,0xba,0xde,0x1b,0x1c,0xe7,0x3d,0xdf,0x1c,0xdf,0x1d,0xdf,0xfc,
  0xde,0x18,0xd6,0x7a,0xde,0x5d,0xe7,0x1c,0xe7,0xba,0xde,0x9b,0xde,0xb7,0xcd,0x7a,
  0xde,0xdf,0xf7,0xdf,0xef,0xbf,0xef,0x5c,0xe7,0x3d,0xef,0x9f,0xef,0x5d,0xe7,0x1c,
  0xe7,0x3d,0xe7,0x9e,0xef,0xbe,0xef,0xde,0xf7,0xbe,0xef,0x9e,0xf7,0xbe,0xf7,0x81,
  0xbe,0xef,0x1d,0xbe,0xf7,0x7e,0xf7,0x5d,0xef,0x9e,0xef,0xdf,0xf7,0x3c,0xef,0x1c,
  0xef,0xbf,0xff,0x9e,0xef,0x1c,0xe7,0x9b,0xde,0xdc,0xe6,0xfc,0xe6,0x1c,0xe7,0xdb,
  0xde,0xfc,0xe6,0x1d,0xef,0x19,0xe6,0xd0,0xc3,0x76,0xd5,0xfb,0xde,0xdb,0xde,0x99,
  0xe6,0x9a,0xde,0xdb,0xe6,0xfb,0xee,0xdb,0xe6,0x79,0xde,0xda,0xe6,0x1b,0xef,0x81,
  0x99,0xe6,0x00,0xfb,0xe6,0x81,0xda,0xe6,0x81,0x1a,0xe7,0x0e,0xfa,0xe6,0xb9,0xe6,
  0xb8,0xe6,0x98,0xe6,0x97,0xde,0x57,0xde,0x16,0xde,0xb4,0xd5,0x93,0xd5,0x92,0xd5,
  0x72,0xd5,0xb4,0xdd,0x31,0xcd,0x11,0xcd,0x52,0xcd,0x81,0x72,0xcd,0x0a,0x8d,0xbc,
  0x4c,0xbc,0xaf,0xc4,0x8e,0xbc,0x4d,0xbc,0x2d,0xb4,0x2c,0xb4,0x2d,0xb4,0x0c,0xb4,
  0xcb,0xab,0xab,0xab,0x81,0xab,0xa3,0x04,0x6a,0xa3,0x08,0x9b,0xc8,0x9a,0xc7,0x9a,
  0xa7,0x92,0x81,0x66,0x92,0x03,0x45,0x8a,0x25,0x8a,0x05,0x8a,0xe5,0x81,0x81,0xc4,
  0x81,0x00,0xa3,0x79,0x81,0x63,0x79,0x82,0x42,0x71,0x81,0x22,0x71,0x00,0x02,0x69,
  0x85,0x01,0x69,0x86,0x01,0x69,0x01,0x02,0x69,0x02,0x71,0x82,0x22,0x71,0x04,0x42,
  0x79,0x62,0x79,0x63,0x79,0x83,0x81,0xc4,0x81,0x82,0xe4,0x89,0x11,0x04,0x8a,0x05,
  0x92,0x04,0x92,0xe4,0x89,0xc4,0x91,0x45,0x9a,0x45,0x92,0x24,0x92,0x08,0xa3,0x29,
  0xab,0xa6,0x9a,0x09,0x9b,0xcb,0xab,0x4d,0xb4,0x8e,0xbc,0xef,0xbc,0x0f,0xbd,0x10,
  0xc5,0x81,0x50,0xcd,0x81,0x71,0xc5,0x05,0xb2,0xcd,0xf3,0xd5,0xd3,0xd5,0xb3,0xd5,
  0xd3,0xd5,0xf4,0xd5,0x81,0x15,0xce,0x08,0x35,0xd6,0x56,0xd6,0x77,0xd6,0x56,0xd6,
  0x77,0xd6,0x98,0xde,0x97,0xde,0x97,0xe6,0x97,0xde,0x81,0x15,0xde,0x01,0x98,0xde,
  0x79,0xde,0x81,0x98,0xde,0x1e,0x79,0xd6,0x99,0xde,0x79,0xd6,0x58,0xd6,0x78,0xd6,
  0x59,0xd6,0x7a,0xde,0xdb,0xe6,0xba,0xde,0x99,0xde,0xfc,0xe6,0x3c,0xe7,0xfc,0xde,
  0xfc,0xe6,0x1c,0xe7,0x59,0xde,0x19,0xd6,0x1c,0xef,0x1b,0xe7,0xfc,0xe6,0x5d,0xe7,
  0xb6,0xd5,0x39,0xde,0xbf,0xf7,0xdf,0xef,0xff,0xef,0x7d,0xef,0xfb,0xee,0x9e,0xf7,
  0xff,0xf7,0xdf,0xf7,0x81,0xff,0xf7,0x03,0xbe,0xf7,0xdf,0xf7,0xff,0xf7,0xdf,0xf7,
  0x82,0xff,0xff,0x0d,0xdf,0xff,0xdf,0xf7,0x3c,0xef,0x1c,0xef,0x9e,0xef,0x5d,0xef,
  0xba,0xe6,0x3d,0xef,0xdf,0xff,0x5d,0xef,0xdc,0xe6,0x5e,0xef,0x7f,0xef,0x7e,0xef,
  0x81,0x5d,0xef,0x0d,0x7f,0xef,0x76,0xd5,0xd0,0xcb,0x97,0xdd,0x59,0xde,0xf7,0xdd,
  0xd7,0xdd,0xf8,0xd5,0x59,0xde,0x38,0xde,0x38,0xe6,0x37,0xde,0xf7,0xd5,0x59,0xde,
  0x81,0x58,0xe6,0x00,0xda,0xe6,0x81,0xfa,0xe6,0x01,0x1a,0xe7,0xfa,0xe6,0x81,0xf9,
  0xe6,0x04,0xd9,0xe6,0xd8,0xe6,0x97,0xde,0x36,0xde,0xd5,0xdd,0x81,0xb4,0xd5,0x0a,
  0xd4,0xdd,0x53,0xd5,0x52,0xd5,0x11,0xcd,0x31,0xcd,0x51,0xcd,0x31,0xcd,0x51,0xc5,
  0x10,0xc5,0x2c,0xbc,0x0c,0xbc,0x81,0x6e,0xbc,0x01,0x2d,0xb4,0xec,0xb3,0x81,0x0c,
  0xb4,0x0b,0x0c,0xac,0xeb,0xab,0xab,0xa3,0x6a,0xa3,0x29,0xa3,0x08,0xa3,0xc8,0x9a,
  0xa7,0x92,0xa7,0x9a,0x87,0x92,0x66,0x92,0x25,0x8a,0x81,0x05,0x8a,0x04,0xe4,0x81,
  0xa4,0x81,0xa3,0x79,0x83,0x79,0x63,0x79,0x83,0x42,0x71,0x01,0x22,0x71,0x02,0x71,
  0x86,0x01,0x69,0x87,0x01,0x69,0x00,0x02,0x69,0x82,0x22,0x71,0x0b,0x42,0x79,0x63,
  0x79,0x83,0x79,0xa3,0x81,0xa4,0x81,0xc4,0x81,0xc4,0x89,0xe4,0x89,0x05,0x8a,0x45,
  0x92,0x25,0x92,0x05,0x92,0x83,0x25,0x92,0x10,0xe8,0xa2,0x49,0xab,0xe7,0x9a,0xe8,
  0x9a,0x49,0xab,0xaa,0xb3,0x8e,0xbc,0xae,0xbc,0xcf,0xbc,0xef,0xbc,0x0f,0xc5,0x30,
  0xc5,0x71,0xc5,0x71,0xcd,0x91,0xcd,0xd2,0xcd,0xd2,0xd5,0x81,0xb2,0xd5,0x04,0xd3,
  0xcd,0xf5,0xd5,0x15,0xd6,0xf3,0xd5,0x35,0xd6,0x82,0x56,0xd6,0x05,0x35,0xd6,0xf4,
  0xd5,0x15,0xde,0x97,0xe6,0x14,0xde,0x15,0xde,0x81,0x78,0xde,0x82,0xb9,0xde,0x83,
  0x99,0xd6,0x05,0xfb,0xde,0x1c,0xdf,0x3c,0xe7,0xfb,0xde,0x99,0xde,0xdb,0xde,0x81,
  0xfb,0xde,0x0d,0x3c,0xe7,0x5c,0xe7,0xfa,0xde,0x59,0xd6,0x37,0xde,0x9a,0xe6,0xdb,
  0xe6,0xf6,0xd5,0x15,0xd5,0xfd,0xee,0xbf,0xf7,0xbf,0xef,0xbe,0xef,0x7d,0xef,0x81,
  0x3c,0xef,0x01,0xff,0xff,0xff,0xf7,0x81,0xdf,0xf7,0x03,0xff,0xff,0xdf,0xf7,0x9e,
  0xf7,0xde,0xf7,0x83,0xff,0xff,0x02,0xde,0xf7,0x5c,0xef,0x5d,0xef,0x81,0x3d,0xef,
  0x01,0x5d,0xef,0x1c,0xe7,0x81,0x3c,0xef,0x04,0xfc,0xee,0xbe,0xf7,0xdf,0xf7,0xbf,
  0xf7,0x9e,0xf7,0x81,0x3d,0xef,0x02,0x34,0xdd,0xd4,0xdc,0x7a,0xe6,0x81,0x59,0xde,
  0x06,0xdb,0xe6,0xfc,0xe6,0x1b,0xe7,0xdb,0xe6,0xba,0xde,0xfa,0xe6,0xb9,0xde,0x81,
  0x78,0xde,0x05,0x37,0xe6,0x78,0xe6,0xda,0xee,0xfa,0xe6,0xfa,0xee,0xfa,0xe6,0x82,
  0xd9,0xe6,0x1e,0xb8,0xe6,0xb8,0xde,0x36,0xde,0xf5,0xdd,0xd4,0xd5,0x93,0xd5,0xd4,
  0xdd,0xf4,0xd5,0x10,0xcd,0xcf,0xcc,0x31,0xcd,0x51,0xcd,0x51,0xc5,0x11,0xc5,0xf0,
  0xc4,0x8e,0xc4,0xcb,0xb3,0xab,0xb3,0x0c,0xbc,0x4d,0xb4,0x0c,0xb4,0xeb,0xab,0x0c,
  0xac,0xec,0xab,0xcb,0xab,0xab,0xa3,0x8a,0xa3,0x29,0xa3,0xe8,0x9a,0xa7,0x9a,0x66,
  0x92,0x81,0x87,0x92,0x05,0x46,0x8a,0x25,0x8a,0x05,0x8a,0xe4,0x81,0xa3,0x81,0x83,
  0x79,0x81,0x63,0x79,0x82,0x42,0x71,0x82,0x22,0x71,0x00,0x02,0x69,0x86,0x01,0x69,
  0x87,0x01,0x69,0x01,0x02,0x69,0x02,0x71,0x81,0x22,0x71,0x04,0x42,0x71,0x63,0x79,
  0x83,0x79,0xa3,0x81,0xa4,0x81,0x81,0xc4,0x81,0x02,0xe4,0x89,0x05,0x8a,0x66,0x92,
  0x81,0x25,0x92,0x04,0x86,0x9a,0x25,0x92,0xe4,0x91,0x66,0x9a,0x08,0xa3,0x81,0x48,
  0xa3,0x00,0xc7,0x9a,0x81,0xc7,0xa2,0x08,0xec,0xb3,0x8e,0xbc,0xae,0xbc,0xcf,0xbc,
  0xce,0xbc,0x0f,0xc5,0x51,0xc5,0x51,0xcd,0x71,0xcd,0x81,0xd2,0xd5,0x12,0x91,0xcd,
  0x50,0xd5,0x50,0xcd,0xd3,0xcd,0xd4,0xcd,0x2f,0xc5,0xef,0xc4,0x15,0xd6,0x35,0xd6,
  0xd3,0xcd,0x14,0xd6,0x51,0xcd,0xf0,0xd4,0x16,0xde,0x36,0xde,0x97,0xde,0x98,0xde,
  0xb8,0xde,0x98,0xde,0x81,0xb9,0xde,0x08,0x99,0xde,0xba,0xde,0xd9,0xd6,0x98,0xd6,
  0xda,0xde,0x3c,0xe7,0x1b,0xdf,0x99,0xde,0xda,0xde,0x81,0x1c,0xe7,0x00,0xfb,0xe6,
  0x82,0x3c,0xe7,0x06,0x1b,0xe7,0x78,0xde,0xb6,0xe5,0x96,0xdd,0x97,0xdd,0xfd,0xe6,
  0xbf,0xef,0x81,0xbe,0xef,0x81,0xbe,0xf7,0x09,0xff,0xf7,0x9d,0xef,0x3c,0xef,0xde,
  0xf7,0xff,0xf7,0xbe,0xf7,0xbe,0xef,0xdf,0xf7,0xbe,0xf7,0xdf,0xf7,0x81,0xff,0xff,
  0x0b,0xbe,0xf7,0x9d,0xf7,0x7c,0xf7,0x3b,0xef,0x1c,0xef,0x3d,0xef,0x5e,0xef,0x9e,
  0xf7,0xdf,0xf7,0x3c,0xe7,0x79,0xde,0x1c,0xef,0x81,0xdf,0xf7,0x0a,0xff,0xef,0xdf,
  0xf7,0x7d,0xef,0x3c,0xef,0x15,0xdd,0x36,0xdd,0x1c,0xef,0xfb,0xe6,0xdb,0xe6,0x1c,
  0xe7,0x3c,0xef,0x81,0xfb,0xe6,0x09,0x3c,0xe7,0xfa,0xe6,0xd9,0xde,0xd9,0xe6,0x3c,
  0xef,0xf9,0xe6,0x57,0xe6,0x37,0xe6,0x98,0xe6,0xf9,0xe6,0x82,0xb8,0xe6,0x00,0x97,
  0xde,0x81,0x77,0xde,0x14,0x36,0xde,0xd4,0xd5,0xd5,0xdd,0x72,0xd5,0x71,0xd5,0xf4,
  0xdd,0x31,0xcd,0x6d,0xc4,0xcf,0xc4,0x31,0xcd,0x51,0xc5,0x31,0xc5,0xf0,0xc4,0xaf,
  0xbc,0x8e,0xbc,0xeb,0xb3,0x49,0xb3,0x8a,0xb3,0xec,0xb3,0xeb,0xb3,0xaa,0xab,0x81,
  0xcb,0xab,0x0c,0x8a,0xa3,0x6a,0xa3,0x49,0xa3,0xe8,0x9a,0x66,0x92,0x25,0x92,0x46,
  0x92,0x66,0x92,0x46,0x8a,0x05,0x8a,0xe5,0x81,0xa3,0x81,0x83,0x79,0x81,0x63,0x79,
  0x00,0x42,0x79,0x82,0x42,0x71,0x81,0x22,0x71,0x01,0x02,0x71,0x02,0x69,0x86,0x01,
  0x69,0x88,0x01,0x69,0x12,0x02,0x69,0x02,0x71,0x22,0x71,0x42,0x71,0x62,0x79,0x83,
  0x79,0xa3,0x79,0xa4,0x81,0xc4,0x81,0xe4,0x81,0xe4,0x89,0x05,0x8a,0x25,0x92,0x05,
  0x92,0x26,0x92,0xa7,0x9a,0x66,0x92,0xc4,0x91,0x66,0x9a,0x81,0x28,0xa3,0x1e,0x69,
  0xab,0xc7,0xa2,0x86,0x9a,0xc7,0x9a,0x49,0xa3,0x4d,0xb4,0x8e,0xb4,0xae,0xb4,0xad,
  0xb4,0xcf,0xbc,0x10,0xc5,0x30,0xcd,0x50,0xcd,0x91,0xcd,0xb2,0xcd,0x70,0xcd,0xad,
  0xcc,0x2b,0xcc,0xce,0xcc,0xd4,0xcd,0xae,0xc4,0x48,0xbb,0x10,0xcd,0xd4,0xcd,0xb3,
  0xcd,0x15,0xd6,0x30,0xcd,0x4e,0xc4,0x94,0xdd,0x77,0xde,0xd9,0xde,0x81,0xb8,0xde,
  0x00,0xb9,0xde,0x81,0xd9,0xde,0x02,0xb9,0xde,0xfa,0xe6,0xda,0xde,0x81,0xb9,0xd6,
  0x10,0xfb,0xde,0x1b,0xdf,0x99,0xde,0xbb,0xde,0xfb,0xde,0x1b,0xe7,0xfb,0xde,0xfb,
  0xe6,0x3c,0xef,0x5c,0xef,0x1b,0xe7,0xda,0xe6,0x95,0xdd,0xb3,0xdc,0x1d,0xf7,0xff,
  0xf7,0x9e,0xf7,0x81,0xbe,0xf7,0x05,0xdf,0xf7,0xbe,0xf7,0xdf,0xf7,0xff,0xff,0xfa,
  0xe6,0x3b,0xef,0x81,0xff,0xf7,0x02,0xbe,0xf7,0xbd,0xf7,0xde,0xf7,0x81,0xff,0xff,
  0x05,0xde,0xf7,0xbd,0xf7,0x7d,0xf7,0x1b,0xf7,0xfb,0xee,0x1c,0xef,0x81,0xff,0xff,
  0x06,0x9e,0xef,0xbf,0xef,0xde,0xf7,0xda,0xe6,0x1c,0xef,0xbf,0xf7,0xbf,0xef,0x81,
  0xbe,0xf7,0x05,0x9e,0xf7,0x7d,0xef,0xd8,0xe5,0xd5,0xdc,0xba,0xe6,0xfb,0xde,0x81,
  0x3c,0xef,0x02,0x1c,0xe7,0x1b,0xe7,0xda,0xe6,0x81,0x1b,0xe7,0x0a,0xda,0xe6,0x98,
  0xde,0x1b,0xef,0x1a,0xef,0xb8,0xde,0x16,0xde,0xf6,0xdd,0xb8,0xe6,0xb8,0xde,0x98,
  0xde,0x98,0xe6,0x82,0x56,0xde,0x04,0x36,0xd6,0xd4,0xd5,0xd4,0xdd,0xd4,0xd5,0x31,
  0xcd,0x81,0xf0,0xcc,0x81,0xaf,0xc4,0x07,0x11,0xc5,0x51,0xc5,0x10,0xc5,0xf0,0xc4,
  0xcf,0xbc,0x8e,0xbc,0x6d,0xb4,0xcb,0xb3,0x81,0xe8,0xaa,0x08,0x6a,0xab,0x8b,0xab,
  0x8a,0xab,0xaa,0xab,0x69,0xa3,0x29,0xa3,0x08,0x9b,0xa7,0x9a,0x66,0x92,0x82,0x25,
  0x8a,0x02,0x05,0x8a,0xe4,0x81,0xa4,0x81,0x81,0x83,0x79,0x82,0x63,0x79,0x00,0x43,
  0x71,0x81,0x42,0x71,0x81,0x22,0x71,0x00,0x02,0x69,0x87,0x01,0x69,0x88,0x01,0x69,
  0x01,0x02,0x69,0x02,0x71,0x81,0x22,0x71,0x03,0x42,0x79,0x63,0x79,0x83,0x79,0xa3,
  0x81,0x81,0xc4,0x81,0x0c,0xe4,0x89,0x05,0x8a,0x25,0x8a,0x05,0x8a,0x25,0x92,0x87,
  0x9a,0xa7,0x9a,0x05,0x92,0x66,0x9a,0x08,0xa3,0x28,0xa3,0x69,0xa3,0x49,0xab,0x81,
  0x28,0xab,0x01,0xe8,0xa2,0xec,0xab,0x82,0x6d,0xb4,0x00,0xae,0xbc,0x81,0xef,0xc4,
  0x12,0x30,0xcd,0x71,0xcd,0x91,0xcd,0x2f,0xcd,0x0a,0xcc,0x89,0xc3,0xaa,0xc3,0x72,
  0xcd,0xcf,0xc4,0x48,0xbb,0x0b,0xcc,0x93,0xd5,0x15,0xd6,0xd4,0xd5,0x51,0xd5,0xaf,
  0xc4,0x94,0xd5,0x97,0xe6,0xb8,0xde,0x81,0x98,0xde,0x00,0xb9,0xde,0x81,0xd9,0xde,
  0x03,0xda,0xe6,0xfa,0xe6,0xfa,0xde,0xda,0xde,0x81,0x99,0xd6,0x04,0x98,0xd6,0xb9,
  0xde,0xba,0xde,0x1b,0xdf,0x5c,0xe7,0x81,0x1b,0xe7,0x09,0x3c,0xef,0x5c,0xef,0x5c,
  0xe7,0xfb,0xe6,0xba,0xe6,0x55,0xdd,0x76,0xdd,0x7e,0xf7,0x9e,0xf7,0xbe,0xf7,0x81,
  0xdf,0xf7,0x81,0xbe,0xf7,0x04,0xde,0xf7,0x3c,0xef,0x1b,0xef,0x5c,0xef,0xdf,0xff,
  0x81,0xff,0xff,0x09,0x7d,0xf7,0xde,0xf7,0xff,0xff,0xde,0xf7,0xff,0xff,0xfe,0xff,
  0x7c,0xf7,0x9d,0xf7,0xde,0xf7,0xff,0xf7,0x81,0xff,0xff,0x1d,0x7d,0xef,0x1b,0xef,
  0xda,0xee,0x79,0xe6,0x7d,0xef,0xff,0xf7,0xbe,0xf7,0x7d,0xf7,0x7d,0xef,0xbe,0xf7,
  0xba,0xee,0xd3,0xd4,0x39,0xe6,0x1c,0xe7,0x5c,0xe7,0x7c,0xe7,0x5c,0xe7,0x3c,0xef,
  0x1b,0xe7,0x1a,0xe7,0x1b,0xe7,0x1a,0xe7,0x57,0xde,0x77,0xde,0xd9,0xe6,0xb8,0xe6,
  0xb9,0xe6,0x58,0xde,0x16,0xde,0x97,0xde,0x81,0x77,0xde,0x01,0x76,0xde,0x36,0xde,
  0x81,0x56,0xde,0x00,0x15,0xd6,0x81,0xd4,0xd5,0x04,0x72,0xd5,0x4d,0xc4,0x8f,0xcc,
  0x10,0xcd,0xef,0xcc,0x81,0x10,0xc5,0x03,0xef,0xc4,0xcf,0xbc,0xae,0xbc,0x6d,0xbc,
  0x81,0x4d,0xb4,0x04,0xcb,0xb3,0xc8,0xa2,0x87,0xa2,0x4a,0xab,0x6a,0xab,0x81,0x49,
  0xa3,0x07,0x08,0x9b,0xc7,0x9a,0x87,0x9a,0x66,0x92,0x45,0x8a,0x25,0x8a,0x05,0x8a,
  0xc4,0x81,0x81,0xa3,0x81,0x82,0x83,0x79,0x81,0x63,0x79,0x81,0x42,0x71,0x81,0x22,
  0x71,0x00,0x02,0x71,0x88,0x01,0x69,0x89,0x01,0x69,0x81,0x02,0x71,0x13,0x22,0x71,
  0x42,0x71,0x62,0x79,0x63,0x79,0x83,0x79,0xa4,0x81,0xc4,0x81,0xe4,0x81,0x05,0x8a,
  0x25,0x8a,0x25,0x92,0x46,0x92,0x86,0x92,0xc7,0x9a,0x86,0x9a,0x66,0x9a,0xe8,0x9a,
  0x28,0xa3,0x49,0xa3,0x8a,0xa3,0x81,0x69,0xab,0x02,0x08,0xa3,0x6a,0xab,0x4c,0xb4,
  0x81,0x4d,0xb4,0x14,0x8e,0xbc,0xae,0xbc,0x8d,0xbc,0xce,0xc4,0x50,0xcd,0x71,0xd5,
  0xad,0xcc,0xca,0xc3,0x6d,0xcc,0x68,0xbb,0xae,0xcc,0x10,0xc5,0xca,0xc3,0xcb,0xcb,
  0x31,0xcd,0xf4,0xd5,0xef,0xcc,0xae,0xcc,0xcf,0xcc,0xb3,0xd5,0x57,0xde,0x83,0x98,
  0xde,0x83,0xd9,0xe6,0x06,0xb9,0xde,0x98,0xde,0xfa,0xde,0x1a,0xdf,0xb9,0xde,0xd9,
  0xde,0x1b,0xe7,0x82,0x5c,0xe7,0x09,0x5c,0xef,0x5c,0xe7,0x9e,0xef,0x9d,0xef,0x3b,
  0xef,0x1b,0xe7,0x3c,0xef,0x54,0xd5,0x76,0xe5,0x5d,0xf7,0x81,0xdf,0xf7,0x07,0xff,
  0xf7,0x9c,0xef,0x7c,0xef,0x9d,0xef,0x9d,0xf7,0x7d,0xf7,0x1b,0xef,0x5d,0xef,0x81,
  0xff,0xff,0x02,0xbd,0xf7,0x7d,0xf7,0xde,0xff,0x81,0xff,0xff,0x02,0xdd,0xf7,0x9d,
  0xf7,0xde,0xf7,0x82,0xff,0xff,0x10,0xde,0xf7,0x7d,0xef,0x3c,0xef,0x1c,0xef,0xfa,
  0xe6,0xdb,0xe6,0x9e,0xf7,0xff,0xf7,0xbe,0xf7,0x7d,0xef,0x9e,0xef,0x9a,0xee,0xd3,
  0xdc,0x38,0xee,0x1c,0xef,0x3c,0xef,0x7c,0xef,0x83,0x5c,0xef,0x11,0x1a,0xe7,0xf9,
  0xe6,0x77,0xde,0x35,0xde,0xb9,0xe6,0xfa,0xee,0x1a,0xe7,0xfa,0xe6,0x57,0xde,0xd5,
  0xd5,0x16,0xde,0x77,0xde,0x76,0xde,0x56,0xde,0x35,0xd6,0x56,0xde,0x15,0xd6,0xd4,
  0xd5,0x81,0x93,0xd5,0x08,0xae,0xc4,0x6e,0xcc,0xef,0xcc,0xef,0xc4,0x10,0xc5,0xef,
  0xc4,0xae,0xbc,0x8d,0xbc,0x6d,0xbc,0x82,0x2c,0xb4,0x04,0x0c,0xac,0xab,0xb3,0xa7,
  0xa2,0x45,0x92,0xe8,0xa2,0x81,0x29,0xa3,0x03,0x08,0x9b,0xe8,0x9a,0xa7,0x9a,0x25,
  0x92,0x81,0x05,0x8a,0x04,0xc4,0x81,0xa3,0x81,0xc4,0x81,0xa4,0x81,0x83,0x79,0x83,
  0x63,0x79,0x00,0x42,0x71,0x81,0x22,0x71,0x01,0x02,0x71,0x02,0x69,0x88,0x01,0x69,
  0x89,0x01,0x69,0x01,0x02,0x69,0x02,0x71,0x81,0x22,0x71,0x06,0x42,0x79,0x63,0x79,
  0x83,0x79,0x83,0x81,0xc4,0x81,0xe4,0x81,0xe4,0x89,0x81,0x05,0x8a,0x11,0x46,0x92,
  0xa7,0x92,0xc7,0x92,0xc7,0x9a,0xa7,0x9a,0xe8,0x9a,0x28,0x9b,0x28,0xa3,0x49,0xa3,
  0x69,0xa3,0x8a,0xab,0x89,0xab,0xe8,0xa2,0xab,0xb3,0x2c,0xac,0x4d,0xb4,0x8e,0xb4,
  0x4c,0xbc,0x81,0xaa,0xbb,0x10,0x6c,0xc4,0x71,0xcd,0x6c,0xc4,0x0c,0xc4,0x10,0xcd,
  0xaa,0xbb,0xec,0xc3,0xef,0xcc,0xeb,0xc3,0x89,0xc3,0xd0,0xcc,0x92,0xd5,0x8d,0xc4,
  0xae,0xc4,0xf0,0xcc,0x93,0xd5,0x35,0xd6,0x82,0x98,0xde,0x00,0xb8,0xde,0x84,0xd9,
  0xe6,0x07,0xb8,0xde,0x1a,0xe7,0x3a,0xe7,0x1a,0xe7,0x3b,0xe7,0x7c,0xe7,0x5b,0xe7,
  0x3b,0xe7,0x81,0x7c,0xef,0x13,0x5c,0xe7,0x7d,0xef,0x5c,0xef,0xfb,0xe6,0x3c,0xef,
  0xbe,0xef,0x5c,0xef,0x95,0xdd,0x75,0xdd,0x1c,0xef,0xdf,0xff,0xfe,0xf7,0x5b,0xef,
  0xfb,0xee,0x5c,0xef,0xff,0xff,0xde,0xf7,0xbd,0xf7,0x9d,0xef,0x7d,0xe7,0x81,0xff,
  0xff,0x01,0xbd,0xf7,0x7c,0xf7,0x81,0xff,0xff,0x02,0xde,0xff,0xbd,0xf7,0x7d,0xef,
  0x81,0xff,0xff,0x01,0xbd,0xf7,0xbe,0xf7,0x81,0xff,0xf7,0x12,0x9d,0xef,0x7d,0xef,
  0xfb,0xe6,0xdb,0xe6,0xbe,0xf7,0x9e,0xf7,0x7d,0xef,0x9e,0xf7,0x59,0xee,0x71,0xd4,
  0xf7,0xe5,0x1c,0xef,0x5c,0xef,0x7c,0xef,0x5c,0xef,0x3b,0xe7,0x5b,0xef,0x7c,0xef,
  0x3b,0xef,0x81,0xf9,0xe6,0x0b,0x36,0xde,0x77,0xe6,0x1a,0xef,0xd9,0xe6,0xf9,0xe6,
  0xd9,0xe6,0xf5,0xd5,0xb4,0xd5,0x56,0xde,0x77,0xde,0x56,0xde,0x15,0xd6,0x81,0xf4,
  0xd5,0x0d,0xd4,0xd5,0x93,0xcd,0x52,0xcd,0x10,0xcd,0x6d,0xc4,0xae,0xc4,0xcf,0xc4,
  0xf0,0xc4,0xef,0xc4,0xaf,0xbc,0x6d,0xbc,0x4d,0xb4,0x2c,0xb4,0x0c,0xb4,0x82,0xec,
  0xab,0x03,0x6a,0xab,0x45,0x9a,0x05,0x92,0x87,0x9a,0x82,0xa7,0x9a,0x04,0x25,0x92,
  0xa3,0x81,0xa3,0x89,0xa4,0x81,0xa3,0x81,0x81,0xc4,0x81,0x00,0xa3,0x81,0x83,0x63,
  0x79,0x01,0x42,0x79,0x42,0x71,0x81,0x22,0x71,0x00,0x02,0x71,0x89,0x01,0x69,0x8a,
  0x01,0x69,0x01,0x02,0x69,0x02,0x71,0x81,0x22,0x71,0x05,0x42,0x79,0x63,0x79,0x83,
  0x79,0xa4,0x81,0xc4,0x81,0xe4,0x81,0x81,0x05,0x8a,0x06,0x46,0x8a,0x86,0x92,0xa7,
  0x92,0xc7,0x92,0xe7,0x92,0xe8,0x9a,0x08,0x9b,0x81,0x28,0x9b,0x23,0x29,0xa3,0x69,
  0xa3,0xaa,0xab,0xc7,0xa2,0x08,0xa3,0x0c,0xb4,0x0c,0xac,0x4d,0xb4,0x0b,0xbc,0x49,
  0xbb,0x69,0xbb,0xaa,0xbb,0xae,0xcc,0x8d,0xc4,0x2b,0xc4,0x51,0xcd,0x0a,0xbc,0x89,
  0xc3,0x2c,0xcc,0x8a,0xc3,0x8a,0xbb,0x8f,0xc4,0x92,0xd5,0xcf,0xcc,0x52,0xcd,0x52,
  0xd5,0xd3,0xd5,0x56,0xd6,0x77,0xde,0x98,0xde,0xb8,0xe6,0xb9,0xe6,0xd9,0xe6,0xf9,
  0xe6,0xd9,0xe6,0xfa,0xe6,0x81,0x1a,0xe7,0x07,0x19,0xe7,0x3a,0xdf,0x3a,0xe7,0x5b,
  0xe7,0x7c,0xef,0x5b,0xe7,0x3b,0xe7,0x7c,0xef,0x81,0x5b,0xe7,0x0f,0x5b,0xef,0x3b,
  0xef,0x3b,0xe7,0x7d,0xef,0xbe,0xef,0xbd,0xef,0x7c,0xef,0x38,0xe6,0x96,0xe5,0x9b,
  0xf6,0xbd,0xf7,0x19,0xef,0x3b,0xf7,0x9d,0xf7,0xde,0xf7,0xff,0xff,0x81,0xbd,0xf7,
  0x01,0x3b,0xef,0x7d,0xf7,0x81,0xff,0xff,0x02,0x7c,0xf7,0xbe,0xf7,0xff,0xff,0x81,
  0xfe,0xff,0x81,0x7d,0xf7,0x81,0xbe,0xf7,0x13,0xff,0xff,0xff,0xf7,0xff,0xff,0xff,
  0xf7,0x7c,0xef,0x9d,0xef,0xda,0xe6,0xfb,0xee,0x5c,0xef,0x7d,0xf7,0xbe,0xff,0xb5,
  0xdd,0x71,0xd4,0x58,0xee,0xfa,0xee,0x3c,0xef,0x5b,0xef,0x5b,0xe7,0x3b,0xef,0x3b,
  0xe7,0x81,0x5b,0xef,0x0a,0x3a,0xef,0x1a,0xe7,0xb8,0xe6,0x36,0xde,0x98,0xe6,0x97,
  0xde,0x57,0xde,0x77,0xe6,0x36,0xde,0x93,0xd5,0xb4,0xd5,0x81,0x76,0xde,0x01,0x35,
  0xd6,0xd4,0xd5,0x81,0xb3,0xd5,0x00,0x72,0xcd,0x81,0x31,0xcd,0x01,0x8d,0xc4,0x4c,
  0xbc,0x81,0xaf,0xc4,0x81,0xcf,0xbc,0x0e,0x8e,0xbc,0x4d,0xb4,0x2d,0xb4,0x0c,0xb4,
  0xeb,0xab,0xcb,0xab,0x8a,0xab,0x29,0xab,0x66,0x9a,0xe4,0x91,0xc4,0x89,0xe4,0x91,
  0xe4,0x89,0xc4,0x89,0xa3,0x89,0x83,0x83,0x81,0x02,0xa3,0x81,0xa4,0x81,0x83,0x81,
  0x81,0x63,0x79,0x01,0x42,0x79,0x42,0x71,0x82,0x22,0x71,0x01,0x02,0x71,0x02,0x69,
  0x89,0x01,0x69,0x8b,0x01,0x69,0x00,0x02,0x71,0x81,0x22,0x71,0x00,0x42,0x71,0x81,
  0x63,0x79,0x0a,0x83,0x79,0xc4,0x81,0xe4,0x81,0x05,0x82,0x05,0x8a,0x45,0x8a,0x66,
  0x8a,0x86,0x92,0xa7,0x92,0xc7,0x92,0xe7,0x9a,0x81,0x08,0x9b,0x1d,0xe7,0x9a,0x08,
  0x9b,0x49,0xa3,0xaa,0xab,0x08,0xa3,0x65,0x9a,0x6a,0xab,0xeb,0xb3,0x0b,0xb4,0x0b,
  0xbc,0x69,0xbb,0x2c,0xc4,0x0c,0xbc,0xcb,0xbb,0x6c,0xc4,0xeb,0xbb,0xf0,0xcc,0x8c,
  0xc4,0x67,0xbb,0x28,0xc3,0xab,0xc3,0x4d,0xc4,0x0c,0xbc,0x0f,0xd5,0xaf,0xcc,0x32,
  0xcd,0xb3,0xd5,0x14,0xde,0x56,0xd6,0x77,0xde,0x83,0xb8,0xe6,0x01,0xd9,0xe6,0xf9,
  0xe6,0x81,0x1a,0xe7,0x02,0x19,0xdf,0x3a,0xe7,0x5b,0xe7,0x81,0x3a,0xe7,0x03,0x3b,
  0xe7,0x1a,0xe7,0x5b,0xef,0x7b,0xef,0x81,0x3a,0xe7,0x00,0x3b,0xef,0x81,0x7c,0xef,
  0x00,0x5c,0xef,0x81,0x9d,0xef,0x07,0x7c,0xef,0xfa,0xee,0x33,0xdd,0x96,0xe5,0xda,
  0xf6,0xfb,0xee,0x9d,0xf7,0xfe,0xff,0x81,0xde,0xf7,0x03,0xbe,0xf7,0xde,0xf7,0xbe,
  0xff,0x3c,0xf7,0x81,0xff,0xff,0x03,0x9d,0xf7,0x3c,0xf7,0xbe,0xff,0xbd,0xf7,0x81,
  0xff,0xff,0x07,0x5c,0xef,0x5d,0xef,0xff,0xff,0xde,0xff,0x9c,0xf7,0xbc,0xf7,0x9c,
  0xef,0x3b,0xef,0x81,0x1b,0xef,0x0c,0xb9,0xee,0xfb,0xee,0x9d,0xf7,0x3b,0xf7,0xb2,
  0xd4,0x55,0xe5,0xfb,0xf6,0xfa,0xee,0x1a,0xef,0x5c,0xef,0x7c,0xef,0x9c,0xef,0x5b,
  0xef,0x81,0x1a,0xe7,0x02,0x3a,0xe7,0xf9,0xe6,0xd8,0xe6,0x81,0x36,0xde,0x21,0x56,
  0xe6,0x16,0xde,0x56,0xde,0x57,0xde,0x15,0xde,0x73,0xd5,0xb4,0xd5,0x36,0xde,0x35,
  0xd6,0xf4,0xd5,0xb3,0xd5,0x72,0xcd,0x52,0xcd,0x31,0xcd,0xf0,0xcc,0x6d,0xc4,0x2c,
  0xbc,0x8e,0xc4,0xaf,0xbc,0x8e,0xbc,0x6e,0xbc,0x6d,0xbc,0x2d,0xb4,0x2c,0xb4,0x0c,
  0xac,0xcb,0xab,0x29,0xab,0xc7,0xa2,0x86,0x9a,0x25,0x92,0x66,0x92,0x87,0x9a,0x66,
  0x92,0x25,0x92,0x81,0xe4,0x89,0x00,0xe5,0x89,0x81,0xe4,0x81,0x00,0xc4,0x81,0x81,
  0x83,0x79,0x81,0x63,0x79,0x02,0x62,0x79,0x42,0x79,0x42,0x71,0x82,0x22,0x71,0x00,
  0x02,0x69,0x8a,0x01,0x69,0x8b,0x01,0x69,0x81,0x02,0x71,0x81,0x22,0x71,0x0a,0x42,
  0x79,0x63,0x79,0x83,0x79,0xa3,0x81,0xc4,0x81,0xe4,0x81,0x05,0x8a,0x25,0x8a,0x46,
  0x8a,0x66,0x92,0xa7,0x92,0x81,0xc7,0x92,0x20,0xe8,0x9a,0x08,0x9b,0xe7,0x9a,0x08,
  0x9b,0x49,0xa3,0x8a,0xa3,0x48,0xa3,0x45,0x92,0x86,0x9a,0x69,0xb3,0xca,0xb3,0x0b,
  0xb4,0x69,0xb3,0x0c,0xbc,0xad,0xbc,0x8a,0xb3,0xcb,0xc3,0xab,0xbb,0x6d,0xc4,0xce,
  0xc4,0xa8,0xbb,0x48,0xc3,0x4d,0xc4,0xf0,0xcc,0x2c,0xbc,0xca,0xbb,0x6d,0xc4,0x30,
  0xd5,0xd3,0xd5,0x35,0xde,0x56,0xde,0x77,0xde,0x97,0xde,0x82,0xb8,0xe6,0x00,0xd9,
  0xe6,0x82,0xf9,0xe6,0x5e,0x1a,0xe7,0x7a,0xe7,0x5a,0xe7,0x1a,0xe7,0x19,0xe7,0xf9,
  0xe6,0xd9,0xe6,0x5b,0xef,0x5c,0xef,0x3b,0xef,0x1a,0xe7,0x3b,0xe7,0x7c,0xef,0x3b,
  0xe7,0x1a,0xe7,0x7c,0xef,0x7d,0xef,0x9d,0xef,0x76,0xe6,0x90,0xd4,0x79,0xf6,0xda,
  0xf6,0x1c,0xf7,0xde,0xf7,0xff,0xff,0xff,0xf7,0xde,0xf7,0xbd,0xf7,0xde,0xff,0xff,
  0xff,0x9c,0xf7,0x7c,0xf7,0xff,0xff,0x9d,0xff,0x1b,0xf7,0x5c,0xf7,0xbd,0xf7,0xfe,
  0xff,0xff,0xff,0xbd,0xf7,0x7c,0xf7,0x5b,0xef,0x3b,0xef,0x7c,0xf7,0x7b,0xef,0x7c,
  0xef,0x5b,0xef,0xfa,0xee,0x3c,0xef,0xda,0xee,0xb9,0xee,0x7c,0xf7,0x57,0xe6,0x71,
  0xd4,0x38,0xe6,0x3b,0xef,0x1a,0xef,0xf9,0xe6,0xfa,0xe6,0x5b,0xef,0x7c,0xef,0x9b,
  0xef,0x3a,0xe7,0xf9,0xde,0xd8,0xde,0x98,0xe6,0x97,0xe6,0x76,0xe6,0x15,0xde,0x36,
  0xe6,0x35,0xde,0x56,0xde,0x76,0xde,0x56,0xde,0x14,0xde,0x52,0xcd,0x93,0xd5,0x15,
  0xd6,0xf4,0xd5,0xb3,0xd5,0x93,0xcd,0x52,0xcd,0x31,0xcd,0xaf,0xc4,0x6e,0xc4,0x4d,
  0xc4,0x6d,0xbc,0xcf,0xbc,0xae,0xbc,0x6d,0xbc,0x4d,0xb4,0x2c,0xb4,0x0c,0xac,0xcb,
  0xab,0x29,0xa3,0x82,0xe8,0xa2,0x05,0x86,0x9a,0xa7,0x9a,0xe8,0x9a,0xc8,0x9a,0xa7,
  0x9a,0x25,0x92,0x83,0x05,0x8a,0x02,0xe5,0x81,0xc4,0x81,0x83,0x79,0x82,0x63,0x79,
  0x81,0x42,0x71,0x81,0x22,0x71,0x01,0x02,0x71,0x02,0x69,0x8a,0x01,0x69,0x8c,0x01,
  0x69,0x81,0x02,0x71,0x02,0x22,0x71,0x42,0x71,0x62,0x79,0x81,0x83,0x79,0x0a,0xa3,
  0x81,0xe4,0x81,0x05,0x82,0x25,0x8a,0x45,0x8a,0x66,0x8a,0x86,0x92,0xa7,0x92,0xc7,
  0x92,0xe7,0x92,0xe8,0x9a,0x81,0x08,0x9b,0x1c,0x29,0x9b,0x49,0xa3,0x48,0xa3,0xe7,
  0xa2,0x25,0x92,0x65,0xa2,0x28,0xab,0xeb,0xb3,0x49,0xb3,0x6a,0xb3,0xce,0xbc,0x0b,
  0xb4,0x29,0xbb,0x49,0xbb,0x6d,0xc4,0xef,0xc4,0x2b,0xc4,0xca,0xc3,0x8e,0xc4,0x10,
  0xc5,0xce,0xcc,0x2c,0xc4,0x6d,0xc4,0x71,0xd5,0xf4,0xd5,0x15,0xd6,0x56,0xde,0x76,
  0xde,0x77,0xde,0x81,0x97,0xde,0x00,0xb8,0xe6,0x81,0xd9,0xe6,0x01,0xf9,0xe6,0xd9,
  0xe6,0x81,0x3a,0xe7,0x18,0x19,0xe7,0x5a,0xe7,0x3a,0xe7,0x1a,0xe7,0xf9,0xe6,0x5b,
  0xef,0x7c,0xef,0x5b,0xef,0xf8,0xe6,0x19,0xe7,0x9c,0xef,0x3a,0xe7,0x1a,0xe7,0x5b,
  0xef,0x7c,0xef,0x9c,0xef,0x5a,0xef,0x94,0xdd,0xb2,0xdc,0x59,0xee,0x9d,0xf7,0xbd,
  0xff,0xde,0xf7,0xfe,0xf7,0xff,0xff,0x81,0x9d,0xf7,0x81,0xdd,0xf7,0x0d,0x5c,0xf7,
  0x3b,0xf7,0xbd,0xff,0x7d,0xf7,0x7c,0xf7,0x7c,0xef,0xbd,0xff,0xfe,0xff,0xdd,0xff,
  0x9c,0xf7,0x5c,0xef,0xbd,0xf7,0xff,0xff,0xde,0xff,0x81,0xde,0xf7,0x00,0x5b,0xef,
  0x81,0x3b,0xef,0x07,0x78,0xe6,0x1b,0xef,0x77,0xe6,0x4f,0xcc,0x17,0xee,0x5b,0xef,
  0x3a,0xef,0x1b,0xef,0x81,0xd9,0xe6,0x00,0x3a,0xef,0x81,0x7a,0xef,0x09,0x39,0xe7,
  0xb8,0xde,0x56,0xde,0x36,0xde,0x77,0xe6,0xf4,0xdd,0xd3,0xdd,0x55,0xde,0x15,0xde,
  0x15,0xd6,0x81,0x35,0xde,0x14,0xb3,0xd5,0x31,0xcd,0xb2,0xcd,0xf3,0xcd,0xb3,0xcd,
  0x93,0xcd,0x72,0xcd,0x31,0xcd,0xaf,0xc4,0x4d,0xbc,0x6e,0xbc,0x4d,0xbc,0x6d,0xbc,
  0x8e,0xbc,0x6e,0xbc,0x4d,0xb4,0x2c,0xb4,0xab,0xab,0x08,0xa3,0x09,0xa3,0x29,0xa3,
  0x81,0x49,0xa3,0x05,0xe8,0x9a,0x86,0x9a,0xa7,0x9a,0xa7,0x92,0x66,0x92,0x25,0x8a,
  0x81,0x05,0x8a,0x00,0xe4,0x89,0x81,0xe4,0x81,0x02,0xc4,0x81,0xa3,0x79,0x83,0x79,
  0x81,0x63,0x79,0x00,0x42,0x71,0x81,0x22,0x71,0x01,0x02,0x71,0x02,0x69,0x8b,0x01,
  0x69,0x8d,0x01,0x69,0x00,0x02,0x71,0x81,0x22,0x71,0x0d,0x42,0x79,0x63,0x79,0x83,
  0x79,0xa3,0x79,0xc4,0x81,0xe4,0x81,0x05,0x82,0x25,0x8a,0x45,0x8a,0x66,0x8a,0x86,
  0x92,0xa7,0x92,0xc7,0x92,0xe7,0x92,0x82,0x08,0x9b,0x00,0x28,0x9b,0x81,0x49,0xa3,
  0x13,0xc6,0x9a,0x03,0x92,0x44,0x9a,0x69,0xb3,0x49,0xb3,0x08,0xab,0x6d,0xbc,0x8d,
  0xbc,0x49,0xb3,0x29,0xb3,0x8e,0xc4,0x0f,0xc5,0x8d,0xc4,0x4c,0xc4,0xef,0xcc,0x51,
  0xcd,0x30,0xcd,0x0f,0xcd,0x10,0xcd,0x93,0xd5,0x81,0xf4,0xd5,0x02,0x15,0xd6,0x36,
  0xde,0x76,0xde,0x81,0x77,0xde,0x04,0x97,0xde,0xb8,0xe6,0xd9,0xe6,0xf9,0xe6,0xf8,
  0xe6,0x81,0xf9,0xe6,0x02,0x3a,0xe7,0x7a,0xe7,0x3a,0xe7,0x81,0xf9,0xe6,0x01,0x3a,
  0xef,0x18,0xe7,0x81,0xb7,0xe6,0x1f,0xd9,0xee,0x1a,0xef,0xf9,0xe6,0x1a,0xe7,0x5b,
  0xef,0x3a,0xef,0x9c,0xf7,0xbd,0xf7,0x1a,0xef,0xf2,0xd4,0x14,0xd5,0x5c,0xf7,0xbd,
  0xf7,0xdd,0xf7,0xfe,0xf7,0xfe,0xff,0x7c,0xef,0x9c,0xef,0xdd,0xf7,0xde,0xff,0xff,
  0xff,0x7c,0xef,0x5b,0xf7,0x5c,0xf7,0x9d,0xf7,0x9c,0xf7,0x9d,0xf7,0xdd,0xf7,0x7b,
  0xf7,0x7c,0xf7,0xdd,0xf7,0xde,0xff,0x81,0xde,0xf7,0x02,0xbe,0xf7,0xde,0xff,0x7c,
  0xef,0x81,0x5b,0xef,0x15,0x98,0xe6,0x78,0xe6,0x1b,0xef,0x90,0xd4,0x4f,0xdc,0xda,
  0xee,0x3b,0xf7,0xfa,0xf6,0x1a,0xef,0xf9,0xe6,0xb8,0xe6,0xd8,0xe6,0x19,0xe7,0xd8,
  0xe6,0x77,0xde,0x76,0xde,0x77,0xde,0x15,0xde,0xd3,0xdd,0xd3,0xd5,0xf3,0xd5,0x14,
  0xde,0x81,0xf4,0xdd,0x0c,0x15,0xd6,0xd4,0xd5,0x72,0xd5,0x10,0xcd,0x72,0xcd,0x92,
  0xcd,0x72,0xcd,0x51,0xcd,0x10,0xc5,0x8e,0xc4,0x0c,0xbc,0x6d,0xbc,0x8e,0xbc,0x81,
  0x2c,0xb4,0x0e,0x4d,0xb4,0x2c,0xb4,0xec,0xab,0x29,0xab,0x08,0xa3,0x6a,0xab,0x6a,
  0xa3,0x49,0xa3,0x49,0x9b,0x29,0x9b,0x86,0x92,0x66,0x92,0x87,0x92,0x66,0x92,0x25,
  0x8a,0x81,0x05,0x8a,0x81,0xe4,0x81,0x81,0xc4,0x81,0x01,0xa3,0x79,0x83,0x79,0x81,
  0x63,0x79,0x01,0x42,0x71,0x22,0x71,0x81,0x02,0x71,0x8c,0x01,0x69,0x8d,0x01,0x69,
  0x81,0x02,0x71,0x01,0x22,0x71,0x42,0x71,0x81,0x63,0x79,0x13,0x83,0x79,0xa4,0x81,
  0xc4,0x81,0xe4,0x81,0x05,0x82,0x25,0x8a,0x45,0x8a,0x66,0x8a,0x86,0x92,0xa7,0x92,
  0xc7,0x92,0xe7,0x92,0xe7,0x9a,0x08,0x9b,0x28,0x9b,0x49,0x9b,0x69,0xa3,0x48,0xa3,
  0xc6,0x9a,0x65,0xa2,0x81,0x86,0xa2,0x0f,0xa7,0xa2,0x0b,0xbc,0x6c,0xb4,0x0b,0xb4,
  0x0b,0xbc,0x8d,0xbc,0xae,0xc4,0xce,0xc4,0xae,0xc4,0xf0,0xcc,0x51,0xcd,0x71,0xcd,
  0x51,0xcd,0x72,0xcd,0xb3,0xd5,0xd4,0xd5,0x81,0xf4,0xd5,0x02,0x35,0xd6,0x55,0xd6,
  0x56,0xd6,0x81,0x56,0xde,0x08,0x77,0xe6,0xb8,0xe6,0xb7,0xe6,0x97,0xde,0xb7,0xde,
  0xf9,0xe6,0x1a,0xe7,0x3a,0xe7,0x19,0xdf,0x81,0xb8,0xe6,0x07,0xb7,0xe6,0x76,0xe6,
  0xb8,0xee,0xf9,0xee,0x77,0xe6,0x97,0xe6,0xd8,0xe6,0x1a,0xe7,0x81,0x5b,0xef,0x0a,
  0xbc,0xef,0xdc,0xef,0x9c,0xf7,0xda,0xe6,0xb6,0xd5,0x9a,0xee,0x7c,0xf7,0x9c,0xf7,
  0x3a,0xf7,0xf9,0xee,0x7c,0xf7,0x81,0xde,0xff,0x81,0xff,0xff,0x02,0xdd,0xf7,0xfa,
  0xee,0x3b,0xf7,0x82,0x9c,0xf7,0x04,0xdd,0xff,0x9b,0xf7,0x7b,0xef,0x9c,0xf7,0xdd,
  0xff,0x82,0xbd,0xf7,0x09,0x9c,0xf7,0x5a,0xef,0x7b,0xef,0x5b,0xef,0xf9,0xee,0x57,
  0xe6,0xda,0xee,0x98,0xe6,0xb0,0xd4,0x70,0xdc,0x81,0xb1,0xdc,0x06,0x93,0xdd,0xb8,
  0xe6,0x98,0xe6,0x77,0xde,0xb7,0xe6,0x97,0xde,0x76,0xde,0x81,0x97,0xde,0x1c,0x14,
  0xd6,0xf3,0xd5,0x14,0xde,0xd3,0xdd,0xb3,0xd5,0x93,0xd5,0xb3,0xd5,0xf4,0xd5,0xd3,
  0xd5,0x92,0xd5,0x11,0xcd,0xd0,0xc4,0x31,0xcd,0x71,0xcd,0x31,0xc5,0xf0,0xc4,0x6e,
  0xbc,0x0c,0xbc,0x4d,0xbc,0x8e,0xbc,0x4c,0xb4,0x0b,0xb4,0x0c,0xb4,0x0c,0xac,0x6a,
  0xab,0xe8,0xa2,0x6a,0xa3,0x8a,0xa3,0x49,0xa3,0x81,0x29,0x9b,0x04,0x08,0x9b,0xa7,
  0x92,0x45,0x92,0x46,0x92,0x25,0x8a,0x82,0x05,0x8a,0x03,0x05,0x82,0xe4,0x81,0xc4,
  0x81,0xa3,0x79,0x81,0x83,0x79,0x00,0x63,0x79,0x81,0x42,0x71,0x01,0x22,0x71,0x02,
  0x71,0x8d,0x01,0x69,0x8e,0x01,0x69,0x00,0x02,0x71,0x81,0x22,0x71,0x06,0x42,0x71,
  0x63,0x79,0x83,0x79,0xa3,0x79,0xc4,0x81,0xe4,0x81,0x04,0x82,0x81,0x25,0x8a,0x03,
  0x46,0x8a,0x86,0x8a,0x86,0x92,0xa7,0x92,0x81,0xc7,0x92,0x02,0xc7,0x9a,0x08,0x9b,
  0x49,0x9b,0x81,0x69,0xa3,0x06,0x28,0xa3,0x27,0xab,0xc7,0xa2,0x04,0x9a,0xa6,0xa2,
  0xca,0xb3,0x2c,0xb4,0x81,0x6d,0xbc,0x02,0x8d,0xbc,0xae,0xc4,0xee,0xc4,0x81,0xcf,
  0xc4,0x00,0x31,0xcd,0x81,0x51,0xcd,0x02,0x92,0xcd,0xb3,0xcd,0xd3,0xd5,0x81,0xf3,
  0xd5,0x00,0xf4,0xd5,0x82,0x15,0xd6,0x00,0x36,0xde,0x82,0x56,0xde,0x03,0x97,0xde,
  0xd8,0xde,0xf8,0xde,0xf9,0xe6,0x81,0x19,0xe7,0x1b,0xf8,0xe6,0x76,0xde,0x56,0xde,
  0xb9,0xe6,0xd9,0xee,0xd8,0xe6,0xb7,0xde,0xd8,0xe6,0xf9,0xe6,0x3a,0xef,0x7b,0xef,
  0x9c,0xef,0x7c,0xef,0xbc,0xef,0xdc,0xef,0xbc,0xef,0xb9,0xe6,0x59,0xe6,0xda,0xee,
  0x3a,0xf7,0x3b,0xf7,0xd8,0xee,0xd9,0xee,0x9d,0xff,0xfe,0xff,0xbc,0xf7,0x7a,0xf7,
  0x7b,0xf7,0x81,0x77,0xee,0x1a,0x3b,0xf7,0x7b,0xf7,0x9c,0xf7,0xdd,0xf7,0xdc,0xf7,
  0x9b,0xef,0x5b,0xef,0x5b,0xf7,0x9c,0xf7,0xbc,0xf7,0x9c,0xf7,0x5a,0xef,0x5b,0xef,
  0x9b,0xef,0x7b,0xef,0x5b,0xef,0x77,0xde,0x57,0xde,0x3b,0xef,0xb9,0xe6,0x53,0xdd,
  0x12,0xdd,0x33,0xdd,0x70,0xd4,0x12,0xdd,0x56,0xe6,0xb7,0xde,0x81,0x97,0xde,0x08,
  0x76,0xde,0x56,0xde,0x35,0xde,0xd3,0xd5,0x14,0xd6,0x35,0xde,0x14,0xde,0xb3,0xd5,
  0x72,0xd5,0x81,0x51,0xcd,0x00,0x72,0xd5,0x81,0x72,0xcd,0x17,0xf0,0xc4,0xcf,0xc4,
  0x31,0xcd,0x31,0xc5,0xcf,0xc4,0x4d,0xbc,0x0c,0xbc,0x2d,0xb4,0x6d,0xb4,0x4d,0xb4,
  0xeb,0xb3,0xeb,0xab,0xab,0xab,0x08,0xa3,0x29,0xa3,0x8a,0xa3,0x6a,0xa3,0x49,0xa3,
  0x28,0x9b,0x08,0x9b,0xe8,0x9a,0xa7,0x92,0x25,0x8a,0x25,0x92,0x81,0x05,0x8a,0x05,
  0x05,0x82,0xe5,0x81,0xe4,0x81,0xc4,0x81,0xa3,0x79,0x83,0x79,0x81,0x63,0x79,0x81,
  0x42,0x71,0x81,0x22,0x71,0x00,0x02,0x69,0x8d,0x01,0x69,0x8f,0x01,0x69,0x02,0x02,
  0x71,0x22,0x71,0x42,0x71,0x81,0x63,0x79,0x09,0x83,0x79,0xa3,0x79,0xc4,0x81,0xe4,
  0x81,0x05,0x82,0x25,0x8a,0x45,0x8a,0x66,0x8a,0x86,0x92,0xa7,0x92,0x81,0xc7,0x92,
  0x10,0xc7,0x9a,0xe8,0x9a,0x28,0x9b,0x49,0x9b,0x49,0xa3,0x28,0xa3,0x48,0xa3,0x28,
  0xab,0xc7,0xa2,0x07,0xab,0xca,0xb3,0x2c,0xb4,0x4d,0xb4,0x6d,0xbc,0xae,0xbc,0xae,
  0xc4,0xce,0xbc,0x81,0xef,0xc4,0x08,0x30,0xc5,0x51,0xcd,0x31,0xc5,0x72,0xcd,0x92,
  0xcd,0xb3,0xcd,0xd2,0xcd,0xb3,0xcd,0xd3,0xcd,0x81,0xd4,0xcd,0x00,0xf5,0xd5,0x81,
  0x15,0xd6,0x02,0x14,0xd6,0x36,0xde,0xd8,0xe6,0x81,0xf8,0xe6,0x0d,0x19,0xe7,0x39,
  0xe7,0x3a,0xe7,0xb7,0xde,0xf4,0xdd,0x77,0xe6,0xf9,0xee,0xf8,0xe6,0x97,0xde,0xd8,
  0xe6,0x1a,0xe7,0xf9,0xe6,0x1a,0xef,0x7b,0xef,0x81,0x9b,0xef,0x0a,0x7b,0xef,0x9b,
  0xef,0x7b,0xef,0x1a,0xe7,0x78,0xde,0x18,0xe6,0xda,0xee,0xdd,0xf7,0x5b,0xf7,0x98,
  0xee,0xfa,0xf6,0x81,0xf8,0xee,0x1f,0x5b,0xef,0x7c,0xf7,0xf9,0xee,0xf5,0xe5,0x98,
  0xee,0x3a,0xf7,0x5a,0xef,0x9b,0xf7,0x9c,0xf7,0x7b,0xef,0x19,0xef,0x98,0xe6,0x3a,
  0xef,0xbc,0xf7,0x9b,0xf7,0x5b,0xef,0x7b,0xef,0x9b,0xef,0x7b,0xef,0x5a,0xef,0xf9,
  0xe6,0x16,0xde,0xb8,0xe6,0xf9,0xe6,0xd8,0xee,0xd9,0xee,0xf9,0xee,0xd5,0xdd,0x4f,
  0xcc,0xb4,0xe5,0xb7,0xe6,0x97,0xde,0x81,0x76,0xde,0x81,0x15,0xde,0x20,0x14,0xde,
  0xf4,0xd5,0x14,0xd6,0xf4,0xd5,0xd4,0xd5,0xb3,0xd5,0x72,0xd5,0x51,0xcd,0x30,0xcd,
  0x31,0xcd,0x51,0xcd,0x31,0xcd,0x8e,0xbc,0xae,0xbc,0xf0,0xc4,0xaf,0xbc,0x0c,0xbc,
  0xec,0xb3,0x0c,0xb4,0x2d,0xb4,0x4d,0xb4,0x0c,0xb4,0x69,0xab,0xe8,0xa2,0x29,0xa3,
  0x8a,0xa3,0x6a,0xa3,0x49,0xa3,0x29,0x9b,0x08,0x9b,0xe7,0x9a,0xc7,0x9a,0x66,0x92,
  0x81,0x05,0x8a,0x01,0x25,0x8a,0x05,0x8a,0x81,0xe4,0x81,0x81,0xc4,0x81,0x00,0xa3,
  0x79,0x81,0x63,0x79,0x82,0x42,0x71,0x01,0x22,0x71,0x02,0x71,0x8e,0x01,0x69,0x8f,
  0x01,0x69,0x00,0x02,0x69,0x81,0x22,0x71,0x00,0x42,0x71,0x81,0x63,0x79,0x09,0x83,
  0x79,0xc4,0x79,0xc4,0x81,0xe4,0x81,0x05,0x82,0x25,0x8a,0x46,0x8a,0x66,0x8a,0x86,
  0x92,0xa7,0x92,0x81,0xc7,0x92,0x02,0xe7,0x9a,0x08,0x9b,0x28,0x9b,0x81,0x07,0x9b,
  0x11,0x48,0xa3,0x28,0xa3,0x08,0xa3,0x28,0xab,0xcb,0xab,0x2c,0xac,0x2c,0xb4,0x4d,
  0xb4,0x8d,0xbc,0xae,0xbc,0xcf,0xbc,0xef,0xbc,0xcf,0xc4,0x0f,0xc5,0x30,0xc5,0x31,
  0xc5,0x51,0xc5,0x72,0xcd,0x82,0x92,0xcd,0x07,0x93,0xcd,0xb3,0xcd,0xd3,0xd5,0xf4,
  0xd5,0x14,0xd6,0x15,0xd6,0x14,0xd6,0x56,0xde,0x81,0xd8,0xe6,0x01,0xf8,0xe6,0xf8,
  0xde,0x81,0x19,0xe7,0x0d,0x96,0xe6,0x35,0xde,0x97,0xe6,0xd8,0xe6,0xd7,0xde,0xd7,
  0xe6,0xd8,0xe6,0x19,0xe7,0xf9,0xe6,0x1a,0xef,0x5b,0xef,0x7b,0xef,0x5a,0xe7,0x1a,
  0xe7,0x82,0x3a,0xef,0x1d,0xd9,0xee,0x55,0xd5,0x38,0xe6,0x9c,0xf7,0x3a,0xf7,0x3b,
  0xf7,0x5b,0xef,0x57,0xe6,0x98,0xee,0x5b,0xef,0x7c,0xef,0x7b,0xf7,0x77,0xee,0x36,
  0xee,0xd8,0xee,0x3a,0xf7,0x3a,0xef,0x5a,0xef,0x19,0xef,0xf9,0xee,0x98,0xee,0xb8,
  0xe6,0x7a,0xef,0x7b,0xef,0x5a,0xef,0xf9,0xe6,0x19,0xef,0x7b,0xf7,0x5a,0xef,0x19,
  0xe7,0x81,0x36,0xde,0x00,0xf9,0xe6,0x81,0xb8,0xe6,0x0a,0xd9,0xe6,0x15,0xe6,0x4e,
  0xcc,0x12,0xdd,0x56,0xe6,0xb7,0xe6,0x96,0xde,0x56,0xde,0x35,0xde,0x35,0xd6,0x14,
  0xd6,0x81,0xf4,0xd5,0x00,0xd3,0xd5,0x81,0xb3,0xd5,0x07,0x92,0xcd,0x72,0xcd,0x51,
  0xcd,0xef,0xc4,0xf0,0xc4,0x11,0xc5,0xaf,0xc4,0x2d,0xbc,0x81,0x8e,0xbc,0x12,0xec,
  0xb3,0xab,0xb3,0xec,0xb3,0x2c,0xb4,0x0c,0xb4,0x49,0xab,0x66,0xa2,0xe8,0xaa,0x8a,
  0xab,0x8a,0xa3,0x49,0xa3,0x29,0x9b,0x08,0x9b,0xc7,0x9a,0xc7,0x92,0x87,0x92,0x45,
  0x92,0x05,0x8a,0xe4,0x89,0x81,0x05,0x8a,0x05,0xe4,0x81,0xc4,0x81,0xa4,0x81,0xa3,
  0x79,0x83,0x79,0x63,0x79,0x82,0x42,0x71,0x01,0x22,0x71,0x02,0x71,0x8f,0x01,0x69,
  0x90,0x01,0x69,0x00,0x02,0x71,0x81,0x22,0x71,0x00,0x42,0x71,0x81,0x63,0x79,0x08,
  0xa3,0x79,0xc4,0x79,0xc4,0x81,0xe4,0x81,0x05,0x82,0x25,0x8a,0x46,0x8a,0x66,0x8a,
  0x87,0x92,0x81,0xa7,0x92,0x00,0xc7,0x92,0x81,0xe8,0x9a,0x81,0xc6,0x9a,0x0a,0x08,
  0xa3,0x49,0xa3,0x48,0xa3,0x69,0xab,0xcb,0xab,0xeb,0xab,0x0c,0xac,0x4d,0xb4,0x6d,
  0xb4,0x8e,0xbc,0xae,0xbc,0x81,0xcf,0xbc,0x0b,0xef,0xc4,0x10,0xc5,0x30,0xc5,0x51,
  0xc5,0x71,0xcd,0x71,0xc5,0x72,0xcd,0x71,0xcd,0x72,0xcd,0x92,0xcd,0xd3,0xd5,0xf4,
  0xd5,0x81,0x35,0xd6,0x0e,0x35,0xde,0x55,0xde,0x96,0xde,0x97,0xde,0xb7,0xde,0xd7,
  0xde,0x18,0xe7,0xf8,0xe6,0x54,0xde,0x76,0xde,0xb7,0xe6,0xb7,0xde,0x97,0xde,0xb7,
  0xe6,0xd7,0xe6,0x81,0xd8,0xe6,0x04,0x19,0xe7,0x5b,0xef,0x7b,0xef,0x3a,0xe7,0xf9,
  0xe6,0x81,0x5b,0xef,0x10,0x3a,0xef,0x19,0xef,0x53,0xd5,0x15,0xdd,0xda,0xf6,0xf9,
  0xee,0x1a,0xef,0x5a,0xf7,0xf9,0xee,0xd9,0xe6,0xf9,0xe6,0xfa,0xee,0x19,0xef,0x77,
  0xe6,0x36,0xee,0x56,0xee,0xf9,0xee,0x81,0x7a,0xef,0x08,0xf9,0xee,0x19,0xef,0x5a,
  0xef,0xf9,0xe6,0xd8,0xe6,0x19,0xe7,0x19,0xef,0xf9,0xee,0xf9,0xe6,0x81,0xf8,0xe6,
  0x10,0xb7,0xe6,0x35,0xde,0xf5,0xdd,0xb8,0xe6,0xd9,0xe6,0xb8,0xe6,0xd8,0xe6,0x93,
  0xdd,0x0d,0xcc,0x32,0xdd,0xf4,0xdd,0x35,0xde,0x76,0xde,0x55,0xde,0x35,0xd6,0x14,
  0xd6,0xf4,0xd5,0x82,0xd3,0xd5,0x1b,0x92,0xcd,0x72,0xcd,0x51,0xcd,0x31,0xc5,0x10,
  0xc5,0xcf,0xc4,0x8e,0xc4,0xae,0xbc,0xcf,0xc4,0x4e,0xbc,0x0c,0xb4,0x0c,0xbc,0x6a,
  0xb3,0x09,0xab,0x29,0xab,0x4a,0xab,0x08,0xab,0xe8,0xa2,0x08,0xa3,0x29,0xab,0x69,
  0xa3,0x49,0x9b,0x29,0x9b,0x08,0x9b,0xe8,0x9a,0xc7,0x9a,0xa7,0x92,0x66,0x92,0x81,
  0x25,0x8a,0x01,0xe4,0x89,0xc4,0x81,0x81,0xe4,0x81,0x04,0xc4,0x81,0xa4,0x81,0x83,
  0x79,0x63,0x79,0x42,0x79,0x81,0x42,0x71,0x02,0x22,0x71,0x02,0x71,0x02,0x69,0x8f,
  0x01,0x69,0x91,0x01,0x69,0x08,0x02,0x71,0x22,0x71,0x42,0x71,0x42,0x79,0x63,0x79,
  0x83,0x79,0xa3,0x79,0xc4,0x81,0xe4,0x81,0x81,0x05,0x82,0x05,0x25,0x8a,0x46,0x8a,
  0x66,0x8a,0x87,0x92,0xa6,0x92,0xa7,0x92,0x81,0xc7,0x92,0x03,0xa6,0x9a,0xe7,0x9a,
  0x28,0x9b,0x49,0xa3,0x81,0x69,0xa3,0x0e,0xaa,0xa3,0xeb,0xab,0x0b,0xac,0x2c,0xac,
  0x4d,0xb4,0x6e,0xb4,0x8e,0xbc,0xae,0xbc,0xce,0xbc,0xef,0xbc,0xf0,0xc4,0x10,0xc5,
  0x51,0xc5,0x51,0xcd,0x31,0xc5,0x81,0x51,0xc5,0x03,0x51,0xcd,0x92,0xcd,0xb2,0xd5,
  0xf3,0xd5,0x81,0x35,0xde,0x81,0x34,0xde,0x01,0x35,0xde,0x76,0xde,0x81,0x96,0xde,
  0x26,0xd7,0xe6,0xb6,0xde,0x13,0xde,0x55,0xde,0x76,0xde,0xb7,0xe6,0xd7,0xe6,0x75,
  0xde,0x35,0xde,0x98,0xe6,0xb8,0xe6,0xf9,0xe6,0x3a,0xe7,0x7b,0xef,0x5a,0xef,0x19,
  0xe7,0x3a,0xe7,0x5a,0xe7,0x1a,0xef,0xb7,0xe6,0xd3,0xdd,0x14,0xdd,0xf7,0xe5,0x98,
  0xe6,0xd9,0xe6,0xd9,0xee,0xb8,0xee,0xf9,0xee,0x3a,0xef,0x1a,0xe7,0x1a,0xef,0x77,
  0xe6,0x97,0xe6,0x77,0xe6,0x97,0xe6,0x5a,0xf7,0x7b,0xf7,0x19,0xe7,0x19,0xef,0x81,
  0x5a,0xef,0x15,0xf8,0xe6,0x76,0xde,0x97,0xe6,0x19,0xef,0xf8,0xee,0x76,0xde,0x35,
  0xde,0x76,0xe6,0x35,0xde,0xb3,0xd5,0x56,0xde,0xd9,0xe6,0xb7,0xde,0x97,0xe6,0x31,
  0xd5,0x0d,0xcc,0x93,0xdd,0xd4,0xdd,0xf4,0xdd,0x15,0xd6,0x14,0xd6,0xf4,0xd5,0x81,
  0xd3,0xd5,0x81,0xb2,0xd5,0x00,0x92,0xcd,0x81,0x71,0xcd,0x00,0x51,0xcd,0x82,0xf0,
  0xc4,0x0c,0xae,0xc4,0x6d,0xbc,0x6e,0xbc,0x4d,0xbc,0xec,0xb3,0x8b,0xb3,0x6a,0xb3,
  0xe9,0xaa,0x09,0xab,0x29,0xab,0x4a,0xab,0xab,0xab,0xaa,0xab,0x81,0x49,0xa3,0x05,
  0x49,0x9b,0x08,0x9b,0xe8,0x9a,0xc7,0x9a,0x86,0x92,0x46,0x92,0x82,0x25,0x8a,0x02,
  0x05,0x8a,0xc4,0x81,0xa3,0x81,0x81,0xc4,0x81,0x02,0xa4,0x79,0x83,0x79,0x63,0x79,
  0x81,0x42,0x71,0x81,0x22,0x71,0x00,0x02,0x69,0x90,0x01,0x69,0x91,0x01,0x69,0x00,
  0x02,0x69,0x81,0x22,0x71,0x00,0x42,0x71,0x81,0x63,0x79,0x0a,0x83,0x79,0xa3,0x79,
  0xc4,0x81,0xe4,0x81,0x05,0x82,0x25,0x82,0x45,0x8a,0x46,0x8a,0x66,0x8a,0x86,0x8a,
  0x86,0x92,0x81,0xa6,0x92,0x01,0xc7,0x9a,0xe7,0x9a,0x81,0x28,0x9b,0x0a,0x49,0xa3,
  0x69,0xa3,0x8a,0xa3,0xca,0xa3,0xeb,0xab,0x0c,0xac,0x2c,0xb4,0x4d,0xb4,0x6e,0xb4,
  0x8e,0xbc,0xae,0xbc,0x81,0xcf,0xbc,0x02,0xf0,0xc4,0x10,0xc5,0x30,0xc5,0x81,0x10,
  0xc5,0x07,0x30,0xc5,0x51,0xcd,0x91,0xcd,0xd2,0xd5,0xf3,0xd5,0x14,0xd6,0x34,0xde,
  0x14,0xd6,0x81,0x14,0xde,0x0d,0x56,0xde,0x96,0xde,0x76,0xde,0x75,0xde,0x13,0xde,
  0x55,0xde,0x76,0xde,0x35,0xde,0x76,0xde,0xb7,0xde,0x96,0xe6,0x56,0xe6,0x56,0xde,
  0xb8,0xe6,0x81,0xf8,0xe6,0x02,0x19,0xe7,0xf9,0xe6,0xb8,0xde,0x81,0xd8,0xe6,0x07,
  0xd7,0xe6,0x56,0xde,0xb3,0xdd,0x32,0xdd,0xb5,0xe5,0x57,0xde,0xd8,0xe6,0xd9,0xe6,
  0x81,0x97,0xe6,0x11,0x1a,0xef,0x5a,0xef,0x5b,0xef,0xf9,0xee,0x97,0xe6,0x56,0xe6,
  0x36,0xe6,0xd9,0xe6,0x1a,0xef,0xf9,0xe6,0xb8,0xe6,0xf9,0xee,0x19,0xe7,0xd8,0xe6,
  0xb7,0xe6,0x56,0xde,0x97,0xe6,0xb7,0xe6,0x82,0x56,0xde,0x02,0x36,0xe6,0xd4,0xdd,
  0xd4,0xd5,0x81,0x97,0xe6,0x08,0x35,0xde,0x4d,0xcc,0x4e,0xcc,0xb4,0xdd,0xf4,0xd5,
  0x15,0xd6,0x14,0xd6,0xd3,0xd5,0x92,0xd5,0x82,0x92,0xcd,0x04,0x71,0xd5,0x31,0xcd,
  0x10,0xc5,0x30,0xcd,0x10,0xcd,0x81,0xcf,0xc4,0x05,0xf0,0xc4,0xcf,0xbc,0x8e,0xbc,
  0x6e,0xbc,0x2d,0xb4,0xcb,0xb3,0x81,0xec,0xb3,0x81,0x4a,0xab,0x82,0x8a,0xab,0x01,
  0x8a,0xa3,0x49,0xa3,0x81,0x29,0x9b,0x03,0x08,0x9b,0xe8,0x9a,0xa7,0x92,0x46,0x92,
  0x82,0x25,0x8a,0x81,0x05,0x8a,0x01,0xe4,0x81,0xa3,0x81,0x82,0x83,0x79,0x00,0x63,
  0x79,0x81,0x42,0x71,0x81,0x22,0x71,0x00,0x02,0x71,0x91,0x01,0x69,0x92,0x01,0x69,
  0x00,0x02,0x69,0x81,0x22,0x71,0x00,0x42,0x71,0x81,0x63,0x79,0x06,0x83,0x79,0xa3,
  0x79,0xc4,0x81,0xe4,0x81,0x05,0x82,0x05,0x8a,0x25,0x8a,0x81,0x66,0x8a,0x01,0x45,
  0x92,0x66,0x92,0x81,0xc7,0x92,0x02,0xe7,0x92,0x08,0x9b,0x28,0x9b,0x81,0x49,0x9b,
  0x09,0x69,0xa3,0x8a,0xa3,0xca,0xab,0xeb,0xab,0x0c,0xac,0x2c,0xb4,0x4d,0xb4,0x6d,
  0xb4,0x8e,0xbc,0xae,0xbc,0x81,0xcf,0xbc,0x00,0xcf,0xc4,0x83,0xef,0xc4,0x02,0x30,
  0xc5,0x71,0xcd,0xb2,0xd5,0x81,0xd3,0xd5,0x00,0x14,0xd6,0x81,0xf3,0xd5,0x05,0xf4,
  0xdd,0x35,0xd6,0x75,0xde,0x96,0xde,0x13,0xd6,0xd2,0xd5,0x81,0x76,0xde,0x07,0x35,
  0xde,0x76,0xde,0xb7,0xde,0x75,0xde,0x96,0xe6,0x56,0xde,0x77,0xde,0xd8,0xe6,0x81,
  0xb8,0xe6,0x02,0xd8,0xde,0xb7,0xde,0x97,0xde,0x81,0x76,0xde,0x04,0x35,0xde,0x11,
  0xd5,0x4f,0xd4,0x95,0xe5,0x36,0xe6,0x81,0xd8,0xe6,0x03,0xb8,0xe6,0x77,0xe6,0x98,
  0xe6,0xf9,0xe6,0x81,0x19,0xef,0x06,0x77,0xe6,0x35,0xe6,0xf4,0xdd,0x76,0xe6,0xf8,
  0xe6,0xb7,0xde,0x97,0xde,0x81,0xd8,0xe6,0x01,0x96,0xe6,0x76,0xe6,0x81,0x56,0xde,
  0x02,0xb7,0xe6,0x97,0xe6,0x97,0xde,0x81,0x77,0xde,0x08,0x56,0xde,0x93,0xd5,0xf5,
  0xdd,0x56,0xe6,0xf0,0xcc,0xab,0xc3,0xd0,0xd4,0x93,0xdd,0xd3,0xd5,0x81,0x14,0xd6,
  0x04,0xd3,0xd5,0x92,0xcd,0x51,0xcd,0x72,0xcd,0x92,0xcd,0x81,0x30,0xcd,0x00,0x10,
  0xc5,0x83,0xcf,0xc4,0x0b,0xcf,0xbc,0x8e,0xbc,0x6e,0xbc,0x6d,0xbc,0x2d,0xb4,0xab,
  0xb3,0xec,0xb3,0xec,0xab,0x6a,0xab,0x4a,0xab,0x8a,0xab,0x6a,0xa3,0x81,0x69,0xa3,
  0x05,0x29,0x9b,0x08,0x9b,0xe7,0x9a,0xa7,0x9a,0x87,0x92,0x66,0x92,0x81,0x46,0x92,
  0x01,0x25,0x8a,0x05,0x8a,0x81,0x05,0x82,0x04,0xe4,0x81,0xc4,0x81,0x83,0x79,0x63,
  0x79,0x62,0x79,0x81,0x42,0x71,0x81,0x22,0x71,0x00,0x02,0x71,0x92,0x01,0x69,0x93,
  0x01,0x69,0x00,0x02,0x71,0x81,0x22,0x71,0x00,0x42,0x71,0x81,0x63,0x79,0x03,0x83,
  0x79,0xa3,0x79,0xc4,0x81,0xe4,0x81,0x81,0x05,0x82,0x03,0x25,0x8a,0x45,0x8a,0x25,
  0x8a,0x66,0x8a,0x81,0xa7,0x92,0x03,0xc7,0x92,0x08,0x93,0x08,0x9b,0x28,0x9b,0x81,
  0x49,0x9b,0x08,0x69,0xa3,0x8a,0xa3,0xcb,0xab,0xeb,0xab,0x0b,0xac,0x2c,0xb4,0x4d,
  0xb4,0x6d,0xbc,0x8e,0xbc,0x83,0xae,0xbc,0x81,0xce,0xbc,0x06,0xcf,0xc4,0xef,0xc4,
  0x30,0xcd,0x71,0xcd,0x91,0xcd,0xb2,0xd5,0xd3,0xd5,0x81,0xd2,0xd5,0x06,0xd3,0xd5,
  0x14,0xd6,0x35,0xd6,0x55,0xd6,0xd3,0xd5,0x14,0xde,0x55,0xde,0x81,0x35,0xde,0x16,
  0x76,0xde,0xb7,0xe6,0x75,0xde,0x55,0xe6,0x35,0xde,0x56,0xe6,0x97,0xde,0xb7,0xde,
  0xd7,0xde,0xd8,0xde,0xd8,0xe6,0xb7,0xde,0x56,0xde,0x35,0xde,0xd3,0xd5,0x93,0xd5,
  0x90,0xcc,0xd2,0xd4,0xd5,0xdd,0x77,0xe6,0xb7,0xe6,0x97,0xe6,0xb8,0xe6,0x81,0x97,
  0xe6,0x0c,0x77,0xe6,0xb7,0xee,0x55,0xe6,0xf4,0xdd,0xf4,0xe5,0xf5,0xdd,0x76,0xde,
  0x97,0xde,0xb7,0xe6,0xd8,0xe6,0xf9,0xee,0xb7,0xe6,0x76,0xe6,0x81,0x35,0xde,0x00,
  0x77,0xe6,0x81,0x97,0xde,0x00,0x76,0xde,0x81,0x56,0xde,0x05,0x73,0xd5,0x93,0xdd,
  0xb3,0xdd,0x0d,0xc4,0x6f,0xc4,0x73,0xd5,0x81,0x72,0xd5,0x81,0xd3,0xd5,0x05,0x92,
  0xd5,0x72,0xcd,0x51,0xcd,0xef,0xc4,0x10,0xcd,0x51,0xcd,0x81,0xef,0xc4,0x10,0xcf,
  0xc4,0xef,0xc4,0x0f,0xc5,0xef,0xbc,0xaf,0xbc,0x6e,0xbc,0x4d,0xbc,0x2c,0xb4,0xeb,
  0xb3,0xab,0xab,0xeb,0xb3,0xab,0xab,0x49,0xab,0x6a,0xab,0x8a,0xa3,0x69,0xa3,0x29,
  0xa3,0x82,0x08,0x9b,0x06,0xa7,0x9a,0x86,0x92,0x87,0x92,0x66,0x92,0x46,0x8a,0x25,
  0x8a,0x05,0x8a,0x81,0x05,0x82,0x06,0xe4,0x81,0xc4,0x81,0xa4,0x79,0x83,0x79,0x63,
  0x79,0x42,0x79,0x42,0x71,0x81,0x22,0x71,0x01,0x02,0x71,0x02,0x69,0x92,0x01,0x69,
  0x94,0x01,0x69,0x00,0x02,0x71,0x81,0x22,0x71,0x05,0x42,0x71,0x62,0x79,0x63,0x79,
  0x83,0x79,0xa3,0x79,0xc4,0x81,0x81,0xe4,0x81,0x00,0x04,0x82,0x81,0x05,0x8a,0x0b,
  0x45,0x8a,0x86,0x8a,0xa7,0x92,0xa6,0x92,0xc7,0x92,0xe8,0x92,0x08,0x9b,0x28,0x9b,
  0x29,0x9b,0x49,0x9b,0x6a,0xa3,0xaa,0xa3,0x81,0xcb,0xab,0x01,0x0c,0xac,0x2c,0xb4,
  0x81,0x4d,0xb4,0x81,0x6d,0xbc,0x0f,0x8e,0xbc,0xae,0xbc,0x8e,0xbc,0xae,0xbc,0xce,
  0xbc,0xef,0xc4,0x30,0xcd,0x50,0xcd,0x71,0xcd,0x91,0xcd,0x91,0xd5,0x71,0xcd,0x50,
  0xcd,0x92,0xd5,0xf3,0xd5,0x14,0xd6,0x81,0xd2,0xd5,0x09,0x15,0xd6,0x34,0xde,0xf3,
  0xd5,0x14,0xd6,0x55,0xde,0x76,0xde,0x75,0xde,0xf3,0xdd,0xb3,0xd5,0x55,0xde,0x84,
  0x96,0xde,0x0b,0x97,0xde,0xb7,0xde,0x75,0xde,0xb3,0xd5,0x35,0xde,0xf4,0xd5,0x90,
  0xcc,0xb1,0xd4,0xd5,0xdd,0x56,0xde,0x97,0xde,0xb8,0xe6,0x81,0xb7,0xe6,0x08,0x76,
  0xde,0x36,0xde,0x14,0xde,0x72,0xdd,0xb3,0xdd,0xf4,0xdd,0xf5,0xdd,0x77,0xe6,0xb7,
  0xe6,0x82,0x97,0xe6,0x08,0xb7,0xe6,0x56,0xde,0x35,0xde,0x76,0xde,0x96,0xde,0x76,
  0xde,0x56,0xde,0x55,0xde,0x35,0xde,0x81,0x52,0xd5,0x03,0x11,0xd5,0xcd,0xcb,0x11,
  0xd5,0xb3,0xd5,0x81,0x72,0xcd,0x01,0x92,0xd5,0x92,0xcd,0x81,0x71,0xcd,0x00,0x50,
  0xcd,0x81,0xcf,0xc4,0x00,0xef,0xc4,0x81,0xae,0xc4,0x00,0xcf,0xbc,0x81,0xef,0xbc,
  0x16,0xcf,0xbc,0xae,0xbc,0x6d,0xb4,0x2d,0xb4,0x2c,0xb4,0xcb,0xab,0x8a,0xab,0xcb,
  0xab,0x8a,0xab,0x29,0xa3,0x49,0xa3,0x6a,0xa3,0x49,0xa3,0x29,0x9b,0x08,0x9b,0xa7,
  0x9a,0x86,0x9a,0x87,0x92,0xa7,0x92,0x87,0x92,0x66,0x8a,0x45,0x8a,0x05,0x8a,0x81,
  0x05,0x82,0x81,0xe4,0x81,0x05,0xc4,0x79,0xa3,0x79,0x83,0x79,0x63,0x79,0x43,0x71,
  0x42,0x71,0x81,0x22,0x71,0x00,0x02,0x69,0x93,0x01,0x69,0x94,0x01,0x69,0x02,0x02,
  0x69,0x02,0x71,0x22,0x71,0x81,0x42,0x71,0x04,0x62,0x79,0x63,0x79,0x83,0x79,0xa3,
  0x79,0xc4,0x81,0x82,0xe4,0x81,0x10,0x04,0x8a,0x25,0x8a,0x45,0x8a,0x86,0x8a,0x86,
  0x92,0xa7,0x92,0xc7,0x92,0xe8,0x92,0x08,0x9b,0x28,0x9b,0x29,0x9b,0x49,0x9b,0x69,
  0xa3,0x8a,0xa3,0xab,0xa3,0xcb,0xab,0xec,0xab,0x81,0x2c,0xb4,0x01,0x4c,0xb4,0x4d,
  0xb4,0x81,0x6d,0xb4,0x0f,0x6d,0xbc,0x8e,0xbc,0xad,0xbc,0xae,0xc4,0xee,0xc4,0x0f,
  0xc5,0x50,0xcd,0x71,0xcd,0x91,0xd5,0x71,0xcd,0x30,0xcd,0x51,0xcd,0xd3,0xd5,0xb2,
  0xd5,0x70,0xd5,0x91,0xd5,0x81,0x14,0xd6,0x81,0xf3,0xd5,0x06,0x34,0xd6,0x34,0xde,
  0x34,0xd6,0xd3,0xd5,0xb3,0xd5,0x35,0xd6,0x55,0xde,0x81,0x76,0xde,0x0f,0x55,0xde,
  0x76,0xde,0x97,0xde,0x96,0xde,0x14,0xde,0x92,0xd5,0x15,0xd6,0xf4,0xdd,0x6e,0xcc,
  0xee,0xcb,0x74,0xdd,0x56,0xde,0x76,0xde,0x97,0xde,0xb7,0xe6,0xb7,0xde,0x81,0x76,
  0xde,0x0d,0x96,0xe6,0xb3,0xd5,0x72,0xd5,0x35,0xe6,0x15,0xe6,0x36,0xde,0x77,0xe6,
  0x96,0xde,0x76,0xde,0x55,0xde,0x76,0xe6,0x56,0xde,0x14,0xde,0x34,0xde,0x81,0x35,
  0xde,0x0b,0x35,0xd6,0x14,0xd6,0xd3,0xd5,0x72,0xd5,0x11,0xd5,0xd0,0xd4,0xcc,0xc3,
  0xd0,0xd4,0x92,0xd5,0x92,0xcd,0x51,0xcd,0x31,0xcd,0x82,0x51,0xcd,0x06,0x31,0xc5,
  0x31,0xcd,0x10,0xc5,0xcf,0xbc,0xae,0xbc,0x6d,0xc4,0x8e,0xc4,0x81,0xae,0xbc,0x01,
  0x8e,0xbc,0x6d,0xbc,0x82,0x2c,0xb4,0x10,0xcb,0xab,0x6a,0xab,0x8a,0xab,0x8a,0xa3,
  0x29,0xa3,0x08,0xa3,0x49,0xa3,0x29,0x9b,0x08,0x9b,0xa7,0x9a,0x66,0x92,0x86,0x92,
  0xa7,0x92,0x86,0x92,0x66,0x8a,0x46,0x8a,0x25,0x8a,0x81,0x05,0x82,0x81,0xe4,0x81,
  0x05,0xc4,0x79,0xa3,0x79,0x83,0x79,0x63,0x79,0x63,0x71,0x42,0x71,0x81,0x22,0x71,
  0x00,0x02,0x69,0x94,0x01,0x69,0x95,0x01,0x69,0x01,0x02,0x69,0x02,0x71,0x81,0x22,
  0x71,0x00,0x42,0x71,0x81,0x63,0x79,0x01,0x83,0x79,0xa3,0x79,0x82,0xc4,0x81,0x09,
  0xe4,0x81,0x05,0x8a,0x25,0x8a,0x45,0x8a,0x66,0x8a,0x86,0x92,0xa7,0x92,0xc7,0x92,
  0xe7,0x92,0x08,0x9b,0x81,0x28,0x9b,0x07,0x08,0x9b,0x49,0xa3,0x8a,0xa3,0xaa,0xa3,
  0xcb,0xab,0xec,0xab,0x0c,0xac,0x0b,0xac,0x81,0x2c,0xb4,0x81,0x4c,0xb4,0x08,0x4d,
  0xbc,0x8d,0xbc,0x8e,0xbc,0xae,0xc4,0xce,0xc4,0xef,0xc4,0x0f,0xc5,0x30,0xcd,0x50,
  0xcd,0x82,0x30,0xcd,0x03,0x51,0xd5,0x51,0xcd,0x91,0xd5,0xb2,0xd5,0x82,0xd3,0xd5,
  0x00,0xf4,0xd5,0x81,0x14,0xd6,0x81,0xd3,0xd5,0x81,0x35,0xd6,0x81,0x55,0xde,0x0b,
  0x35,0xd6,0x55,0xde,0x76,0xde,0x35,0xde,0xd3,0xd5,0x71,0xcd,0x10,0xd5,0x0d,0xc4,
  0xed,0xc3,0xd1,0xcc,0x94,0xd5,0x15,0xde,0x81,0x56,0xde,0x81,0x55,0xde,0x81,0x75,
  0xde,0x0b,0x76,0xde,0x55,0xde,0x72,0xd5,0xb3,0xdd,0x14,0xde,0xf4,0xdd,0xf5,0xdd,
  0x56,0xde,0x76,0xe6,0x55,0xe6,0x14,0xde,0xf4,0xdd,0x81,0xb3,0xd5,0x10,0xf4,0xd5,
  0x15,0xd6,0xf4,0xd5,0x92,0xd5,0x72,0xd5,0xb3,0xd5,0xf0,0xcc,0xaf,0xcc,0x8b,0xc3,
  0x0e,0xc4,0x52,0xcd,0x72,0xd5,0x72,0xcd,0x51,0xcd,0x11,0xcd,0x10,0xcd,0x30,0xc5,
  0x82,0x10,0xc5,0x0f,0xcf,0xc4,0x8e,0xbc,0x2c,0xbc,0x4d,0xbc,0x8e,0xbc,0x6d,0xbc,
  0x4d,0xb4,0x2c,0xb4,0x0c,0xb4,0x0c,0xac,0xec,0xab,0xcb,0xab,0x6a,0xab,0x8a,0xab,
  0x6a,0xa3,0x49,0xa3,0x81,0x08,0x9b,0x0f,0xe8,0x9a,0xa7,0x9a,0x86,0x9a,0x86,0x92,
  0x87,0x92,0x86,0x92,0x66,0x8a,0x45,0x8a,0x25,0x8a,0x25,0x82,0x05,0x82,0xe4,0x81,
  0xc4,0x81,0xc4,0x79,0xa3,0x79,0x83,0x79,0x81,0x63,0x79,0x00,0x42,0x71,0x81,0x22,
  0x71,0x00,0x02,0x71,0x95,0x01,0x69,0x96,0x01,0x69,0x01,0x02,0x69,0x02,0x71,0x81,
  0x22,0x71,0x00,0x42,0x71,0x81,0x63,0x79,0x01,0x83,0x79,0xa3,0x79,0x81,0xa3,0x81,
  0x09,0xc4,0x81,0x04,0x82,0x05,0x8a,0x25,0x8a,0x45,0x8a,0x66,0x8a,0x86,0x92,0xa7,
  0x92,0xc7,0x92,0xe8,0x92,0x81,0x08,0x9b,0x04,0xe7,0x9a,0x08,0x9b,0x49,0xa3,0x8a,
  0xa3,0xaa,0xa3,0x82,0xcb,0xab,0x01,0xeb,0xab,0x0c,0xac,0x81,0x0c,0xb4,0x04,0x2c,
  0xbc,0x8d,0xbc,0xce,0xbc,0xce,0xc4,0xee,0xc4,0x82,0xef,0xc4,0x81,0x0f,0xc5,0x05,
  0xef,0xc4,0xcf,0xcc,0x31,0xd5,0x50,0xcd,0x71,0xcd,0x92,0xcd,0x81,0xb2,0xd5,0x81,
  0x92,0xd5,0x03,0xd3,0xd5,0xf4,0xd5,0x92,0xd5,0xb3,0xd5,0x85,0x14,0xd6,0x0d,0xf4,
  0xd5,0x14,0xd6,0xb3,0xcd,0x51,0xcd,0x2d,0xc4,0x0f,0xcc,0x73,0xd5,0xd4,0xd5,0x93,
  0xd5,0xd4,0xd5,0x35,0xde,0x15,0xd6,0xf4,0xd5,0x35,0xde,0x81,0x14,0xde,0x81,0x34,
  0xde,0x1d,0xb3,0xd5,0x52,0xd5,0xb3,0xdd,0xd4,0xdd,0x52,0xd5,0xd4,0xdd,0x56,0xe6,
  0x35,0xde,0xf4,0xdd,0xf4,0xd5,0xb3,0xd5,0x72,0xd5,0xd3,0xd5,0xf4,0xd5,0xd3,0xd5,
  0x71,0xcd,0x51,0xcd,0x93,0xd5,0x10,0xcd,0x8e,0xc4,0xcc,0xbb,0x4a,0xbb,0xaf,0xcc,
  0xd0,0xcc,0xaf,0xcc,0x8f,0xcc,0x2d,0xc4,0x0c,0xc4,0x4d,0xc4,0xae,0xc4,0x81,0xcf,
  0xbc,0x01,0xae,0xbc,0x6d,0xbc,0x83,0x4d,0xb4,0x01,0x2c,0xb4,0x0c,0xb4,0x81,0xec,
  0xab,0x06,0xcb,0xab,0x8a,0xab,0x49,0xa3,0x6a,0xa3,0x69,0xa3,0x49,0xa3,0xe8,0x9a,
  0x81,0xa7,0x9a,0x00,0x87,0x92,0x81,0xa7,0x92,0x03,0x86,0x8a,0x46,0x8a,0x45,0x8a,
  0x25,0x8a,0x81,0x05,0x82,0x04,0xe4,0x81,0xc4,0x81,0xa4,0x79,0xa3,0x79,0x83,0x79,
  0x81,0x63,0x79,0x00,0x42,0x71,0x81,0x22,0x71,0x00,0x02,0x71,0x96,0x01,0x69,0x97,
  0x01,0x69,0x81,0x02,0x71,0x81,0x22,0x71,0x00,0x42,0x71,0x81,0x63,0x79,0x81,0xa3,
  0x79,0x03,0x83,0x79,0xc4,0x81,0xe4,0x81,0x05,0x82,0x81,0x25,0x8a,0x0f,0x45,0x8a,
  0x66,0x8a,0x86,0x92,0xa7,0x92,0xc7,0x92,0xe7,0x92,0xe8,0x92,0xe8,0x9a,0xc7,0x9a,
  0x08,0x9b,0x49,0xa3,0x69,0xa3,0x8a,0xa3,0x8a,0xab,0xaa,0xab,0xcb,0xab,0x81,0xeb,
  0xab,0x05,0xeb,0xb3,0x2c,0xb4,0x6c,0xbc,0x8d,0xbc,0xad,0xbc,0xce,0xbc,0x81,0xef,
  0xc4,0x11,0xf0,0xcc,0x30,0xcd,0x50,0xc5,0xef,0xc4,0xaf,0xcc,0xef,0xcc,0x30,0xcd,
  0x71,0xcd,0x91,0xcd,0x92,0xcd,0xb2,0xcd,0xb1,0xcd,0x71,0xcd,0x51,0xcd,0x51,0xd5,
  0x51,0xcd,0xb3,0xd5,0xf3,0xd5,0x82,0xf4,0xd5,0x0b,0x14,0xd6,0xd3,0xd5,0xb3,0xcd,
  0xf3,0xd5,0xb2,0xcd,0x51,0xcd,0x4e,0xc4,0x70,0xcc,0x94,0xd5,0xb4,0xd5,0x73,0xcd,
  0x72,0xcd,0x81,0xb3,0xd5,0x01,0xb4,0xd5,0xf4,0xd5,0x82,0xd4,0xd5,0x0b,0xb3,0xd5,
  0xb2,0xd5,0x51,0xd5,0xf0,0xd4,0x72,0xdd,0x52,0xd5,0x72,0xd5,0x15,0xde,0xf4,0xd5,
  0xd3,0xd5,0xf4,0xd5,0xd3,0xd5,0x81,0x72,0xd5,0x05,0xd3,0xd5,0xb3,0xd5,0x72,0xcd,
  0x31,0xcd,0x51,0xcd,0x10,0xcd,0x81,0x4d,0xc4,0x02,0x6a,0xbb,0x29,0xbb,0x6a,0xbb,
  0x83,0x4a,0xbb,0x05,0x6a,0xbb,0x0c,0xbc,0x4d,0xbc,0x6e,0xbc,0x8e,0xbc,0x6d,0xbc,
  0x81,0x2d,0xb4,0x82,0x2c,0xb4,0x00,0xec,0xab,0x81,0xeb,0xab,0x01,0xab,0xab,0x6a,
  0xa3,0x82,0x29,0xa3,0x09,0x28,0x9b,0xc7,0x9a,0x67,0x9a,0x87,0x92,0xa7,0x92,0x87,
  0x92,0x86,0x92,0x66,0x8a,0x45,0x8a,0x25,0x8a,0x81,0x05,0x82,0x81,0xe4,0x81,0x02,
  0xc4,0x79,0xa3,0x79,0x83,0x79,0x81,0x63,0x79,0x00,0x42,0x71,0x81,0x22,0x71,0x01,
  0x02,0x71,0x02,0x69,0x96,0x01,0x69,0x98,0x01,0x69,0x02,0x02,0x69,0x02,0x71,0x22,
  0x71,0x81,0x42,0x71,0x00,0x63,0x79,0x82,0x83,0x79,0x01,0xa3,0x81,0xe4,0x81,0x81,
  0x04,0x82,0x00,0x05,0x8a,0x81,0x25,0x8a,0x02,0x66,0x8a,0x86,0x8a,0x86,0x92,0x81,
  0xc7,0x92,0x00,0xc8,0x9a,0x81,0xc7,0x9a,0x03,0x08,0x9b,0x29,0x9b,0x49,0xa3,0x69,
  0xa3,0x82,0x8a,0xab,0x02,0xaa,0xab,0xeb,0xb3,0x2c,0xb4,0x81,0x4c,0xb4,0x07,0x6d,
  0xbc,0x8d,0xbc,0xae,0xbc,0xce,0xc4,0xcf,0xc4,0xef,0xc4,0x0f,0xc5,0xcd,0xc4,0x81,
  0x8d,0xc4,0x00,0xce,0xc4,0x81,0x30,0xcd,0x81,0x50,0xcd,0x81,0x91,0xcd,0x04,0x51,
  0xcd,0xf0,0xcc,0x30,0xcd,0xb3,0xd5,0xb3,0xcd,0x81,0xd3,0xcd,0x81,0xf3,0xd5,0x00,
  0xd3,0xd5,0x81,0xb3,0xcd,0x05,0x92,0xcd,0x51,0xcd,0x8f,0xc4,0x0d,0xc4,0x32,0xd5,
  0xb3,0xd5,0x81,0x52,0xcd,0x03,0x93,0xcd,0xb3,0xcd,0xd4,0xd5,0xf4,0xd5,0x81,0x14,
  0xd6,0x06,0xf4,0xd5,0xd4,0xd5,0x72,0xd5,0x92,0xd5,0x52,0xcd,0xf0,0xcc,0xef,0xcc,
  0x81,0xaf,0xcc,0x00,0x52,0xd5,0x82,0xd3,0xd5,0x05,0x72,0xcd,0x31,0xcd,0x72,0xcd,
  0x92,0xcd,0x72,0xcd,0x10,0xc5,0x81,0xcf,0xc4,0x02,0x2d,0xbc,0x8e,0xc4,0x6e,0xc4,
  0x81,0xab,0xbb,0x0a,0xec,0xbb,0xcc,0xbb,0x0d,0xbc,0xcc,0xbb,0xe9,0xb2,0x6a,0xb3,
  0x0c,0xbc,0x0c,0xb4,0x4d,0xbc,0x6d,0xb4,0x2c,0xb4,0x81,0x0c,0xb4,0x01,0x0c,0xac,
  0xec,0xab,0x82,0xcb,0xab,0x02,0x8a,0xab,0x49,0xa3,0x08,0xa3,0x81,0x08,0x9b,0x01,
  0xc7,0x9a,0x87,0x9a,0x81,0xa7,0x92,0x81,0x86,0x92,0x02,0x66,0x8a,0x46,0x8a,0x25,
  0x8a,0x81,0x05,0x82,0x07,0xe4,0x81,0xc4,0x81,0xc4,0x79,0xa4,0x79,0x83,0x79,0x63,
  0x79,0x63,0x71,0x42,0x71,0x81,0x22,0x71,0x01,0x02,0x71,0x02,0x69,0x97,0x01,0x69,
  0x99,0x01,0x69,0x02,0x02,0x69,0x02,0x71,0x22,0x71,0x81,0x42,0x71,0x82,0x63,0x79,
  0x01,0xa3,0x79,0xc4,0x79,0x82,0xe4,0x81,0x06,0x05,0x82,0x05,0x8a,0x45,0x8a,0x66,
  0x8a,0x86,0x8a,0x86,0x92,0xa7,0x92,0x81,0xc7,0x92,0x04,0xa7,0x9a,0xe8,0x9a,0x08,
  0x9b,0x28,0x9b,0x49,0xa3,0x81,0x69,0xa3,0x06,0x48,0xab,0x8a,0xab,0xeb,0xab,0x0b,
  0xb4,0x2c,0xb4,0x4c,0xb4,0x6d,0xbc,0x82,0x8d,0xbc,0x81,0xad,0xbc,0x0d,0x8d,0xc4,
  0x8c,0xbc,0x2b,0xbc,0xcb,0xbb,0x4c,0xc4,0xae,0xc4,0x0f,0xc5,0x30,0xc5,0x51,0xcd,
  0x50,0xcd,0x71,0xcd,0x51,0xcd,0x10,0xc5,0x10,0xcd,0x82,0x92,0xcd,0x10,0x91,0xcd,
  0x92,0xcd,0xb2,0xcd,0x92,0xcd,0x93,0xcd,0x72,0xcd,0x31,0xcd,0x51,0xcd,0x31,0xcd,
  0x0d,0xc4,0x2d,0xc4,0x11,0xcd,0x32,0xcd,0x31,0xc5,0x93,0xcd,0xb3,0xcd,0xd3,0xcd,
  0x84,0xf4,0xd5,0x81,0xb3,0xcd,0x09,0xf4,0xd5,0x71,0xcd,0x6e,0xc4,0xcc,0xc3,0x0d,
  0xc4,0xaf,0xcc,0x51,0xcd,0xb3,0xd5,0x92,0xd5,0x72,0xcd,0x81,0x10,0xc5,0x02,0x31,
  0xcd,0x10,0xcd,0xef,0xc4,0x81,0xcf,0xc4,0x0b,0x2c,0xbc,0x4d,0xbc,0xcf,0xc4,0x8e,
  0xbc,0x6e,0xc4,0x4d,0xbc,0x2d,0xbc,0x4d,0xc4,0xab,0xbb,0xa8,0xaa,0x4a,0xb3,0x0c,
  0xbc,0x82,0x0c,0xb4,0x00,0x2c,0xb4,0x82,0xeb,0xab,0x00,0xaa,0xab,0x81,0x8a,0xab,
  0x02,0x8a,0xa3,0x6a,0xa3,0x09,0xa3,0x82,0xe8,0x9a,0x03,0x87,0x9a,0x87,0x92,0xa7,
  0x92,0x86,0x92,0x81,0x66,0x8a,0x01,0x46,0x8a,0x25,0x8a,0x81,0x05,0x82,0x07,0xe4,
  0x81,0xc4,0x81,0xa4,0x79,0xa3,0x79,0x83,0x79,0x63,0x79,0x63,0x71,0x42,0x71,0x81,
  0x22,0x71,0x00,0x02,0x71,0x99,0x01,0x69,0x9a,0x01,0x69,0x02,0x02,0x69,0x02,0x71,
  0x22,0x71,0x81,0x42,0x71,0x81,0x62,0x79,0x03,0x83,0x79,0xa3,0x79,0xc4,0x79,0xc4,
  0x81,0x81,0xe4,0x81,0x08,0x05,0x82,0x25,0x8a,0x45,0x8a,0x66,0x8a,0x86,0x8a,0x66,
  0x92,0xa6,0x92,0xc7,0x92,0xc7,0x9a,0x81,0xe8,0x9a,0x0a,0x08,0x9b,0x49,0x9b,0x49,
  0xa3,0x48,0xa3,0x69,0xa3,0x8a,0xab,0xaa,0xab,0xeb,0xab,0x0b,0xb4,0x2c,0xb4,0x4c,
  0xb4,0x81,0x6d,0xbc,0x01,0x6c,0xb4,0x4c,0xbc,0x81,0x6d,0xbc,0x06,0x8d,0xbc,0x4c,
  0xbc,0xeb,0xbb,0x6d,0xbc,0xae,0xc4,0xef,0xc4,0x10,0xc5,0x81,0x30,0xc5,0x09,0x2f,
  0xc5,0x0f,0xc5,0xef,0xc4,0xcf,0xc4,0x31,0xcd,0x71,0xcd,0x51,0xcd,0x30,0xc5,0x51,
  0xcd,0x71,0xcd,0x81,0x92,0xcd,0x09,0x51,0xcd,0xef,0xc4,0x31,0xcd,0x72,0xcd,0xef,
  0xc4,0xcb,0xbb,0x8c,0xbb,0x4f,0xc4,0xb0,0xc4,0x52,0xc5,0x81,0x92,0xcd,0x05,0xb3,
  0xcd,0x92,0xcd,0x51,0xcd,0x72,0xcd,0x92,0xcd,0x72,0xcd,0x81,0x92,0xcd,0x03,0x72,
  0xc5,0x51,0xc5,0xaf,0xc4,0x6e,0xc4,0x81,0xaf,0xcc,0x02,0x30,0xcd,0x51,0xcd,0x10,
  0xcd,0x81,0x8f,0xc4,0x00,0xaf,0xc4,0x82,0xcf,0xc4,0x0b,0x8e,0xc4,0x0c,0xbc,0x0d,
  0xbc,0xae,0xbc,0x6d,0xbc,0x0c,0xbc,0x2d,0xbc,0x6e,0xbc,0x2d,0xbc,0xe9,0xaa,0x88,
  0xaa,0x8b,0xb3,0x81,0x2c,0xb4,0x00,0x0c,0xac,0x82,0xcb,0xab,0x81,0xab,0xab,0x10,
  0x8a,0xab,0x49,0xa3,0x6a,0xa3,0x49,0xa3,0x29,0x9b,0xe8,0x9a,0xc8,0x9a,0xe8,0x9a,
  0xa7,0x92,0x46,0x92,0x66,0x92,0x87,0x92,0x66,0x8a,0x46,0x8a,0x25,0x8a,0x25,0x82,
  0x04,0x82,0x81,0xe4,0x81,0x06,0xc4,0x81,0xa4,0x79,0xa3,0x79,0x83,0x79,0x63,0x79,
  0x63,0x71,0x42,0x71,0x81,0x22,0x71,0x01,0x02,0x71,0x02,0x69,0x99,0x01,0x69,0x9b,
  0x01,0x69,0x01,0x02,0x69,0x02,0x71,0x81,0x22,0x71,0x05,0x42,0x71,0x42,0x79,0x63,
  0x79,0x83,0x79,0xa3,0x79,0xc4,0x79,0x81,0xc4,0x81,0x09,0xe4,0x81,0x05,0x82,0x05,
  0x8a,0x25,0x8a,0x45,0x8a,0x66,0x8a,0x86,0x92,0xa7,0x92,0xc7,0x92,0xc7,0x9a,0x81,
  0xe8,0x9a,0x02,0x28,0x9b,0x08,0xa3,0x07,0xa3,0x82,0x69,0xa3,0x02,0xca,0xab,0xeb,
  0xab,0x0b,0xac,0x82,0x2c,0xb4,0x04,0x4c,0xb4,0x2c,0xb4,0x6d,0xbc,0x4c,0xbc,0x2b,
  0xbc,0x81,0x4c,0xbc,0x0b,0x2d,0xbc,0x4d,0xbc,0x8e,0xc4,0xef,0xc4,0x0f,0xc5,0x10,
  0xc5,0x30,0xc5,0xef,0xc4,0xce,0xc4,0xad,0xc4,0xae,0xc4,0x10,0xc5,0x81,0x30,0xc5,
  0x11,0x51,0xcd,0x71,0xc5,0x51,0xcd,0x71,0xcd,0x30,0xcd,0xae,0xc4,0xf0,0xc4,0x51,
  0xcd,0x10,0xc5,0xaf,0xc4,0x0d,0xbc,0x6a,0xbb,0xac,0xbb,0x8f,0xc4,0x51,0xcd,0x71,
  0xcd,0x31,0xc5,0x30,0xc5,0x81,0xf0,0xc4,0x82,0x10,0xc5,0x81,0x51,0xcd,0x81,0x51,
  0xc5,0x00,0xcf,0xc4,0x83,0x6e,0xc4,0x07,0x2d,0xbc,0x6e,0xc4,0x2d,0xbc,0x4d,0xbc,
  0xaf,0xc4,0xae,0xbc,0xcf,0xc4,0x8e,0xbc,0x81,0xec,0xbb,0x00,0x4d,0xbc,0x81,0x2d,
  0xbc,0x0b,0x0c,0xbc,0xcc,0xbb,0x29,0xb3,0x46,0xa2,0xc8,0xaa,0xab,0xb3,0x0b,0xac,
  0x0c,0xac,0xeb,0xab,0xcb,0xab,0xaa,0xab,0x8a,0xab,0x81,0x6a,0xa3,0x81,0x49,0xa3,
  0x00,0x29,0xa3,0x81,0x08,0x9b,0x00,0xc7,0x9a,0x81,0xa7,0x92,0x81,0x46,0x92,0x02,
  0x66,0x92,0x66,0x8a,0x45,0x8a,0x81,0x25,0x8a,0x01,0x05,0x82,0xe4,0x81,0x81,0xc4,
  0x81,0x05,0xa4,0x79,0xa3,0x79,0x83,0x79,0x63,0x79,0x63,0x71,0x42,0x71,0x81,0x22,
  0x71,0x01,0x02,0x71,0x02,0x69,0x9a,0x01,0x69,0x9c,0x01,0x69,0x01,0x02,0x69,0x02,
  0x71,0x81,0x22,0x71,0x02,0x42,0x71,0x43,0x79,0x63,0x79,0x81,0x83,0x79,0x0a,0xa3,
  0x79,0xa4,0x81,0xc4,0x81,0xe4,0x81,0x05,0x82,0x05,0x8a,0x25,0x8a,0x45,0x8a,0x66,
  0x8a,0x86,0x92,0xa7,0x92,0x81,0xc7,0x92,0x01,0xe7,0x9a,0x08,0x9b,0x81,0xe7,0x9a,
  0x81,0x49,0xa3,0x03,0x69,0xa3,0x8a,0xab,0xaa,0xab,0xcb,0xab,0x81,0xeb,0xab,0x01,
  0x0b,0xb4,0x2c,0xb4,0x81,0x4c,0xb4,0x01,0xea,0xb3,0x2c,0xbc,0x81,0x4c,0xbc,0x04,
  0x4d,0xbc,0x0c,0xb4,0x4d,0xbc,0xae,0xbc,0xef,0xbc,0x83,0xef,0xc4,0x04,0xae,0xc4,
  0x4c,0xc4,0x8e,0xc4,0xf0,0xc4,0x10,0xc5,0x83,0x30,0xc5,0x00,0x0f,0xc5,0x81,0xae,
  0xc4,0x06,0xf0,0xcc,0xcf,0xc4,0xd0,0xbc,0xcf,0xbc,0x0c,0xbc,0x2a,0xb3,0xcc,0xbb,
  0x81,0xf0,0xc4,0x02,0xcf,0xc4,0x11,0xc5,0x31,0xc5,0x81,0x10,0xc5,0x03,0x30,0xc5,
  0xf0,0xc4,0xcf,0xbc,0xf0,0xc4,0x81,0x10,0xc5,0x01,0xf0,0xc4,0x4d,0xbc,0x81,0xec,
  0xbb,0x13,0x8b,0xb3,0x0d,0xbc,0xaf,0xc4,0x4d,0xbc,0x2d,0xbc,0x6e,0xbc,0x8e,0xbc,
  0xaf,0xc4,0x8e,0xbc,0x0c,0xb4,0xab,0xb3,0xec,0xbb,0xcc,0xbb,0x4a,0xb3,0xa8,0xaa,
  0x67,0xa2,0x26,0x9a,0x67,0xa2,0x08,0xab,0xab,0xb3,0x81,0xeb,0xab,0x02,0xcb,0xab,
  0xab,0xab,0xaa,0xab,0x81,0x6a,0xa3,0x02,0x49,0xa3,0x29,0xa3,0x29,0x9b,0x81,0x08,
  0x9b,0x01,0xa7,0x9a,0x66,0x9a,0x81,0x87,0x92,0x02,0x25,0x92,0x45,0x92,0x46,0x8a,
  0x81,0x25,0x8a,0x01,0x05,0x8a,0x05,0x82,0x81,0xe4,0x81,0x01,0xa3,0x81,0xa3,0x79,
  0x81,0x83,0x79,0x02,0x63,0x79,0x63,0x71,0x42,0x71,0x81,0x22,0x71,0x01,0x02,0x71,
  0x02,0x69,0x9b,0x01,0x69,0x9d,0x01,0x69,0x01,0x02,0x69,0x02,0x71,0x81,0x22,0x71,
  0x00,0x42,0x71,0x81,0x63,0x79,0x81,0x83,0x79,0x81,0xa3,0x79,0x00,0xc4,0x81,0x81,
  0xe4,0x81,0x03,0x05,0x8a,0x25,0x8a,0x45,0x8a,0x66,0x8a,0x81,0x86,0x92,0x02,0xa7,
  0x92,0xc7,0x92,0xe7,0x9a,0x81,0xc7,0x9a,0x01,0x28,0x9b,0x48,0xa3,0x81,0x49,0xa3,
  0x00,0x8a,0xab,0x81,0xaa,0xab,0x0d,0xca,0xab,0xcb,0xab,0x0b,0xb4,0x2c,0xb4,0x0a,
  0xb4,0xca,0xb3,0x0c,0xb4,0x0b,0xb4,0x2c,0xb4,0x4d,0xbc,0x0c,0xb4,0x2c,0xb4,0x4d,
  0xbc,0x8e,0xbc,0x81,0xae,0xbc,0x15,0xce,0xbc,0xcf,0xbc,0xae,0xc4,0x6d,0xbc,0x2c,
  0xbc,0x8e,0xc4,0xef,0xc4,0x0f,0xc5,0xf0,0xc4,0xef,0xc4,0xf0,0xc4,0xef,0xbc,0xae,
  0xbc,0x8e,0xc4,0xae,0xc4,0xcf,0xbc,0xae,0xbc,0x6d,0xbc,0x2d,0xbc,0x6a,0xb3,0x2a,
  0xb3,0x4e,0xbc,0x81,0x6e,0xbc,0x03,0xaf,0xbc,0xd0,0xc4,0xef,0xc4,0xcf,0xbc,0x81,
  0x10,0xc5,0x04,0xaf,0xbc,0x8e,0xb4,0xaf,0xbc,0xaf,0xc4,0x8d,0xbc,0x81,0x4d,0xbc,
  0x02,0x0c,0xb4,0xab,0xb3,0xcc,0xb3,0x81,0x2d,0xbc,0x84,0x4d,0xbc,0x0a,0x2d,0xbc,
  0xab,0xb3,0x6b,0xb3,0xc9,0xaa,0x67,0xaa,0x88,0xa2,0xa7,0xa2,0xe8,0xaa,0x09,0xab,
  0x29,0xab,0x8a,0xab,0x82,0xaa,0xab,0x81,0x8a,0xa3,0x03,0x6a,0xa3,0x49,0xa3,0x49,
  0x9b,0x08,0x9b,0x81,0xe8,0x9a,0x06,0xc7,0x9a,0x87,0x92,0x46,0x92,0x66,0x92,0x86,
  0x92,0x25,0x8a,0xe4,0x89,0x81,0x05,0x8a,0x00,0x05,0x82,0x81,0xe4,0x81,0x03,0xc4,
  0x81,0xc4,0x79,0xa3,0x79,0x83,0x79,0x81,0x63,0x79,0x01,0x63,0x71,0x42,0x71,0x81,
  0x22,0x71,0x00,0x02,0x71,0x9d,0x01,0x69,0x9f,0x01,0x69,0x00,0x02,0x71,0x81,0x22,
  0x71,0x81,0x42,0x71,0x81,0x63,0x79,0x81,0x83,0x79,0x01,0xa3,0x79,0xc4,0x81,0x82,
  0xe4,0x81,0x01,0x04,0x8a,0x25,0x8a,0x81,0x66,0x8a,0x04,0x86,0x92,0xa6,0x92,0xa7,
  0x92,0x86,0x92,0xc7,0x9a,0x81,0x08,0x9b,0x02,0x28,0x9b,0x49,0xa3,0x69,0xa3,0x81,
  0x89,0xa3,0x01,0x8a,0xa3,0xca,0xab,0x81,0xeb,0xab,0x81,0xca,0xab,0x81,0xeb,0xb3,
  0x05,0x0c,0xb4,0x2c,0xb4,0x2b,0xb4,0x0b,0xb4,0x0c,0xb4,0x2d,0xbc,0x81,0x8d,0xbc,
  0x00,0xae,0xbc,0x82,0x8d,0xbc,0x81,0x0c,0xbc,0x02,0x8e,0xbc,0xae,0xbc,0xcf,0xbc,
  0x81,0xef,0xbc,0x03,0xce,0xbc,0x8e,0xbc,0x8d,0xbc,0x6d,0xbc,0x81,0x8e,0xbc,0x09,
  0x2d,0xbc,0x0c,0xbc,0x6a,0xb3,0x09,0xab,0xac,0xb3,0x2d,0xbc,0x4e,0xbc,0x8e,0xbc,
  0x8f,0xbc,0xaf,0xbc,0x82,0xcf,0xbc,0x82,0xaf,0xbc,0x02,0x8e,0xbc,0x2c,0xb4,0x2c,
  0xbc,0x81,0x8e,0xbc,0x03,0x6d,0xbc,0x0c,0xb4,0x6a,0xab,0x4a,0xab,0x81,0xcc,0xb3,
  0x0c,0x8b,0xb3,0x6a,0xb3,0x6b,0xb3,0x8b,0xb3,0x6a,0xb3,0xc9,0xaa,0x47,0xa2,0xc9,
  0xaa,0x08,0xab,0x29,0xb3,0x6a,0xb3,0x4a,0xab,0x49,0xab,0x81,0x69,0xa3,0x03,0x8a,
  0xab,0x6a,0xa3,0x69,0xa3,0x49,0xa3,0x81,0x29,0x9b,0x05,0x08,0x9b,0xe8,0x9a,0xc7,
  0x9a,0xa7,0x92,0x87,0x92,0x66,0x92,0x81,0x46,0x92,0x02,0x46,0x8a,0x25,0x8a,0x05,
  0x8a,0x83,0xe4,0x81,0x03,0xc4,0x81,0xa4,0x79,0xa3,0x79,0x83,0x79,0x81,0x63,0x79,
  0x81,0x42,0x71,0x81,0x22,0x71,0x00,0x02,0x71,0x9e,0x01,0x69,0xa0,0x01,0x69,0x81,
  0x02,0x71,0x00,0x22,0x71,0x81,0x42,0x71,0x00,0x62,0x79,0x81,0x63,0x79,0x01,0x83,
  0x79,0xa3,0x79,0x82,0xc4,0x81,0x04,0xe4,0x81,0x04,0x8a,0x25,0x8a,0x46,0x8a,0x66,
  0x8a,0x81,0x86,0x92,0x01,0x66,0x92,0xa7,0x92,0x81,0xe8,0x9a,0x03,0xe7,0x9a,0x08,
  0x9b,0x28,0x9b,0x49,0xa3,0x81,0x69,0xa3,0x03,0x8a,0xa3,0xca,0xab,0xaa,0xab,0x89,
  0xab,0x81,0xaa,0xab,0x00,0xcb,0xab,0x82,0x0b,0xb4,0x03,0xeb,0xb3,0xcb,0xb3,0xec,
  0xb3,0x2c,0xbc,0x84,0x6d,0xbc,0x04,0x2c,0xb4,0xec,0xb3,0x4d,0xbc,0x6d,0xb4,0x8e,
  0xbc,0x81,0xae,0xbc,0x81,0x6d,0xbc,0x00,0x4d,0xbc,0x81,0x4d,0xb4,0x06,0x2c,0xbc,
  0xec,0xbb,0xab,0xbb,0x2a,0xab,0x2a,0xa3,0xcc,0xb3,0x4e,0xbc,0x87,0x8e,0xbc,0x82,
  0xae,0xbc,0x03,0x8e,0xb4,0x0c,0xb4,0x2c,0xb4,0x6d,0xb4,0x81,0x4c,0xb4,0x04,0xcb,
  0xb3,0x09,0xab,0xc8,0xaa,0x09,0xab,0x4b,0xb3,0x81,0x8b,0xb3,0x04,0x4a,0xab,0xa8,
  0xa2,0x46,0x9a,0x26,0x9a,0xc8,0xaa,0x81,0x08,0xab,0x03,0x29,0xab,0x49,0xab,0x49,
  0xa3,0x69,0xa3,0x82,0x49,0xa3,0x81,0x29,0x9b,0x00,0x08,0x9b,0x81,0xe8,0x9a,0x00,
  0xc7,0x9a,0x81,0xa7,0x92,0x02,0x87,0x92,0x66,0x92,0x05,0x8a,0x81,0x25,0x8a,0x81,
  0x05,0x8a,0x00,0xe4,0x81,0x82,0xa4,0x81,0x81,0xa3,0x79,0x00,0x83,0x79,0x81,0x63,
  0x79,0x81,0x42,0x71,0x81,0x22,0x71,0x00,0x02,0x69,0x9f,0x01,0x69,0xa0,0x01,0x69,
  0x00,0x02,0x69,0x81,0x02,0x71,0x00,0x22,0x71,0x81,0x42,0x71,0x82,0x63,0x79,0x03,
  0x83,0x79,0xa3,0x79,0xa3,0x81,0xc4,0x81,0x81,0xe4,0x81,0x00,0x04,0x8a,0x81,0x25,
  0x8a,0x03,0x45,0x8a,0x66,0x8a,0x25,0x92,0x86,0x92,0x81,0xc7,0x92,0x03,0xc7,0x9a,
  0xe8,0x9a,0x08,0x9b,0x28,0x9b,0x82,0x49,0xa3,0x05,0x8a,0xa3,0x89,0xa3,0x68,0xa3,
  0x69,0xab,0x89,0xab,0xaa,0xab,0x82,0xeb,0xab,0x01,0xcb,0xab,0xaa,0xab,0x81,0xcb,
  0xb3,0x02,0x0c,0xb4,0x2c,0xb4,0x2d,0xb4,0x81,0x4d,0xb4,0x02,0x2c,0xbc,0xeb,0xb3,
  0x0c,0xb4,0x81,0x6d,0xb4,0x03,0x6d,0xbc,0x4c,0xb4,0x0b,0xb4,0x2c,0xbc,0x81,0x2d,
  0xb4,0x0e,0x4d,0xb4,0xec,0xb3,0x6a,0xb3,0x09,0xab,0xe9,0xa2,0x0a,0xab,0xcc,0xb3,
  0x4d,0xbc,0x6e,0xb4,0x4d,0xb4,0x6d,0xb4,0x8e,0xb4,0x6d,0xb4,0x4d,0xb4,0x2c,0xb4,
  0x82,0x6d,0xb4,0x81,0x6e,0xb4,0x14,0x2c,0xb4,0xcb,0xb3,0xeb,0xb3,0x2c,0xb4,0x4d,
  0xb4,0x2c,0xb4,0xec,0xab,0x09,0xa3,0xa8,0xa2,0xe9,0xaa,0x4a,0xab,0x29,0xab,0xc8,
  0xa2,0x67,0x9a,0x06,0x92,0x05,0x92,0x67,0x9a,0x08,0xab,0xe8,0xa2,0x08,0xa3,0x29,
  0xa3,0x81,0x49,0xa3,0x01,0x29,0x9b,0x28,0x9b,0x82,0x08,0x9b,0x02,0xe8,0x9a,0xc8,
  0x9a,0xc7,0x92,0x81,0xa7,0x92,0x06,0x87,0x92,0x66,0x92,0x25,0x8a,0xe4,0x89,0xe5,
  0x89,0x05,0x8a,0xe4,0x81,0x81,0xc4,0x81,0x81,0xa4,0x81,0x81,0x83,0x79,0x82,0x63,
  0x79,0x81,0x42,0x71,0x02,0x22,0x71,0x02,0x71,0x02,0x69,0xa0,0x01,0x69,0xa2,0x01,
  0x69,0x81,0x02,0x71,0x81,0x22,0x71,0x01,0x42,0x71,0x62,0x79,0x83,0x63,0x79,0x01,
  0x83,0x79,0xc4,0x81,0x82,0xe4,0x81,0x00,0xe4,0x89,0x81,0x05,0x8a,0x01,0x04,0x8a,
  0x45,0x92,0x81,0x86,0x92,0x02,0xa7,0x92,0xc7,0x92,0xe8,0x9a,0x81,0x08,0x9b,0x81,
  0x28,0x9b,0x05,0x49,0xa3,0x69,0xa3,0x49,0xa3,0x48,0xa3,0x49,0xa3,0x8a,0xab,0x81,
  0xaa,0xab,0x06,0xca,0xab,0xcb,0xab,0xaa,0xab,0x69,0xab,0xaa,0xab,0xcb,0xab,0xeb,
  0xb3,0x83,0x0c,0xb4,0x81,0xcb,0xb3,0x82,0x2c,0xb4,0x02,0x0c,0xb4,0xcb,0xb3,0xec,
  0xb3,0x81,0x2d,0xb4,0x07,0x0c,0xb4,0xcb,0xb3,0x4a,0xab,0x87,0x9a,0xa8,0xa2,0x0a,
  0xab,0x6b,0xab,0x0c,0xb4,0x81,0x2d,0xb4,0x83,0x4d,0xb4,0x81,0x2c,0xb4,0x81,0x4d,
  0xb4,0x81,0x2d,0xb4,0x04,0x0c,0xac,0x69,0xab,0x8a,0xab,0xec,0xab,0x0c,0xac,0x81,
  0xeb,0xab,0x12,0x6a,0xab,0x09,0xa3,0x29,0xa3,0xe9,0xa2,0xc8,0xa2,0x87,0x9a,0x46,
  0x9a,0x26,0x92,0xe5,0x91,0x06,0x92,0xa8,0xa2,0xe8,0xa2,0xc7,0xa2,0xe8,0xa2,0x08,
  0x9b,0x29,0x9b,0x28,0x9b,0x08,0x9b,0xe8,0x9a,0x82,0xc7,0x92,0x81,0xa7,0x92,0x0b,
  0x87,0x92,0x86,0x92,0x66,0x8a,0x45,0x8a,0x05,0x8a,0xe4,0x89,0xe4,0x81,0xc4,0x81,
  0xa4,0x81,0x83,0x81,0xa4,0x81,0xa4,0x79,0x81,0x83,0x79,0x01,0x63,0x79,0x42,0x79,
  0x81,0x42,0x71,0x81,0x22,0x71,0x01,0x02,0x71,0x02,0x69,0xa1,0x01,0x69,0xa3,0x01,
  0x69,0x01,0x02,0x69,0x02,0x71,0x81,0x22,0x71,0x81,0x42,0x71,0x81,0x42,0x79,0x04,
  0x63,0x79,0x83,0x79,0xa3,0x79,0xa4,0x81,0xc4,0x81,0x81,0xe4,0x81,0x00,0x04,0x82,
  0x81,0xe4,0x89,0x03,0x25,0x8a,0x46,0x8a,0x66,0x92,0x86,0x92,0x81,0xa7,0x92,0x02,
  0xc7,0x92,0xe7,0x9a,0xe8,0x9a,0x81,0x08,0x9b,0x03,0x49,0xa3,0x28,0xa3,0x07,0xa3,
  0x49,0xa3,0x81,0x69,0xa3,0x08,0x8a,0xa3,0x8a,0xab,0xaa,0xab,0x69,0xab,0x29,0xab,
  0x09,0xab,0x49,0xab,0xaa,0xab,0xcb,0xab,0x81,0xeb,0xab,0x0f,0xeb,0xb3,0xcb,0xab,
  0x8a,0xab,0xcb,0xb3,0xeb,0xab,0x0c,0xac,0x0c,0xb4,0xeb,0xb3,0xec,0xb3,0x0c,0xb4,
  0x0c,0xac,0xcb,0xab,0x8a,0xab,0xe8,0xa2,0x46,0x9a,0xc8,0xa2,0x81,0x09,0xab,0x00,
  0xab,0xab,0x82,0x0c,0xac,0x81,0x2c,0xac,0x02,0x2d,0xb4,0x0c,0xac,0xec,0xab,0x83,
  0x0c,0xac,0x03,0xaa,0xab,0x49,0xab,0xcb,0xab,0xeb,0xab,0x81,0xcb,0xab,0x09,0xab,
  0xa3,0x08,0xa3,0xc8,0xa2,0x49,0xa3,0x49,0xab,0x29,0xa3,0x08,0x9b,0x46,0x92,0x05,
  0x92,0x06,0x92,0x81,0xe5,0x91,0x00,0x66,0x9a,0x81,0xa7,0x9a,0x01,0xc8,0x9a,0x08,
  0x9b,0x81,0xe8,0x9a,0x00,0xc7,0x92,0x82,0xa7,0x92,0x01,0x87,0x92,0x86,0x92,0x81,
  0x66,0x8a,0x02,0x45,0x8a,0x05,0x8a,0xe5,0x81,0x81,0xc4,0x81,0x03,0xa4,0x81,0x83,
  0x81,0x83,0x79,0xa4,0x79,0x81,0x83,0x79,0x01,0x63,0x79,0x42,0x79,0x81,0x42,0x71,
  0x81,0x22,0x71,0x00,0x02,0x69,0xa3,0x01,0x69,0xa4,0x01,0x69,0x01,0x02,0x69,0x02,
  0x71,0x82,0x22,0x71,0x02,0x42,0x71,0x42,0x79,0x63,0x79,0x82,0x83,0x79,0x01,0xa4,
  0x81,0xc4,0x81,0x83,0xe4,0x81,0x81,0x25,0x8a,0x09,0x45,0x8a,0x66,0x8a,0x66,0x92,
  0x86,0x92,0x87,0x92,0xa7,0x92,0xc7,0x92,0xc7,0x9a,0xe7,0x9a,0xc7,0x9a,0x81,0x86,
  0x9a,0x00,0x08,0x9b,0x82,0x49,0xa3,0x81,0x69,0xa3,0x04,0x49,0xa3,0x29,0xa3,0x87,
  0xa2,0x86,0xa2,0x49,0xab,0x81,0x8a,0xab,0x00,0xaa,0xab,0x81,0xcb,0xab,0x81,0x6a,
  0xab,0x00,0xcb,0xab,0x81,0xeb,0xab,0x00,0xca,0xab,0x82,0xeb,0xab,0x04,0xcb,0xab,
  0x29,0xab,0x87,0xa2,0x67,0x9a,0xe9,0xaa,0x81,0x29,0xab,0x01,0x8a,0xab,0xab,0xab,
  0x81,0xcb,0xab,0x00,0xec,0xab,0x81,0x0c,0xac,0x01,0xec,0xab,0xeb,0xab,0x81,0xcb,
  0xab,0x81,0xeb,0xab,0x0e,0x49,0xa3,0xe8,0xa2,0x8a,0xab,0xcb,0xab,0xab,0xa3,0xaa,
  0xa3,0x6a,0xa3,0xe8,0xa2,0xa7,0x9a,0x09,0xa3,0x29,0xa3,0x08,0xa3,0x09,0xa3,0x66,
  0x92,0x05,0x92,0x81,0x26,0x92,0x81,0xe5,0x91,0x03,0x66,0x92,0x66,0x9a,0x86,0x9a,
  0xc7,0x9a,0x81,0xc7,0x92,0x00,0xa7,0x92,0x81,0x86,0x92,0x03,0x87,0x92,0x66,0x8a,
  0x46,0x8a,0x45,0x8a,0x81,0x25,0x8a,0x00,0xe4,0x81,0x81,0xc4,0x81,0x02,0xa4,0x81,
  0x83,0x79,0x63,0x79,0x81,0x83,0x79,0x81,0x63,0x79,0x01,0x63,0x71,0x42,0x71,0x81,
  0x22,0x71,0x01,0x02,0x71,0x02,0x69,0xa4,0x01,0x69,0xa6,0x01,0x69,0x01,0x02,0x69,
  0x02,0x71,0x81,0x22,0x71,0x01,0x42,0x71,0x42,0x79,0x81,0x63,0x79,0x81,0x83,0x79,
  0x00,0xa4,0x79,0x82,0xc4,0x81,0x00,0xe4,0x81,0x81,0x05,0x82,0x81,0x25,0x8a,0x01,
  0x46,0x8a,0x66,0x8a,0x81,0x86,0x92,0x81,0xa7,0x92,0x05,0x86,0x92,0x65,0x92,0x66,
  0x92,0xa7,0x9a,0xc7,0x9a,0x08,0x9b,0x81,0x28,0x9b,0x00,0x49,0xa3,0x82,0x29,0xa3,
  0x03,0xc8,0xa2,0xa7,0xa2,0x09,0xa3,0x29,0xa3,0x81,0x49,0xa3,0x81,0x69,0xab,0x12,
  0x29,0xab,0x49,0xab,0x8a,0xab,0xcb,0xab,0xaa,0xab,0x89,0xab,0xaa,0xab,0xcb,0xab,
  0xeb,0xab,0x8a,0xab,0xe8,0xa2,0x87,0x9a,0x66,0x9a,0xc8,0xa2,0x29,0xab,0x29,0xa3,
  0x8a,0xab,0xab,0xab,0xcb,0xab,0x81,0xaa,0xab,0x82,0xcb,0xab,0x18,0xcb,0xa3,0xaa,
  0xa3,0x8a,0xa3,0xaa,0xa3,0xaa,0xab,0x28,0xa3,0xa6,0x9a,0x29,0xa3,0x8a,0xa3,0x6a,
  0xa3,0x69,0xa3,0x29,0xa3,0xc7,0x9a,0xe8,0x9a,0x29,0xa3,0x08,0x9b,0xc7,0x9a,0xe8,
  0x9a,0x87,0x9a,0x05,0x92,0x26,0x92,0x46,0x92,0x25,0x92,0xc4,0x89,0xe5,0x89,0x81,
  0x46,0x92,0x04,0x66,0x92,0xa7,0x92,0x87,0x92,0x86,0x92,0x66,0x8a,0x81,0x46,0x8a,
  0x00,0x45,0x8a,0x81,0x25,0x8a,0x81,0x05,0x82,0x00,0xc4,0x81,0x81,0xa4,0x81,0x00,
  0x83,0x79,0x84,0x63,0x79,0x81,0x42,0x71,0x81,0x22,0x71,0x00,0x02,0x71,0xa6,0x01,
  0x69,0xa7,0x01,0x69,0x01,0x02,0x69,0x02,0x71,0x81,0x22,0x71,0x81,0x42,0x71,0x81,
  0x63,0x79,0x81,0x83,0x79,0x81,0xa3,0x79,0x02,0xa3,0x81,0xc4,0x81,0xe4,0x81,0x81,
  0x04,0x82,0x04,0x05,0x8a,0x25,0x8a,0x45,0x8a,0x46,0x8a,0x66,0x8a,0x81,0x86,0x92,
  0x0f,0x45,0x92,0x25,0x92,0x66,0x92,0xa7,0x9a,0xc7,0x9a,0xa6,0x9a,0xc7,0x9a,0xe7,
  0x9a,0x08,0x9b,0xe8,0x9a,0xc7,0x9a,0xa7,0x9a,0xc7,0x9a,0x08,0xa3,0x28,0xa3,0x08,
  0xa3,0x81,0x29,0xa3,0x12,0x08,0xa3,0x08,0xab,0xc7,0xa2,0xe8,0xa2,0x6a,0xab,0x6a,
  0xa3,0x49,0xab,0x49,0xa3,0x8a,0xab,0xaa,0xab,0xaa,0xa3,0x49,0xa3,0xe8,0xa2,0x87,
  0x9a,0x67,0xa2,0x87,0xa2,0xe8,0xa2,0x08,0xa3,0x6a,0xa3,0x81,0x8a,0xa3,0x81,0x6a,
  0xa3,0x82,0x8a,0xa3,0x07,0x6a,0xa3,0x8a,0xa3,0x6a,0xa3,0x69,0xa3,0x6a,0xa3,0x29,
  0xa3,0xa7,0x9a,0xc7,0x9a,0x81,0x08,0xa3,0x12,0x49,0xa3,0x08,0x9b,0xa7,0x9a,0xe8,
  0x9a,0x29,0x9b,0xe8,0x9a,0xc7,0x9a,0xc8,0x9a,0x87,0x92,0xe4,0x89,0x05,0x8a,0x26,
  0x92,0x25,0x8a,0xe4,0x89,0xa4,0x81,0xe4,0x89,0x05,0x92,0x25,0x92,0x45,0x92,0x81,
  0x46,0x8a,0x03,0x45,0x8a,0x25,0x8a,0x05,0x8a,0xe4,0x89,0x81,0x05,0x82,0x81,0xe4,
  0x81,0x81,0xa4,0x81,0x05,0xa3,0x79,0x83,0x79,0x42,0x79,0x43,0x79,0x63,0x79,0x43,
  0x79,0x81,0x42,0x71,0x81,0x22,0x71,0x00,0x02,0x69,0xa7,0x01,0x69,0xa9,0x01,0x69,
  0x00,0x02,0x71,0x81,0x22,0x71,0x81,0x42,0x71,0x82,0x63,0x79,0x82,0x83,0x79,0x00,
  0xa3,0x79,0x82,0xc4,0x81,0x01,0xe4,0x81,0x05,0x82,0x81,0x25,0x8a,0x0a,0x45,0x8a,
  0x66,0x8a,0x45,0x8a,0x04,0x8a,0x25,0x8a,0x66,0x92,0x86,0x92,0xa7,0x92,0xa6,0x92,
  0x86,0x92,0xa6,0x9a,0x82,0x86,0x9a,0x02,0x66,0x9a,0xa6,0x9a,0x08,0x9b,0x81,0x28,
  0x9b,0x09,0x08,0x9b,0xe8,0xa2,0xc7,0xa2,0x08,0xa3,0xc7,0xa2,0x66,0x9a,0x08,0xa3,
  0x49,0xa3,0x08,0xa3,0x29,0xa3,0x82,0x69,0xa3,0x02,0x28,0xa3,0xc8,0xa2,0x67,0x9a,
  0x81,0x66,0x9a,0x06,0xa7,0x9a,0xe8,0xa2,0x49,0xa3,0x6a,0xa3,0x49,0xa3,0x29,0xa3,
  0x49,0xa3,0x81,0x6a,0xa3,0x82,0x69,0xa3,0x05,0x49,0xa3,0x29,0xa3,0x49,0xa3,0x08,
  0x9b,0xa7,0x9a,0xc7,0x9a,0x81,0xa7,0x9a,0x0a,0xc8,0x9a,0xc7,0x9a,0xa7,0x9a,0xc8,
  0x9a,0x08,0x9b,0xe8,0x9a,0xc7,0x9a,0xa7,0x92,0x86,0x92,0x05,0x8a,0xc4,0x81,0x82,
  0x05,0x8a,0x03,0xa4,0x81,0x84,0x81,0xe4,0x89,0x05,0x8a,0x81,0x25,0x8a,0x03,0x05,
  0x8a,0x04,0x8a,0x05,0x8a,0x05,0x82,0x82,0xe4,0x81,0x01,0xc4,0x81,0xa4,0x79,0x82,
  0x83,0x79,0x01,0x63,0x79,0x42,0x79,0x82,0x42,0x71,0x81,0x22,0x71,0x01,0x02,0x71,
  0x02,0x69,0xa8,0x01,0x69,0xaa,0x01,0x69,0x01,0x02,0x69,0x02,0x71,0x81,0x22,0x71,
  0x81,0x42,0x71,0x83,0x63,0x79,0x81,0x83,0x79,0x05,0xa3,0x79,0xa4,0x81,0xc4,0x81,
  0xe4,0x81,0x04,0x82,0x05,0x82,0x81,0x25,0x8a,0x81,0x04,0x8a,0x01,0x46,0x8a,0x66,
  0x8a,0x81,0x86,0x92,0x04,0x87,0x92,0xa7,0x92,0x65,0x92,0x25,0x92,0x46,0x92,0x81,
  0x66,0x92,0x02,0xa6,0x9a,0xc7,0x9a,0xe8,0x9a,0x81,0x08,0x9b,0x08,0xe7,0x9a,0x87,
  0x9a,0xa7,0x9a,0x87,0x9a,0x46,0x9a,0xa7,0x9a,0xc7,0xa2,0xa7,0xa2,0x08,0xa3,0x81,
  0x29,0x9b,0x0e,0x29,0xa3,0xe8,0xa2,0xc7,0xa2,0xa7,0x9a,0x26,0x92,0x46,0x92,0x86,
  0x9a,0xc8,0x9a,0x29,0xa3,0x49,0xa3,0x08,0xa3,0xe8,0xa2,0x29,0x9b,0x49,0x9b,0x49,
  0xa3,0x81,0x49,0x9b,0x0a,0x29,0x9b,0x28,0x9b,0x08,0x9b,0xe8,0x9a,0xa7,0x9a,0xc7,
  0x9a,0xc8,0x9a,0x87,0x92,0x66,0x92,0x87,0x92,0xa7,0x92,0x81,0xa7,0x9a,0x01,0xe8,
  0x92,0xc7,0x92,0x81,0xa7,0x92,0x09,0x66,0x92,0x25,0x8a,0xc4,0x81,0xe4,0x89,0x05,
  0x8a,0xe4,0x89,0xa4,0x81,0x84,0x81,0xc4,0x81,0xe4,0x89,0x81,0x05,0x8a,0x00,0x05,
  0x82,0x81,0xc4,0x81,0x00,0xe4,0x81,0x82,0xc4,0x81,0x01,0xa4,0x79,0x83,0x79,0x81,
  0x63,0x79,0x00,0x43,0x79,0x82,0x42,0x71,0x82,0x22,0x71,0x81,0x02,0x69,0xa9,0x01,
  0x69,0xab,0x01,0x69,0x01,0x02,0x69,0x02,0x71,0x82,0x22,0x71,0x03,0x42,0x71,0x62,
  0x71,0x42,0x71,0x62,0x79,0x81,0x63,0x79,0x81,0x83,0x79,0x01,0xa3,0x81,0xc4,0x81,
  0x83,0xe4,0x81,0x04,0xc4,0x81,0x05,0x8a,0x25,0x8a,0x45,0x8a,0x46,0x8a,0x81,0x66,
  0x8a,0x04,0x86,0x92,0x66,0x92,0x25,0x92,0x66,0x92,0x86,0x92,0x81,0xa7,0x92,0x02,
  0xa6,0x9a,0xa7,0x9a,0xc7,0x9a,0x81,0xe8,0x9a,0x00,0xa7,0x9a,0x81,0x46,0x9a,0x01,
  0xa7,0x9a,0x87,0x9a,0x81,0x66,0x9a,0x00,0xc7,0x9a,0x82,0x08,0x9b,0x06,0xe8,0x9a,
  0xe8,0xa2,0xc7,0x9a,0x25,0x92,0x26,0x92,0x46,0x9a,0x87,0x9a,0x81,0x08,0x9b,0x04,
  0xe8,0x9a,0xc8,0xa2,0xe8,0x9a,0x28,0x9b,0x29,0x9b,0x81,0x08,0x9b,0x05,0x28,0x9b,
  0x08,0x9b,0xe8,0x9a,0xa7,0x9a,0x66,0x92,0xa7,0x9a,0x82,0x87,0x92,0x00,0x66,0x92,
  0x82,0x87,0x92,0x81,0xa7,0x92,0x03,0x86,0x92,0x66,0x92,0x46,0x8a,0x05,0x8a,0x81,
  0xc4,0x81,0x04,0xe4,0x81,0xc4,0x81,0xa4,0x81,0x83,0x81,0xa4,0x81,0x81,0xc4,0x81,
  0x00,0xe4,0x81,0x81,0xc4,0x81,0x81,0xa4,0x81,0x83,0x83,0x79,0x81,0x63,0x79,0x00,
  0x42,0x79,0x84,0x22,0x71,0x01,0x02,0x71,0x02,0x69,0xab,0x01,0x69,0xad,0x01,0x69,
  0x01,0x02,0x69,0x02,0x71,0x82,0x22,0x71,0x81,0x42,0x71,0x83,0x63,0x79,0x00,0x83,
  0x79,0x81,0xa3,0x79,0x81,0xc4,0x81,0x01,0x83,0x81,0xc4,0x81,0x81,0x05,0x82,0x81,
  0x25,0x8a,0x81,0x45,0x8a,0x81,0x46,0x8a,0x03,0x25,0x8a,0x25,0x92,0x66,0x92,0x86,
  0x92,0x81,0xa7,0x92,0x04,0x86,0x92,0xa6,0x92,0xa7,0x92,0xc7,0x92,0xa7,0x92,0x81,
  0x66,0x92,0x06,0xa7,0x9a,0x86,0x9a,0x45,0x92,0x25,0x92,0x67,0x9a,0xa7,0x9a,0xc7,
  0x9a,0x81,0xe8,0x9a,0x08,0xc8,0x9a,0xa7,0x9a,0x45,0x92,0x05,0x92,0x26,0x92,0x46,
  0x92,0xc8,0x9a,0xe8,0x9a,0xc8,0x9a,0x83,0xc7,0x9a,0x01,0xa7,0x92,0xa7,0x9a,0x81,
  0xe8,0x9a,0x02,0xc7,0x9a,0x66,0x92,0x46,0x92,0x81,0x86,0x92,0x81,0xa7,0x92,0x00,
  0x86,0x92,0x82,0x66,0x8a,0x02,0x66,0x92,0x66,0x8a,0x46,0x8a,0x81,0x25,0x8a,0x02,
  0x05,0x8a,0xc4,0x81,0xa3,0x81,0x81,0xa4,0x81,0x04,0x83,0x81,0x63,0x79,0x83,0x81,
  0xa3,0x81,0xa4,0x81,0x81,0xc4,0x81,0x00,0xa4,0x81,0x81,0xa4,0x79,0x00,0x83,0x79,
  0x82,0x63,0x79,0x01,0x42,0x79,0x42,0x71,0x83,0x22,0x71,0x01,0x02,0x71,0x02,0x69,
  0xad,0x01,0x69,0xaf,0x01,0x69,0x01,0x02,0x69,0x02,0x71,0x82,0x22,0x71,0x81,0x42,
  0x71,0x00,0x62,0x71,0x81,0x63,0x79,0x83,0x83,0x79,0x01,0xa3,0x81,0xc4,0x81,0x81,
  0xe4,0x81,0x00,0x04,0x82,0x81,0x05,0x82,0x82,0x25,0x8a,0x81,0x05,0x8a,0x01,0x46,
  0x8a,0x66,0x8a,0x81,0x66,0x92,0x82,0x86,0x92,0x01,0x66,0x92,0x45,0x92,0x82,0x66,
  0x92,0x04,0x86,0x92,0x46,0x92,0x05,0x92,0x26,0x92,0x67,0x9a,0x81,0xa7,0x9a,0x00,
  0x87,0x9a,0x81,0x66,0x9a,0x01,0x45,0x92,0x05,0x92,0x81,0x26,0x92,0x0d,0x87,0x92,
  0xc7,0x9a,0xa7,0x92,0x87,0x92,0xc7,0x92,0x87,0x92,0x66,0x92,0x87,0x92,0xa7,0x92,
  0x66,0x92,0x86,0x92,0x87,0x92,0x46,0x92,0x25,0x92,0x81,0x66,0x92,0x81,0x86,0x92,
  0x04,0x66,0x92,0x66,0x8a,0x45,0x8a,0x25,0x8a,0x46,0x8a,0x82,0x25,0x8a,0x81,0x05,
  0x8a,0x00,0xc4,0x81,0x82,0x83,0x81,0x01,0x83,0x79,0x63,0x79,0x82,0x83,0x79,0x01,
  0xa3,0x79,0xa4,0x79,0x82,0x83,0x79,0x81,0x63,0x79,0x82,0x42,0x71,0x81,0x22,0x71,
  0x82,0x02,0x71,0x00,0x02,0x69,0xae,0x01,0x69,0xb1,0x01,0x69,0x81,0x02,0x71,0x82,
  0x22,0x71,0x82,0x42,0x71,0x81,0x42,0x79,0x03,0x62,0x79,0x83,0x79,0xa3,0x79,0xa4,
  0x79,0x81,0xc4,0x81,0x82,0xe4,0x81,0x00,0x04,0x82,0x81,0x05,0x82,0x82,0x05,0x8a,
  0x00,0x25,0x8a,0x82,0x46,0x8a,0x81,0x66,0x8a,0x06,0x46,0x92,0x45,0x92,0x65,0x92,
  0x25,0x92,0x45,0x92,0x66,0x92,0x45,0x92,0x81,0x25,0x92,0x03,0x26,0x92,0x46,0x92,
  0x86,0x92,0x66,0x92,0x81,0x46,0x92,0x06,0x25,0x92,0xe5,0x89,0x25,0x92,0x05,0x8a,
  0x46,0x92,0x87,0x92,0x86,0x92,0x82,0x66,0x92,0x09,0x86,0x92,0x87,0x92,0xa7,0x92,
  0x66,0x92,0x46,0x92,0x86,0x92,0x46,0x92,0xe4,0x89,0x05,0x8a,0x46,0x8a,0x81,0x66,
  0x8a,0x81,0x46,0x8a,0x01,0x25,0x8a,0x05,0x8a,0x81,0x25,0x8a,0x82,0x05,0x82,0x01,
  0xe4,0x81,0xa4,0x81,0x83,0x63,0x79,0x00,0x43,0x79,0x83,0x63,0x79,0x00,0x83,0x79,
  0x83,0x63,0x79,0x01,0x43,0x79,0x42,0x71,0x82,0x22,0x71,0x00,0x02,0x71,0x81,0x02,
  0x69,0xb0,0x01,0x69,0xb3,0x01,0x69,0x01,0x02,0x69,0x02,0x71,0x84,0x22,0x71,0x00,
  0x42,0x71,0x81,0x63,0x79,0x81,0x83,0x79,0x81,0xa3,0x79,0x00,0xa4,0x79,0x81,0xc4,
  0x81,0x85,0xe4,0x81,0x00,0x05,0x8a,0x84,0x25,0x8a,0x04,0x46,0x8a,0x66,0x8a,0x46,
  0x8a,0x25,0x8a,0x05,0x8a,0x81,0x25,0x8a,0x00,0x45,0x92,0x81,0x46,0x92,0x81,0x25,
  0x92,0x04,0x66,0x92,0x46,0x92,0x25,0x92,0x05,0x8a,0xc4,0x89,0x82,0x05,0x8a,0x01,
  0x66,0x92,0x46,0x92,0x81,0x45,0x92,0x02,0x46,0x92,0x66,0x92,0x66,0x8a,0x81,0x46,
  0x8a,0x05,0x25,0x8a,0x45,0x92,0x04,0x8a,0xe4,0x89,0x05,0x8a,0x25,0x8a,0x81,0x46,
  0x8a,0x04,0x45,0x8a,0x25,0x8a,0x05,0x8a,0xe4,0x81,0xe5,0x81,0x81,0x05,0x82,0x81,
  0xe4,0x81,0x01,0xc4,0x81,0x83,0x79,0x83,0x63,0x79,0x01,0x43,0x79,0x42,0x79,0x84,
  0x63,0x79,0x01,0x43,0x79,0x43,0x71,0x81,0x42,0x71,0x81,0x22,0x71,0x81,0x02,0x71,
  0x00,0x02,0x69,0xb2,0x01,0x69,0xb5,0x01,0x69,0x00,0x02,0x69,0x81,0x02,0x71,0x81,
  0x22,0x71,0x81,0x42,0x71,0x00,0x62,0x79,0x81,0x63,0x79,0x81,0x83,0x79,0x81,0xa3,
  0x79,0x01,0xa4,0x79,0xc4,0x79,0x83,0xc4,0x81,0x82,0xe4,0x81,0x82,0x05,0x82,0x00,
  0x05,0x8a,0x83,0x25,0x8a,0x83,0x05,0x8a,0x02,0x25,0x8a,0x05,0x8a,0x25,0x8a,0x81,
  0x05,0x8a,0x81,0x25,0x8a,0x03,0x05,0x8a,0xc4,0x81,0xe5,0x89,0x05,0x8a,0x81,0xe4,
  0x89,0x01,0x05,0x8a,0x25,0x8a,0x81,0x46,0x8a,0x07,0x25,0x8a,0x45,0x8a,0x05,0x8a,
  0xe4,0x81,0xc4,0x81,0xe4,0x89,0xe4,0x81,0x04,0x82,0x81,0x05,0x8a,0x00,0x25,0x8a,
  0x81,0x25,0x82,0x01,0x05,0x82,0xe4,0x81,0x81,0xc4,0x81,0x81,0xe4,0x81,0x81,0xc4,
  0x81,0x01,0xa4,0x79,0x83,0x79,0x81,0x63,0x79,0x81,0x42,0x79,0x02,0x42,0x71,0x22,
  0x71,0x42,0x71,0x81,0x42,0x79,0x83,0x42,0x71,0x82,0x22,0x71,0x00,0x02,0x71,0xb5,
  0x01,0x69,0xb7,0x01,0x69,0x01,0x02,0x69,0x02,0x71,0x82,0x22,0x71,0x81,0x42,0x71,
  0x00,0x63,0x71,0x82,0x63,0x79,0x81,0x83,0x79,0x83,0xa3,0x79,0x82,0xc4,0x81,0x83,
  0xe4,0x81,0x81,0x04,0x82,0x81,0x05,0x82,0x00,0x05,0x8a,0x81,0xe4,0x89,0x01,0xe4,
  0x81,0xe5,0x89,0x84,0x05,0x8a,0x00,0xe5,0x89,0x81,0x05,0x8a,0x07,0xc4,0x81,0xa4,
  0x81,0xe5,0x89,0xe4,0x89,0xa3,0x81,0xc4,0x81,0xe4,0x89,0x05,0x8a,0x81,0xe4,0x89,
  0x00,0xc4,0x81,0x81,0xa3,0x81,0x81,0xc4,0x81,0x83,0xe4,0x81,0x81,0x05,0x82,0x01,
  0xe5,0x81,0xe4,0x81,0x81,0xc4,0x81,0x00,0xa4,0x81,0x81,0xc4,0x81,0x01,0xa4,0x79,
  0xa3,0x79,0x81,0x83,0x79,0x00,0x63,0x79,0x81,0x42,0x79,0x81,0x42,0x71,0x81,0x22,
  0x71,0x81,0x42,0x71,0x83,0x22,0x71,0x81,0x02,0x71,0x00,0x02,0x69,0xb6,0x01,0x69,
  0xb9,0x01,0x69,0x01,0x02,0x69,0x02,0x71,0x82,0x22,0x71,0x82,0x42,0x71,0x00,0x63,
  0x71,0x82,0x63,0x79,0x00,0x83,0x79,0x81,0x63,0x79,0x01,0x83,0x79,0xa3,0x79,0x81,
  0xa4,0x79,0x82,0xc4,0x81,0x85,0xe4,0x81,0x82,0xc4,0x81,0x84,0xe4,0x81,0x82,0xc4,
  0x81,0x81,0xa4,0x81,0x81,0xc4,0x81,0x00,0xa3,0x81,0x81,0x83,0x81,0x82,0xa3,0x81,
  0x00,0xc4,0x81,0x82,0xe4,0x81,0x00,0xc4,0x81,0x81,0xa4,0x81,0x81,0xc4,0x81,0x81,
  0xe4,0x81,0x82,0xc4,0x81,0x00,0xa3,0x79,0x81,0x83,0x79,0x01,0xa4,0x79,0x83,0x79,
  0x83,0x63,0x79,0x82,0x42,0x71,0x85,0x22,0x71,0x81,0x02,0x71,0x82,0x02,0x69,0xb7,
  0x01,0x69,0xbb,0x01,0x69,0x01,0x02,0x69,0x02,0x71,0x82,0x22,0x71,0x82,0x42,0x71,
  0x00,0x62,0x71,0x84,0x63,0x79,0x82,0x83,0x79,0x81,0xa3,0x79,0x81,0xa4,0x79,0x81,
  0xc4,0x79,0x82,0xc4,0x81,0x82,0xa4,0x81,0x84,0xc4,0x81,0x82,0xa4,0x81,0x00,0xa3,
  0x81,0x81,0x83,0x81,0x04,0xa3,0x81,0x83,0x81,0x63,0x81,0xa3,0x81,0xa4,0x81,0x81,
  0xc4,0x81,0x00,0xe4,0x81,0x82,0xc4,0x81,0x04,0xa4,0x81,0xa3,0x79,0x83,0x79,0xa4,
  0x81,0xa4,0x79,0x81,0xa4,0x81,0x00,0xa4,0x79,0x81,0xa3,0x79,0x00,0x83,0x79,0x82,
  0x63,0x79,0x03,0x83,0x79,0x63,0x79,0x42,0x79,0x43,0x79,0x81,0x42,0x71,0x84,0x22,
  0x71,0x82,0x02,0x71,0x00,0x02,0x69,0xbb,0x01,0x69,0xbd,0x01,0x69,0x81,0x02,0x69,
  0x00,0x02,0x71,0x82,0x22,0x71,0x84,0x42,0x71,0x00,0x42,0x79,0x82,0x63,0x79,0x84,
  0x83,0x79,0x83,0xa3,0x79,0x81,0x83,0x79,0x00,0x83,0x81,0x85,0xa4,0x81,0x02,0x83,
  0x81,0x83,0x79,0x83,0x81,0x81,0x63,0x79,0x05,0x83,0x79,0x63,0x79,0x62,0x79,0x63,
  0x79,0x83,0x81,0xa3,0x81,0x81,0xa4,0x81,0x81,0xa3,0x81,0x81,0xa3,0x79,0x87,0x83,
  0x79,0x82,0x63,0x79,0x00,0x42,0x79,0x81,0x63,0x79,0x82,0x42,0x71,0x84,0x22,0x71,
  0x81,0x02,0x71,0x81,0x02,0x69,0xbd,0x01,0x69,0xbf,0x01,0x69,0x81,0x02,0x69,0x81,
  0x02,0x71,0x83,0x22,0x71,0x82,0x42,0x71,0x01,0x43,0x71,0x63,0x71,0x86,0x63,0x79,
  0x82,0x83,0x79,0x81,0x63,0x79,0x82,0x83,0x79,0x81,0xa3,0x79,0x81,0x83,0x79,0x87,
  0x63,0x79,0x87,0x83,0x79,0x81,0x63,0x79,0x81,0x83,0x79,0x83,0x63,0x79,0x81,0x42,
  0x79,0x82,0x42,0x71,0x85,0x22,0x71,0x82,0x02,0x71,0x00,0x02,0x69,0xc0,0x01,0x69,
  0xc2,0x01,0x69,0x82,0x02,0x69,0x00,0x02,0x71,0x84,0x22,0x71,0x83,0x42,0x71,0x81,
  0x63,0x71,0x84,0x63,0x79,0x02,0x42,0x79,0x62,0x79,0x63,0x79,0x82,0x83,0x79,0x86,
  0x63,0x79,0x00,0x43,0x79,0x81,0x63,0x79,0x00,0x62,0x79,0x8a,0x63,0x79,0x82,0x42,
  0x79,0x83,0x42,0x71,0x86,0x22,0x71,0x00,0x02,0x71,0x81,0x02,0x69,0xc3,0x01,0x69,
};

static const uint16_t human_sclera_offsets[] = {
  0x0000,0x003b,0x007a,0x00ce,0x0119,0x0183,0x01f0,0x0260,0x02d9,0x035d,0x03ef,0x0491,
  0x053e,0x05fa,0x06c0,0x0793,0x0873,0x0957,0x0a38,0x0b26,0x0c12,0x0d04,0x0e0b,0x0f0e,
  0x1010,0x111d,0x122d,0x1339,0x1457,0x157b,0x16a6,0x17d6,0x190f,0x1a4a,0x1b78,0x1cac,
  0x1df0,0x1f30,0x207d,0x21c9,0x231b,0x246f,0x25c0,0x271c,0x287a,0x29db,0x2b3c,0x2ca1,
  0x2e07,0x2f6a,0x30d0,0x323f,0x33ae,0x351f,0x3693,0x3807,0x3978,0x3ae8,0x3c68,0x3de6,
  0x3f5b,0x40e2,0x4263,0x43c5,0x4522,0x466f,0x47b8,0x48fa,0x4a31,0x4b6d,0x4c9e,0x4dc4,
  0x4ee8,0x500b,0x512b,0x5243,0x5359,0x546b,0x5581,0x568b,0x579a,0x58a3,0x59b0,0x5ab1,
  0x5bb7,0x5cbc,0x5db6,0x5eb3,0x5fae,0x60a7,0x61a6,0x6298,0x6395,0x648c,0x6586,0x667d,
  0x6773,0x6869,0x6963,0x6a5e,0x6b53,0x6c4e,0x6d42,0x6e3a,0x6f32,0x702f,0x7127,0x7218,
  0x7311,0x7410,0x750f,0x760d,0x7708,0x7808,0x790d,0x7a12,0x7b13,0x7c18,0x7d1f,0x7e25,
  0x7f30,0x803f,0x814c,0x825c,0x836c,0x8481,0x859a,0x86bd,0x87df,0x8906,0x8a2f,0x8b61,
  0x8c95,0x8dd4,0x8f11,0x9054,0x919f,0x92f9,0x9458,0x95d1,0x974e,0x98cb,0x9a48,0x9bc0,
  0x9d38,0x9eaf,0xa023,0xa193,0xa2f0,0xa461,0xa5cd,0xa737,0xa890,0xa9ef,0xab53,0xacb5,
  0xae0e,0xaf71,0xb0cd,0xb224,0xb37b,0xb4cf,0xb620,0xb772,0xb8bc,0xb9fd,0xbb3f,0xbc80,
  0xbdbb,0xbef6,0xc027,0xc14f,0xc277,0xc3a0,0xc4b8,0xc5df,0xc6f9,0xc815,0xc928,0xca2c,
  0xcb1d,0xcc1e,0xcd0e,0xce09,0xcefa,0xcfe1,0xd0cd,0xd1a5,0xd281,0xd34d,0xd413,0xd4c9,
  0xd574,0xd616,0xd6b2,0xd740,0xd7b2,0xd82a,0xd889,0xd8d0,0xd910,
};

static const PackedRows human_sclera = {human_sclera_data, human_sclera_offsets, 200, 200, 2};

static const uint8_t upper_lid_data[] = {
  0xff,0x00,0xff,0x00,0xff,0x00,0xb4,0x00,0x01,0x01,0x01,0x83,0x02,0x89,0x03,0x83,
  0x02,0x01,0x01,0x01,0xb4,0x00,0xaf,0x00,0x04,0x01,0x02,0x02,0x03,0x03,0x82,0x04,
  0x84,0x05,0x85,0x06,0x84,0x05,0x82,0x04,0x04,0x03,0x03,0x02,0x02,0x01,0xaf,0x00,
  0xab,0x00,0x09,0x01,0x02,0x02,0x03,0x04,0x04,0x05,0x05,0x06,0x06,0x82,0x07,0x8d,
  0x08,0x82,0x07,0x09,0x06,0x06,0x05,0x05,0x04,0x04,0x03,0x02,0x02,0x01,0xab,0x00,
  0xa8,0x00,0x0c,0x01,0x02,0x03,0x04,0x04,0x05,0x06,0x07,0x07,0x08,0x08,0x09,0x09,
  0x83,0x0a,0x8b,0x0b,0x83,0x0a,0x0c,0x09,0x09,0x08,0x08,0x07,0x07,0x06,0x05,0x04,
  0x04,0x03,0x02,0x01,0xa8,0x00,0xa5,0x00,0x0d,0x01,0x02,0x03,0x04,0x05,0x06,0x07,
  0x07,0x08,0x09,0x09,0x0a,0x0b,0x0b,0x82,0x0c,0x83,0x0d,0x89,0x0e,0x83,0x0d,0x82,
  0x0c,0x0d,0x0b,0x0b,0x0a,0x09,0x09,0x08,0x07,0x07,0x06,0x05,0x04,0x03,0x02,0x01,
  0xa5,0x00,0xa3,0x00,0x10,0x01,0x02,0x04,0x05,0x06,0x07,0x08,0x09,0x09,0x0a,0x0b,
  0x0c,0x0c,0x0d,0x0d,0x0e,0x0e,0x82,0x0f,0x83,0x10,0x87,0x11,0x83,0x10,0x82,0x0f,
  0x10,0x0e,0x0e,0x0d,0x0d,0x0c,0x0c,0x0b,0x0a,0x09,0x09,0x08,0x07,0x06,0x05,0x04,
  0x02,0x01,0xa3,0x00,0xa1,0x00,0x12,0x01,0x03,0x04,0x05,0x07,0x08,0x09,0x0a,0x0b,
  0x0c,0x0c,0x0d,0x0e,0x0f,0x0f,0x10,0x10,0x11,0x11,0x82,0x12,0x86,0x13,0x01,0x14,
  0x14,0x86,0x13,0x82,0x12,0x12,0x11,0x11,0x10,0x10,0x0f,0x0f,0x0e,0x0d,0x0c,0x0c,
  0x0b,0x0a,0x09,0x08,0x07,0x05,0x04,0x03,0x01,0xa1,0x00,0x9f,0x00,0x12,0x01,0x03,
  0x04,0x06,0x07,0x08,0x0a,0x0b,0x0c,0x0d,0x0e,0x0e,0x0f,0x10,0x11,0x11,0x12,0x13,
  0x13,0x82,0x14,0x82,0x15,0x8d,0x16,0x82,0x15,0x82,0x14,0x12,0x13,0x13,0x12,0x11,
  0x11,0x10,0x0f,0x0e,0x0e,0x0d,0x0c,0x0b,0x0a,0x08,0x07,0x06,0x04,0x03,0x01,0x9f,
  0x00,0x9d,0x00,0x17,0x01,0x03,0x04,0x06,0x07,0x09,0x0a,0x0b,0x0d,0x0e,0x0f,0x10,
  0x11,0x11,0x12,0x13,0x14,0x14,0x15,0x15,0x16,0x16,0x17,0x17,0x83,0x18,0x8b,0x19,
  0x83,0x18,0x17,0x17,0x17,0x16,0x16,0x15,0x15,0x14,0x14,0x13,0x12,0x11,0x11,0x10,
  0x0f,0x0e,0x0d,0x0b,0x0a,0x09,0x07,0x06,0x04,0x03,0x01,0x9d,0x00,0x9c,0x00,0x16,
  0x02,0x04,0x06,0x08,0x09,0x0b,0x0c,0x0d,0x0e,0x10,0x11,0x12,0x13,0x13,0x14,0x15,
  0x16,0x16,0x17,0x18,0x18,0x19,0x19,0x82,0x1a,0x83,0x1b,0x89,0x1c,0x83,0x1b,0x82,
  0x1a,0x16,0x19,0x19,0x18,0x18,0x17,0x16,0x16,0x15,0x14,0x13,0x13,0x12,0x11,0x10,
  0x0e,0x0d,0x0c,0x0b,0x09,0x08,0x06,0x04,0x02,0x9c,0x00,0x9a,0x00,0x16,0x02,0x04,
  0x06,0x07,0x09,0x0b,0x0c,0x0e,0x0f,0x10,0x11,0x13,0x14,0x15,0x16,0x16,0x17,0x18,
  0x19,0x19,0x1a,0x1b,0x1b,0x82,0x1c,0x82,0x1d,0x85,0x1e,0x83,0x1f,0x85,0x1e,0x82,
  0x1d,0x82,0x1c,0x16,0x1b,0x1b,0x1a,0x19,0x19,0x18,0x17,0x16,0x16,0x15,0x14,0x13,
  0x11,0x10,0x0f,0x0e,0x0c,0x0b,0x09,0x07,0x06,0x04,0x02,0x9a,0x00,0x99,0x00,0x1a,
  0x03,0x05,0x07,0x09,0x0b,0x0c,0x0e,0x0f,0x11,0x12,0x13,0x14,0x16,0x17,0x18,0x19,
  0x19,0x1a,0x1b,0x1c,0x1c,0x1d,0x1d,0x1e,0x1e,0x1f,0x1f,0x83,0x20,0x8d,0x21,0x83,
  0x20,0x1a,0x1f,0x1f,0x1e,0x1e,0x1d,0x1d,0x1c,0x1c,0x1b,0x1a,0x19,0x19,0x18,0x17,
  0x16,0x14,0x13,0x12,0x11,0x0f,0x0e,0x0c,0x0b,0x09,0x07,0x05,0x03,0x99,0x00,0x97,
  0x00,0x1a,0x01,0x04,0x06,0x08,0x0a,0x0c,0x0e,0x0f,0x11,0x13,0x14,0x15,0x16,0x17,
  0x19,0x1a,0x1b,0x1b,0x1c,0x1d,0x1e,0x1e,0x1f,0x20,0x20,0x21,0x21,0x82,0x22,0x82,
  0x23,0x8d,0x24,0x82,0x23,0x82,0x22,0x1a,0x21,0x21,0x20,0x20,0x1f,0x1e,0x1e,0x1d,
  0x1c,0x1b,0x1b,0x1a,0x19,0x17,0x16,0x15,0x14,0x13,0x11,0x0f,0x0e,0x0c,0x0a,0x08,
  0x06,0x04,0x01,0x97,0x00,0x96,0x00,0x19,0x02,0x05,0x07,0x09,0x0c,0x0e,0x0f,0x11,
  0x13,0x14,0x16,0x17,0x18,0x19,0x1b,0x1c,0x1d,0x1d,0x1e,0x1f,0x20,0x21,0x21,0x22,
  0x23,0x23,0x82,0x24,0x01,0x25,0x25,0x84,0x26,0x89,0x27,0x84,0x26,0x01,0x25,0x25,
  0x82,0x24,0x19,0x23,0x23,0x22,0x21,0x21,0x20,0x1f,0x1e,0x1d,0x1d,0x1c,0x1b,0x19,
  0x18,0x17,0x16,0x14,0x13,0x11,0x0f,0x0e,0x0c,0x09,0x07,0x05,0x02,0x96,0x00,0x95,
  0x00,0x1d,0x03,0x06,0x08,0x0b,0x0d,0x0f,0x11,0x13,0x14,0x16,0x17,0x19,0x1a,0x1b,
  0x1c,0x1e,0x1f,0x20,0x20,0x21,0x22,0x23,0x24,0x24,0x25,0x25,0x26,0x26,0x27,0x27,
  0x82,0x28,0x85,0x29,0x85,0x2a,0x85,0x29,0x82,0x28,0x1d,0x27,0x27,0x26,0x26,0x25,
  0x25,0x24,0x24,0x23,0x22,0x21,0x20,0x20,0x1f,0x1e,0x1c,0x1b,0x1a,0x19,0x17,0x16,
  0x14,0x13,0x11,0x0f,0x0d,0x0b,0x08,0x06,0x03,0x95,0x00,0x93,0x00,0x1d,0x01,0x04,
  0x07,0x09,0x0c,0x0e,0x10,0x12,0x14,0x16,0x18,0x19,0x1b,0x1c,0x1d,0x1e,0x20,0x21,
  0x22,0x23,0x23,0x24,0x25,0x26,0x26,0x27,0x28,0x28,0x29,0x29,0x82,0x2a,0x82,0x2b,
  0x8f,0x2c,0x82,0x2b,0x82,0x2a,0x1d,0x29,0x29,0x28,0x28,0x27,0x26,0x26,0x25,0x24,
  0x23,0x23,0x22,0x21,0x20,0x1e,0x1d,0x1c,0x1b,0x19,0x18,0x16,0x14,0x12,0x10,0x0e,
  0x0c,0x09,0x07,0x04,0x01,0x93,0x00,0x92,0x00,0x1e,0x01,0x05,0x08,0x0a,0x0d,0x0f,
  0x12,0x14,0x16,0x17,0x19,0x1b,0x1c,0x1e,0x1f,0x20,0x21,0x23,0x24,0x25,0x26,0x26,
  0x27,0x28,0x29,0x29,0x2a,0x2b,0x2b,0x2c,0x2c,0x82,0x2d,0x83,0x2e,0x8d,0x2f,0x83,
  0x2e,0x82,0x2d,0x1e,0x2c,0x2c,0x2b,0x2b,0x2a,0x29,0x29,0x28,0x27,0x26,0x26,0x25,
  0x24,0x23,0x21,0x20,0x1f,0x1e,0x1c,0x1b,0x19,0x17,0x16,0x14,0x12,0x0f,0x0d,0x0a,
  0x08,0x05,0x01,0x92,0x00,0x91,0x00,0x20,0x02,0x05,0x08,0x0b,0x0e,0x10,0x13,0x15,
  0x17,0x19,0x1b,0x1c,0x1e,0x1f,0x21,0x22,0x23,0x25,0x26,0x27,0x28,0x29,0x29,0x2a,
  0x2b,0x2c,0x2c,0x2d,0x2d,0x2e,0x2e,0x2f,0x2f,0x82,0x30,0x83,0x31,0x8b,0x32,0x83,
  0x31,0x82,0x30,0x20,0x2f,0x2f,0x2e,0x2e,0x2d,0x2d,0x2c,0x2c,0x2b,0x2a,0x29,0x29,
  0x28,0x27,0x26,0x25,0x23,0x22,0x21,0x1f,0x1e,0x1c,0x1b,0x19,0x17,0x15,0x13,0x10,
  0x0e,0x0b,0x08,0x05,0x02,0x91,0x00,0x90,0x00,0x21,0x02,0x05,0x09,0x0c,0x0f,0x12,
  0x14,0x16,0x18,0x1a,0x1c,0x1e,0x20,0x21,0x23,0x24,0x25,0x26,0x28,0x29,0x2a,0x2b,
  0x2b,0x2c,0x2d,0x2e,0x2f,0x2f,0x30,0x30,0x31,0x31,0x32,0x32,0x82,0x33,0x85,0x34,
  0x87,0x35,0x85,0x34,0x82,0x33,0x21,0x32,0x32,0x31,0x31,0x30,0x30,0x2f,0x2f,0x2e,
  0x2d,0x2c,0x2b,0x2b,0x2a,0x29,0x28,0x26,0x25,0x24,0x23,0x21,0x20,0x1e,0x1c,0x1a,
  0x18,0x16,0x14,0x12,0x0f,0x0c,0x09,0x05,0x02,0x90,0x00,0x8f,0x00,0x20,0x02,0x06,
  0x09,0x0d,0x10,0x13,0x15,0x18,0x1a,0x1c,0x1e,0x20,0x21,0x23,0x24,0x26,0x27,0x28,
  0x2a,0x2b,0x2c,0x2d,0x2e,0x2e,0x2f,0x30,0x31,0x31,0x32,0x33,0x33,0x34,0x34,0x82,
  0x35,0x82,0x36,0x91,0x37,0x82,0x36,0x82,0x35,0x20,0x34,0x34,0x33,0x33,0x32,0x31,
  0x31,0x30,0x2f,0x2e,0x2e,0x2d,0x2c,0x2b,0x2a,0x28,0x27,0x26,0x24,0x23,0x21,0x20,
  0x1e,0x1c,0x1a,0x18,0x15,0x13,0x10,0x0d,0x09,0x06,0x02,0x8f,0x00,0x8e,0x00,0x1f,
  0x01,0x06,0x0a,0x0d,0x10,0x13,0x16,0x19,0x1b,0x1d,0x1f,0x21,0x23,0x25,0x26,0x28,
  0x29,0x2a,0x2c,0x2d,0x2e,0x2f,0x30,0x31,0x31,0x32,0x33,0x34,0x34,0x35,0x36,0x36,
  0x82,0x37,0x01,0x38,0x38,0x83,0x39,0x8f,0x3a,0x83,0x39,0x01,0x38,0x38,0x82,0x37,
  0x1f,0x36,0x36,0x35,0x34,0x34,0x33,0x32,0x31,0x31,0x30,0x2f,0x2e,0x2d,0x2c,0x2a,
  0x29,0x28,0x26,0x25,0x23,0x21,0x1f,0x1d,0x1b,0x19,0x16,0x13,0x10,0x0d,0x0a,0x06,
  0x01,0x8e,0x00,0x8d,0x00,0x23,0x01,0x05,0x0a,0x0e,0x11,0x14,0x17,0x1a,0x1c,0x1f,
  0x21,0x23,0x25,0x26,0x28,0x29,0x2b,0x2c,0x2d,0x2f,0x30,0x31,0x32,0x33,0x34,0x34,
  0x35,0x36,0x37,0x37,0x38,0x38,0x39,0x39,0x3a,0x3a,0x82,0x3b,0x83,0x3c,0x8d,0x3d,
  0x83,0x3c,0x82,0x3b,0x23,0x3a,0x3a,0x39,0x39,0x38,0x38,0x37,0x37,0x36,0x35,0x34,
  0x34,0x33,0x32,0x31,0x30,0x2f,0x2d,0x2c,0x2b,0x29,0x28,0x26,0x25,0x23,0x21,0x1f,
  0x1c,0x1a,0x17,0x14,0x11,0x0e,0x0a,0x05,0x01,0x8d,0x00,0x8d,0x00,0x23,0x05,0x0a,
  0x0e,0x12,0x15,0x18,0x1b,0x1d,0x20,0x22,0x24,0x26,0x28,0x2a,0x2b,0x2d,0x2e,0x2f,
  0x31,0x32,0x33,0x34,0x35,0x36,0x37,0x37,0x38,0x39,0x3a,0x3a,0x3b,0x3b,0x3c,0x3c,
  0x3d,0x3d,0x83,0x3e,0x84,0x3f,0x89,0x40,0x84,0x3f,0x83,0x3e,0x23,0x3d,0x3d,0x3c,
  0x3c,0x3b,0x3b,0x3a,0x3a,0x39,0x38,0x37,0x37,0x36,0x35,0x34,0x33,0x32,0x31,0x2f,
  0x2e,0x2d,0x2b,0x2a,0x28,0x26,0x24,0x22,0x20,0x1d,0x1b,0x18,0x15,0x12,0x0e,0x0a,
  0x05,0x8d,0x00,0x8c,0x00,0x22,0x04,0x09,0x0e,0x12,0x16,0x19,0x1c,0x1f,0x21,0x24,
  0x26,0x28,0x2a,0x2b,0x2d,0x2f,0x30,0x31,0x33,0x34,0x35,0x36,0x37,0x38,0x39,0x3a,
  0x3a,0x3b,0x3c,0x3c,0x3d,0x3e,0x3e,0x3f,0x3f,0x82,0x40,0x82,0x41,0x88,0x42,0x01,
  0x43,0x43,0x88,0x42,0x82,0x41,0x82,0x40,0x22,0x3f,0x3f,0x3e,0x3e,0x3d,0x3c,0x3c,
  0x3b,0x3a,0x3a,0x39,0x38,0x37,0x36,0x35,0x34,0x33,0x31,0x30,0x2f,0x2d,0x2b,0x2a,
  0x28,0x26,0x24,0x21,0x1f,0x1c,0x19,0x16,0x12,0x0e,0x09,0x04,0x8c,0x00,0x8b,0x00,
  0x21,0x04,0x09,0x0e,0x12,0x16,0x1a,0x1d,0x20,0x22,0x25,0x27,0x29,0x2b,0x2d,0x2f,
  0x30,0x32,0x33,0x35,0x36,0x37,0x38,0x39,0x3a,0x3b,0x3c,0x3d,0x3d,0x3e,0x3f,0x3f,
  0x40,0x41,0x41,0x82,0x42,0x82,0x43,0x83,0x44,0x8f,0x45,0x83,0x44,0x82,0x43,0x82,
  0x42,0x21,0x41,0x41,0x40,0x3f,0x3f,0x3e,0x3d,0x3d,0x3c,0x3b,0x3a,0x39,0x38,0x37,
  0x36,0x35,0x33,0x32,0x30,0x2f,0x2d,0x2b,0x29,0x27,0x25,0x22,0x20,0x1d,0x1a,0x16,
  0x12,0x0e,0x09,0x04,0x8b,0x00,0x8a,0x00,0x25,0x02,0x08,0x0d,0x12,0x16,0x1a,0x1d,
  0x21,0x23,0x26,0x28,0x2b,0x2d,0x2f,0x30,0x32,0x34,0x35,0x37,0x38,0x39,0x3a,0x3b,
  0x3c,0x3d,0x3e,0x3f,0x40,0x40,0x41,0x42,0x42,0x43,0x43,0x44,0x44,0x45,0x45,0x82,
  0x46,0x84,0x47,0x8d,0x48,0x84,0x47,0x82,0x46,0x25,0x45,0x45,0x44,0x44,0x43,0x43,
  0x42,0x42,0x41,0x40,0x40,0x3f,0x3e,0x3d,0x3c,0x3b,0x3a,0x39,0x38,0x37,0x35,0x34,
  0x32,0x30,0x2f,0x2d,0x2b,0x28,0x26,0x23,0x21,0x1d,0x1a,0x16,0x12,0x0d,0x08,0x02,
  0x8a,0x00,0x89,0x00,0x24,0x01,0x07,0x0d,0x12,0x16,0x1a,0x1e,0x21,0x25,0x27,0x2a,
  0x2c,0x2e,0x30,0x32,0x34,0x36,0x37,0x38,0x3a,0x3b,0x3c,0x3d,0x3e,0x3f,0x40,0x41,
  0x42,0x43,0x43,0x44,0x45,0x45,0x46,0x46,0x47,0x47,0x82,0x48,0x82,0x49,0x85,0x4a,
  0x89,0x4b,0x85,0x4a,0x82,0x49,0x82,0x48,0x24,0x47,0x47,0x46,0x46,0x45,0x45,0x44,
  0x43,0x43,0x42,0x41,0x40,0x3f,0x3e,0x3d,0x3c,0x3b,0x3a,0x38,0x37,0x36,0x34,0x32,
  0x30,0x2e,0x2c,0x2a,0x27,0x25,0x21,0x1e,0x1a,0x16,0x12,0x0d,0x07,0x01,0x89,0x00,
  0x89,0x00,0x22,0x05,0x0c,0x11,0x16,0x1b,0x1f,0x22,0x25,0x28,0x2b,0x2e,0x30,0x32,
  0x34,0x36,0x37,0x39,0x3a,0x3c,0x3d,0x3e,0x3f,0x40,0x41,0x42,0x43,0x44,0x45,0x46,
  0x46,0x47,0x48,0x48,0x49,0x49,0x82,0x4a,0x01,0x4b,0x4b,0x83,0x4c,0x87,0x4d,0x83,
  0x4e,0x87,0x4d,0x83,0x4c,0x01,0x4b,0x4b,0x82,0x4a,0x22,0x49,0x49,0x48,0x48,0x47,
  0x46,0x46,0x45,0x44,0x43,0x42,0x41,0x40,0x3f,0x3e,0x3d,0x3c,0x3a,0x39,0x37,0x36,
  0x34,0x32,0x30,0x2e,0x2b,0x28,0x25,0x22,0x1f,0x1b,0x16,0x11,0x0c,0x05,0x89,0x00,
  0x88,0x00,0x23,0x03,0x0a,0x10,0x16,0x1b,0x1f,0x23,0x26,0x29,0x2c,0x2f,0x31,0x33,
  0x36,0x37,0x39,0x3b,0x3c,0x3e,0x3f,0x40,0x42,0x43,0x44,0x45,0x46,0x46,0x47,0x48,
  0x49,0x49,0x4a,0x4a,0x4b,0x4c,0x4c,0x82,0x4d,0x82,0x4e,0x83,0x4f,0x91,0x50,0x83,
  0x4f,0x82,0x4e,0x82,0x4d,0x23,0x4c,0x4c,0x4b,0x4a,0x4a,0x49,0x49,0x48,0x47,0x46,
  0x46,0x45,0x44,0x43,0x42,0x40,0x3f,0x3e,0x3c,0x3b,0x39,0x37,0x36,0x33,0x31,0x2f,
  0x2c,0x29,0x26,0x23,0x1f,0x1b,0x16,0x10,0x0a,0x03,0x88,0x00,0x87,0x00,0x22,0x01,
  0x08,0x0f,0x15,0x1a,0x1f,0x23,0x27,0x2a,0x2d,0x30,0x33,0x35,0x37,0x39,0x3b,0x3d,
  0x3e,0x40,0x41,0x42,0x44,0x45,0x46,0x47,0x48,0x49,0x49,0x4a,0x4b,0x4c,0x4c,0x4d,
  0x4d,0x4e,0x82,0x4f,0x01,0x50,0x50,0x82,0x51,0x84,0x52,0x8f,0x53,0x84,0x52,0x82,
  0x51,0x01,0x50,0x50,0x82,0x4f,0x22,0x4e,0x4d,0x4d,0x4c,0x4c,0x4b,0x4a,0x49,0x49,
  0x48,0x47,0x46,0x45,0x44,0x42,0x41,0x40,0x3e,0x3d,0x3b,0x39,0x37,0x35,0x33,0x30,
  0x2d,0x2a,0x27,0x23,0x1f,0x1a,0x15,0x0f,0x08,0x01,0x87,0x00,0x87,0x00,0x25,0x05,
  0x0d,0x14,0x1a,0x1f,0x24,0x28,0x2b,0x2e,0x31,0x34,0x36,0x39,0x3b,0x3d,0x3e,0x40,
  0x42,0x43,0x44,0x46,0x47,0x48,0x49,0x4a,0x4b,0x4c,0x4c,0x4d,0x4e,0x4f,0x4f,0x50,
  0x50,0x51,0x51,0x52,0x52,0x82,0x53,0x82,0x54,0x84,0x55,0x8d,0x56,0x84,0x55,0x82,
  0x54,0x82,0x53,0x25,0x52,0x52,0x51,0x51,0x50,0x50,0x4f,0x4f,0x4e,0x4d,0x4c,0x4c,
  0x4b,0x4a,0x49,0x48,0x47,0x46,0x44,0x43,0x42,0x40,0x3e,0x3d,0x3b,0x39,0x36,0x34,
  0x31,0x2e,0x2b,0x28,0x24,0x1f,0x1a,0x14,0x0d,0x05,0x87,0x00,0x86,0x00,0x26,0x02,
  0x0b,0x13,0x19,0x1f,0x24,0x28,0x2c,0x2f,0x33,0x35,0x38,0x3a,0x3c,0x3e,0x40,0x42,
  0x44,0x45,0x46,0x48,0x49,0x4a,0x4b,0x4c,0x4d,0x4e,0x4f,0x50,0x50,0x51,0x52,0x52,
  0x53,0x53,0x54,0x54,0x55,0x55,0x82,0x56,0x83,0x57,0x87,0x58,0x85,0x59,0x87,0x58,
  0x83,0x57,0x82,0x56,0x26,0x55,0x55,0x54,0x54,0x53,0x53,0x52,0x52,0x51,0x50,0x50,
  0x4f,0x4e,0x4d,0x4c,0x4b,0x4a,0x49,0x48,0x46,0x45,0x44,0x42,0x40,0x3e,0x3c,0x3a,
  0x38,0x35,0x33,0x2f,0x2c,0x28,0x24,0x1f,0x19,0x13,0x0b,0x02,0x86,0x00,0x86,0x00,
  0x24,0x08,0x10,0x18,0x1e,0x23,0x28,0x2c,0x30,0x34,0x37,0x39,0x3c,0x3e,0x40,0x42,
  0x44,0x46,0x47,0x49,0x4a,0x4b,0x4c,0x4d,0x4e,0x4f,0x50,0x51,0x52,0x53,0x53,0x54,
  0x55,0x55,0x56,0x56,0x57,0x57,0x82,0x58,0x82,0x59,0x83,0x5a,0x93,0x5b,0x83,0x5a,
  0x82,0x59,0x82,0x58,0x24,0x57,0x57,0x56,0x56,0x55,0x55,0x54,0x53,0x53,0x52,0x51,
  0x50,0x4f,0x4e,0x4d,0x4c,0x4b,0x4a,0x49,0x47,0x46,0x44,0x42,0x40,0x3e,0x3c,0x39,
  0x37,0x34,0x30,0x2c,0x28,0x23,0x1e,0x18,0x10,0x08,0x86,0x00,0x85,0x00,0x25,0x03,
  0x0d,0x16,0x1d,0x23,0x28,0x2d,0x31,0x35,0x38,0x3b,0x3d,0x40,0x42,0x44,0x46,0x48,
  0x49,0x4b,0x4c,0x4d,0x4e,0x50,0x51,0x52,0x52,0x53,0x54,0x55,0x56,0x56,0x57,0x58,
  0x58,0x59,0x59,0x5a,0x5a,0x82,0x5b,0x82,0x5c,0x84,0x5d,0x91,0x5e,0x84,0x5d,0x82,
  0x5c,0x82,0x5b,0x25,0x5a,0x5a,0x59,0x59,0x58,0x58,0x57,0x56,0x56,0x55,0x54,0x53,
  0x52,0x52,0x51,0x50,0x4e,0x4d,0x4c,0x4b,0x49,0x48,0x46,0x44,0x42,0x40,0x3d,0x3b,
  0x38,0x35,0x31,0x2d,0x28,0x23,0x1d,0x16,0x0d,0x03,0x85,0x00,0x85,0x00,0x25,0x09,
  0x13,0x1b,0x22,0x28,0x2d,0x31,0x35,0x39,0x3c,0x3f,0x41,0x44,0x46,0x48,0x49,0x4b,
  0x4d,0x4e,0x4f,0x51,0x52,0x53,0x54,0x55,0x56,0x57,0x57,0x58,0x59,0x59,0x5a,0x5b,
  0x5b,0x5c,0x5c,0x5d,0x5d,0x82,0x5e,0x83,0x5f,0x84,0x60,0x8f,0x61,0x84,0x60,0x83,
  0x5f,0x82,0x5e,0x25,0x5d,0x5d,0x5c,0x5c,0x5b,0x5b,0x5a,0x59,0x59,0x58,0x57,0x57,
  0x56,0x55,0x54,0x53,0x52,0x51,0x4f,0x4e,0x4d,0x4b,0x49,0x48,0x46,0x44,0x41,0x3f,
  0x3c,0x39,0x35,0x31,0x2d,0x28,0x22,0x1b,0x13,0x09,0x85,0x00,0x84,0x00,0x24,0x03,
  0x0f,0x19,0x21,0x27,0x2d,0x32,0x36,0x3a,0x3d,0x40,0x43,0x45,0x47,0x49,0x4b,0x4d,
  0x4f,0x50,0x51,0x53,0x54,0x55,0x56,0x57,0x58,0x59,0x5a,0x5b,0x5b,0x5c,0x5c,0x5d,
  0x5e,0x5e,0x5f,0x5f,0x82,0x60,0x82,0x61,0x83,0x62,0x86,0x63,0x89,0x64,0x86,0x63,
  0x83,0x62,0x82,0x61,0x82,0x60,0x24,0x5f,0x5f,0x5e,0x5e,0x5d,0x5c,0x5c,0x5b,0x5b,
  0x5a,0x59,0x58,0x57,0x56,0x55,0x54,0x53,0x51,0x50,0x4f,0x4d,0x4b,0x49,0x47,0x45,
  0x43,0x40,0x3d,0x3a,0x36,0x32,0x2d,0x27,0x21,0x19,0x0f,0x03,0x84,0x00,0x84,0x00,
  0x24,0x09,0x15,0x1f,0x26,0x2c,0x32,0x36,0x3b,0x3e,0x41,0x44,0x47,0x49,0x4b,0x4d,
  0x4f,0x51,0x52,0x54,0x55,0x56,0x57,0x59,0x59,0x5a,0x5b,0x5c,0x5d,0x5e,0x5e,0x5f,
  0x60,0x60,0x61,0x61,0x62,0x62,0x82,0x63,0x82,0x64,0x84,0x65,0x95,0x66,0x84,0x65,
  0x82,0x64,0x82,0x63,0x24,0x62,0x62,0x61,0x61,0x60,0x60,0x5f,0x5e,0x5e,0x5d,0x5c,
  0x5b,0x5a,0x59,0x59,0x57,0x56,0x55,0x54,0x52,0x51,0x4f,0x4d,0x4b,0x49,0x47,0x44,
  0x41,0x3e,0x3b,0x36,0x32,0x2c,0x26,0x1f,0x15,0x09,0x84,0x00,0x83,0x00,0x23,0x01,
  0x10,0x1b,0x24,0x2c,0x32,0x37,0x3b,0x3f,0x43,0x46,0x48,0x4b,0x4d,0x4f,0x51,0x53,
  0x54,0x56,0x57,0x58,0x5a,0x5b,0x5c,0x5d,0x5e,0x5e,0x5f,0x60,0x61,0x61,0x62,0x63,
  0x63,0x64,0x64,0x82,0x65,0x01,0x66,0x66,0x83,0x67,0x84,0x68,0x93,0x69,0x84,0x68,
  0x83,0x67,0x01,0x66,0x66,0x82,0x65,0x23,0x64,0x64,0x63,0x63,0x62,0x61,0x61,0x60,
  0x5f,0x5e,0x5e,0x5d,0x5c,0x5b,0x5a,0x58,0x57,0x56,0x54,0x53,0x51,0x4f,0x4d,0x4b,
  0x48,0x46,0x43,0x3f,0x3b,0x37,0x32,0x2c,0x24,0x1b,0x10,0x01,0x83,0x00,0x83,0x00,
  0x23,0x08,0x17,0x21,0x2a,0x31,0x37,0x3c,0x40,0x44,0x47,0x4a,0x4d,0x4f,0x51,0x53,
  0x55,0x57,0x58,0x59,0x5b,0x5c,0x5d,0x5e,0x5f,0x60,0x61,0x62,0x62,0x63,0x64,0x65,
  0x65,0x66,0x66,0x67,0x67,0x82,0x68,0x82,0x69,0x83,0x6a,0x84,0x6b,0x91,0x6c,0x84,
  0x6b,0x83,0x6a,0x82,0x69,0x82,0x68,0x23,0x67,0x67,0x66,0x66,0x65,0x65,0x64,0x63,
  0x62,0x62,0x61,0x60,0x5f,0x5e,0x5d,0x5c,0x5b,0x59,0x58,0x57,0x55,0x53,0x51,0x4f,
  0x4d,0x4a,0x47,0x44,0x40,0x3c,0x37,0x31,0x2a,0x21,0x17,0x08,0x83,0x00,0x82,0x00,
  0x24,0x01,0x10,0x1d,0x28,0x30,0x36,0x3c,0x41,0x45,0x48,0x4b,0x4e,0x51,0x53,0x55,
  0x57,0x59,0x5a,0x5c,0x5d,0x5e,0x5f,0x60,0x62,0x63,0x63,0x64,0x65,0x66,0x66,0x67,
  0x68,0x68,0x69,0x69,0x6a,0x6a,0x82,0x6b,0x82,0x6c,0x83,0x6d,0x86,0x6e,0x8d,0x6f,
  0x86,0x6e,0x83,0x6d,0x82,0x6c,0x82,0x6b,0x24,0x6a,0x6a,0x69,0x69,0x68,0x68,0x67,
  0x66,0x66,0x65,0x64,0x63,0x63,0x62,0x60,0x5f,0x5e,0x5d,0x5c,0x5a,0x59,0x57,0x55,
  0x53,0x51,0x4e,0x4b,0x48,0x45,0x41,0x3c,0x36,0x30,0x28,0x1d,0x10,0x01,0x82,0x00,
  0x82,0x00,0x24,0x05,0x17,0x24,0x2e,0x36,0x3c,0x41,0x46,0x49,0x4d,0x50,0x53,0x55,
  0x57,0x59,0x5b,0x5c,0x5e,0x5f,0x61,0x62,0x63,0x64,0x65,0x66,0x67,0x67,0x68,0x69,
  0x6a,0x6a,0x6b,0x6b,0x6c,0x6c,0x6d,0x6d,0x82,0x6e,0x83,0x6f,0x83,0x70,0x8a,0x71,
  0x83,0x72,0x8a,0x71,0x83,0x70,0x83,0x6f,0x82,0x6e,0x24,0x6d,0x6d,0x6c,0x6c,0x6b,
  0x6b,0x6a,0x6a,0x69,0x68,0x67,0x67,0x66,0x65,0x64,0x63,0x62,0x61,0x5f,0x5e,0x5c,
  0x5b,0x59,0x57,0x55,0x53,0x50,0x4d,0x49,0x46,0x41,0x3c,0x36,0x2e,0x24,0x17,0x05,
  0x82,0x00,0x82,0x00,0x24,0x0d,0x1e,0x2b,0x34,0x3b,0x41,0x46,0x4b,0x4e,0x51,0x54,
  0x57,0x59,0x5b,0x5d,0x5f,0x60,0x62,0x63,0x64,0x65,0x66,0x67,0x68,0x69,0x6a,0x6b,
  0x6b,0x6c,0x6d,0x6d,0x6e,0x6e,0x6f,0x6f,0x70,0x70,0x82,0x71,0x83,0x72,0x85,0x73,
  0x95,0x74,0x85,0x73,0x83,0x72,0x82,0x71,0x24,0x70,0x70,0x6f,0x6f,0x6e,0x6e,0x6d,
  0x6d,0x6c,0x6b,0x6b,0x6a,0x69,0x68,0x67,0x66,0x65,0x64,0x63,0x62,0x60,0x5f,0x5d,
  0x5b,0x59,0x57,0x54,0x51,0x4e,0x4b,0x46,0x41,0x3b,0x34,0x2b,0x1e,0x0d,0x82,0x00,
  0x25,0x00,0x00,0x01,0x15,0x26,0x31,0x3a,0x41,0x47,0x4b,0x4f,0x53,0x56,0x59,0x5b,
  0x5d,0x5f,0x61,0x63,0x64,0x65,0x67,0x68,0x69,0x6a,0x6b,0x6c,0x6d,0x6d,0x6e,0x6f,
  0x6f,0x70,0x70,0x71,0x71,0x72,0x72,0x82,0x73,0x82,0x74,0x83,0x75,0x85,0x76,0x93,
  0x77,0x85,0x76,0x83,0x75,0x82,0x74,0x82,0x73,0x25,0x72,0x72,0x71,0x71,0x70,0x70,
  0x6f,0x6f,0x6e,0x6d,0x6d,0x6c,0x6b,0x6a,0x69,0x68,0x67,0x65,0x64,0x63,0x61,0x5f,
  0x5d,0x5b,0x59,0x56,0x53,0x4f,0x4b,0x47,0x41,0x3a,0x31,0x26,0x15,0x01,0x00,0x00,
  0x20,0x00,0x00,0x05,0x1d,0x2d,0x38,0x40,0x47,0x4c,0x51,0x54,0x58,0x5b,0x5d,0x5f,
  0x61,0x63,0x65,0x67,0x68,0x69,0x6a,0x6b,0x6c,0x6d,0x6e,0x6f,0x70,0x71,0x71,0x72,
  0x72,0x73,0x82,0x74,0x01,0x75,0x75,0x82,0x76,0x82,0x77,0x84,0x78,0x86,0x79,0x8f,
  0x7a,0x86,0x79,0x84,0x78,0x82,0x77,0x82,0x76,0x01,0x75,0x75,0x82,0x74,0x20,0x73,
  0x72,0x72,0x71,0x71,0x70,0x6f,0x6e,0x6d,0x6c,0x6b,0x6a,0x69,0x68,0x67,0x65,0x63,
  0x61,0x5f,0x5d,0x5b,0x58,0x54,0x51,0x4c,0x47,0x40,0x38,0x2d,0x1d,0x05,0x00,0x00,
  0x22,0x00,0x00,0x0f,0x26,0x34,0x3e,0x46,0x4c,0x51,0x56,0x59,0x5c,0x5f,0x62,0x64,
  0x66,0x67,0x69,0x6a,0x6c,0x6d,0x6e,0x6f,0x70,0x71,0x72,0x72,0x73,0x74,0x75,0x75,
  0x76,0x76,0x77,0x77,0x82,0x78,0x82,0x79,0x82,0x7a,0x84,0x7b,0x8a,0x7c,0x87,0x7d,
  0x8a,0x7c,0x84,0x7b,0x82,0x7a,0x82,0x79,0x82,0x78,0x22,0x77,0x77,0x76,0x76,0x75,
  0x75,0x74,0x73,0x72,0x72,0x71,0x70,0x6f,0x6e,0x6d,0x6c,0x6a,0x69,0x67,0x66,0x64,
  0x62,0x5f,0x5c,0x59,0x56,0x51,0x4c,0x46,0x3e,0x34,0x26,0x0f,0x00,0x00,0x22,0x00,
  0x01,0x19,0x2e,0x3b,0x45,0x4c,0x52,0x57,0x5b,0x5e,0x61,0x64,0x66,0x68,0x6a,0x6b,
  0x6d,0x6e,0x6f,0x71,0x72,0x73,0x74,0x74,0x75,0x76,0x77,0x77,0x78,0x78,0x79,0x79,
  0x7a,0x7a,0x82,0x7b,0x82,0x7c,0x83,0x7d,0x84,0x7e,0x9b,0x7f,0x84,0x7e,0x83,0x7d,
  0x82,0x7c,0x82,0x7b,0x22,0x7a,0x7a,0x79,0x79,0x78,0x78,0x77,0x77,0x76,0x75,0x74,
  0x74,0x73,0x72,0x71,0x6f,0x6e,0x6d,0x6b,0x6a,0x68,0x66,0x64,0x61,0x5e,0x5b,0x57,
  0x52,0x4c,0x45,0x3b,0x2e,0x19,0x01,0x00,0x1f,0x00,0x02,0x22,0x36,0x43,0x4c,0x52,
  0x58,0x5c,0x60,0x63,0x66,0x68,0x6a,0x6c,0x6e,0x6f,0x71,0x72,0x73,0x74,0x75,0x76,
  0x77,0x78,0x79,0x79,0x7a,0x7b,0x7b,0x7c,0x7c,0x82,0x7d,0x82,0x7e,0x82,0x7f,0x83,
  0x80,0x86,0x81,0x97,0x82,0x86,0x81,0x83,0x80,0x82,0x7f,0x82,0x7e,0x82,0x7d,0x1f,
  0x7c,0x7c,0x7b,0x7b,0x7a,0x79,0x79,0x78,0x77,0x76,0x75,0x74,0x73,0x72,0x71,0x6f,
  0x6e,0x6c,0x6a,0x68,0x66,0x63,0x60,0x5c,0x58,0x52,0x4c,0x43,0x36,0x22,0x02,0x00,
  0x1f,0x00,0x09,0x2c,0x3e,0x4a,0x52,0x59,0x5e,0x62,0x65,0x68,0x6a,0x6d,0x6f,0x71,
  0x72,0x74,0x75,0x76,0x77,0x78,0x79,0x7a,0x7b,0x7b,0x7c,0x7d,0x7d,0x7e,0x7e,0x7f,
  0x7f,0x82,0x80,0x82,0x81,0x82,0x82,0x84,0x83,0x87,0x84,0x93,0x85,0x87,0x84,0x84,
  0x83,0x82,0x82,0x82,0x81,0x82,0x80,0x1f,0x7f,0x7f,0x7e,0x7e,0x7d,0x7d,0x7c,0x7b,
  0x7b,0x7a,0x79,0x78,0x77,0x76,0x75,0x74,0x72,0x71,0x6f,0x6d,0x6a,0x68,0x65,0x62,
  0x5e,0x59,0x52,0x4a,0x3e,0x2c,0x09,0x00,0x1c,0x00,0x16,0x35,0x46,0x51,0x59,0x5f,
  0x63,0x67,0x6a,0x6d,0x6f,0x71,0x73,0x75,0x76,0x78,0x79,0x7a,0x7b,0x7c,0x7d,0x7d,
  0x7e,0x7f,0x7f,0x80,0x81,0x81,0x82,0x82,0x01,0x83,0x83,0x82,0x84,0x83,0x85,0x85,
  0x86,0x89,0x87,0x8d,0x88,0x89,0x87,0x85,0x86,0x83,0x85,0x82,0x84,0x01,0x83,0x83,
  0x82,0x82,0x1c,0x81,0x81,0x80,0x7f,0x7f,0x7e,0x7d,0x7d,0x7c,0x7b,0x7a,0x79,0x78,
  0x76,0x75,0x73,0x71,0x6f,0x6d,0x6a,0x67,0x63,0x5f,0x59,0x51,0x46,0x35,0x16,0x00,
  0x1e,0x00,0x22,0x3f,0x4e,0x58,0x5f,0x65,0x69,0x6d,0x6f,0x72,0x74,0x76,0x78,0x79,
  0x7a,0x7c,0x7d,0x7e,0x7f,0x80,0x80,0x81,0x82,0x82,0x83,0x83,0x84,0x84,0x85,0x85,
  0x82,0x86,0x82,0x87,0x84,0x88,0x85,0x89,0x9f,0x8a,0x85,0x89,0x84,0x88,0x82,0x87,
  0x82,0x86,0x1e,0x85,0x85,0x84,0x84,0x83,0x83,0x82,0x82,0x81,0x80,0x80,0x7f,0x7e,
  0x7d,0x7c,0x7a,0x79,0x78,0x76,0x74,0x72,0x6f,0x6d,0x69,0x65,0x5f,0x58,0x4e,0x3f,
  0x22,0x00,0x1b,0x01,0x2e,0x49,0x57,0x60,0x66,0x6b,0x6f,0x72,0x74,0x77,0x79,0x7a,
  0x7c,0x7d,0x7f,0x80,0x81,0x82,0x83,0x83,0x84,0x85,0x85,0x86,0x86,0x87,0x87,0x82,
  0x88,0x01,0x89,0x89,0x83,0x8a,0x84,0x8b,0x86,0x8c,0x9d,0x8d,0x86,0x8c,0x84,0x8b,
  0x83,0x8a,0x01,0x89,0x89,0x82,0x88,0x1b,0x87,0x87,0x86,0x86,0x85,0x85,0x84,0x83,
  0x83,0x82,0x81,0x80,0x7f,0x7d,0x7c,0x7a,0x79,0x77,0x74,0x72,0x6f,0x6b,0x66,0x60,
  0x57,0x49,0x2e,0x01,0x1a,0x02,0x3a,0x52,0x5f,0x67,0x6c,0x71,0x74,0x77,0x7a,0x7c,
  0x7d,0x7f,0x80,0x82,0x83,0x84,0x85,0x86,0x86,0x87,0x88,0x88,0x89,0x89,0x8a,0x8a,
  0x82,0x8b,0x82,0x8c,0x83,0x8d,0x84,0x8e,0x88,0x8f,0x99,0x90,0x88,0x8f,0x84,0x8e,
  0x83,0x8d,0x82,0x8c,0x82,0x8b,0x1a,0x8a,0x8a,0x89,0x89,0x88,0x88,0x87,0x86,0x86,
  0x85,0x84,0x83,0x82,0x80,0x7f,0x7d,0x7c,0x7a,0x77,0x74,0x71,0x6c,0x67,0x5f,0x52,
  0x3a,0x02,0x19,0x05,0x47,0x5c,0x67,0x6e,0x73,0x77,0x7a,0x7d,0x7f,0x81,0x82,0x84,
  0x85,0x86,0x87,0x88,0x89,0x8a,0x8a,0x8b,0x8b,0x8c,0x8c,0x8d,0x8d,0x82,0x8e,0x82,
  0x8f,0x84,0x90,0x86,0x91,0x8b,0x92,0x8f,0x93,0x8b,0x92,0x86,0x91,0x84,0x90,0x82,
  0x8f,0x82,0x8e,0x19,0x8d,0x8d,0x8c,0x8c,0x8b,0x8b,0x8a,0x8a,0x89,0x88,0x87,0x86,
  0x85,0x84,0x82,0x81,0x7f,0x7d,0x7a,0x77,0x73,0x6e,0x67,0x5c,0x47,0x05,0x18,0x16,
  0x53,0x65,0x6f,0x75,0x7a,0x7d,0x80,0x82,0x84,0x86,0x87,0x88,0x89,0x8a,0x8b,0x8c,
  0x8d,0x8d,0x8e,0x8e,0x8f,0x8f,0x90,0x90,0x82,0x91,0x83,0x92,0x84,0x93,0x87,0x94,
  0x90,0x95,0x83,0x96,0x90,0x95,0x87,0x94,0x84,0x93,0x83,0x92,0x82,0x91,0x18,0x90,
  0x90,0x8f,0x8f,0x8e,0x8e,0x8d,0x8d,0x8c,0x8b,0x8a,0x89,0x88,0x87,0x86,0x84,0x82,
  0x80,0x7d,0x7a,0x75,0x6f,0x65,0x53,0x17,0x14,0x2b,0x5f,0x6f,0x77,0x7c,0x80,0x83,
  0x85,0x87,0x89,0x8a,0x8c,0x8d,0x8e,0x8f,0x8f,0x90,0x91,0x91,0x92,0x92,0x82,0x93,
  0x82,0x94,0x83,0x95,0x85,0x96,0x88,0x97,0xa3,0x98,0x88,0x97,0x85,0x96,0x83,0x95,
  0x82,0x94,0x82,0x93,0x14,0x92,0x92,0x91,0x91,0x90,0x8f,0x8f,0x8e,0x8d,0x8c,0x8a,
  0x89,0x87,0x85,0x83,0x80,0x7c,0x77,0x6f,0x5f,0x2b,0x12,0x40,0x6b,0x78,0x7f,0x83,
  0x86,0x89,0x8b,0x8d,0x8e,0x8f,0x90,0x91,0x92,0x93,0x94,0x94,0x95,0x95,0x82,0x96,
  0x83,0x97,0x83,0x98,0x85,0x99,0x8a,0x9a,0xa1,0x9b,0x8a,0x9a,0x85,0x99,0x83,0x98,
  0x83,0x97,0x82,0x96,0x12,0x95,0x95,0x94,0x94,0x93,0x92,0x91,0x90,0x8f,0x8e,0x8d,
  0x8b,0x89,0x86,0x83,0x7f,0x78,0x6b,0x40,0x10,0x55,0x77,0x81,0x86,0x8a,0x8d,0x8f,
  0x91,0x92,0x93,0x94,0x95,0x96,0x97,0x97,0x98,0x98,0x82,0x99,0x83,0x9a,0x83,0x9b,
  0x87,0x9c,0x8c,0x9d,0x9d,0x9e,0x8c,0x9d,0x87,0x9c,0x83,0x9b,0x83,0x9a,0x82,0x99,
  0x10,0x98,0x98,0x97,0x97,0x96,0x95,0x94,0x93,0x92,0x91,0x8f,0x8d,0x8a,0x86,0x81,
  0x77,0x55,0x10,0x69,0x82,0x8a,0x8e,0x91,0x93,0x95,0x96,0x97,0x98,0x99,0x9a,0x9a,
  0x9b,0x9b,0x9c,0x9c,0x83,0x9d,0x84,0x9e,0x88,0x9f,0x95,0xa0,0x8d,0xa1,0x95,0xa0,
  0x88,0x9f,0x84,0x9e,0x83,0x9d,0x10,0x9c,0x9c,0x9b,0x9b,0x9a,0x9a,0x99,0x98,0x97,
  0x96,0x95,0x93,0x91,0x8e,0x8a,0x82,0x69,0x0a,0x7d,0x8e,0x93,0x96,0x98,0x9a,0x9b,
  0x9c,0x9d,0x9e,0x9e,0x82,0x9f,0x82,0xa0,0x85,0xa1,0x8a,0xa2,0xbb,0xa3,0x8a,0xa2,
  0x85,0xa1,0x82,0xa0,0x82,0x9f,0x0a,0x9e,0x9e,0x9d,0x9c,0x9b,0x9a,0x98,0x96,0x93,
  0x8e,0x7d,0x08,0x90,0x99,0x9c,0x9e,0xa0,0xa0,0xa1,0xa2,0xa2,0x82,0xa3,0x84,0xa4,
  0x8e,0xa5,0xbf,0xa6,0x8e,0xa5,0x84,0xa4,0x82,0xa3,0x08,0xa2,0xa2,0xa1,0xa0,0xa0,
  0x9e,0x9c,0x99,0x90,0x03,0xa1,0xa4,0xa5,0xa6,0x84,0xa7,0x8a,0xa8,0xd7,0xa9,0x8a,
  0xa8,0x84,0xa7,0x03,0xa6,0xa5,0xa4,0xa1,0x04,0xb1,0xaf,0xaf,0xae,0xae,0x8b,0xad,
  0xdd,0xac,0x8b,0xad,0x04,0xae,0xae,0xaf,0xaf,0xb1,0x08,0xc0,0xba,0xb8,0xb6,0xb5,
  0xb4,0xb4,0xb3,0xb3,0x82,0xb2,0x84,0xb1,0x8a,0xb0,0x9f,0xaf,0x87,0xae,0x9f,0xaf,
  0x8a,0xb0,0x84,0xb1,0x82,0xb2,0x08,0xb3,0xb3,0xb4,0xb4,0xb5,0xb6,0xb8,0xba,0xc0,
  0x0a,0xcd,0xc5,0xc0,0xbe,0xbc,0xbb,0xb9,0xb9,0xb8,0xb7,0xb7,0x82,0xb6,0x82,0xb5,
  0x85,0xb4,0x86,0xb3,0x90,0xb2,0xa1,0xb1,0x90,0xb2,0x86,0xb3,0x85,0xb4,0x82,0xb5,
  0x82,0xb6,0x0a,0xb7,0xb7,0xb8,0xb9,0xb9,0xbb,0xbc,0xbe,0xc0,0xc5,0xcd,0x10,0xdb,
  0xcf,0xc9,0xc6,0xc3,0xc1,0xbf,0xbe,0xbd,0xbc,0xbc,0xbb,0xbb,0xba,0xba,0xb9,0xb9,
  0x83,0xb8,0x84,0xb7,0x86,0xb6,0x8b,0xb5,0xa5,0xb4,0x8b,0xb5,0x86,0xb6,0x84,0xb7,
  0x83,0xb8,0x10,0xb9,0xb9,0xba,0xba,0xbb,0xbb,0xbc,0xbc,0xbd,0xbe,0xbf,0xc1,0xc3,
  0xc6,0xc9,0xcf,0xdb,0x10,0xe8,0xda,0xd2,0xce,0xca,0xc8,0xc6,0xc4,0xc3,0xc2,0xc0,
  0xc0,0xbf,0xbe,0xbe,0xbd,0xbd,0x82,0xbc,0x83,0xbb,0x83,0xba,0x85,0xb9,0x89,0xb8,
  0xa7,0xb7,0x89,0xb8,0x85,0xb9,0x83,0xba,0x83,0xbb,0x82,0xbc,0x10,0xbd,0xbd,0xbe,
  0xbe,0xbf,0xc0,0xc0,0xc2,0xc3,0xc4,0xc6,0xc8,0xca,0xce,0xd2,0xda,0xe8,0x12,0xf6,
  0xe4,0xdb,0xd5,0xd1,0xce,0xcc,0xca,0xc8,0xc7,0xc5,0xc4,0xc4,0xc3,0xc2,0xc1,0xc1,
  0xc0,0xc0,0x82,0xbf,0x82,0xbe,0x83,0xbd,0x85,0xbc,0x87,0xbb,0xa9,0xba,0x87,0xbb,
  0x85,0xbc,0x83,0xbd,0x82,0xbe,0x82,0xbf,0x12,0xc0,0xc0,0xc1,0xc1,0xc2,0xc3,0xc4,
  0xc4,0xc5,0xc7,0xc8,0xca,0xcc,0xce,0xd1,0xd5,0xdb,0xe4,0xf6,0x16,0xff,0xee,0xe4,
  0xdd,0xd8,0xd4,0xd2,0xcf,0xcd,0xcc,0xca,0xc9,0xc8,0xc7,0xc6,0xc6,0xc5,0xc4,0xc4,
  0xc3,0xc3,0xc2,0xc2,0x82,0xc1,0x84,0xc0,0x83,0xbf,0x86,0xbe,0x8d,0xbd,0x8f,0xbc,
  0x8d,0xbd,0x86,0xbe,0x83,0xbf,0x84,0xc0,0x82,0xc1,0x16,0xc2,0xc2,0xc3,0xc3,0xc4,
  0xc4,0xc5,0xc6,0xc6,0xc7,0xc8,0xc9,0xca,0xcc,0xcd,0xcf,0xd2,0xd4,0xd8,0xdd,0xe4,
  0xee,0xff,0x15,0xff,0xf9,0xec,0xe5,0xdf,0xdb,0xd8,0xd5,0xd3,0xd1,0xcf,0xce,0xcd,
  0xcc,0xcb,0xca,0xc9,0xc8,0xc8,0xc7,0xc7,0xc6,0x82,0xc5,0x82,0xc4,0x82,0xc3,0x84,
  0xc2,0x85,0xc1,0x88,0xc0,0x99,0xbf,0x88,0xc0,0x85,0xc1,0x84,0xc2,0x82,0xc3,0x82,
  0xc4,0x82,0xc5,0x15,0xc6,0xc7,0xc7,0xc8,0xc8,0xc9,0xca,0xcb,0xcc,0xcd,0xce,0xcf,
  0xd1,0xd3,0xd5,0xd8,0xdb,0xdf,0xe5,0xec,0xf9,0xff,0x19,0xff,0xff,0xf5,0xec,0xe6,
  0xe1,0xde,0xdb,0xd8,0xd6,0xd4,0xd3,0xd1,0xd0,0xcf,0xce,0xcd,0xcc,0xcb,0xcb,0xca,
  0xca,0xc9,0xc9,0xc8,0xc8,0x82,0xc7,0x82,0xc6,0x83,0xc5,0x84,0xc4,0x88,0xc3,0x9b,
  0xc2,0x88,0xc3,0x84,0xc4,0x83,0xc5,0x82,0xc6,0x82,0xc7,0x19,0xc8,0xc8,0xc9,0xc9,
  0xca,0xca,0xcb,0xcb,0xcc,0xcd,0xce,0xcf,0xd0,0xd1,0xd3,0xd4,0xd6,0xd8,0xdb,0xde,
  0xe1,0xe6,0xec,0xf5,0xff,0xff,0x1c,0xff,0xff,0xfd,0xf4,0xed,0xe8,0xe4,0xe0,0xde,
  0xdb,0xd9,0xd7,0xd6,0xd4,0xd3,0xd2,0xd1,0xd0,0xcf,0xcf,0xce,0xcd,0xcd,0xcc,0xcc,
  0xcb,0xcb,0xca,0xca,0x82,0xc9,0x83,0xc8,0x84,0xc7,0x86,0xc6,0x9f,0xc5,0x86,0xc6,
  0x84,0xc7,0x83,0xc8,0x82,0xc9,0x1c,0xca,0xca,0xcb,0xcb,0xcc,0xcc,0xcd,0xcd,0xce,
  0xcf,0xcf,0xd0,0xd1,0xd2,0xd3,0xd4,0xd6,0xd7,0xd9,0xdb,0xde,0xe0,0xe4,0xe8,0xed,
  0xf4,0xfd,0xff,0xff,0x82,0xff,0x1a,0xfc,0xf4,0xee,0xea,0xe6,0xe3,0xe0,0xde,0xdc,
  0xda,0xd9,0xd7,0xd6,0xd5,0xd4,0xd3,0xd2,0xd2,0xd1,0xd0,0xd0,0xcf,0xcf,0xce,0xce,
  0xcd,0xcd,0x82,0xcc,0x82,0xcb,0x84,0xca,0x85,0xc9,0x8a,0xc8,0x8b,0xc7,0x8a,0xc8,
  0x85,0xc9,0x84,0xca,0x82,0xcb,0x82,0xcc,0x1a,0xcd,0xcd,0xce,0xce,0xcf,0xcf,0xd0,
  0xd0,0xd1,0xd2,0xd2,0xd3,0xd4,0xd5,0xd6,0xd7,0xd9,0xda,0xdc,0xde,0xe0,0xe3,0xe6,
  0xea,0xee,0xf4,0xfc,0x82,0xff,0x83,0xff,0x17,0xfb,0xf4,0xf0,0xeb,0xe8,0xe5,0xe3,
  0xe1,0xdf,0xdd,0xdc,0xdb,0xd9,0xd8,0xd7,0xd6,0xd5,0xd5,0xd4,0xd3,0xd3,0xd2,0xd1,
  0xd1,0x82,0xd0,0x01,0xcf,0xcf,0x83,0xce,0x83,0xcd,0x84,0xcc,0x88,0xcb,0x91,0xca,
  0x88,0xcb,0x84,0xcc,0x83,0xcd,0x83,0xce,0x01,0xcf,0xcf,0x82,0xd0,0x17,0xd1,0xd1,
  0xd2,0xd3,0xd3,0xd4,0xd5,0xd5,0xd6,0xd7,0xd8,0xd9,0xdb,0xdc,0xdd,0xdf,0xe1,0xe3,
  0xe5,0xe8,0xeb,0xf0,0xf4,0xfb,0x83,0xff,0x84,0xff,0x19,0xfb,0xf5,0xf1,0xed,0xea,
  0xe8,0xe6,0xe4,0xe2,0xe0,0xdf,0xdd,0xdc,0xdb,0xda,0xd9,0xd8,0xd7,0xd7,0xd6,0xd5,
  0xd5,0xd4,0xd4,0xd3,0xd3,0x82,0xd2,0x82,0xd1,0x82,0xd0,0x84,0xcf,0x86,0xce,0x97,
  0xcd,0x86,0xce,0x84,0xcf,0x82,0xd0,0x82,0xd1,0x82,0xd2,0x19,0xd3,0xd3,0xd4,0xd4,
  0xd5,0xd5,0xd6,0xd7,0xd7,0xd8,0xd9,0xda,0xdb,0xdc,0xdd,0xdf,0xe0,0xe2,0xe4,0xe6,
  0xe8,0xea,0xed,0xf1,0xf5,0xfb,0x84,0xff,0x85,0xff,0x1b,0xfb,0xf7,0xf3,0xf0,0xed,
  0xea,0xe8,0xe6,0xe4,0xe3,0xe1,0xe0,0xdf,0xde,0xdd,0xdc,0xdb,0xda,0xda,0xd9,0xd8,
  0xd8,0xd7,0xd7,0xd6,0xd6,0xd5,0xd5,0x82,0xd4,0x82,0xd3,0x84,0xd2,0x85,0xd1,0x99,
  0xd0,0x85,0xd1,0x84,0xd2,0x82,0xd3,0x82,0xd4,0x1b,0xd5,0xd5,0xd6,0xd6,0xd7,0xd7,
  0xd8,0xd8,0xd9,0xda,0xda,0xdb,0xdc,0xdd,0xde,0xdf,0xe0,0xe1,0xe3,0xe4,0xe6,0xe8,
  0xea,0xed,0xf0,0xf3,0xf7,0xfb,0x85,0xff,0x86,0xff,0x1a,0xfc,0xf8,0xf5,0xf2,0xef,
  0xed,0xea,0xe9,0xe7,0xe6,0xe4,0xe3,0xe2,0xe1,0xe0,0xdf,0xde,0xdd,0xdc,0xdc,0xdb,
  0xda,0xda,0xd9,0xd9,0xd8,0xd8,0x82,0xd7,0x82,0xd6,0x83,0xd5,0x85,0xd4,0x8a,0xd3,
  0x85,0xd2,0x8a,0xd3,0x85,0xd4,0x83,0xd5,0x82,0xd6,0x82,0xd7,0x1a,0xd8,0xd8,0xd9,
  0xd9,0xda,0xda,0xdb,0xdc,0xdc,0xdd,0xde,0xdf,0xe0,0xe1,0xe2,0xe3,0xe4,0xe6,0xe7,
  0xe9,0xea,0xed,0xef,0xf2,0xf5,0xf8,0xfc,0x86,0xff,0x87,0xff,0x17,0xfd,0xfa,0xf6,
  0xf4,0xf1,0xef,0xed,0xeb,0xea,0xe8,0xe7,0xe5,0xe4,0xe3,0xe2,0xe1,0xe1,0xe0,0xdf,
  0xde,0xde,0xdd,0xdc,0xdc,0x82,0xdb,0x01,0xda,0xda,0x82,0xd9,0x83,0xd8,0x84,0xd7,
  0x87,0xd6,0x8d,0xd5,0x87,0xd6,0x84,0xd7,0x83,0xd8,0x82,0xd9,0x01,0xda,0xda,0x82,
  0xdb,0x17,0xdc,0xdc,0xdd,0xde,0xde,0xdf,0xe0,0xe1,0xe1,0xe2,0xe3,0xe4,0xe5,0xe7,
  0xe8,0xea,0xeb,0xed,0xef,0xf1,0xf4,0xf6,0xfa,0xfd,0x87,0xff,0x88,0xff,0x1b,0xfe,
  0xfb,0xf8,0xf6,0xf3,0xf1,0xef,0xee,0xec,0xeb,0xe9,0xe8,0xe7,0xe6,0xe5,0xe4,0xe3,
  0xe2,0xe2,0xe1,0xe0,0xe0,0xdf,0xdf,0xde,0xde,0xdd,0xdd,0x82,0xdc,0x82,0xdb,0x84,
  0xda,0x86,0xd9,0x91,0xd8,0x86,0xd9,0x84,0xda,0x82,0xdb,0x82,0xdc,0x1b,0xdd,0xdd,
  0xde,0xde,0xdf,0xdf,0xe0,0xe0,0xe1,0xe2,0xe2,0xe3,0xe4,0xe5,0xe6,0xe7,0xe8,0xe9,
  0xeb,0xec,0xee,0xef,0xf1,0xf3,0xf6,0xf8,0xfb,0xfe,0x88,0xff,0x8a,0xff,0x19,0xfd,
  0xfa,0xf8,0xf5,0xf4,0xf2,0xf0,0xee,0xed,0xec,0xeb,0xe9,0xe8,0xe7,0xe7,0xe6,0xe5,
  0xe4,0xe4,0xe3,0xe2,0xe2,0xe1,0xe1,0xe0,0xe0,0x82,0xdf,0x82,0xde,0x83,0xdd,0x85,
  0xdc,0x95,0xdb,0x85,0xdc,0x83,0xdd,0x82,0xde,0x82,0xdf,0x19,0xe0,0xe0,0xe1,0xe1,
  0xe2,0xe2,0xe3,0xe4,0xe4,0xe5,0xe6,0xe7,0xe7,0xe8,0xe9,0xeb,0xec,0xed,0xee,0xf0,
  0xf2,0xf4,0xf5,0xf8,0xfa,0xfd,0x8a,0xff,0x8b,0xff,0x18,0xfe,0xfc,0xfa,0xf8,0xf6,
  0xf4,0xf2,0xf1,0xf0,0xee,0xed,0xec,0xeb,0xea,0xe9,0xe8,0xe8,0xe7,0xe6,0xe6,0xe5,
  0xe4,0xe4,0xe3,0xe3,0x82,0xe2,0x82,0xe1,0x83,0xe0,0x84,0xdf,0x97,0xde,0x84,0xdf,
  0x83,0xe0,0x82,0xe1,0x82,0xe2,0x18,0xe3,0xe3,0xe4,0xe4,0xe5,0xe6,0xe6,0xe7,0xe8,
  0xe8,0xe9,0xea,0xeb,0xec,0xed,0xee,0xf0,0xf1,0xf2,0xf4,0xf6,0xf8,0xfa,0xfc,0xfe,
  0x8b,0xff,0x8d,0xff,0x16,0xfe,0xfc,0xfa,0xf8,0xf6,0xf5,0xf3,0xf2,0xf1,0xef,0xee,
  0xed,0xed,0xec,0xeb,0xea,0xe9,0xe9,0xe8,0xe7,0xe7,0xe6,0xe6,0x82,0xe5,0x82,0xe4,
  0x82,0xe3,0x84,0xe2,0x86,0xe1,0x8b,0xe0,0x86,0xe1,0x84,0xe2,0x82,0xe3,0x82,0xe4,
  0x82,0xe5,0x16,0xe6,0xe6,0xe7,0xe7,0xe8,0xe9,0xe9,0xea,0xeb,0xec,0xed,0xed,0xee,
  0xef,0xf1,0xf2,0xf3,0xf5,0xf6,0xf8,0xfa,0xfc,0xfe,0x8d,0xff,0x8f,0xff,0x14,0xfe,
  0xfc,0xfa,0xf8,0xf7,0xf6,0xf4,0xf3,0xf2,0xf1,0xf0,0xef,0xee,0xed,0xed,0xec,0xeb,
  0xeb,0xea,0xea,0xe9,0x82,0xe8,0x82,0xe7,0x82,0xe6,0x83,0xe5,0x85,0xe4,0x8f,0xe3,
  0x85,0xe4,0x83,0xe5,0x82,0xe6,0x82,0xe7,0x82,0xe8,0x14,0xe9,0xea,0xea,0xeb,0xeb,
  0xec,0xed,0xed,0xee,0xef,0xf0,0xf1,0xf2,0xf3,0xf4,0xf6,0xf7,0xf8,0xfa,0xfc,0xfe,
  0x8f,0xff,0x91,0xff,0x17,0xfe,0xfc,0xfb,0xf9,0xf8,0xf7,0xf5,0xf4,0xf3,0xf2,0xf1,
  0xf1,0xf0,0xef,0xee,0xee,0xed,0xed,0xec,0xec,0xeb,0xeb,0xea,0xea,0x82,0xe9,0x83,
  0xe8,0x85,0xe7,0x91,0xe6,0x85,0xe7,0x83,0xe8,0x82,0xe9,0x17,0xea,0xea,0xeb,0xeb,
  0xec,0xec,0xed,0xed,0xee,0xee,0xef,0xf0,0xf1,0xf1,0xf2,0xf3,0xf4,0xf5,0xf7,0xf8,
  0xf9,0xfb,0xfc,0xfe,0x91,0xff,0x93,0xff,0x15,0xfe,0xfd,0xfb,0xfa,0xf9,0xf8,0xf7,
  0xf6,0xf5,0xf4,0xf3,0xf2,0xf2,0xf1,0xf0,0xf0,0xef,0xef,0xee,0xee,0xed,0xed,0x82,
  0xec,0x83,0xeb,0x83,0xea,0x95,0xe9,0x83,0xea,0x83,0xeb,0x82,0xec,0x15,0xed,0xed,
  0xee,0xee,0xef,0xef,0xf0,0xf0,0xf1,0xf2,0xf2,0xf3,0xf4,0xf5,0xf6,0xf7,0xf8,0xf9,
  0xfa,0xfb,0xfd,0xfe,0x93,0xff,0x96,0xff,0x14,0xfe,0xfc,0xfb,0xfa,0xf9,0xf8,0xf7,
  0xf6,0xf6,0xf5,0xf4,0xf3,0xf3,0xf2,0xf2,0xf1,0xf1,0xf0,0xf0,0xef,0xef,0x83,0xee,
  0x83,0xed,0x87,0xec,0x87,0xeb,0x87,0xec,0x83,0xed,0x83,0xee,0x14,0xef,0xef,0xf0,
  0xf0,0xf1,0xf1,0xf2,0xf2,0xf3,0xf3,0xf4,0xf5,0xf6,0xf6,0xf7,0xf8,0xf9,0xfa,0xfb,
  0xfc,0xfe,0x96,0xff,0x98,0xff,0x12,0xfe,0xfd,0xfc,0xfb,0xfa,0xfa,0xf9,0xf8,0xf7,
  0xf6,0xf6,0xf5,0xf5,0xf4,0xf4,0xf3,0xf3,0xf2,0xf2,0x82,0xf1,0x83,0xf0,0x85,0xef,
  0x8d,0xee,0x85,0xef,0x83,0xf0,0x82,0xf1,0x12,0xf2,0xf2,0xf3,0xf3,0xf4,0xf4,0xf5,
  0xf5,0xf6,0xf6,0xf7,0xf8,0xf9,0xfa,0xfa,0xfb,0xfc,0xfd,0xfe,0x98,0xff,0x9b,0xff,
  0x0f,0xfe,0xfe,0xfd,0xfc,0xfb,0xfa,0xfa,0xf9,0xf8,0xf8,0xf7,0xf7,0xf6,0xf6,0xf5,
  0xf5,0x82,0xf4,0x82,0xf3,0x85,0xf2,0x8f,0xf1,0x85,0xf2,0x82,0xf3,0x82,0xf4,0x0f,
  0xf5,0xf5,0xf6,0xf6,0xf7,0xf7,0xf8,0xf8,0xf9,0xfa,0xfa,0xfb,0xfc,0xfd,0xfe,0xfe,
  0x9b,0xff,0x9f,0xff,0x0b,0xfe,0xfd,0xfd,0xfc,0xfb,0xfb,0xfa,0xfa,0xf9,0xf9,0xf8,
  0xf8,0x82,0xf7,0x82,0xf6,0x84,0xf5,0x91,0xf4,0x84,0xf5,0x82,0xf6,0x82,0xf7,0x0b,
  0xf8,0xf8,0xf9,0xf9,0xfa,0xfa,0xfb,0xfb,0xfc,0xfd,0xfd,0xfe,0x9f,0xff,0xa3,0xff,
  0x02,0xfe,0xfe,0xfd,0x82,0xfc,0x03,0xfb,0xfb,0xfa,0xfa,0x82,0xf9,0x84,0xf8,0x87,
  0xf7,0x83,0xf6,0x87,0xf7,0x84,0xf8,0x82,0xf9,0x03,0xfa,0xfa,0xfb,0xfb,0x82,0xfc,
  0x02,0xfd,0xfe,0xfe,0xa3,0xff,0xa8,0xff,0x01,0xfe,0xfe,0x82,0xfd,0x82,0xfc,0x83,
  0xfb,0x84,0xfa,0x8b,0xf9,0x84,0xfa,0x83,0xfb,0x82,0xfc,0x82,0xfd,0x01,0xfe,0xfe,
  0xa8,0xff,0xaf,0xff,0x83,0xfe,0x84,0xfd,0x8d,0xfc,0x84,0xfd,0x83,0xfe,0xaf,0xff,
  0xff,0xff,0xff,0xff,0xff,0xff,0xff,0xff,0xff,0xff,0xff,0xff,0xff,0xff,0xff,0xff,
  0xff,0xff,0xff,0xff,0xff,0xff,0xff,0xff,0xff,0xff,0xff,0xff,0xff,0xff,0xff,0xff,
  0xff,0xff,0xff,0xff,0xff,0xff,0xff,0xff,0xff,0xff,0xff,0xff,0xff,0xff,0xff,0xff,
  0xff,0xff,0xff,0xff,0xff,0xff,0xff,0xff,0xff,0xff,0xff,0xff,0xff,0xff,0xff,0xff,
  0xff,0xff,0xff,0xff,
};

static const uint16_t upper_lid_offsets[] = {
  0x0000,0x0002,0x0004,0x0006,0x0016,0x0030,0x0050,0x0076,0x00a2,0x00d4,0x010b,0x0141,
  0x017d,0x01bb,0x01fd,0x023f,0x0285,0x02cf,0x031b,0x0367,0x03b5,0x0407,0x045b,0x04ad,
  0x0503,0x055b,0x05b3,0x060e,0x0666,0x06c2,0x0720,0x0780,0x07dc,0x083c,0x089c,0x08fe,
  0x095c,0x09bc,0x0a1c,0x0a7e,0x0adc,0x0b3e,0x0b9e,0x0c00,0x0c62,0x0cc0,0x0d20,0x0d80,
  0x0dde,0x0e38,0x0e90,0x0ee8,0x0f40,0x0f92,0x0fe4,0x1032,0x107e,0x10c8,0x110a,0x1148,
  0x1182,0x11b8,0x11e2,0x1204,0x1218,0x122a,0x1250,0x127e,0x12b4,0x12ee,0x132c,0x1372,
  0x13ba,0x1406,0x1454,0x14a6,0x14f8,0x1548,0x1598,0x15ea,0x163c,0x168c,0x16d8,0x1722,
  0x176c,0x17b2,0x17f6,0x1836,0x1874,0x18ae,0x18e2,0x190e,0x1936,0x1952,0x1960,0x1962,
  0x1964,0x1966,0x1968,0x196a,0x196c,0x196e,0x1970,0x1972,0x1974,0x1976,0x1978,0x197a,
  0x197c,0x197e,0x1980,0x1982,0x1984,0x1986,0x1988,0x198a,0x198c,0x198e,0x1990,0x1992,
  0x1994,0x1996,0x1998,0x199a,0x199c,0x199e,0x19a0,0x19a2,0x19a4,
};

static const PackedRows upper_lid = {upper_lid_data, upper_lid_offsets, 128, 128, 1};

static const uint8_t lower_lid_data[] = {
  0xff,0xff,0xff,0xff,0xff,0xff,0xff,0xff,0xff,0xff,0xff,0xff,0xff,0xff,0xff,0xff,
  0xff,0xff,0xff,0xff,0xff,0xff,0xff,0xff,0xff,0xff,0xff,0xff,0xff,0xff,0xff,0xff,
  0xff,0xff,0xff,0xff,0xff,0xff,0xff,0xff,0xff,0xff,0xff,0xff,0xff,0xff,0xff,0xff,
  0xff,0xff,0xff,0xff,0xff,0xff,0xff,0xff,0xff,0xff,0xff,0xff,0xff,0xff,0xff,0xff,
  0xff,0xff,0xff,0xff,0xff,0xff,0xff,0xff,0xff,0xff,0xff,0xff,0xff,0xff,0xff,0xff,
  0xff,0xff,0xff,0xff,0xff,0xff,0xff,0xff,0xff,0xff,0xff,0xff,0xff,0xff,0xff,0xff,
  0xff,0xff,0xff,0xff,0xff,0xff,0xff,0xff,0xff,0xff,0xff,0xff,0xff,0xff,0xff,0xff,
  0xff,0xff,0xff,0xff,0xff,0xff,0xff,0xff,0xff,0xff,0xff,0xff,0xff,0xff,0xff,0xff,
  0xff,0xff,0xff,0xff,0x00,0xf8,0xfd,0xff,0x00,0xf8,0x00,0xc7,0xfd,0xff,0x00,0xc7,
  0x00,0x91,0xfd,0xff,0x00,0x91,0x01,0x5c,0xf4,0xfb,0xff,0x01,0xf4,0x5c,0x01,0x27,
  0xd3,0xfb,0xff,0x01,0xd3,0x27,0x02,0x04,0xb2,0xf2,0xf9,0xff,0x02,0xf2,0xb2,0x04,
  0x03,0x02,0x91,0xd7,0xfd,0xf7,0xff,0x03,0xfd,0xd7,0x91,0x02,0x03,0x01,0x70,0xbd,
  0xe8,0xf7,0xff,0x03,0xe8,0xbd,0x71,0x01,0x04,0x00,0x4f,0xa3,0xd1,0xef,0xf5,0xff,
  0x04,0xef,0xd1,0xa3,0x4f,0x00,0x05,0x00,0x2e,0x89,0xba,0xda,0xf2,0xf3,0xff,0x05,
  0xf2,0xda,0xba,0x89,0x2e,0x00,0x06,0x00,0x0d,0x6e,0xa3,0xc6,0xdf,0xf2,0xf1,0xff,
  0x06,0xf2,0xdf,0xc6,0xa3,0x6e,0x0d,0x00,0x08,0x00,0x01,0x54,0x8d,0xb2,0xcd,0xe1,
  0xf2,0xfe,0xed,0xff,0x08,0xfe,0xf2,0xe1,0xcd,0xb2,0x8d,0x54,0x01,0x00,0x09,0x00,
  0x01,0x3a,0x76,0x9e,0xba,0xd0,0xe2,0xef,0xfb,0xeb,0xff,0x09,0xfb,0xef,0xe2,0xd0,
  0xba,0x9e,0x76,0x3a,0x01,0x00,0x0a,0x00,0x00,0x1f,0x60,0x8a,0xa8,0xbf,0xd1,0xe0,
  0xed,0xf8,0xe9,0xff,0x0a,0xf8,0xed,0xe0,0xd1,0xbf,0xa8,0x8a,0x60,0x1f,0x00,0x00,
  0x0c,0x00,0x00,0x06,0x49,0x75,0x95,0xae,0xc1,0xd1,0xde,0xea,0xf3,0xfc,0xe5,0xff,
  0x0c,0xfc,0xf3,0xea,0xde,0xd1,0xc1,0xae,0x95,0x75,0x49,0x06,0x00,0x00,0x0e,0x00,
  0x00,0x01,0x32,0x61,0x83,0x9d,0xb1,0xc2,0xd0,0xdc,0xe6,0xef,0xf7,0xfe,0xe1,0xff,
  0x0e,0xfe,0xf7,0xef,0xe6,0xdc,0xd0,0xc2,0xb1,0x9d,0x83,0x61,0x32,0x01,0x00,0x00,
  0x82,0x00,0x0d,0x1c,0x4d,0x70,0x8b,0xa1,0xb2,0xc1,0xce,0xd9,0xe2,0xeb,0xf2,0xf9,
  0xfe,0xdd,0xff,0x0d,0xfe,0xf9,0xf2,0xeb,0xe2,0xd9,0xce,0xc1,0xb2,0xa1,0x8b,0x70,
  0x4d,0x1c,0x82,0x00,0x82,0x00,0x0f,0x05,0x39,0x5e,0x7a,0x91,0xa3,0xb3,0xc0,0xcb,
  0xd5,0xde,0xe6,0xed,0xf3,0xf9,0xfe,0xd9,0xff,0x0f,0xfe,0xf9,0xf3,0xed,0xe6,0xde,
  0xd5,0xcb,0xc0,0xb3,0xa3,0x91,0x7a,0x5e,0x39,0x05,0x82,0x00,0x82,0x00,0x11,0x01,
  0x24,0x4b,0x69,0x81,0x94,0xa4,0xb2,0xbe,0xc8,0xd2,0xda,0xe1,0xe8,0xee,0xf4,0xf9,
  0xfd,0xd5,0xff,0x11,0xfd,0xf9,0xf4,0xee,0xe8,0xe1,0xda,0xd2,0xc8,0xbe,0xb2,0xa4,
  0x94,0x81,0x69,0x4b,0x24,0x01,0x82,0x00,0x83,0x00,0x13,0x10,0x39,0x58,0x71,0x85,
  0x96,0xa4,0xb0,0xbb,0xc5,0xce,0xd5,0xdc,0xe3,0xe9,0xee,0xf3,0xf7,0xfb,0xfe,0xcf,
  0xff,0x13,0xfe,0xfb,0xf7,0xf3,0xee,0xe9,0xe3,0xdc,0xd5,0xce,0xc5,0xbb,0xb0,0xa4,
  0x96,0x84,0x71,0x58,0x39,0x10,0x83,0x00,0x83,0x00,0x16,0x01,0x26,0x47,0x61,0x75,
  0x87,0x96,0xa3,0xaf,0xb8,0xc2,0xca,0xd1,0xd7,0xdd,0xe3,0xe8,0xed,0xf1,0xf5,0xf9,
  0xfc,0xfe,0xc9,0xff,0x16,0xfe,0xfc,0xf9,0xf5,0xf1,0xed,0xe8,0xe3,0xdd,0xd7,0xd1,
  0xca,0xc2,0xb8,0xaf,0xa3,0x96,0x87,0x75,0x61,0x47,0x26,0x01,0x83,0x00,0x84,0x00,
  0x18,0x13,0x35,0x50,0x66,0x78,0x88,0x96,0xa2,0xac,0xb5,0xbe,0xc5,0xcc,0xd3,0xd8,
  0xdd,0xe2,0xe7,0xeb,0xef,0xf2,0xf6,0xf9,0xfc,0xfe,0xc3,0xff,0x18,0xfe,0xfc,0xf9,
  0xf6,0xf2,0xef,0xeb,0xe7,0xe2,0xdd,0xd8,0xd3,0xcc,0xc5,0xbe,0xb5,0xac,0xa2,0x96,
  0x88,0x78,0x66,0x50,0x35,0x13,0x84,0x00,0x84,0x00,0x1b,0x03,0x24,0x40,0x57,0x6a,
  0x7a,0x88,0x95,0x9f,0xa9,0xb2,0xba,0xc1,0xc8,0xcd,0xd3,0xd8,0xdd,0xe1,0xe5,0xe9,
  0xec,0xf0,0xf3,0xf5,0xf8,0xfb,0xfd,0xbd,0xff,0x1b,0xfd,0xfb,0xf8,0xf5,0xf3,0xf0,
  0xec,0xe9,0xe5,0xe1,0xdd,0xd8,0xd3,0xcd,0xc8,0xc1,0xba,0xb2,0xa9,0x9f,0x95,0x88,
  0x7a,0x6a,0x57,0x40,0x24,0x03,0x84,0x00,0x85,0x00,0x1f,0x13,0x30,0x47,0x5b,0x6c,
  0x7b,0x88,0x93,0x9d,0xa6,0xae,0xb6,0xbd,0xc3,0xc8,0xce,0xd2,0xd7,0xdb,0xdf,0xe3,
  0xe6,0xe9,0xec,0xef,0xf1,0xf4,0xf7,0xf9,0xfb,0xfc,0xfe,0xb3,0xff,0x1f,0xfe,0xfc,
  0xfb,0xf9,0xf7,0xf4,0xf1,0xef,0xec,0xe9,0xe6,0xe3,0xdf,0xdb,0xd7,0xd2,0xce,0xc8,
  0xc3,0xbd,0xb6,0xae,0xa6,0x9d,0x93,0x88,0x7b,0x6c,0x5b,0x47,0x30,0x13,0x85,0x00,
  0x85,0x00,0x25,0x03,0x20,0x38,0x4d,0x5e,0x6d,0x7b,0x86,0x91,0x9a,0xa3,0xaa,0xb2,
  0xb8,0xbe,0xc3,0xc8,0xcd,0xd1,0xd5,0xd9,0xdd,0xe0,0xe3,0xe6,0xe8,0xeb,0xee,0xf0,
  0xf2,0xf4,0xf6,0xf8,0xf9,0xfb,0xfc,0xfd,0xfe,0xa7,0xff,0x25,0xfe,0xfd,0xfc,0xfb,
  0xf9,0xf8,0xf6,0xf4,0xf2,0xf0,0xee,0xeb,0xe8,0xe6,0xe3,0xe0,0xdd,0xd9,0xd5,0xd1,
  0xcd,0xc8,0xc3,0xbe,0xb8,0xb2,0xaa,0xa3,0x9a,0x91,0x86,0x7b,0x6d,0x5e,0x4d,0x38,
  0x20,0x03,0x85,0x00,0x86,0x00,0x2c,0x10,0x29,0x3e,0x50,0x60,0x6e,0x7a,0x85,0x8e,
  0x97,0x9f,0xa7,0xad,0xb3,0xb9,0xbe,0xc3,0xc7,0xcc,0xcf,0xd3,0xd6,0xda,0xdc,0xdf,
  0xe2,0xe5,0xe7,0xe9,0xeb,0xed,0xef,0xf1,0xf2,0xf4,0xf5,0xf7,0xf8,0xf9,0xfa,0xfb,
  0xfc,0xfd,0xfe,0xfe,0x97,0xff,0x2c,0xfe,0xfe,0xfd,0xfc,0xfb,0xfa,0xf9,0xf8,0xf7,
  0xf5,0xf4,0xf2,0xf1,0xef,0xed,0xeb,0xe9,0xe7,0xe5,0xe2,0xdf,0xdc,0xda,0xd6,0xd3,
  0xcf,0xcc,0xc7,0xc3,0xbe,0xb9,0xb3,0xad,0xa7,0x9f,0x97,0x8e,0x85,0x7a,0x6e,0x60,
  0x50,0x3e,0x29,0x10,0x86,0x00,0x86,0x00,0x30,0x02,0x19,0x2f,0x42,0x52,0x61,0x6d,
  0x79,0x82,0x8c,0x94,0x9b,0xa2,0xa9,0xae,0xb4,0xb9,0xbd,0xc2,0xc6,0xca,0xcd,0xd0,
  0xd4,0xd6,0xd9,0xdc,0xde,0xe0,0xe2,0xe4,0xe7,0xe8,0xea,0xeb,0xed,0xee,0xf0,0xf1,
  0xf2,0xf3,0xf4,0xf5,0xf6,0xf7,0xf7,0xf8,0xf8,0xf9,0x83,0xfa,0x87,0xfb,0x83,0xfa,
  0x30,0xf9,0xf8,0xf8,0xf7,0xf7,0xf6,0xf5,0xf4,0xf3,0xf2,0xf1,0xf0,0xee,0xed,0xeb,
  0xea,0xe8,0xe7,0xe4,0xe2,0xe0,0xde,0xdc,0xd9,0xd6,0xd4,0xd0,0xcd,0xca,0xc6,0xc2,
  0xbd,0xb9,0xb4,0xae,0xa9,0xa2,0x9b,0x94,0x8c,0x82,0x79,0x6d,0x61,0x52,0x42,0x2f,
  0x19,0x02,0x86,0x00,0x87,0x00,0x2f,0x0a,0x21,0x34,0x45,0x54,0x61,0x6c,0x77,0x80,
  0x89,0x90,0x97,0x9e,0xa4,0xaa,0xaf,0xb3,0xb8,0xbc,0xc0,0xc4,0xc7,0xca,0xcd,0xd0,
  0xd3,0xd5,0xd7,0xda,0xdc,0xde,0xe0,0xe1,0xe3,0xe5,0xe6,0xe8,0xe9,0xea,0xeb,0xec,
  0xed,0xee,0xef,0xef,0xf0,0xf0,0xf1,0x83,0xf2,0x87,0xf3,0x83,0xf2,0x2f,0xf1,0xf0,
  0xf0,0xef,0xef,0xee,0xed,0xec,0xeb,0xea,0xe9,0xe8,0xe6,0xe5,0xe3,0xe1,0xe0,0xde,
  0xdc,0xda,0xd7,0xd5,0xd3,0xd0,0xcd,0xca,0xc7,0xc4,0xc0,0xbc,0xb8,0xb3,0xaf,0xaa,
  0xa4,0x9e,0x97,0x90,0x89,0x80,0x77,0x6c,0x61,0x54,0x45,0x34,0x21,0x0a,0x87,0x00,
  0x87,0x00,0x2f,0x01,0x12,0x26,0x37,0x47,0x54,0x60,0x6b,0x75,0x7d,0x85,0x8d,0x93,
  0x9a,0x9f,0xa5,0xaa,0xae,0xb3,0xb7,0xba,0xbe,0xc1,0xc4,0xc7,0xca,0xcc,0xcf,0xd1,
  0xd3,0xd5,0xd7,0xd9,0xdb,0xdc,0xde,0xdf,0xe1,0xe2,0xe3,0xe4,0xe5,0xe6,0xe7,0xe7,
  0xe8,0xe8,0xe9,0x83,0xea,0x87,0xeb,0x83,0xea,0x2f,0xe9,0xe8,0xe8,0xe7,0xe7,0xe6,
  0xe5,0xe4,0xe3,0xe2,0xe1,0xdf,0xde,0xdc,0xdb,0xd9,0xd7,0xd5,0xd3,0xd1,0xcf,0xcc,
  0xca,0xc7,0xc4,0xc1,0xbe,0xba,0xb7,0xb3,0xae,0xaa,0xa5,0x9f,0x9a,0x93,0x8d,0x85,
  0x7d,0x75,0x6b,0x60,0x54,0x47,0x38,0x26,0x12,0x01,0x87,0x00,0x88,0x00,0x2e,0x04,
  0x18,0x2a,0x3a,0x47,0x54,0x5f,0x69,0x72,0x7a,0x82,0x89,0x8f,0x95,0x9b,0xa0,0xa5,
  0xa9,0xad,0xb1,0xb5,0xb8,0xbb,0xbe,0xc1,0xc4,0xc6,0xc9,0xcb,0xcd,0xcf,0xd0,0xd2,
  0xd4,0xd5,0xd7,0xd8,0xd9,0xda,0xdc,0xdd,0xde,0xdf,0xdf,0xe0,0xe0,0xe1,0x82,0xe2,
  0x89,0xe3,0x82,0xe2,0x2e,0xe1,0xe0,0xe0,0xdf,0xdf,0xde,0xdd,0xdc,0xda,0xd9,0xd8,
  0xd7,0xd5,0xd4,0xd2,0xd0,0xcf,0xcd,0xcb,0xc9,0xc6,0xc4,0xc1,0xbe,0xbb,0xb8,0xb5,
  0xb1,0xad,0xa9,0xa5,0xa0,0x9b,0x95,0x8f,0x89,0x82,0x7a,0x72,0x69,0x5f,0x54,0x47,
  0x3a,0x2a,0x18,0x04,0x88,0x00,0x89,0x00,0x2d,0x0a,0x1d,0x2d,0x3b,0x48,0x53,0x5e,
  0x67,0x6f,0x77,0x7e,0x85,0x8b,0x91,0x96,0x9b,0x9f,0xa4,0xa7,0xab,0xaf,0xb2,0xb5,
  0xb8,0xbb,0xbd,0xc0,0xc2,0xc4,0xc6,0xc8,0xca,0xcb,0xcd,0xcf,0xd0,0xd1,0xd2,0xd3,
  0xd5,0xd6,0xd7,0xd7,0xd8,0xd8,0xd9,0x82,0xda,0x89,0xdb,0x82,0xda,0x2d,0xd9,0xd8,
  0xd8,0xd7,0xd7,0xd6,0xd5,0xd3,0xd2,0xd1,0xd0,0xcf,0xcd,0xcb,0xca,0xc8,0xc6,0xc4,
  0xc2,0xc0,0xbd,0xbb,0xb8,0xb5,0xb2,0xaf,0xab,0xa7,0xa4,0x9f,0x9b,0x96,0x91,0x8b,
  0x85,0x7e,0x77,0x6f,0x67,0x5e,0x53,0x48,0x3b,0x2d,0x1d,0x0a,0x89,0x00,0x89,0x00,
  0x2d,0x01,0x0f,0x20,0x2e,0x3c,0x47,0x52,0x5b,0x64,0x6c,0x74,0x7a,0x81,0x87,0x8c,
  0x91,0x96,0x9a,0x9e,0xa2,0xa6,0xa9,0xac,0xaf,0xb2,0xb5,0xb7,0xba,0xbc,0xbe,0xc0,
  0xc2,0xc3,0xc5,0xc7,0xc8,0xc9,0xca,0xcb,0xcc,0xce,0xce,0xcf,0xd0,0xd0,0xd1,0x82,
  0xd2,0x83,0xd3,0x01,0xd4,0xd4,0x83,0xd3,0x82,0xd2,0x2d,0xd1,0xd0,0xd0,0xcf,0xce,
  0xce,0xcc,0xcb,0xca,0xc9,0xc8,0xc7,0xc5,0xc3,0xc2,0xc0,0xbe,0xbc,0xba,0xb7,0xb5,
  0xb2,0xaf,0xac,0xa9,0xa6,0xa2,0x9e,0x9a,0x96,0x91,0x8c,0x87,0x81,0x7a,0x74,0x6c,
  0x64,0x5b,0x52,0x47,0x3c,0x2e,0x20,0x0f,0x01,0x89,0x00,0x8a,0x00,0x2e,0x02,0x13,
  0x22,0x2f,0x3b,0x46,0x50,0x59,0x61,0x69,0x70,0x77,0x7c,0x82,0x87,0x8c,0x91,0x95,
  0x99,0x9c,0xa0,0xa3,0xa6,0xa9,0xac,0xae,0xb1,0xb3,0xb5,0xb7,0xb9,0xbb,0xbd,0xbe,
  0xc0,0xc1,0xc2,0xc3,0xc5,0xc6,0xc6,0xc7,0xc8,0xc9,0xc9,0xca,0xca,0x83,0xcb,0x83,
  0xcc,0x83,0xcb,0x2e,0xca,0xca,0xc9,0xc9,0xc8,0xc7,0xc6,0xc6,0xc5,0xc3,0xc2,0xc1,
  0xc0,0xbe,0xbd,0xbb,0xb9,0xb7,0xb5,0xb3,0xb1,0xae,0xac,0xa9,0xa6,0xa3,0xa0,0x9c,
  0x99,0x95,0x91,0x8c,0x87,0x82,0x7c,0x77,0x70,0x69,0x61,0x59,0x50,0x46,0x3b,0x2f,
  0x22,0x13,0x02,0x8a,0x00,0x8b,0x00,0x2d,0x06,0x15,0x23,0x2f,0x3b,0x45,0x4e,0x56,
  0x5e,0x66,0x6c,0x72,0x78,0x7d,0x82,0x87,0x8b,0x8f,0x93,0x97,0x9a,0x9d,0xa0,0xa3,
  0xa6,0xa8,0xab,0xad,0xaf,0xb1,0xb3,0xb4,0xb6,0xb7,0xb9,0xba,0xbb,0xbc,0xbe,0xbe,
  0xbf,0xc0,0xc1,0xc1,0xc2,0xc2,0x82,0xc3,0x85,0xc4,0x82,0xc3,0x2d,0xc2,0xc2,0xc1,
  0xc1,0xc0,0xbf,0xbe,0xbe,0xbc,0xbb,0xba,0xb9,0xb7,0xb6,0xb4,0xb3,0xb1,0xaf,0xad,
  0xab,0xa8,0xa6,0xa3,0xa0,0x9d,0x9a,0x97,0x93,0x8f,0x8b,0x87,0x82,0x7d,0x78,0x72,
  0x6c,0x66,0x5e,0x56,0x4e,0x45,0x3b,0x2f,0x23,0x15,0x06,0x8b,0x00,0x8c,0x00,0x2b,
  0x09,0x17,0x23,0x2f,0x3a,0x43,0x4c,0x54,0x5b,0x62,0x68,0x6e,0x74,0x79,0x7d,0x82,
  0x86,0x8a,0x8e,0x91,0x94,0x97,0x9a,0x9d,0xa0,0xa2,0xa4,0xa6,0xa8,0xaa,0xac,0xae,
  0xaf,0xb1,0xb2,0xb3,0xb4,0xb5,0xb6,0xb7,0xb8,0xb9,0xb9,0xba,0x82,0xbb,0x87,0xbc,
  0x82,0xbb,0x2b,0xba,0xb9,0xb9,0xb8,0xb7,0xb6,0xb5,0xb4,0xb3,0xb2,0xb1,0xaf,0xae,
  0xac,0xaa,0xa8,0xa6,0xa4,0xa2,0xa0,0x9d,0x9a,0x97,0x94,0x91,0x8e,0x8a,0x86,0x82,
  0x7d,0x79,0x74,0x6e,0x68,0x62,0x5b,0x54,0x4c,0x43,0x3a,0x2f,0x23,0x17,0x09,0x8c,
  0x00,0x8d,0x00,0x2a,0x0b,0x18,0x24,0x2e,0x38,0x41,0x49,0x51,0x58,0x5e,0x64,0x6a,
  0x6f,0x74,0x79,0x7d,0x81,0x85,0x88,0x8c,0x8f,0x92,0x94,0x97,0x9a,0x9c,0x9e,0xa0,
  0xa2,0xa4,0xa5,0xa7,0xa8,0xaa,0xab,0xac,0xad,0xae,0xaf,0xb0,0xb1,0xb1,0xb2,0x82,
  0xb3,0x87,0xb4,0x82,0xb3,0x2a,0xb2,0xb1,0xb1,0xb0,0xaf,0xae,0xad,0xac,0xab,0xaa,
  0xa8,0xa7,0xa5,0xa4,0xa2,0xa0,0x9e,0x9c,0x9a,0x97,0x94,0x92,0x8f,0x8c,0x88,0x85,
  0x81,0x7d,0x79,0x74,0x6f,0x6a,0x64,0x5e,0x58,0x51,0x49,0x41,0x38,0x2e,0x24,0x18,
  0x0b,0x8d,0x00,0x8d,0x00,0x2a,0x01,0x0c,0x18,0x23,0x2d,0x36,0x3f,0x46,0x4e,0x54,
  0x5a,0x60,0x65,0x6a,0x6f,0x74,0x78,0x7b,0x7f,0x83,0x86,0x89,0x8c,0x8e,0x91,0x93,
  0x95,0x98,0x9a,0x9b,0x9d,0x9f,0xa0,0xa2,0xa3,0xa4,0xa5,0xa6,0xa7,0xa8,0xa9,0xaa,
  0xaa,0x82,0xab,0x87,0xac,0x82,0xab,0x2a,0xaa,0xaa,0xa9,0xa8,0xa7,0xa6,0xa5,0xa4,
  0xa3,0xa2,0xa0,0x9f,0x9d,0x9b,0x9a,0x98,0x95,0x93,0x91,0x8e,0x8c,0x89,0x86,0x83,
  0x7f,0x7b,0x78,0x74,0x6f,0x6a,0x65,0x60,0x5a,0x54,0x4e,0x46,0x3f,0x36,0x2d,0x23,
  0x18,0x0c,0x01,0x8d,0x00,0x8e,0x00,0x29,0x01,0x0c,0x18,0x22,0x2b,0x34,0x3c,0x43,
  0x4a,0x50,0x56,0x5c,0x61,0x66,0x6a,0x6f,0x72,0x76,0x7a,0x7d,0x80,0x83,0x86,0x88,
  0x8b,0x8d,0x8f,0x91,0x93,0x95,0x97,0x98,0x9a,0x9b,0x9c,0x9d,0x9e,0x9f,0xa0,0xa1,
  0xa2,0xa2,0x82,0xa3,0x87,0xa4,0x82,0xa3,0x29,0xa2,0xa2,0xa1,0xa0,0x9f,0x9e,0x9d,
  0x9c,0x9b,0x9a,0x98,0x97,0x95,0x93,0x91,0x8f,0x8d,0x8b,0x88,0x86,0x83,0x80,0x7d,
  0x7a,0x76,0x72,0x6f,0x6a,0x66,0x61,0x5c,0x56,0x50,0x4a,0x43,0x3c,0x34,0x2b,0x22,
  0x18,0x0c,0x01,0x8e,0x00,0x8f,0x00,0x2a,0x01,0x0c,0x17,0x20,0x29,0x31,0x39,0x40,
  0x47,0x4d,0x52,0x58,0x5c,0x61,0x65,0x69,0x6d,0x71,0x74,0x77,0x7a,0x7d,0x80,0x82,
  0x85,0x87,0x89,0x8b,0x8d,0x8e,0x90,0x91,0x93,0x94,0x95,0x96,0x97,0x98,0x99,0x9a,
  0x9a,0x9b,0x9b,0x89,0x9c,0x2a,0x9b,0x9b,0x9a,0x9a,0x99,0x98,0x97,0x96,0x95,0x94,
  0x93,0x91,0x90,0x8e,0x8d,0x8b,0x89,0x87,0x85,0x82,0x80,0x7d,0x7a,0x77,0x74,0x71,
  0x6d,0x69,0x65,0x61,0x5c,0x58,0x52,0x4d,0x47,0x40,0x39,0x31,0x29,0x20,0x17,0x0c,
  0x01,0x8f,0x00,0x90,0x00,0x29,0x01,0x0c,0x16,0x1f,0x27,0x2f,0x36,0x3d,0x43,0x49,
  0x4e,0x53,0x58,0x5c,0x60,0x64,0x68,0x6b,0x6f,0x72,0x74,0x77,0x7a,0x7c,0x7e,0x80,
  0x82,0x84,0x86,0x88,0x89,0x8b,0x8c,0x8d,0x8e,0x8f,0x90,0x91,0x92,0x92,0x93,0x93,
  0x89,0x94,0x29,0x93,0x93,0x92,0x92,0x91,0x90,0x8f,0x8e,0x8d,0x8c,0x8b,0x89,0x88,
  0x86,0x84,0x82,0x80,0x7e,0x7c,0x7a,0x77,0x74,0x72,0x6f,0x6b,0x68,0x64,0x60,0x5c,
  0x58,0x53,0x4e,0x49,0x43,0x3d,0x36,0x2f,0x27,0x1f,0x16,0x0c,0x01,0x90,0x00,0x91,
  0x00,0x28,0x01,0x0b,0x14,0x1d,0x25,0x2c,0x33,0x39,0x3f,0x44,0x49,0x4e,0x53,0x57,
  0x5b,0x5f,0x62,0x66,0x69,0x6c,0x6f,0x71,0x74,0x76,0x78,0x7a,0x7c,0x7e,0x7f,0x81,
  0x82,0x84,0x85,0x86,0x87,0x88,0x89,0x8a,0x8a,0x8b,0x8b,0x89,0x8c,0x28,0x8b,0x8b,
  0x8a,0x8a,0x89,0x88,0x87,0x86,0x85,0x84,0x82,0x81,0x7f,0x7e,0x7c,0x7a,0x78,0x76,
  0x74,0x71,0x6f,0x6c,0x69,0x66,0x62,0x5f,0x5b,0x57,0x53,0x4e,0x49,0x44,0x3f,0x39,
  0x33,0x2c,0x25,0x1d,0x14,0x0b,0x01,0x91,0x00,0x92,0x00,0x27,0x01,0x0a,0x12,0x1a,
  0x22,0x29,0x2f,0x35,0x3b,0x40,0x45,0x4a,0x4e,0x52,0x56,0x5a,0x5d,0x60,0x63,0x66,
  0x69,0x6b,0x6e,0x70,0x72,0x74,0x76,0x77,0x79,0x7a,0x7c,0x7d,0x7e,0x7f,0x80,0x81,
  0x82,0x82,0x83,0x83,0x83,0x84,0x01,0x85,0x85,0x83,0x84,0x27,0x83,0x83,0x82,0x82,
  0x81,0x80,0x7f,0x7e,0x7d,0x7c,0x7a,0x79,0x77,0x76,0x74,0x72,0x70,0x6e,0x6b,0x69,
  0x66,0x63,0x60,0x5d,0x5a,0x56,0x52,0x4e,0x4a,0x45,0x40,0x3b,0x35,0x2f,0x29,0x22,
  0x1a,0x12,0x0a,0x01,0x92,0x00,0x93,0x00,0x26,0x01,0x08,0x10,0x18,0x1f,0x26,0x2c,
  0x31,0x37,0x3c,0x41,0x45,0x49,0x4d,0x51,0x54,0x58,0x5b,0x5e,0x60,0x63,0x65,0x67,
  0x69,0x6c,0x6d,0x6f,0x71,0x72,0x74,0x75,0x76,0x77,0x78,0x79,0x7a,0x7a,0x7b,0x7b,
  0x82,0x7c,0x83,0x7d,0x82,0x7c,0x26,0x7b,0x7b,0x7a,0x7a,0x79,0x78,0x77,0x76,0x75,
  0x74,0x72,0x71,0x6f,0x6d,0x6c,0x69,0x67,0x65,0x63,0x60,0x5e,0x5b,0x58,0x54,0x51,
  0x4d,0x49,0x45,0x41,0x3c,0x37,0x31,0x2c,0x26,0x1f,0x18,0x10,0x08,0x01,0x93,0x00,
  0x95,0x00,0x23,0x06,0x0e,0x15,0x1c,0x22,0x28,0x2d,0x32,0x37,0x3c,0x40,0x44,0x48,
  0x4b,0x4f,0x52,0x55,0x58,0x5a,0x5d,0x5f,0x61,0x63,0x65,0x67,0x69,0x6a,0x6b,0x6d,
  0x6e,0x6f,0x70,0x71,0x72,0x72,0x73,0x83,0x74,0x83,0x75,0x83,0x74,0x23,0x73,0x72,
  0x72,0x71,0x70,0x6f,0x6e,0x6d,0x6b,0x6a,0x69,0x67,0x65,0x63,0x61,0x5f,0x5d,0x5a,
  0x58,0x55,0x52,0x4f,0x4b,0x48,0x44,0x40,0x3c,0x37,0x32,0x2d,0x28,0x22,0x1c,0x15,
  0x0e,0x06,0x95,0x00,0x96,0x00,0x22,0x04,0x0b,0x12,0x18,0x1e,0x24,0x29,0x2e,0x33,
  0x37,0x3b,0x3f,0x43,0x46,0x49,0x4c,0x4f,0x52,0x54,0x57,0x59,0x5b,0x5d,0x5f,0x60,
  0x62,0x63,0x65,0x66,0x67,0x68,0x69,0x6a,0x6b,0x6b,0x82,0x6c,0x85,0x6d,0x82,0x6c,
  0x22,0x6b,0x6b,0x6a,0x69,0x68,0x67,0x66,0x65,0x63,0x62,0x60,0x5f,0x5d,0x5b,0x59,
  0x57,0x54,0x52,0x4f,0x4c,0x49,0x46,0x43,0x3f,0x3b,0x37,0x33,0x2e,0x29,0x24,0x1e,
  0x18,0x12,0x0b,0x04,0x96,0x00,0x97,0x00,0x23,0x01,0x08,0x0f,0x15,0x1b,0x20,0x25,
  0x2a,0x2e,0x32,0x36,0x3a,0x3d,0x41,0x44,0x47,0x49,0x4c,0x4e,0x51,0x53,0x55,0x56,
  0x58,0x5a,0x5b,0x5d,0x5e,0x5f,0x60,0x61,0x62,0x63,0x63,0x64,0x64,0x87,0x65,0x23,
  0x64,0x64,0x63,0x63,0x62,0x61,0x60,0x5f,0x5e,0x5d,0x5b,0x5a,0x58,0x56,0x55,0x53,
  0x51,0x4e,0x4c,0x49,0x47,0x44,0x41,0x3d,0x3a,0x36,0x32,0x2e,0x2a,0x25,0x20,0x1b,
  0x15,0x0f,0x08,0x01,0x97,0x00,0x99,0x00,0x21,0x05,0x0b,0x11,0x17,0x1c,0x20,0x25,
  0x29,0x2d,0x31,0x35,0x38,0x3b,0x3e,0x41,0x44,0x46,0x48,0x4a,0x4c,0x4e,0x50,0x52,
  0x53,0x55,0x56,0x57,0x58,0x59,0x5a,0x5b,0x5b,0x5c,0x5c,0x87,0x5d,0x21,0x5c,0x5c,
  0x5b,0x5b,0x5a,0x59,0x58,0x57,0x56,0x55,0x53,0x52,0x50,0x4e,0x4c,0x4a,0x48,0x46,
  0x44,0x41,0x3e,0x3b,0x38,0x35,0x31,0x2d,0x29,0x25,0x20,0x1c,0x17,0x11,0x0b,0x05,
  0x99,0x00,0x9a,0x00,0x20,0x02,0x08,0x0d,0x13,0x17,0x1c,0x21,0x25,0x28,0x2c,0x2f,
  0x33,0x36,0x38,0x3b,0x3e,0x40,0x42,0x44,0x46,0x48,0x4a,0x4b,0x4d,0x4e,0x4f,0x50,
  0x51,0x52,0x53,0x53,0x54,0x54,0x87,0x55,0x20,0x54,0x54,0x53,0x53,0x52,0x51,0x50,
  0x4f,0x4e,0x4d,0x4b,0x4a,0x48,0x46,0x44,0x42,0x40,0x3e,0x3b,0x38,0x36,0x33,0x2f,
  0x2c,0x28,0x25,0x21,0x1c,0x17,0x13,0x0d,0x08,0x02,0x9a,0x00,0x9c,0x00,0x1e,0x04,
  0x09,0x0e,0x13,0x18,0x1c,0x20,0x23,0x27,0x2a,0x2d,0x30,0x33,0x35,0x38,0x3a,0x3c,
  0x3e,0x40,0x41,0x43,0x44,0x46,0x47,0x48,0x49,0x4a,0x4b,0x4b,0x4c,0x4c,0x87,0x4d,
  0x1e,0x4c,0x4c,0x4b,0x4b,0x4a,0x49,0x48,0x47,0x46,0x44,0x43,0x41,0x40,0x3e,0x3c,
  0x3a,0x38,0x35,0x33,0x30,0x2d,0x2a,0x27,0x23,0x20,0x1c,0x18,0x13,0x0e,0x09,0x04,
  0x9c,0x00,0x9d,0x00,0x1c,0x01,0x05,0x0a,0x0f,0x13,0x17,0x1b,0x1e,0x22,0x25,0x28,
  0x2a,0x2d,0x2f,0x32,0x34,0x36,0x38,0x39,0x3b,0x3c,0x3e,0x3f,0x40,0x41,0x42,0x43,
  0x44,0x44,0x89,0x45,0x1c,0x44,0x44,0x43,0x42,0x41,0x40,0x3f,0x3e,0x3c,0x3b,0x39,
  0x38,0x36,0x34,0x32,0x2f,0x2d,0x2a,0x28,0x25,0x22,0x1e,0x1b,0x17,0x13,0x0f,0x0a,
  0x05,0x01,0x9d,0x00,0x9f,0x00,0x1a,0x01,0x06,0x0a,0x0e,0x12,0x15,0x19,0x1c,0x1f,
  0x22,0x25,0x27,0x29,0x2b,0x2e,0x2f,0x31,0x33,0x34,0x36,0x37,0x38,0x39,0x3a,0x3b,
  0x3c,0x3c,0x89,0x3d,0x1a,0x3c,0x3c,0x3b,0x3a,0x39,0x38,0x37,0x36,0x34,0x33,0x31,
  0x2f,0x2e,0x2b,0x29,0x27,0x25,0x22,0x1f,0x1c,0x19,0x15,0x12,0x0e,0x0a,0x06,0x01,
  0x9f,0x00,0xa1,0x00,0x18,0x01,0x05,0x09,0x0d,0x10,0x14,0x17,0x1a,0x1c,0x1f,0x21,
  0x23,0x25,0x27,0x29,0x2b,0x2c,0x2e,0x2f,0x30,0x31,0x32,0x33,0x34,0x34,0x83,0x35,
  0x01,0x36,0x36,0x83,0x35,0x18,0x34,0x34,0x33,0x32,0x31,0x30,0x2f,0x2e,0x2c,0x2b,
  0x29,0x27,0x25,0x23,0x21,0x1f,0x1c,0x1a,0x17,0x14,0x10,0x0d,0x09,0x05,0x01,0xa1,
  0x00,0xa3,0x00,0x16,0x01,0x04,0x08,0x0b,0x0e,0x11,0x14,0x16,0x19,0x1b,0x1d,0x1f,
  0x21,0x23,0x24,0x26,0x27,0x28,0x29,0x2a,0x2b,0x2c,0x2c,0x82,0x2d,0x83,0x2e,0x82,
  0x2d,0x16,0x2c,0x2c,0x2b,0x2a,0x29,0x28,0x27,0x26,0x24,0x23,0x21,0x1f,0x1d,0x1b,
  0x19,0x16,0x14,0x11,0x0e,0x0b,0x08,0x04,0x01,0xa3,0x00,0xa6,0x00,0x13,0x03,0x06,
  0x09,0x0b,0x0e,0x11,0x13,0x15,0x17,0x19,0x1a,0x1c,0x1e,0x1f,0x20,0x21,0x22,0x23,
  0x24,0x24,0x82,0x25,0x83,0x26,0x82,0x25,0x13,0x24,0x24,0x23,0x22,0x21,0x20,0x1f,
  0x1e,0x1c,0x1a,0x19,0x17,0x15,0x13,0x11,0x0e,0x0b,0x09,0x06,0x03,0xa6,0x00,0xa8,
  0x00,0x13,0x01,0x03,0x06,0x08,0x0b,0x0d,0x0f,0x11,0x12,0x14,0x16,0x17,0x18,0x19,
  0x1a,0x1b,0x1c,0x1c,0x1d,0x1d,0x85,0x1e,0x13,0x1d,0x1d,0x1c,0x1c,0x1b,0x1a,0x19,
  0x18,0x17,0x16,0x14,0x12,0x11,0x0f,0x0d,0x0b,0x08,0x06,0x03,0x01,0xa8,0x00,0xab,
  0x00,0x10,0x01,0x02,0x05,0x07,0x09,0x0a,0x0c,0x0d,0x0f,0x10,0x11,0x12,0x13,0x14,
  0x14,0x15,0x15,0x85,0x16,0x10,0x15,0x15,0x14,0x14,0x13,0x12,0x11,0x10,0x0f,0x0d,
  0x0c,0x0a,0x09,0x07,0x05,0x02,0x01,0xab,0x00,0xaf,0x00,0x0b,0x01,0x02,0x04,0x05,
  0x07,0x08,0x09,0x0a,0x0b,0x0c,0x0d,0x0d,0x87,0x0e,0x0b,0x0d,0x0d,0x0c,0x0b,0x0a,
  0x09,0x08,0x07,0x05,0x04,0x02,0x01,0xaf,0x00,0xb4,0x00,0x06,0x01,0x01,0x02,0x03,
  0x04,0x05,0x05,0x87,0x06,0x06,0x05,0x05,0x04,0x03,0x02,0x01,0x01,0xb4,0x00,0xff,
  0x00,0xff,0x00,0xff,0x00,0xff,0x00,
};

static const uint16_t lower_lid_offsets[] = {
  0x0000,0x0002,0x0004,0x0006,0x0008,0x000a,0x000c,0x000e,0x0010,0x0012,0x0014,0x0016,
  0x0018,0x001a,0x001c,0x001e,0x0020,0x0022,0x0024,0x0026,0x0028,0x002a,0x002c,0x002e,
  0x0030,0x0032,0x0034,0x0036,0x0038,0x003a,0x003c,0x003e,0x0040,0x0042,0x0044,0x0046,
  0x0048,0x004a,0x004c,0x004e,0x0050,0x0052,0x0054,0x0056,0x0058,0x005a,0x005c,0x005e,
  0x0060,0x0062,0x0064,0x0066,0x0068,0x006a,0x006c,0x006e,0x0070,0x0072,0x0074,0x0076,
  0x0078,0x007a,0x007c,0x007e,0x0080,0x0082,0x0084,0x008a,0x0090,0x0096,0x009e,0x00a6,
  0x00b0,0x00bc,0x00c8,0x00d6,0x00e6,0x00f8,0x010e,0x0126,0x0140,0x015e,0x0180,0x01a4,
  0x01cc,0x01f8,0x0228,0x025e,0x0298,0x02d8,0x0320,0x0374,0x03d6,0x0444,0x04b0,0x051c,
  0x0586,0x05ee,0x065b,0x06c5,0x072d,0x0791,0x07f3,0x0855,0x08b5,0x0913,0x096f,0x09c9,
  0x0a26,0x0a80,0x0ad4,0x0b26,0x0b76,0x0bc2,0x0c0c,0x0c52,0x0c94,0x0cd2,0x0d11,0x0d4b,
  0x0d7f,0x0daf,0x0dd9,0x0df9,0x0e0f,0x0e11,0x0e13,0x0e15,0x0e17,
};

static const PackedRows lower_lid = {lower_lid_data, lower_lid_offsets, 128, 128, 1};

static const uint16_t human_iris[] = {
  0x2165,0x29c6,0x29a5,0x2185,0x2185,0x2185,0x1964,0x1124,0x1944,0x1924,0x1103,0x2124,
  0x1985,0x1924,0x1944,0x1924,0x10e3,0x1103,0x1924,0x2164,0x2164,0x1923,0x2124,0x1924,
  0x1924,0x1943,0x2986,0x29a5,0x29a5,0x2985,0x2985,0x29a5,0x2165,0x2165,0x29a6,0x2165,
  0x2985,0x2986,0x29c6,0x2945,0x2185,0x29e6,0x29a6,0x2965,0x2986,0x29c6,0x2165,0x2985,
  0x2185,0x21a6,0x2186,0x2986,0x2986,0x2985,0x2966,0x29a6,0x29c7,0x29a6,0x2986,0x2985,
  0x2185,0x2186,0x2186,0x2165,0x2965,0x2145,0x29a6,0x2165,0x2145,0x2165,0x2165,0x2165,
  0x2165,0x2124,0x2186,0x1925,0x2145,0x21a6,0x2165,0x2145,0x2145,0x2144,0x2145,0x2165,
  0x2985,0x2986,0x2185,0x2965,0x2985,0x2185,0x2165,0x2144,0x2185,0x29c6,0x2186,0x2185,
  0x1965,0x1124,0x1924,0x1944,0x1903,0x1903,0x1924,0x2144,0x2144,0x2965,0x1943,0x2164,
  0x2165,0x1944,0x1944,0x1944,0x18c3,0x2165,0x1901,0x2984,0x2983,0x2163,0x2164,0x29c4,
  0x29e5,0x29a5,0x2985,0x29c6,0x2986,0x08e2,0x1903,0x1923,0x2144,0x2985,0x2164,0x2184,
  0x2164,0x1903,0x1924,0x2144,0x2163,0x2143,0x2123,0x2163,0x2163,0x1923,0x2185,0x1965,
  0x1945,0x1965,0x1104,0x1145,0x1945,0x1965,0x2165,0x2185,0x2164,0x1944,0x1903,0x1944,
  0x1944,0x2164,0x1944,0x1944,0x2144,0x1964,0x1924,0x1924,0x1924,0x1103,0x1903,0x1944,
  0x2123,0x2984,0x29a4,0x31c4,0x2964,0x2164,0x2164,0x2164,0x2164,0x2164,0x2143,0x1923,
  0x1923,0x1903,0x1943,0x2164,0x2143,0x1924,0x2164,0x2164,0x2164,0x2984,0x2163,0x2144,
  0x2144,0x2143,0x1923,0x1923,0x1944,0x1924,0x18e3,0x18e3,0x1944,0x1903,0x2145,0x2123,
  0x2164,0x1923,0x2124,0x2124,0x2123,0x2123,0x18e3,0x1923,0x2124,0x2124,0x1923,0x2122,
  0x2163,0x2963,0x2143,0x2143,0x1903,0x1903,0x1903,0x2124,0x1924,0x2164,0x2163,0x2985,
  0x2144,0x2165,0x1904,0x1944,0x2144,0x2124,0x2143,0x2144,0x2144,0x2165,0x2144,0x1924,
  0x2144,0x2144,0x1924,0x1924,0x2144,0x1924,0x1924,0x1924,0x2144,0x2144,0x2144,0x1104,
  0x1924,0x1924,0x2164,0x2164,0x31e6,0x31e7,0x3207,0x29a6,0x31e7,0x29e6,0x21c6,0x1965,
  0x21a5,0x2165,0x2164,0x29a6,0x21a5,0x2145,0x29c6,0x2144,0x1944,0x1924,0x2185,0x2185,
  0x3206,0x2165,0x2185,0x2144,0x2164,0x21a5,0x31e6,0x2985,0x3206,0x31e6,0x29e5,0x31e6,
  0x29a5,0x29c6,0x31e6,0x31e7,0x31e7,0x31c6,0x3227,0x31c6,0x31c6,0x3247,0x3207,0x31e7,
  0x31e7,0x31c6,0x31e6,0x31e6,0x31e6,0x2a07,0x31c6,0x31c7,0x31c6,0x29c6,0x31c6,0x3207,
  0x31e7,0x3208,0x3207,0x31c6,0x29c6,0x31e7,0x31e7,0x29a6,0x31e8,0x39e8,0x29a6,0x29a6,
  0x29c6,0x29c7,0x29a6,0x29c6,0x29c6,0x2985,0x29c6,0x29a7,0x29a6,0x29e7,0x29c6,0x29a6,
  0x2985,0x2185,0x2986,0x2186,0x29c6,0x29c6,0x29e6,0x2986,0x21a5,0x29e7,0x29a6,0x2985,
  0x21a5,0x3207,0x29c6,0x29a6,0x21c6,0x1964,0x2165,0x2185,0x2165,0x2165,0x2144,0x29c6,
  0x29a5,0x31e6,0x2985,0x29a6,0x29c6,0x21a5,0x2185,0x29a5,0x2185,0x2185,0x2184,0x29a5,
  0x29e4,0x29a4,0x29a4,0x3225,0x3a46,0x3226,0x31e6,0x3247,0x3207,0x08a2,0x2144,0x2144,
  0x2985,0x31e6,0x3206,0x29c5,0x2185,0x2164,0x2165,0x29a5,0x29c5,0x29a4,0x29a4,0x29c5,
  0x21a3,0x29a4,0x29c6,0x29e7,0x1965,0x21c6,0x1985,0x21c6,0x21e7,0x29c6,0x29a6,0x29e6,
  0x29a5,0x29a6,0x2165,0x29c6,0x21a6,0x29c6,0x21a5,0x2164,0x2185,0x31c6,0x2186,0x21a6,
  0x2165,0x1944,0x2144,0x2185,0x29a4,0x3205,0x3a26,0x3a05,0x31e5,0x29c6,0x31c6,0x29c5,
  0x29e5,0x31e7,0x29a4,0x29a4,0x2985,0x1943,0x2184,0x31e6,0x29a5,0x2985,0x29a5,0x31e5,
  0x3206,0x29a6,0x31c6,0x31c6,0x29a6,0x29a5,0x2985,0x2165,0x2165,0x2145,0x2144,0x2165,
  0x2185,0x2124,0x2144,0x2184,0x2144,0x2164,0x2165,0x2165,0x29a5,0x2123,0x2144,0x2164,
  0x2965,0x2164,0x2984,0x2984,0x31a4,0x31c4,0x31c4,0x29a3,0x2943,0x2144,0x2144,0x2965,
  0x2965,0x2985,0x29c5,0x29c5,0x2985,0x29a5,0x2965,0x2986,0x29a6,0x29a5,0x29a5,0x29a5,
  0x2164,0x31c6,0x2985,0x2185,0x2985,0x2985,0x2165,0x2164,0x2985,0x2985,0x2165,0x2185,
  0x2985,0x2985,0x2985,0x2165,0x2985,0x2185,0x2985,0x29a5,0x3228,0x3a48,0x3a28,0x3a48,
  0x3227,0x3227,0x2a07,0x2186,0x31e7,0x29c6,0x29c6,0x29e6,0x29e7,0x29c6,0x3207,0x29c6,
  0x2164,0x1985,0x29e7,0x3207,0x3268,0x29c6,0x31c6,0x29a6,0x29c6,0x3206,0x3a68,0x3a27,
  0x4288,0x3a68,0x3a47,0x3a27,0x31c6,0x31e7,0x3a27,0x3a48,0x3a27,0x3a28,0x3a28,0x3a27,
  0x3a48,0x3a48,0x3248,0x3a48,0x3a28,0x3a07,0x3a07,0x3a07,0x4248,0x3a07,0x31e6,0x3a48,
  0x3a28,0x3a08,0x3a07,0x3a07,0x3a48,0x3a48,0x3a48,0x3a28,0x3a28,0x3a28,0x3a48,0x3a28,
  0x4269,0x3a28,0x3207,0x3a48,0x3a08,0x3a49,0x3a28,0x3a28,0x3207,0x31e7,0x3a28,0x3228,
  0x31e7,0x3207,0x3207,0x31e6,0x29c6,0x29e7,0x31e7,0x29e7,0x3207,0x3206,0x3a48,0x31c5,
  0x29e6,0x3268,0x3207,0x31e7,0x31e6,0x3ac9,0x29c7,0x3208,0x2a48,0x29e6,0x2185,0x29c6,
  0x29c6,0x2986,0x29c7,0x2a88,0x3227,0x3226,0x3207,0x3a07,0x3228,0x29e6,0x3207,0x31e6,
  0x29c6,0x29c6,0x29e5,0x2a06,0x3a67,0x3205,0x3205,0x3ac7,0x42a7,0x4268,0x3a48,0x42ca,
  0x3a89,0x21a6,0x2985,0x2185,0x3207,0x3a68,0x3205,0x3226,0x3207,0x29c6,0x31e6,0x3a07,
  0x3a88,0x3206,0x3226,0x3246,0x3a45,0x3227,0x3228,0x3a49,0x21e7,0x21e7,0x29e7,0x3228,
  0x32a9,0x3208,0x3228,0x3228,0x3228,0x29e7,0x29c7,0x3228,0x2a07,0x2a07,0x2a07,0x31e7,
  0x29e7,0x3228,0x2a07,0x3247,0x29c5,0x29c6,0x29e6,0x3207,0x3a47,0x3a67,0x4aa9,0x4a87,
  0x3a46,0x3227,0x31e7,0x31e6,0x3a88,0x3a48,0x3207,0x3a06,0x29c6,0x29c5,0x29a5,0x3207,
  0x31e7,0x31c6,0x3207,0x3248,0x3a89,0x29c6,0x3a48,0x4269,0x3207,0x31c6,0x31e6,0x29e7,
  0x29a6,0x21a5,0x2985,0x2986,0x2965,0x2145,0x2165,0x2165,0x2185,0x2185,0x29c6,0x29c6,
  0x31c6,0x2165,0x2185,0x29c6,0x29c5,0x31e6,0x3206,0x3a06,0x29e5,0x3a25,0x4245,0x3a26,
  0x31a5,0x29c5,0x29a6,0x31c6,0x31c6,0x3206,0x4267,0x3a87,0x31e7,0x3207,0x31c7,0x29e7,
  0x29e6,0x3207,0x3a27,0x3a07,0x29e6,0x3a27,0x3207,0x29a6,0x21a5,0x3207,0x29a6,0x31c6,
  0x31e6,0x31e6,0x31e6,0x3207,0x3207,0x31e6,0x31e6,0x31e7,0x3207,0x3206,0x3a27,0x3207,
  0x42a9,0x4268,0x4289,0x4248,0x3a89,0x4aaa,0x3a68,0x3228,0x31e6,0x2a27,0x3a48,0x3227,
  0x3a68,0x3227,0x3227,0x3227,0x29e7,0x21e7,0x3247,0x3a89,0x3a89,0x3a47,0x3228,0x3a27,
  0x3a47,0x3a67,0x4b0a,0x4289,0x4ae9,0x42c9,0x4289,0x4288,0x39e7,0x3a07,0x4289,0x4268,
  0x4268,0x4288,0x42a9,0x3a48,0x4aa9,0x42a9,0x3a48,0x4228,0x4289,0x4268,0x4268,0x4247,
  0x42a9,0x4248,0x4269,0x4269,0x4289,0x4248,0x4268,0x4268,0x4289,0x4269,0x4289,0x4269,
  0x4289,0x4289,0x4269,0x4269,0x4289,0x4248,0x4248,0x3a68,0x3a69,0x4289,0x4269,0x3a68,
  0x3a48,0x3a27,0x3a69,0x4289,0x3a68,0x3a68,0x3a67,0x3a47,0x3227,0x3248,0x3a27,0x3a28,
  0x3a28,0x4289,0x3a68,0x3a27,0x3207,0x3a28,0x3227,0x3a28,0x3206,0x3b0b,0x29e8,0x3248,
  0x3ac9,0x3227,0x29e6,0x3227,0x29e6,0x31c6,0x3228,0x3aea,0x3a88,0x4309,0x3a68,0x3a27,
  0x42ea,0x3207,0x42ca,0x3a68,0x3248,0x3247,0x3227,0x3247,0x4b4b,0x3a46,0x2a26,0x4308,
  0x536a,0x4ae9,0x42a9,0x536d,0x4b0b,0x3a6a,0x3207,0x31e8,0x3a6a,0x42ca,0x42a9,0x42a8,
  0x3a47,0x3227,0x3a27,0x4268,0x4ae9,0x42a8,0x42a7,0x42a8,0x42a6,0x3a88,0x3aaa,0x3a8a,
  0x3249,0x3249,0x3269,0x3a69,0x32aa,0x3a49,0x3a89,0x42aa,0x3a6a,0x3248,0x3208,0x3a69,
  0x3a49,0x3269,0x3a89,0x3a48,0x3228,0x3a69,0x3248,0x3289,0x3248,0x3207,0x3248,0x3a89,
  0x42c9,0x4b0a,0x5b6c,0x530b,0x42a8,0x3a68,0x31c7,0x4289,0x532b,0x4aea,0x3a88,0x3a48,
  0x31c6,0x21a5,0x3a27,0x3a89,0x42aa,0x3a27,0x3a28,0x4289,0x42a9,0x2a27,0x42aa,0x4b0b,
  0x3a48,0x3a07,0x39e8,0x3a28,0x3a07,0x29c6,0x29a6,0x31e7,0x3207,0x29a5,0x3a09,0x29c6,
  0x29c6,0x29e7,0x3227,0x3a07,0x3207,0x3207,0x29c6,0x3227,0x3a27,0x3a47,0x4a68,0x4267,
  0x4267,0x4266,0x4aa7,0x4266,0x39e6,0x3a47,0x3206,0x3a48,0x3a27,0x4268,0x530b,0x4b2a,
  0x3a48,0x4249,0x3207,0x3a28,0x3a48,0x3a48,0x42a9,0x42ca,0x4289,0x3a68,0x3a27,0x3a48,
  0x31e6,0x3a48,0x3a27,0x3a47,0x4268,0x3a27,0x3a47,0x4289,0x4289,0x3a48,0x3a48,0x4ac9,
  0x4289,0x3a48,0x4268,0x4288,0x42ea,0x42c9,0x4aaa,0x4aa9,0x42ea,0x4aea,0x42c9,0x3a89,
  0x3a47,0x3248,0x4289,0x4289,0x42a9,0x3a68,0x4288,0x3a68,0x3248,0x3248,0x4289,0x4b2b,
  0x4aca,0x4268,0x42aa,0x52ea,0x42c9,0x4aa8,0x4b0b,0x538c,0x538c,0x4b2a,0x4aea,0x4ac9,
  0x4a07,0x4289,0x4aea,0x4ac9,0x4ae9,0x4ac9,0x52ea,0x42a8,0x4ac9,0x52ea,0x4289,0x4aa9,
  0x4aea,0x4aa9,0x4aa9,0x4a89,0x4ac9,0x42a9,0x4aa9,0x4aca,0x4aa9,0x4aa9,0x42a9,0x42a9,
  0x42a9,0x4289,0x42aa,0x4aaa,0x4aa9,0x52eb,0x4269,0x4aaa,0x4aa9,0x4aa9,0x42a9,0x42a9,
  0x42a9,0x42aa,0x4ac9,0x42a9,0x4288,0x3a68,0x42ca,0x4aea,0x42ca,0x4aca,0x42a9,0x3a88,
  0x3a89,0x3a68,0x3a48,0x4249,0x3a48,0x42a9,0x3a28,0x4269,0x3a48,0x3a28,0x3a68,0x3a68,
  0x3205,0x536b,0x31e9,0x3a68,0x432b,0x3a68,0x3207,0x3267,0x3206,0x3207,0x3a68,0x42a9,
  0x4b09,0x536d,0x4288,0x3aa8,0x4b2b,0x42a9,0x42c9,0x4289,0x3a68,0x3a88,0x3a88,0x3a88,
  0x42e9,0x3a87,0x3a87,0x538a,0x5bab,0x5b6c,0x430a,0x5bee,0x42ca,0x42ca,0x3227,0x3a69,
  0x428a,0x534c,0x532b,0x432a,0x3a68,0x3a68,0x42a9,0x4aca,0x5b4b,0x532a,0x532a,0x4ae9,
  0x4309,0x4aea,0x42eb,0x3aa9,0x3aaa,0x3aaa,0x328a,0x42cb,0x3269,0x42ab,0x428a,0x4b0c,
  0x42cb,0x3289,0x3a8a,0x42eb,0x3aaa,0x32c9,0x42aa,0x428a,0x3249,0x4aec,0x42ca,0x432b,
  0x3a89,0x3a68,0x3aa9,0x42ea,0x532b,0x536d,0x63ed,0x5b8c,0x5b4c,0x42e9,0x3a48,0x4aea,
  0x638c,0x63cc,0x42ca,0x4288,0x3207,0x3a07,0x3a88,0x4aaa,0x530b,0x42a9,0x4289,0x42a9,
  0x4269,0x42c9,0x4b0b,0x4b2a,0x4268,0x3a47,0x3a27,0x3a68,0x4289,0x3207,0x31c6,0x3a47,
  0x3a08,0x31c7,0x3a08,0x31e6,0x3248,0x3248,0x3a69,0x4289,0x3a69,0x4249,0x2a07,0x3a68,
  0x4248,0x4287,0x52a8,0x4ac8,0x4ac9,0x42a7,0x52a7,0x52c8,0x4247,0x3a88,0x42a8,0x4aaa,
  0x39e7,0x4268,0x53ab,0x5b8d,0x4aca,0x4289,0x3a49,0x42ca,0x4289,0x4aea,0x52ea,0x4b2b,
  0x42ca,0x4aaa,0x4a89,0x4269,0x3a68,0x42c9,0x4287,0x4288,0x4288,0x4287,0x4288,0x42a9,
  0x4288,0x4288,0x4289,0x4ae9,0x530a,0x4268,0x530a,0x4b0a,0x532b,0x42ea,0x4289,0x4b0a,
  0x534b,0x4b2a,0x4b0a,0x4aea,0x42a9,0x3aa8,0x4ae9,0x4aca,0x42ea,0x42c9,0x42c9,0x42ea,
  0x42a9,0x3aa9,0x530b,0x53ad,0x52ec,0x4b0b,0x534c,0x5b8d,0x5b6b,0x5b2b,0x5b4b,0x642e,
  0x5bcd,0x5b6c,0x536b,0x530b,0x5208,0x530a,0x534b,0x52e9,0x5b4b,0x530a,0x4b09,0x4ac9,
  0x530a,0x4aea,0x42c9,0x4aca,0x530a,0x4ae9,0x52ea,0x52ea,0x4ac9,0x4aea,0x4aa9,0x4aca,
  0x4aca,0x4aca,0x52ea,0x4aa9,0x4aa8,0x4aca,0x4aea,0x52ea,0x52ea,0x52ea,0x4aa9,0x4aea,
  0x530b,0x530b,0x4aeb,0x4aeb,0x4aea,0x4b0a,0x5b4b,0x4aea,0x4ac9,0x3a68,0x4aea,0x534c,
  0x4aea,0x4b0b,0x4b0a,0x42c9,0x4aea,0x42ea,0x4249,0x42a9,0x4289,0x42a9,0x4aca,0x42aa,
  0x532c,0x42aa,0x42ca,0x3aa9,0x4248,0x5bac,0x3aca,0x3a88,0x530b,0x3aa8,0x3a47,0x3226,
  0x3227,0x3a68,0x2a27,0x4b0a,0x4b2a,0x63ed,0x3a66,0x42e9,0x53ac,0x4b0b,0x42c8,0x42c9,
  0x42c9,0x4ac9,0x4aa9,0x3a45,0x532a,0x42c9,0x42e8,0x5bcb,0x6c2d,0x640d,0x4b0a,0x74b1,
  0x4aca,0x42ca,0x3a69,0x428a,0x4acb,0x5bad,0x5bce,0x53ce,0x4289,0x4289,0x4b0b,0x5b2b,
  0x63cd,0x5bac,0x5bad,0x536a,0x534a,0x4b4b,0x432b,0x430b,0x428a,0x430b,0x42ca,0x4aeb,
  0x42ca,0x4b4d,0x5b2d,0x534d,0x534d,0x3b0b,0x3269,0x4b0c,0x4b4d,0x434c,0x42cb,0x42ab,
  0x32eb,0x63ad,0x4b0b,0x3aab,0x4b2b,0x42ca,0x4b0b,0x4b4a,0x5bce,0x642e,0x6c0e,0x5b4c,
  0x532b,0x4b2a,0x4b0a,0x5b8b,0x7410,0x640d,0x4b2a,0x4aa9,0x3a28,0x4268,0x4289,0x530a,
  0x5b2b,0x530a,0x4aea,0x530b,0x4aea,0x42ea,0x534b,0x5bcd,0x42a9,0x4247,0x4267,0x42a8,
  0x4aca,0x3a48,0x3207,0x3a47,0x4248,0x4289,0x3a68,0x4268,0x42aa,0x3a89,0x42aa,0x42ca,
  0x4249,0x3a48,0x3207,0x4aca,0x4b09,0x52a7,0x4b08,0x534a,0x4b09,0x4266,0x5308,0x5b09,
  0x4ac8,0x42c6,0x4ae8,0x530a,0x4248,0x4ae9,0x536b,0x63ad,0x530b,0x4b0b,0x428a,0x4b0a,
  0x4aea,0x532b,0x5b8d,0x534c,0x532b,0x426a,0x530b,0x4aea,0x42a9,0x4ae9,0x4ac9,0x4aa8,
  0x5309,0x5308,0x52e8,0x4ac8,0x4ae9,0x4ae9,0x4b09,0x530a,0x534a,0x532a,0x5b6c,0x538b,
  0x534c,0x4b0a,0x4aea,0x4b4b,0x532c,0x5bac,0x534b,0x534b,0x4aca,0x42ea,0x532a,0x532b,
  0x4b09,0x4b0a,0x4b2b,0x532b,0x4b0b,0x4aca,0x4b0c,0x5bad,0x5b8c,0x5b8c,0x5c4e,0x63ee,
  0x744e,0x63ed,0x6bae,0x7cd1,0x6c4d,0x63ae,0x640e,0x5b6b,0x530b,0x5b8d,0x5bad,0x534b,
  0x5b8c,0x5b6c,0x5329,0x532a,0x5b4b,0x5b6b,0x52ea,0x52ea,0x532a,0x5309,0x532a,0x530a,
  0x530a,0x4aa9,0x52ea,0x530b,0x530a,0x52ea,0x530a,0x4ac9,0x4ae9,0x4aea,0x4aea,0x530b,
  0x4aea,0x52eb,0x530a,0x4aca,0x52ea,0x530b,0x52eb,0x52eb,0x52ca,0x530b,0x5b6b,0x530a,
  0x532a,0x4288,0x532b,0x5b4c,0x4b2b,0x532b,0x5b4b,0x534b,0x4b0b,0x5b4c,0x4acb,0x4aea,
  0x4aca,0x4aca,0x4aeb,0x4aeb,0x5b4c,0x52eb,0x42ea,0x4b29,0x4228,0x6c2f,0x42ea,0x42ca,
  0x4aea,0x42e7,0x42a8,0x2a46,0x3aa8,0x42ca,0x42a9,0x4b49,0x5349,0x740f,0x42e5,0x4268,
  0x5bed,0x534b,0x4b09,0x4ae9,0x4b2a,0x4b2a,0x4ac9,0x4aa8,0x532a,0x5bad,0x5bac,0x6c4e,
  0x7470,0x6c70,0x63ce,0x7490,0x534b,0x4aeb,0x4289,0x4aab,0x532c,0x6bee,0x6cd1,0x53ae,
  0x42aa,0x42aa,0x538c,0x5b6c,0x6c0f,0x5bcd,0x742f,0x63cc,0x5b8b,0x538c,0x4b4c,0x4b6c,
  0x4b2b,0x430b,0x4aea,0x534c,0x42ea,0x53ee,0x7471,0x63ee,0x6baf,0x53ce,0x52ea,0x5baf,
  0x538d,0x4b8d,0x4b0c,0x42eb,0x534d,0x5b8d,0x530c,0x4b2b,0x4b6c,0x4b2b,0x532b,0x536b,
  0x640d,0x7490,0x742d,0x63ac,0x5b4c,0x42ca,0x536b,0x63cc,0x7cb0,0x63ed,0x538b,0x4b0a,
  0x4289,0x42a9,0x4ac9,0x5b8b,0x5b6b,0x5b8b,0x5329,0x536a,0x5b6c,0x4b0a,0x5bac,0x5bed,
  0x4aea,0x4288,0x4ac8,0x4aa8,0x532b,0x42a9,0x3a48,0x4268,0x4aca,0x4aa9,0x42a9,0x4b0b,
  0x4aea,0x4aeb,0x4269,0x42ca,0x430a,0x3aca,0x3a27,0x4ae9,0x5b28,0x52c7,0x5348,0x5bab,
  0x5b4a,0x4aa8,0x5ae8,0x5b49,0x5308,0x5349,0x532a,0x5b4a,0x530a,0x52e9,0x5b8b,0x7c4f,
  0x5b4b,0x5b6c,0x530b,0x4b2c,0x430b,0x5bad,0x5b8c,0x5b6d,0x4b0b,0x52cb,0x5bac,0x534b,
  0x52ea,0x52e9,0x534a,0x532a,0x5b6a,0x5b6a,0x6349,0x5b6a,0x4288,0x5b6a,0x5b6a,0x532b,
  0x5b8b,0x5bac,0x63cd,0x5bed,0x5b8c,0x4b0a,0x4b2b,0x5bad,0x532c,0x640d,0x536d,0x5b6d,
  0x536c,0x3ac9,0x530b,0x534b,0x534b,0x434b,0x536c,0x5b4c,0x536b,0x532b,0x5b6e,0x63ee,
  0x5bed,0x63ee,0x644e,0x642e,0x746f,0x6c4e,0x6c4e,0x84af,0x74ee,0x73ef,0x6c6f,0x5bcb,
  0x5b8c,0x6431,0x5bcc,0x640d,0x63ad,0x5b8c,0x536a,0x5b8b,0x5b8c,0x5b6a,0x4ae9,0x532b,
  0x5b8b,0x5b6a,0x5b2b,0x5b0a,0x532b,0x4aca,0x530a,0x52ea,0x530b,0x530b,0x532a,0x532a,
  0x530a,0x52ea,0x530b,0x530b,0x530b,0x52ea,0x4ae9,0x4ae9,0x532a,0x52ea,0x530b,0x52eb,
  0x5b0b,0x5b4b,0x5b6c,0x5b4c,0x5b4c,0x4aea,0x4b4b,0x5b8c,0x5b6c,0x5b6d,0x5b6d,0x5b8c,
  0x5b6d,0x5b4c,0x532c,0x52ea,0x530b,0x4b0a,0x532c,0x532b,0x5b6c,0x5b4b,0x4b2b,0x4b08,
  0x42a7,0x5bcd,0x534b,0x430a,0x538b,0x4b49,0x42e8,0x42c9,0x42c9,0x4ac9,0x4aea,0x4b49,
  0x5b89,0x9591,0x4aa3,0x3a47,0x642e,0x4b2b,0x530a,0x538b,0x534a,0x4b09,0x4b0a,0x530a,
  0x532a,0x5b6c,0x6470,0x7d32,0x7d12,0x6c91,0x7490,0x7d12,0x430a,0x42ea,0x3a68,0x4aaa,
  0x532c,0x742f,0x7d51,0x5bce,0x4aeb,0x42ca,0x5bad,0x63ad,0x6bee,0x6bee,0x744f,0x742e,
  0x5b6c,0x53ad,0x53ce,0x4b8d,0x534c,0x4b4c,0x534b,0x4b2b,0x5bad,0x74b1,0x7c92,0x6490,
  0x6b8f,0x5c30,0x63cf,0x5bee,0x5bce,0x5c0f,0x534c,0x534c,0x5b8d,0x644e,0x4b2b,0x534c,
  0x5bad,0x5b8d,0x5309,0x5bec,0x6bee,0x6c6e,0x7c8f,0x6c2d,0x5b6b,0x532b,0x5b8b,0x6bed,
  0x7cf0,0x7c90,0x5b2b,0x5b8d,0x52ea,0x4aca,0x532a,0x63ab,0x6bcd,0x6bec,0x5b8b,0x63cc,
  0x6c0b,0x4b2c,0x63cc,0x63ed,0x534a,0x538a,0x4b09,0x532a,0x5b6c,0x4b09,0x3a48,0x4a88,
  0x5329,0x52e9,0x4b2a,0x532b,0x4aeb,0x530b,0x4aca,0x4b2b,0x4b4b,0x4aca,0x4268,0x638a,
  0x6349,0x5b08,0x6ba9,0x63cb,0x5b6a,0x5309,0x5b08,0x6388,0x5b48,0x5b8a,0x534a,0x5bab,
  0x530a,0x5b4b,0x744c,0x742d,0x63ac,0x636c,0x638d,0x534c,0x4b0b,0x5b8d,0x5bad,0x5b8d,
  0x4aeb,0x5b0c,0x746e,0x5b8c,0x5b0b,0x5b8b,0x5b8b,0x538a,0x5b8a,0x63ec,0x6bab,0x63cb,
  0x534b,0x5bab,0x63ab,0x5b4c,0x63ac,0x6bec,0x742f,0x642e,0x63ce,0x534c,0x534b,0x53ae,
  0x536d,0x642f,0x5bae,0x5b0c,0x64b0,0x4aea,0x536c,0x6c4f,0x640e,0x5bac,0x638d,0x5b8d,
  0x5bed,0x5b8c,0x63ae,0x6c4f,0x6c4f,0x63ed,0x6c2d,0x642d,0x74af,0x6c4d,0x748e,0x7ccf,
  0x7cef,0x6bee,0x74b0,0x6c0c,0x63ab,0x6470,0x5c0e,0x6c8f,0x744f,0x640e,0x5bad,0x63ec,
  0x642d,0x5b6b,0x4269,0x638c,0x63ac,0x6bcc,0x5b8b,0x5b2b,0x5b4b,0x532a,0x530a,0x5b2b,
  0x530a,0x532a,0x5b8b,0x5b6a,0x5b4a,0x52ea,0x5b2b,0x52ea,0x52ea,0x52e9,0x530a,0x530a,
  0x532a,0x532a,0x4aea,0x530a,0x5b2b,0x5b4c,0x5b4c,0x5b4c,0x532c,0x532b,0x536c,0x5b2b,
  0x636d,0x5b8d,0x5b6c,0x638d,0x7430,0x5b2b,0x5b2c,0x530b,0x534a,0x530a,0x5b8c,0x536b,
  0x5bac,0x63ec,0x5b6b,0x4b08,0x4ae8,0x53ac,0x5bad,0x536c,0x53cb,0x5b8b,0x42c8,0x534b,
  0x4b2a,0x4aaa,0x4b2a,0x5b4b,0x53cb,0x95d1,0x39c3,0x432a,0x640e,0x536c,0x4aea,0x5bac,
  0x5b6b,0x534a,0x534b,0x5b6b,0x532b,0x5bcd,0x74f2,0x8593,0x8574,0x7d32,0x8532,0x95b4,
  0x63ed,0x532b,0x4b2b,0x534b,0x5bad,0x84b2,0x8df4,0x6451,0x4aca,0x4b0b,0x5bad,0x6bad,
  0x740e,0x6c2e,0x6c4e,0x6c4e,0x638d,0x5bad,0x53ad,0x53ce,0x5b8d,0x534c,0x5b8c,0x5b8c,
  0x6c2f,0x84d2,0x7d13,0x74f3,0x7450,0x6bf0,0x642f,0x63ce,0x63ad,0x5c4f,0x5bac,0x536b,
  0x63ed,0x642e,0x638d,0x63cd,0x5bad,0x5bcd,0x5344,0x63ec,0x6c2d,0x7cef,0x84cf,0x746d,
  0x5b8b,0x4b0a,0x5bad,0x6c2e,0x8551,0x7d0f,0x742f,0x6bce,0x532a,0x52ea,0x530a,0x63ed,
  0x6c0c,0x846f,0x5bab,0x63cd,0x640e,0x5bad,0x6c6e,0x6c2d,0x6c2d,0x53aa,0x5b6b,0x5b4a,
  0x5b8b,0x5b8b,0x4289,0x3a65,0x5b8a,0x5349,0x532a,0x532b,0x4aca,0x63cd,0x534b,0x5b8c,
  0x4aaa,0x532a,0x4288,0x638a,0x5b69,0x6b69,0x740a,0x63ab,0x638b,0x5ac9,0x5b8a,0x63aa,
  0x6388,0x5b6a,0x63cc,0x6c0c,0x5aea,0x63ac,0x84ae,0x746d,0x6c6d,0x5b2c,0x636d,0x5b8d,
  0x532b,0x5b8d,0x63ee,0x5bac,0x534c,0x63cd,0x746f,0x63cd,0x638c,0x6bcc,0x6c0d,0x6c0d,
  0x63cb,0x63ca,0x6bcc,0x640c,0x63cd,0x6c2d,0x746e,0x63ad,0x6c0d,0x740e,0x7c70,0x7470,
  0x63ef,0x5b6c,0x534c,0x538d,0x3a8c,0x644e,0x53ef,0x63ad,0x5bee,0x5bad,0x5bcd,0x646f,
  0x6c0f,0x63ee,0x534b,0x63ed,0x642e,0x63ee,0x6c2f,0x6c6f,0x74f1,0x6c2e,0x7c8e,0x748e,
  0x6c6e,0x748d,0x74ad,0x7cad,0x84ce,0x6c8d,0x6c0d,0x744d,0x6bec,0x6c4e,0x5c2f,0x74af,
  0x746f,0x6c2e,0x5c0d,0x6c4e,0x746e,0x5b6b,0x5b4b,0x640d,0x6c0d,0x63ac,0x6c0d,0x638c,
  0x5b6b,0x5b4b,0x5b4b,0x5b4b,0x534b,0x530a,0x5349,0x5b2b,0x530a,0x530b,0x532b,0x532b,
  0x52ea,0x52ea,0x530a,0x532b,0x5b2a,0x532a,0x530a,0x52eb,0x5b0c,0x5b2c,0x5b4c,0x5b6c,
  0x532b,0x5b2c,0x5b6d,0x5b8c,0x63cd,0x63ad,0x63ee,0x5b8c,0x6bee,0x636c,0x538c,0x532a,
  0x4b0a,0x5b4b,0x5bac,0x5b8c,0x5b8b,0x74ae,0x636a,0x4ae7,0x42c8,0x53ad,0x5bcd,0x536c,
  0x5bac,0x5bcb,0x42a9,0x536b,0x4b2a,0x52ea,0x534b,0x5309,0x5bec,0x8531,0x5367,0x5bad,
  0x642e,0x5bad,0x536c,0x644f,0x63cd,0x532b,0x536c,0x5b4c,0x63cd,0x642f,0x8533,0x8df5,
  0x8d53,0x8572,0x9593,0xa616,0x642e,0x530c,0x4b4b,0x4b0b,0x536c,0x7cf3,0x8593,0x6491,
  0x52aa,0x534c,0x5bed,0x63ac,0x6c0e,0x742e,0x6c4e,0x6c2e,0x534c,0x5b8d,0x5bce,0x5bce,
  0x4b0b,0x6410,0x5bed,0x63cd,0x7cf2,0x7d13,0x8533,0x7cb3,0x74b0,0x6c0e,0x646f,0x63ee,
  0x638d,0x642e,0x5bcd,0x5bac,0x742e,0x744d,0x640d,0x536c,0x63ae,0x640e,0x3aa2,0x63ca,
  0x6c4d,0x852f,0x8d30,0x7c6d,0x63ed,0x4b4a,0x63cd,0x6c0e,0x8550,0x8d30,0x74ae,0x638d,
  0x5b4b,0x4b09,0x4b08,0x63ac,0x746d,0x7c6f,0x6c0d,0x5b6c,0x6c0e,0x63ee,0x6c2f,0x6caf,
  0x746f,0x5bcd,0x63cd,0x52ca,0x644d,0x640e,0x4288,0x42c6,0x638b,0x5b2a,0x5349,0x5b4a,
  0x5b6b,0x640e,0x5b8c,0x5b2a,0x532b,0x532b,0x52e9,0x5bab,0x6bca,0x6bea,0x6c0b,0x742c,
  0x638c,0x5309,0x5b6a,0x63eb,0x63a9,0x6bcc,0x640c,0x740e,0x6b2a,0x6c4c,0x7c6d,0x74ae,
  0x742d,0x538d,0x5b4c,0x5c0e,0x5b8c,0x5bad,0x63ad,0x63ed,0x534c,0x6c4e,0x6b2c,0x6bee,
  0x6bee,0x746d,0x6c2d,0x742e,0x640c,0x6c0d,0x6bec,0x6c0d,0x6c0e,0x63cc,0x6c2f,0x5bed,
  0x6c4f,0x7c4f,0x84f2,0x7490,0x63f0,0x536c,0x4b2b,0x536d,0x4b0d,0x6cef,0x642f,0x7491,
  0x5bad,0x4aca,0x5c2d,0x6c4f,0x6c0f,0x63ee,0x5bec,0x6bee,0x644e,0x63cd,0x5c2e,0x744f,
  0x74d0,0x746e,0x7cae,0x6c6d,0x6c6e,0x746d,0x74ad,0x7cad,0x74ce,0x7cae,0x744d,0x744d,
  0x6c2d,0x6c2d,0x6c0e,0x7ccf,0x746e,0x6c2d,0x5bcc,0x6c4d,0x746e,0x63cd,0x5b2c,0x6c4d,
  0x6c0d,0x63ac,0x742e,0x63cd,0x63ad,0x5b6c,0x5b8b,0x5b8b,0x532b,0x532a,0x532b,0x52e9,
  0x52eb,0x5b2b,0x530a,0x5b2b,0x52ea,0x530a,0x530a,0x530a,0x5b2b,0x5b0a,0x530b,0x52eb,
  0x5b4c,0x5b6c,0x5b8d,0x5b6c,0x5b4d,0x5b2c,0x5b8c,0x5bad,0x63ad,0x63cd,0x5bcd,0x5b6b,
  0x636c,0x640e,0x532b,0x5b2b,0x530a,0x538b,0x63ee,0x5b8c,0x4ac8,0x6c0b,0x5b6a,0x52e8,
  0x4b4b,0x5b8c,0x7451,0x538c,0x5bad,0x5b8b,0x4b0a,0x536b,0x534a,0x3b08,0x4b2a,0x4b2a,
  0x7c6f,0x95b4,0x63c9,0x63ad,0x640e,0x5bae,0x5bad,0x640e,0x642e,0x6bce,0x4b4b,0x63ad,
  0x5bcd,0x53ee,0x7510,0x8df5,0x8512,0x8d94,0x95d3,0xa615,0x6c6f,0x536c,0x4b2a,0x4b0b,
  0x5bcd,0x7cb1,0x95b4,0x7cd2,0x5aeb,0x5b6d,0x63ee,0x6bed,0x6c2e,0x746e,0x746e,0x6c0e,
  0x5bad,0x5bee,0x640f,0x5bce,0x640f,0x6430,0x5c0e,0x644e,0x7d33,0x8594,0x74f2,0x8d55,
  0x7490,0x5bec,0x6c4f,0x63ed,0x6c2e,0x742f,0x642e,0x63ed,0x7c2e,0x6c8e,0x744e,0x6bcc,
  0x640e,0x640d,0x5369,0x5ba9,0x746d,0x8d70,0x95d2,0x742c,0x640d,0x538c,0x5bad,0x6c2f,
  0x8db2,0x9d72,0x742f,0x63ad,0x5b2a,0x5329,0x4ae8,0x5bac,0x7d30,0x7caf,0x744e,0x63cd,
  0x6c4f,0x642e,0x6bee,0x74cf,0x6c6e,0x6c4e,0x53cc,0x4b4b,0x74ef,0x746f,0x42e9,0x4ae8,
  0x5b8a,0x63ab,0x5b89,0x5b49,0x5b6b,0x640d,0x63cc,0x5b8c,0x63ac,0x5269,0x5b8a,0x63cb,
  0x742c,0x6c0b,0x7c6e,0x744d,0x638c,0x536a,0x536a,0x640b,0x6bab,0x6c0c,0x6c0c,0x742d,
  0x6b8c,0x744c,0x84ef,0x7c8e,0x6bed,0x4b4c,0x42c9,0x640e,0x5bad,0x6bee,0x63cc,0x5bac,
  0x640d,0x6c4f,0x6b8d,0x6bae,0x7470,0x6c4e,0x6c2d,0x6bed,0x6c2e,0x7490,0x744f,0x744e,
  0x6c0e,0x644e,0x7490,0x5bee,0x7d12,0x7c70,0x9595,0x7c91,0x6c10,0x4b2b,0x4b4b,0x53ad,
  0x5bad,0x754f,0x5bee,0x64b0,0x532b,0x4aa9,0x53ab,0x6caf,0x744f,0x6c2e,0x640e,0x748f,
  0x5bad,0x6bee,0x642e,0x7c50,0x74b0,0x746f,0x748d,0x748e,0x6c6d,0x746d,0x7cae,0x7ccf,
  0x74ac,0x84cf,0x746d,0x6c2d,0x6c2c,0x6c4d,0x5bcc,0x84ef,0x744d,0x6c6d,0x5bab,0x742d,
  0x6c4c,0x744d,0x63cc,0x6c0c,0x6c0c,0x63ec,0x6bed,0x638b,0x6bed,0x5b4c,0x638c,0x63ec,
  0x532a,0x534b,0x5b4c,0x5b4b,0x5b4b,0x532c,0x52eb,0x532b,0x532b,0x4b09,0x532a,0x5309,
  0x5b8c,0x5b2b,0x4288,0x4aca,0x5b4c,0x5b2c,0x638d,0x63ae,0x5b6c,0x5b6c,0x63ee,0x640e,
  0x5bac,0x63ed,0x5b6c,0x5b6c,0x4b4a,0x5b8c,0x636b,0x5b8c,0x536b,0x5bac,0x640e,0x5b6b,
  0x5b6b,0x63cc,0x5bcb,0x5b6c,0x4b4a,0x6bae,0x7cd1,0x5bed,0x5bcd,0x5b6c,0x532a,0x536b,
  0x53ab,0x1b06,0x5b6b,0x3b29,0x8532,0x8d54,0x744c,0x63cc,0x63ee,0x5bed,0x640e,0x6bee,
  0x6c90,0x534b,0x4b6b,0x5b6c,0x5bcd,0x642f,0x7d31,0x8572,0x8551,0x8d93,0x9dd4,0xae76,
  0x7d10,0x5bcd,0x5b8c,0x52ca,0x6c4e,0x742f,0xa5d6,0x7d12,0x52ca,0x63cd,0x6bee,0x5b8b,
  0x744f,0x748f,0x748e,0x640d,0x63ad,0x5bce,0x5c0f,0x5bcf,0x742f,0x6430,0x642f,0x6cb0,
  0x8574,0x8594,0x7d33,0x7d13,0x7c6f,0x6c6e,0x640e,0x63ed,0x6c6f,0x742e,0x748e,0x640d,
  0x7c4e,0x7cf0,0x7c8f,0x6c6d,0x6c6e,0x5b8b,0x63eb,0x640c,0x748e,0x95b2,0x9e34,0x7cee,
  0x6c0e,0x538b,0x5bcd,0x744f,0x8cf2,0x9594,0x84d1,0x742e,0x638b,0x4ae8,0x4228,0x63ac,
  0x7d31,0x84f1,0x744f,0x6bed,0x742f,0x6bce,0x6c0e,0x7490,0x7c90,0x7490,0x538a,0x5bad,
  0x744f,0x744f,0x4ae9,0x52c8,0x6c4c,0x63ac,0x63ab,0x5b29,0x63ec,0x642c,0x640d,0x63cd,
  0x636b,0x5329,0x4b29,0x5b6b,0x7c6e,0x740e,0x7c8f,0x7c6e,0x5bab,0x532a,0x4329,0x6c0d,
  0x740e,0x63cc,0x740e,0x748e,0x640c,0x7c8d,0x8573,0x84b0,0x63ed,0x530a,0x536c,0x6bcd,
  0x63ad,0x640d,0x636c,0x5b8c,0x63ed,0x7450,0x6bad,0x6c0e,0x7cb0,0x7450,0x6c0e,0x6c2f,
  0x746f,0x74f1,0x744f,0x7490,0x63cd,0x6c2e,0x7cb0,0x5bae,0x7491,0x7490,0x9574,0x7470,
  0x63ce,0x532b,0x538c,0x5bad,0x5bee,0x5c8b,0x5bee,0x6cd0,0x536c,0x4aa9,0x4b2a,0x6c8e,
  0x746f,0x6c4e,0x6c0e,0x646e,0x638d,0x742f,0x640e,0x8512,0x7c90,0x74af,0x748e,0x7caf,
  0x7c8f,0x748d,0x7cef,0x8570,0x7c8b,0x84ee,0x6c2c,0x6c4d,0x6c2c,0x746d,0x6c0b,0x748d,
  0x744c,0x744d,0x6c0c,0x746d,0x6c2c,0x6c8d,0x6bcc,0x6bec,0x6bec,0x63cb,0x6c2d,0x63ac,
  0x6bcc,0x63ac,0x63ac,0x63ad,0x5b4b,0x532a,0x638d,0x5b4c,0x534c,0x430b,0x532c,0x5b4c,
  0x534b,0x530b,0x4b2a,0x4b2a,0x63ac,0x5b4b,0x52aa,0x4aaa,0x5b4c,0x63ad,0x638d,0x5b6c,
  0x5b6b,0x530b,0x6c2e,0x6c2e,0x63cd,0x5bcc,0x538b,0x536a,0x52a9,0x6b8d,0x5b4c,0x5bad,
  0x530b,0x536c,0x642e,0x530a,0x5b4b,0x5bac,0x5bac,0x5bcd,0x4aea,0x73ef,0x6d72,0x53cc,
  0x638c,0x5b6c,0x4ac7,0x4b2a,0x538b,0x42e9,0x5beb,0x534a,0x6c2e,0x8d91,0x7cce,0x5bac,
  0x744f,0x53ad,0x640e,0x6c0e,0x6c4f,0x534b,0x534b,0x5bad,0x4287,0x648f,0x7510,0x8571,
  0x8d72,0x95b3,0x9db3,0xa694,0x8531,0x642d,0x63ed,0x636d,0x744f,0x84f2,0x9574,0x7cd1,
  0x63ad,0x640e,0x6bee,0x63ac,0x746f,0x748f,0x6c6e,0x640e,0x63ad,0x5bae,0x5c0f,0x53ce,
  0x63cf,0x5c0f,0x5c2f,0x74b0,0x8d96,0x8573,0x7d54,0x7cd3,0x6c0f,0x6c2e,0x640e,0x5bad,
  0x63ad,0x6c2e,0x742e,0x744e,0x6c8d,0x9592,0x8530,0x7d0f,0x6c8f,0x5bac,0x5bcc,0x6c4d,
  0x7cce,0xa5d4,0x9e14,0x8572,0x746f,0x534b,0x5bcc,0x63ce,0x8d33,0x9594,0x8d53,0x6c0e,
  0x5b8a,0x4b08,0x4aa8,0x536a,0x8530,0x7cd1,0x7490,0x6bee,0x6430,0x63cd,0x538b,0x74d1,
  0x84d1,0x6c4f,0x5bcc,0x6c4d,0x642d,0x640d,0x536b,0x4ac9,0x642d,0x63ed,0x63cb,0x63aa,
  0x5c0c,0x640d,0x744e,0x6bec,0x63eb,0x5b6a,0x42c9,0x636c,0x9532,0x6c0d,0x742e,0x6c0d,
  0x5bac,0x4b0a,0x4aea,0x640e,0x6c4f,0x638c,0x742d,0x7cb0,0x4b69,0x9510,0x8db4,0x7c50,
  0x6c2f,0x530b,0x538b,0x63cd,0x63cd,0x642d,0x5b8b,0x536b,0x640d,0x7d31,0x740e,0x7470,
  0x7d32,0x8532,0x63ee,0x6c0e,0x84f2,0x74f0,0x740f,0x746f,0x6c0e,0x742f,0x6c4e,0x5b8e,
  0x6c50,0x7cb1,0x9db5,0x7450,0x5bce,0x4b0a,0x534b,0x536b,0x53cd,0x756d,0x5c0e,0x6cb0,
  0x5bac,0x530a,0x530b,0x6cad,0x7cb1,0x6cae,0x7c70,0x646f,0x636c,0x7c8f,0x7511,0x7d12,
  0x7c91,0x748f,0x7cd0,0x7cd0,0x7cd0,0x7ccf,0x84ef,0x7d0e,0x744c,0x7ccd,0x746d,0x5bca,
  0x6c2c,0x744c,0x6c2b,0x640c,0x746d,0x742d,0x744d,0x746d,0x744d,0x6c2c,0x742d,0x6c0c,
  0x6c0c,0x63ec,0x6c4d,0x63ec,0x63cc,0x6bcd,0x63ac,0x638c,0x5b6c,0x5b6c,0x6bce,0x6bad,
  0x5bac,0x4b0c,0x5bad,0x63ad,0x532b,0x5b2b,0x4b0a,0x4aea,0x534b,0x5b6b,0x5b4b,0x5b8c,
  0x5b6b,0x5b6c,0x5b8c,0x5b4c,0x5b4b,0x5b0a,0x6c2e,0x5bac,0x63ec,0x6c0c,0x5b6a,0x532a,
  0x5b6c,0x63ef,0x5b4c,0x534c,0x4aaa,0x5bcd,0x73ee,0x5b8c,0x5b4b,0x5b8d,0x5bac,0x644f,
  0x5b8c,0x6cb2,0x6d52,0x536b,0x6bee,0x5b4b,0x4ae8,0x4b09,0x536b,0x4b6a,0x5c2b,0x5369,
  0x6c4d,0x7cef,0x7c8e,0x636b,0x74cf,0x63ed,0x6bee,0x6c4e,0x6c2e,0x534b,0x536c,0x63ed,
  0x5b8c,0x6cb0,0x7d11,0x7d50,0x8d92,0x9592,0xa5f5,0x9e55,0x8d51,0x6c4d,0x642e,0x636c,
  0x7490,0x8d95,0x8d73,0x7490,0x63ce,0x6c0f,0x744f,0x73ed,0x7490,0x74b0,0x74b0,0x6c2f,
  0x5bad,0x5bae,0x5c0f,0x5bef,0x63ef,0x6c10,0x5c2f,0x6c0f,0x8575,0x7d74,0x7d33,0x74b2,
  0x6c2f,0x744f,0x63ed,0x4b8c,0x5bad,0x63cd,0x744f,0x748e,0x7cd0,0x9593,0x8530,0x7ccf,
  0x6c8e,0x63cc,0x63cc,0x644d,0x7cce,0x95b3,0x9e13,0x7d52,0x6c6f,0x5b4b,0x5bcd,0x640e,
  0x7cf2,0x95d4,0x95b5,0x742f,0x63ac,0x5309,0x4a48,0x53cc,0x7cd0,0x7490,0x8470,0x6bcd,
  0x7c10,0x642e,0x4b0a,0x8d12,0x84b0,0x746f,0x63cd,0x744f,0x5beb,0x640d,0x5b6c,0x532b,
  0x640d,0x6c4e,0x6bec,0x63ac,0x63ab,0x6c4d,0x7cb0,0x6c4c,0x6bec,0x538b,0x532a,0x5b2b,
  0x748e,0x63ec,0x6c6e,0x6bed,0x5b6c,0x4b0a,0x4aca,0x5bad,0x6c6f,0x634c,0x73ed,0x6c4e,
  0x7cae,0x8d12,0x9db5,0x84b1,0x744f,0x538c,0x5bac,0x640e,0x6c4f,0x6c2d,0x63cd,0x5b4c,
  0x63cd,0x7ccf,0x7c2f,0x7cb0,0x84f1,0x7cf1,0x6c2e,0x5b8c,0x7cb1,0x7490,0x746f,0x6c4f,
  0x6b8d,0x7490,0x63ee,0x63ee,0x7450,0x8d34,0x9595,0x6c50,0x53cd,0x534b,0x536c,0x5b8c,
  0x5c0d,0x74cd,0x7490,0x7cb1,0x5bcd,0x52ea,0x52eb,0x750e,0x7cb0,0x6c8d,0x7cb1,0x536b,
  0x5b4d,0x7caf,0x74d3,0x7d12,0x8532,0x7c50,0x7d11,0x84f0,0x7d11,0x7caf,0x84f0,0x84ef,
  0x6c6d,0x7c6c,0x740d,0x638b,0x6c4d,0x742d,0x746d,0x7ccf,0x6c4d,0x744e,0x742d,0x744d,
  0x6c2c,0x742c,0x748d,0x6c0c,0x6bec,0x63cb,0x6c4d,0x6c2d,0x63cd,0x6bed,0x63cd,0x638c,
  0x636c,0x63ad,0x6bcd,0x6bce,0x5bcd,0x4aea,0x536d,0x5b4c,0x52ea,0x5b4b,0x4ae9,0x4ac9,
  0x5308,0x5b4b,0x5b8d,0x534b,0x534b,0x536c,0x5b8c,0x638c,0x5b8b,0x52c9,0x63ed,0x6c4d,
  0x63cb,0x7c0d,0x536b,0x63ac,0x63cd,0x6bee,0x6c0f,0x4b2b,0x52c9,0x63cd,0x6bac,0x5b8c,
  0x5b6b,0x636c,0x5bad,0x63ed,0x530b,0x6d52,0x7cf2,0x5b8c,0x63ac,0x5b6b,0x5b4b,0x4b0a,
  0x5b8b,0x53aa,0x5c0b,0x5bca,0x6c2b,0x7cef,0x7c8e,0x6bcb,0x74ce,0x63eb,0x63ec,0x6c8d,
  0x6c4d,0x5bcc,0x5b4c,0x63ed,0x6c8f,0x6cd0,0x7cf1,0x8d71,0x9df3,0xa634,0xa615,0x9e34,
  0x8d52,0x746f,0x6caf,0x6c6e,0x7cf1,0x8d74,0x8512,0x7cd1,0x5bae,0x6c2f,0x7490,0x7c70,
  0x7cd2,0x7470,0x6cd1,0x6471,0x5bad,0x5bce,0x6450,0x6c30,0x640f,0x6c30,0x53cf,0x6c31,
  0x8d95,0x8615,0x7d32,0x6c71,0x6bee,0x640f,0x6bef,0x53ed,0x5c0d,0x63cd,0x744f,0x7caf,
  0x8d71,0x8d93,0x8570,0x7cae,0x6c6d,0x640c,0x5bca,0x640c,0x74ae,0x9d93,0xae97,0x95f4,
  0x74b0,0x532b,0x63cd,0x5b6c,0x7d32,0x8db3,0x8d74,0x6c0e,0x63ac,0x5b4b,0x4227,0x640c,
  0x7cb0,0x84d0,0x7cb1,0x63cd,0x742f,0x6bcd,0x3a25,0x7cd1,0x84d1,0x7450,0x6c2e,0x7c8e,
  0x640c,0x6c2e,0x63ad,0x5b0b,0x6c0e,0x6c0e,0x6bed,0x63ed,0x5b4a,0x6c6d,0x8d51,0x746e,
  0x63ec,0x5b6a,0x5b8c,0x5b8b,0x640c,0x7c8e,0x748e,0x63ee,0x5b8c,0x4b2b,0x52eb,0x5b8d,
  0x6c2e,0x634c,0x73ed,0x7c4f,0x74ae,0x8511,0x8db4,0x84b1,0x6c0f,0x4bac,0x5bad,0x63ce,
  0x6c90,0x742e,0x63cd,0x5bac,0x6bed,0x7c4f,0x8470,0x84f1,0x8cf2,0x84d1,0x7c6f,0x6c0d,
  0x7cd0,0x74b0,0x746f,0x6c2e,0x638c,0x6c4f,0x7c4f,0x52eb,0x7491,0x9594,0x95f6,0x6c2f,
  0x540e,0x534b,0x640d,0x5b6c,0x642d,0x752f,0x8533,0x84b1,0x5bcd,0x532b,0x538c,0x750f,
  0x7c90,0x7ccf,0x7cf0,0x53ad,0x5b2b,0x74f1,0x6491,0x8593,0x7d32,0x84d1,0x8d52,0x8531,
  0x7d11,0x84f1,0x8510,0x84cf,0x646c,0x744c,0x744d,0x5bab,0x744e,0x6c4d,0x74ce,0x7cef,
  0x746d,0x6c6e,0x744e,0x744d,0x6bed,0x744d,0x74ad,0x6c2d,0x6bec,0x63ec,0x6c2d,0x74af,
  0x6bee,0x6c0e,0x6c0e,0x63ee,0x532b,0x63ac,0x6bec,0x6bed,0x63ed,0x534c,0x532b,0x5b4b,
  0x5b4b,0x5b6b,0x52c9,0x530a,0x5328,0x636b,0x5b4b,0x5b6b,0x5bac,0x4b4a,0x5b8c,0x744f,
  0x63cc,0x42e9,0x644e,0x6cee,0x63cb,0x7c4e,0x536c,0x6bcd,0x6bee,0x63cd,0x7450,0x534c,
  0x532a,0x5b8d,0x5bcb,0x5b8c,0x63ad,0x5b8c,0x63ed,0x6c0e,0x5309,0x7510,0x7d73,0x5b69,
  0x5b4b,0x5b6b,0x638c,0x532b,0x5bcc,0x5beb,0x5bcb,0x5c0b,0x6c0b,0x84af,0x84cf,0x744d,
  0x748d,0x6c4b,0x6c2d,0x74ce,0x744d,0x6c4d,0x6bcd,0x642e,0x6c8f,0x74f0,0x8512,0x9593,
  0x95d3,0xa656,0xa634,0x9613,0x8511,0x74d0,0x6cd0,0x7530,0x8d73,0x8db3,0x8d74,0x74f1,
  0x63ee,0x6c2f,0x8532,0x7cd2,0x7cf2,0x742f,0x6cb1,0x6451,0x536c,0x5bef,0x7471,0x6c30,
  0x6450,0x6c70,0x4b6f,0x7492,0x84f3,0x8e36,0x6cd1,0x644f,0x6c0f,0x6c91,0x7430,0x642f,
  0x644e,0x63ed,0x7490,0x6c2c,0x8d91,0x8db2,0x8d92,0x8531,0x746d,0x5baa,0x53a8,0x63c6,
  0x6c4c,0x9dd4,0xcefa,0x9614,0x6cb0,0x5bcd,0x63ac,0x5bec,0x8d52,0x9593,0x8512,0x6bac,
  0x6c0d,0x5bab,0x4b0a,0x640d,0x7ccf,0x7cb0,0x7cb0,0x6c4f,0x5bcc,0x638c,0x4b4a,0x8d73,
  0x7c90,0x7430,0x6c2e,0x742e,0x744f,0x8490,0x740e,0x5bac,0x6c8e,0x6c0e,0x6c2f,0x5b8c,
  0x63ac,0x74cf,0x84d1,0x84ef,0x6bcb,0x5bab,0x5b8b,0x636c,0x748e,0x9591,0x746e,0x5bcc,
  0x63ad,0x530b,0x4aca,0x63cd,0x73ce,0x638d,0x740d,0x84d0,0x7c8e,0x6c8c,0x8d33,0x7cb0,
  0x6c0e,0x63ad,0x63ad,0x6c6f,0x7cb1,0x746f,0x5b6b,0x5bad,0x5b8c,0x742f,0x848f,0x8490,
  0x84f1,0x8cf1,0x7c8f,0x744e,0x6c6d,0x7cb0,0x748e,0x6c2e,0x63cd,0x640e,0x746f,0x638e,
  0x7cd1,0xae16,0xa637,0x6c30,0x644f,0x538c,0x5bed,0x63cc,0x6c4d,0x7cef,0x7d12,0x8532,
  0x5bcd,0x5b4c,0x5b6c,0x74cf,0x7c90,0x7ccf,0x7d91,0x538d,0x536b,0x7d32,0x7d11,0x8e35,
  0x7cf1,0x84f1,0x8d92,0x7d11,0x8571,0x8531,0x8572,0x7caf,0x746d,0x640d,0x746d,0x6c0d,
  0x746e,0x6c4d,0x74f0,0x7d50,0x746e,0x746e,0x74ae,0x744e,0x6c2e,0x7c90,0x7cf0,0x6c4d,
  0x6bec,0x6bec,0x6c4d,0x7cd0,0x640e,0x746f,0x7c8f,0x63ee,0x5b4b,0x63ed,0x5bec,0x746f,
  0x74ce,0x430a,0x536b,0x5b6b,0x5b8b,0x5b4a,0x5b4a,0x5b2a,0x5b29,0x63ab,0x638c,0x532a,
  0x5b8c,0x534b,0x5b8c,0x6bec,0x6bec,0x742e,0x6c6e,0x748e,0x7cad,0x7cce,0x6bcd,0x63ac,
  0x63ad,0x640d,0x6cd1,0x63ce,0x5b6b,0x5b8c,0x5329,0x5b6a,0x63ed,0x5b6c,0x6c2d,0x5bcb,
  0x5bca,0x74ee,0x7511,0x6bcb,0x63ab,0x5b8b,0x63ad,0x5b6b,0x5bcc,0x5bcb,0x5bcb,0x5c2b,
  0x6bec,0x84ae,0x84ae,0x7ccf,0x7cee,0x6c0b,0x746d,0x6c6d,0x748e,0x646e,0x6c0d,0x6c6f,
  0x74d0,0x6cf1,0x7d12,0x95b4,0x9df4,0x9e56,0xa655,0x95f4,0x8511,0x7cd1,0x7532,0x7592,
  0x8dd5,0x8db3,0x8533,0x74d1,0x640f,0x7470,0x8d94,0x8533,0x8533,0x7410,0x6cd2,0x6d13,
  0x534d,0x6410,0x7451,0x7471,0x6430,0x7471,0x53cf,0x7471,0x7cb3,0x8e77,0x6cf0,0x6c6f,
  0x6c50,0x6c30,0x6c50,0x7490,0x646f,0x63cd,0x74d1,0x7ccf,0x9592,0x8db1,0x95d2,0x9d52,
  0x748e,0x5b4a,0x5bc6,0x5b25,0x5c05,0x9574,0xbeb7,0x9df4,0x74d1,0x5c0e,0x63ed,0x4aea,
  0x8d52,0x9df4,0x9594,0x740d,0x6bed,0x63aa,0x5baa,0x742d,0x7c8f,0x8511,0x746f,0x746e,
  0x6bec,0x5bab,0x432a,0x8532,0x84f2,0x6c50,0x5bcd,0x742f,0x7cb1,0x9574,0x7c90,0x53ed,
  0x6c0e,0x6bee,0x7430,0x5bce,0x5bec,0x74d0,0x8d31,0x8cf0,0x63ec,0x63ab,0x638b,0x6bec,
  0x740c,0x9df2,0x7ccf,0x6c0c,0x6bed,0x530a,0x4b2b,0x63ce,0x6b8d,0x6bec,0x7c2d,0x8cce,
  0x7c8e,0x74ae,0x8d51,0x8511,0x63cd,0x638c,0x636c,0x6c6f,0x7c90,0x748f,0x5bad,0x5b6c,
  0x638c,0x6c0f,0x8510,0x7c90,0x84af,0x8cf1,0x84d0,0x742e,0x744d,0x7caf,0x8d30,0x740e,
  0x63cd,0x6c8f,0x744f,0x740f,0x8512,0xb616,0xae98,0x74b1,0x5c4e,0x5bcc,0x5bed,0x63cc,
  0x6c6e,0x84d1,0x8d72,0x95b4,0x642e,0x636c,0x63ac,0x74b0,0x7caf,0x84b0,0x8570,0x5b8d,
  0x4b49,0x74f0,0x8d73,0x95d5,0x7cf1,0x8511,0x8d92,0x8530,0x8531,0x7ccf,0x7d30,0x7cd0,
  0x744e,0x746f,0x748e,0x744f,0x6c6e,0x7cb0,0x84f1,0x7d70,0x7c90,0x744f,0x7cf0,0x7caf,
  0x6c6d,0x8531,0x95d3,0x748e,0x5beb,0x742d,0x6c4d,0x74af,0x6c2e,0x6c0e,0x74af,0x642d,
  0x636c,0x6bee,0x63ec,0x84b1,0x746e,0x63ac,0x63ac,0x52ea,0x638b,0x636a,0x5b69,0x5b29,
  0x5b6a,0x6beb,0x6bcc,0x636b,0x638c,0x63ac,0x63ab,0x6bed,0x6bcc,0x6c4e,0x6cae,0x84ef,
  0x748d,0x7c8e,0x740d,0x4ae9,0x6bed,0x6caf,0x7d32,0x6bed,0x640e,0x5b4b,0x636c,0x5b8a,
  0x63ac,0x5349,0x748e,0x63ca,0x742c,0x752f,0x84ee,0x6c6d,0x5bab,0x5b8a,0x5b6b,0x536b,
  0x5bac,0x642c,0x63ed,0x6c2d,0x6b8c,0x84cf,0x748f,0x7ccf,0x7d2f,0x748d,0x7cad,0x7cce,
  0x7ccf,0x6c6f,0x6c2e,0x748f,0x74d1,0x7511,0x8d93,0x8db4,0x8d93,0x9e98,0xae36,0x8d93,
  0x84d1,0x6c50,0x7d94,0x7df3,0x8e36,0x8dd2,0x7cf3,0x74d2,0x6c30,0x6c71,0x95f6,0x8d53,
  0x8d74,0x7c91,0x7492,0x6c92,0x4b4c,0x5c50,0x84d3,0x6c51,0x7472,0x6410,0x5bef,0x6430,
  0x8472,0x96b9,0x5cad,0x642f,0x642f,0x6c50,0x6c71,0x73ce,0x642e,0x5c2d,0x74f0,0x8532,
  0x9dd3,0xa633,0x9df3,0x8d50,0x748e,0x6349,0x5b84,0x6367,0x5323,0x9dd4,0xae56,0x9df5,
  0x6490,0x6c0f,0x6bed,0x6bee,0x8d32,0xa613,0x95f2,0x7c8e,0x73ed,0x634a,0x63ab,0x7c4e,
  0x84af,0x84d0,0x84b0,0x744e,0x7c2d,0x6c0c,0x63ac,0x7c91,0x8491,0x5c10,0x6bae,0x7bad,
  0x7491,0xae39,0x84f3,0x5bce,0x63ad,0x6c0e,0x8511,0x7450,0x6c2e,0x84d1,0x9553,0x8531,
  0x748e,0x63ab,0x63cb,0x742c,0x7cae,0x9e13,0x8d4f,0x5b8a,0x6bed,0x5b6b,0x532b,0x740d,
  0x6bec,0x742d,0x7c0c,0x84ae,0x744c,0x8550,0x95b2,0x7caf,0x742d,0x6bad,0x6b8d,0x7c50,
  0x7c90,0x744f,0x5bed,0x5b8c,0x5b6c,0x640c,0x7d50,0x8d31,0x8cf0,0x8cd1,0x84d1,0x7c4e,
  0x74ae,0x84d0,0x7ccf,0x742f,0x6c2d,0x6c2e,0x7cb0,0x7c90,0x8d14,0xa5f5,0xa677,0x74f1,
  0x646f,0x5bcd,0x642e,0x63cc,0x6c8e,0x84b1,0x8551,0xa616,0x542d,0x5b6c,0x63cd,0x748f,
  0x7cef,0x8cd0,0x8550,0x53ad,0x53ab,0x74d0,0x8572,0x95f4,0x8531,0x7d10,0x8d31,0x7ccd,
  0x7d0f,0x7caf,0x84f0,0x7d10,0x746e,0x7cce,0x74ce,0x7caf,0x640c,0x748e,0x9552,0x8d52,
  0x84d0,0x8470,0x84b0,0x7ccf,0x7c4e,0x8d71,0x85b2,0x7cee,0x63eb,0x6c4c,0x746d,0x6c6d,
  0x6c6d,0x746e,0x7c8e,0x642c,0x642c,0x7c6e,0x6bec,0x7ccf,0x8510,0x7c4d,0x5b8a,0x5b4a,
  0x638b,0x6b8a,0x5b49,0x5b49,0x638a,0x6c0b,0x6c2d,0x63ed,0x6c0e,0x6c2d,0x63ac,0x742d,
  0x6beb,0x74ce,0x74ae,0x8d50,0x7caf,0x746c,0x63ab,0x5b6a,0x63cc,0x6c4f,0x74d0,0x642e,
  0x6c0e,0x532b,0x5b6b,0x6b8b,0x5baa,0x5369,0x640c,0x6c0b,0x6b8b,0x7d0f,0x8570,0x74ae,
  0x63eb,0x63cb,0x534a,0x5bac,0x63ec,0x5b8a,0x6c0e,0x6c0d,0x6c2e,0x7caf,0x7c8f,0x74d0,
  0x8550,0x850f,0x8d2f,0x850f,0x84f0,0x7cf1,0x6c6e,0x74b0,0x7cf1,0x8532,0x95f3,0x8552,
  0x9593,0x9eda,0xadd4,0x8573,0x7cb0,0x6bce,0x7d12,0x8573,0x85f4,0x95b2,0x8533,0x6cb1,
  0x6c50,0x644f,0x9637,0x9db6,0x9595,0x7cd0,0x7cb2,0x6c50,0x640f,0x6450,0x7cd2,0x7492,
  0x7451,0x63f0,0x5c0f,0x6c92,0x9db7,0x9657,0x6caf,0x6c10,0x640f,0x6c30,0x74b1,0x7c4f,
  0x5c0e,0x5c4f,0x7cf1,0x8572,0x9553,0xae35,0xb636,0x7d70,0x744f,0x63cb,0x6be7,0x63e8,
  0x5b06,0x95f2,0xae55,0x95d4,0x74f1,0x6c2e,0x63ed,0x63ef,0x9dd4,0x9e14,0x8d50,0x848e,
  0x6c2c,0x63cb,0x6bcc,0x7c8f,0x8511,0x74b0,0x8d30,0x6c0d,0x740d,0x746e,0x63ed,0x7d73,
  0x7c71,0x6c10,0x5bee,0x640e,0x7471,0x8d97,0x84d2,0x5b4c,0x5bac,0x6c0e,0x8cf3,0x8552,
  0x742f,0x7c90,0x9db4,0x9592,0x84d0,0x636a,0x640b,0x7ccf,0x73eb,0xae53,0x8d50,0x6c0a,
  0x63eb,0x5b8b,0x638a,0x740d,0x742c,0x744d,0x846c,0x7c8e,0x5306,0x856e,0x9e14,0x84cf,
  0x7c6e,0x6bed,0x6bcd,0x8470,0x7c8f,0x744e,0x640d,0x5bac,0x4bcc,0x742d,0x8571,0x9dd2,
  0x9512,0x8cd0,0x7c6f,0x742d,0x7cae,0x84f1,0x84f0,0x7c50,0x7cb0,0x748f,0x7cd0,0x742f,
  0x9514,0x8d72,0xa656,0x8d93,0x646f,0x5bac,0x644f,0x63cb,0x746e,0x8470,0x8e13,0x9dd3,
  0x644e,0x5bed,0x73ee,0x7cf0,0x8510,0x84d0,0x852f,0x640d,0x638c,0x7cf1,0x8d72,0x8e13,
  0x84ce,0x8550,0x9551,0x84ce,0x74ae,0x746d,0x7c8e,0x7cae,0x748f,0x742c,0x7d0f,0x746c,
  0x742c,0x8510,0x9552,0x8511,0x8550,0x848f,0x84b1,0x84b0,0x744e,0x8d91,0x8d70,0x7d4e,
  0x748d,0x6c4c,0x6c4d,0x748d,0x6c4b,0x748e,0x746d,0x6c4d,0x640b,0x746d,0x642c,0x9d71,
  0x746d,0x6c4c,0x6bcc,0x5b8a,0x636a,0x6b8a,0x6369,0x4ac7,0x5b49,0x6bec,0x746e,0x640e,
  0x6c6e,0x748d,0x6c0c,0x6c0c,0x6beb,0x738c,0x8510,0x852f,0x7cce,0x7ced,0x6c2c,0x5b4b,
  0x63ac,0x6c4e,0x6ccf,0x748f,0x6c2e,0x42e9,0x5aca,0x636b,0x53ca,0x5bab,0x6c2b,0x6c2b,
  0x63a8,0x7cee,0x7d31,0x6c4d,0x6c2c,0x63eb,0x534a,0x5bac,0x5bcc,0x5b8a,0x742e,0x7490,
  0x744e,0x7d11,0x7c4d,0x7531,0x8d71,0x8530,0x8d30,0x9572,0x9532,0x84f1,0x748f,0x6c6e,
  0x7cf1,0x8511,0x8dd3,0x7511,0x8d54,0x9efa,0xb5f5,0x8573,0x742e,0x6c4f,0x74d0,0x8d72,
  0x8615,0x95d3,0x8512,0x74f1,0x6c2f,0x7cd1,0x95b5,0xae17,0x9594,0x74b1,0x74b0,0x6c70,
  0x6c4f,0x7491,0x74b2,0x7491,0x7450,0x6c11,0x6c70,0x74f2,0x9df8,0xa638,0x642e,0x63ce,
  0x640f,0x7470,0x6c90,0x532c,0x6c0f,0x5c4f,0x7470,0x8552,0x95b4,0xbe57,0x9e14,0x7d72,
  0x742f,0x4b4a,0x6c29,0x6c6a,0x63ea,0x9df4,0xae75,0x95f4,0x7d11,0x63ed,0x6c0e,0x6470,
  0xb6d8,0x95b3,0x8571,0x84cf,0x740d,0x6c2c,0x6c0c,0x7c8f,0x94f1,0x84f0,0x850f,0x73eb,
  0x7c2d,0x73cc,0x746e,0x74f2,0x7c51,0x636c,0x744f,0x744f,0x7c70,0x9d55,0x7c10,0x638c,
  0x5bad,0x63ee,0x74f2,0x7c90,0x6c0f,0x7c6f,0x9533,0x9dd3,0x9d31,0x638a,0x6caf,0x74ae,
  0x846d,0xb674,0x9571,0x742b,0x740c,0x5bab,0x63ab,0x746d,0x84cf,0x7c8c,0x7cae,0x7ccf,
  0x742b,0x7d8c,0x9592,0x7cae,0x748e,0x63ec,0x6bcd,0x84f1,0x84b0,0x746f,0x642e,0x63cc,
  0x53ec,0x744e,0x9552,0x9e33,0x9532,0x84b0,0x7c6f,0x744e,0x7caf,0x8d11,0x84d0,0x84f2,
  0x8512,0x7cd0,0x84d0,0x7c0f,0x8cf2,0x9594,0x9e36,0x9595,0x6c8f,0x63ed,0x6c8f,0x5348,
  0x742d,0x84b0,0x95f3,0xa5b3,0x7490,0x640d,0x6bad,0x8531,0x8530,0x84f0,0x8d70,0x640d,
  0x7c2e,0x8510,0x8d31,0x9e15,0x84cf,0x8570,0x95b0,0x84ee,0x74ad,0x744d,0x746d,0x84ae,
  0x74ae,0x7c6e,0x7ccf,0x7cad,0x7cae,0x850f,0x9571,0x8510,0x8530,0x84f0,0x8d52,0x8d11,
  0x8510,0x9571,0x8d51,0x7cee,0x6cac,0x6c8b,0x6c2c,0x6c6c,0x6c4b,0x6c4b,0x6c2c,0x7cae,
  0x6c0c,0x7c8e,0x640c,0x9d91,0x8ced,0x7c8d,0x740d,0x63cb,0x638a,0x6bca,0x5b47,0x5b48,
  0x63ab,0x746e,0x74ce,0x6bcd,0x6c4e,0x746d,0x6c4d,0x740d,0x740c,0x7b8d,0x844d,0x850e,
  0x850f,0x7c8e,0x6c2d,0x52a8,0x63ac,0x640d,0x6caf,0x7d31,0x6c2d,0x5309,0x52aa,0x63ab,
  0x53aa,0x63ab,0x7c2e,0x7d2e,0x746b,0x8572,0x8531,0x742d,0x746d,0x63eb,0x5b6b,0x5bac,
  0x5bcc,0x6c2e,0x742e,0x6cf0,0x8cf1,0x7d31,0x648f,0x8db3,0x95d3,0x8d72,0x8d71,0x9d93,
  0x9d74,0x7cf1,0x7c90,0x7c2e,0x95b3,0x9553,0x8572,0x74b1,0x84f2,0x9658,0xb677,0x8db3,
  0x7c8f,0x6c4f,0x74b0,0x8d73,0x8db3,0x9df3,0x8552,0x7490,0x6c4f,0x74b1,0x95b5,0xae36,
  0x9db4,0x7cd1,0x7cf1,0x746f,0x7490,0x7cf2,0x7cf2,0x7470,0x6c51,0x6c30,0x6c70,0x7512,
  0x95f7,0x9e38,0x74b0,0x642d,0x63ae,0x6c2f,0x5c4f,0x432b,0x7430,0x6c70,0x74b2,0x84d2,
  0x9e15,0xb699,0x9e57,0x7cb1,0x748f,0x5bab,0x6c2d,0x6c4a,0x748e,0xa615,0xae75,0x95d3,
  0x7d31,0x63ac,0x644e,0x74d0,0xb697,0x9df4,0x8d71,0x7ccf,0x7c2d,0x6bec,0x740d,0x84af,
  0x9532,0x8d30,0x84ae,0x7cae,0x84af,0x7bee,0x84d1,0x74b0,0x8d34,0x4ac7,0x6b8c,0x94d2,
  0x7cb0,0x8d74,0x7490,0x4b0a,0x6c0d,0x63ac,0x8491,0x7cb1,0x6c2f,0x742f,0xa5b5,0x9dd3,
  0x8d11,0x42c9,0x74d0,0x84ce,0x746e,0xb6b4,0x9e11,0x638a,0x6c0c,0x63cb,0x6c2c,0x7cce,
  0x7cee,0x8cae,0x7cce,0x8510,0x7d2e,0x856f,0x9572,0x84ef,0x7cae,0x5bed,0x73ed,0x8d52,
  0x84d1,0x6c4e,0x6c0e,0x63ad,0x63ed,0x744f,0xadf6,0xa635,0x9d73,0x8cd1,0x7c8f,0x6c0e,
  0x84f1,0x9573,0x8d11,0x8d53,0x8d73,0x8491,0x8cf2,0x6b8e,0x8d34,0x95d5,0x9df6,0x9594,
  0x7d11,0x5bcc,0x6c0d,0x63ea,0x7c8f,0x8d10,0x9e96,0xa5b4,0x74d0,0x63ed,0x7c2f,0x8510,
  0x7cf0,0x8d10,0x8d91,0x742e,0x7c8f,0x8550,0x8d32,0xa675,0x8530,0x8d50,0x8dd0,0x84ce,
  0x6c4c,0x6c2c,0x742d,0x84ae,0x7cae,0x642b,0x84cf,0x7cac,0x852e,0x9571,0x9df3,0x84cf,
  0x8510,0x9532,0x8d93,0x8d32,0x8510,0x9dd2,0x8d50,0x748d,0x6cac,0x648c,0x6c8c,0x6c8c,
  0x640a,0x640a,0x640a,0x74ad,0x646b,0x8d30,0x748e,0x95b1,0xae73,0x7ccb,0x7c6d,0x6c2b,
  0x638a,0x6beb,0x5b28,0x3a84,0x6c2d,0x74ae,0x74cf,0x73ce,0x742e,0x742d,0x84d0,0x740d,
  0x7b6b,0x840d,0x8ccf,0x84ef,0x746e,0x742e,0x63ec,0x5b2a,0x636b,0x634c,0x74d1,0x7530,
  0x6c0d,0x63cc,0x4aea,0x5b8b,0x5c0b,0x636b,0x744d,0x8d10,0x84f1,0x7db4,0x8d73,0x748f,
  0x84ce,0x6c2c,0x63cc,0x63ac,0x6c6f,0x6c2e,0x748f,0x74b0,0x84f2,0x8d52,0x8d73,0xae56,
  0x9df4,0x95b4,0x95b3,0xa615,0x9dd5,0x8cd1,0x8511,0x84af,0x9593,0x8d53,0x7cf0,0x744f,
  0x7cf1,0xa657,0xb6b9,0x8d93,0x6bad,0x744e,0x748f,0x9573,0x95d2,0x9dd3,0x8572,0x74b0,
  0x7490,0x74f1,0x9dd5,0xbeb8,0x9554,0x7cf1,0x7490,0x746f,0x7c70,0x7cf2,0x7cd2,0x6c50,
  0x6c30,0x6c0f,0x6bef,0x8553,0x9df7,0x9615,0x8510,0x6c4e,0x636e,0x5bae,0x5c2f,0x53ab,
  0x6430,0x6c50,0x74b1,0x8cf2,0xae37,0xb6fa,0xb679,0x7cf2,0x6c6f,0x53ca,0x640c,0x644c,
  0x84d0,0xb657,0xc6d7,0x8d92,0x8552,0x7cf0,0x6c4f,0x7cf0,0xaeb7,0xa614,0x9573,0x7ccf,
  0x7c8e,0x744d,0x740d,0x8ccf,0xa593,0x8d31,0x7ccf,0x8d71,0x8510,0x84af,0x8d72,0x7490,
  0x7c32,0x630a,0x5b0b,0x84f2,0x8d52,0x95d6,0x7450,0x636c,0x6c0d,0x5bcb,0x7cb1,0x8512,
  0x744f,0x7c90,0x9573,0xa5f4,0x8d31,0x742d,0x848e,0x7caf,0x9db2,0xc714,0xa5f2,0x5bab,
  0x6c0c,0x6bcb,0x6c6c,0x7d2e,0x84ef,0x84ef,0x748e,0x8530,0x7d70,0x9db2,0xa5d2,0x84cf,
  0x7cae,0x63ed,0x742e,0x9d73,0x84f0,0x742e,0x6c0d,0x63cd,0x63ed,0x7c8f,0xae15,0xb677,
  0x9d53,0x8d32,0x748f,0x744e,0x8d32,0x8d73,0x9572,0x8d74,0x9594,0x84f2,0x9d54,0x5b2d,
  0x8d74,0x9df6,0x9e16,0x9594,0x7d11,0x6c2e,0x6c2e,0x6c2b,0x7ccf,0x7cf0,0x96b5,0xb656,
  0x6c90,0x63ee,0x6c0d,0x8d31,0x8510,0x8d31,0x8d71,0x7c90,0x6c8f,0x8571,0x9593,0x95d2,
  0x8d52,0x8d50,0x8d70,0x7ccd,0x742c,0x742c,0x740d,0x84ce,0x8d0f,0x4bea,0x8cef,0x7ccd,
  0x8d4f,0xa612,0xadf4,0x850f,0x8510,0x9552,0x9dd3,0x8d72,0x8550,0xa652,0x9590,0x850d,
  0x74ed,0x6c8b,0x648b,0x6c6c,0x644a,0x640b,0x6c2c,0x746c,0x6c6c,0x854f,0x7cee,0x9590,
  0xb675,0x7ccd,0x7c8d,0x6c0b,0x63ca,0x6beb,0x5b28,0x5b69,0x746d,0x748e,0x74ce,0x7caf,
  0x6c4f,0x7c6f,0x7caf,0x7c6e,0x7c2d,0x7caf,0x84af,0x84cf,0x746e,0x748e,0x6c2d,0x5b8b,
  0x636c,0x632d,0x6c8f,0x7cf0,0x744e,0x6c6e,0x4ae8,0x5b6b,0x74ce,0x634b,0x74ae,0x94f2,
  0x7553,0x8e15,0x9df6,0x84cf,0x8d0f,0x6c4c,0x744e,0x63ed,0x6c6f,0x63cc,0x74af,0x8511,
  0x8552,0x9553,0x8552,0xa636,0xae56,0x9dd4,0xa635,0xae76,0xa656,0x9511,0x8531,0x74d0,
  0x8d32,0x8dd5,0x74ef,0x6bce,0x74b0,0xa637,0xa6d8,0x9df4,0x7c6f,0x5bec,0x646f,0x9573,
  0x9dd3,0xa614,0x8d73,0x7cb0,0x6c4f,0x7cf1,0xadf6,0xb6b7,0x8d34,0x8532,0x7c90,0x7c8f,
  0x7c90,0x84f3,0x7cd1,0x74b1,0x6c2f,0x7450,0x7c50,0x8d33,0xa617,0x9635,0x7ccf,0x6bed,
  0x4aca,0x4b2c,0x5c4e,0x4bae,0x5bcd,0x6c70,0x74b0,0x84f2,0xae16,0xc6fa,0xb698,0x6cf1,
  0x644f,0x5bab,0x63ec,0x6c8d,0x8cf1,0xb677,0xceb8,0x8552,0x9593,0x6c4e,0x748f,0x7cf0,
  0xae76,0xae76,0x9592,0x84af,0x8ccf,0x744e,0x740d,0x84cf,0xadd4,0x9572,0x84d0,0x9531,
  0x8d32,0x84d0,0x8dd4,0x6bee,0x63ce,0x6c2e,0x42ea,0x94b1,0xa594,0x9dd5,0x8470,0x5b0b,
  0x8552,0x5b2a,0x8552,0x8574,0x742e,0x7c90,0x9d93,0xa5f4,0x8d11,0x84b0,0x8cf0,0x6c2f,
  0x956f,0xcef6,0xae34,0x5329,0x746c,0x6beb,0x6c8d,0x8570,0x9572,0x8d0f,0x8d12,0x8d71,
  0x9590,0x9df3,0xae54,0x7ccf,0x7c6e,0x6bcc,0x6c2e,0x9d73,0x9512,0x7c8f,0x740e,0x63cd,
  0x6bad,0x8d12,0xb657,0xadf6,0x9d74,0x8d73,0x7490,0x744e,0x8d52,0x95d4,0x9574,0x9594,
  0x8d53,0x84d2,0x9533,0x52ca,0x8533,0xa616,0x9e16,0x9593,0x7d10,0x746f,0x6c4e,0x6c6e,
  0x74d0,0x8510,0x9655,0xb677,0x6c50,0x640e,0x7c8f,0x8d31,0x8d30,0x8d10,0x8d71,0x7cb0,
  0x6cd0,0x8d52,0x9df5,0x9d92,0x9572,0x9571,0x8d50,0x7cce,0x744d,0x742c,0x744d,0x7ccd,
  0x8d4f,0x748c,0x84ee,0x8d30,0x8d70,0x9e52,0xb634,0x8d50,0x8d30,0x9572,0xa635,0x9593,
  0x8d90,0xa672,0x95b0,0x852e,0x6cac,0x74cd,0x648b,0x6c6c,0x5bc9,0x640a,0x6c2b,0x6c4c,
  0x6c6c,0x8d0f,0x854e,0x9630,0xb6b5,0x74ab,0x7c8d,0x6c4c,0x6beb,0x740b,0x5b89,0x5327,
  0x746d,0x74ad,0x7d0e,0x7cef,0x84cf,0x84cf,0x7c6e,0x7c8f,0x84f1,0x8d32,0x8cf0,0x7cef,
  0x74af,0x7caf,0x6bed,0x6c0d,0x638b,0x6bcd,0x8d32,0x7cf0,0x74ae,0x7cb0,0x4b09,0x5aea,
  0x7d11,0x63ab,0x742f,0x8d32,0x8dd4,0xa6b7,0x95f4,0x8d11,0x84f0,0x7cae,0x7cae,0x6c2d,
  0x6caf,0x63ab,0x7c8f,0x7caf,0x8db3,0x9db4,0x9df5,0xa636,0xa615,0xa5f4,0xa635,0xb696,
  0xa693,0x9d73,0x8d52,0x8d72,0x9d93,0x9636,0x6c6d,0x73ee,0x6c6e,0xa657,0xaef8,0x9e14,
  0x7c70,0x638b,0x7490,0x8d72,0x9dd3,0x9dd3,0x8d93,0x84f1,0x748f,0x8532,0xb616,0xbed8,
  0x9554,0x8d53,0x7c8f,0x7cb0,0x7cb0,0x84f2,0x7cf1,0x7470,0x6c2f,0x6c0f,0x7450,0x9db5,
  0xae35,0x9df4,0x7d0f,0x744e,0x2206,0x530a,0x6c6f,0x53ce,0x6c4f,0x7cf1,0x746f,0x8533,
  0xa636,0xc6b9,0xbeb8,0x8511,0x5c2e,0x6bcd,0x638b,0x7c6e,0x8d32,0xbeb9,0xced8,0x9db4,
  0x8592,0x74b0,0x748f,0x644e,0xb6b7,0xc6f8,0x9d92,0x84ac,0x8cce,0x7c4f,0x7c4e,0x7c8f,
  0xa5b5,0xadf5,0x8cf0,0x9572,0xa594,0x84f0,0x9dd3,0x744f,0x530a,0x640c,0x5b49,0x9cf1,
  0x9d95,0x95b5,0x8493,0x62ec,0x6cd0,0x6b8b,0x8554,0x8d74,0x7c90,0x8470,0xadd4,0xae15,
  0x9511,0x9552,0x9531,0x94cf,0x95b1,0xd739,0xadf5,0x6c6d,0x6c6d,0x6c2d,0x74ce,0x9dd3,
  0xa5f3,0x9551,0x9572,0x8d91,0x9db2,0xa633,0xc6b8,0x7c8f,0x7c4e,0x6bcc,0x746e,0xa594,
  0x9d73,0x7ccf,0x7c2f,0x63ee,0x5b6c,0x9532,0xbe58,0xb616,0xa616,0xa615,0x7c71,0x7c8f,
  0x9593,0x9dd5,0x9d94,0x9db5,0x9573,0x8cb1,0x8cf2,0x5b4a,0x95f6,0xa616,0xa615,0x9db3,
  0x8511,0x7c6f,0x744e,0x74af,0x7cb0,0x8d52,0x8e35,0x9db5,0x7450,0x640e,0x746e,0x9572,
  0x8d31,0x9511,0x95d4,0x8d31,0x6caf,0x8d93,0x9df4,0x9d52,0x9571,0x9db2,0x8d31,0x7cce,
  0x6c0b,0x742c,0x744c,0x84ce,0x8d2f,0x84cc,0x7d0e,0x9530,0x8d6f,0x9e72,0xb654,0x9571,
  0x8d51,0x9d93,0xa614,0xa5f5,0x9550,0xa632,0x9e32,0x8d6f,0x74ed,0x74cd,0x6cac,0x7ccd,
  0x5be9,0x640a,0x746c,0x748c,0x6c8b,0x7ccd,0x854f,0x9e52,0x9eb2,0x84cc,0x84ae,0x744c,
  0x6c2b,0x7c6d,0x5347,0x5b27,0x742c,0x84ae,0x84ee,0x7c6d,0x8caf,0x8cf0,0x848e,0x8510,
  0x9592,0xae14,0x856f,0x7d0e,0x7ccf,0x746e,0x6c2d,0x848e,0x638b,0x73ed,0x85d4,0x6d2e,
  0x7cce,0x84d0,0x4aea,0x5aa9,0x7c8f,0x638d,0x746f,0x8d32,0x9dd3,0xb6d8,0x95f4,0x84cf,
  0x84f0,0x7cae,0x744d,0x6c2d,0x748f,0x63eb,0x848f,0x84ce,0x8d72,0xa5f5,0xae35,0xa655,
  0xa5f3,0xa615,0xae35,0xbe96,0xaeb4,0x9dd3,0x9593,0x9db4,0x9d93,0x9635,0x748e,0x73ae,
  0x7cd0,0x8dd3,0xbef8,0x9e53,0x7c0f,0x742e,0x7cf0,0x8d72,0xa5f4,0xa5f3,0x9593,0x7d11,
  0x6c4f,0x8d52,0xb5f6,0xc6f9,0x9594,0x8552,0x7cd0,0x7cb0,0x9553,0x8d53,0x8532,0x6c50,
  0x6c4f,0x7450,0x7470,0xa594,0xb656,0x9df4,0x8550,0x5c0c,0x4ae7,0x5b2b,0x642e,0x646e,
  0x6c6f,0x7cb0,0x74d1,0x8552,0xa676,0xbeb8,0xb677,0x8cf0,0x6c4d,0x6c2e,0x636d,0x748f,
  0x84f1,0xc6b9,0xd73a,0xae16,0x8d73,0x748f,0x7c90,0x542d,0xb676,0xc6f9,0xae15,0x8c90,
  0x8cd0,0x7c6f,0x7caf,0x7490,0x9594,0xae78,0x9532,0x9db3,0xa5b3,0x9d72,0x9552,0x7c70,
  0x4287,0x536a,0x63cb,0x844f,0x8dd6,0x8594,0x7cb2,0x5b0b,0x7510,0x7c4f,0x8512,0x8d34,
  0x9512,0x8490,0xae36,0xa614,0x84d1,0x9dd3,0x9d72,0x9d2e,0xb675,0xd759,0x9dd3,0x746e,
  0x7c8f,0x740d,0x7ccf,0x9df4,0xa633,0x9551,0x9591,0x9d91,0xa5f3,0xb6b4,0xb617,0x740c,
  0x742d,0x742e,0x84d0,0xb615,0x9d93,0x8511,0x746f,0x6c2e,0x6c2e,0x9511,0xadf7,0xb616,
  0x9dd4,0x9db3,0x8511,0x8511,0x9553,0x9d73,0xa5d5,0xa5d5,0x9d73,0x8cf1,0x8490,0x63cb,
  0x9e15,0xa615,0xa615,0x9db3,0x8d52,0x84b0,0x7c6f,0x748f,0x84d0,0x9572,0xaf3a,0xa5b7,
  0x7cb1,0x642d,0x742e,0x8d72,0x8d72,0x9531,0x95d5,0x8d52,0x7d31,0x9dd3,0xa615,0x9d93,
  0x9550,0x9572,0x8d71,0x84ef,0x744c,0x740c,0x744c,0x84ed,0x8d6f,0x8d0e,0x854e,0x852e,
  0x95b1,0x9e52,0xae73,0xa5d2,0x9d92,0x9db3,0xa5d3,0xae76,0x9591,0xa633,0xa653,0x95b0,
  0x6d0d,0x7cef,0x74cd,0x7ced,0x6c8b,0x642a,0x748c,0x7cad,0x7cad,0x850e,0x8d0e,0xa672,
  0x96b2,0x8daf,0x7c8c,0x742b,0x742c,0x7c6d,0x5347,0x6368,0x740c,0x7cad,0x852f,0x7cae,
  0x84ce,0x84ef,0x7cad,0x850e,0x8db0,0xae33,0x95d1,0x8d71,0x6c6d,0x7cad,0x742c,0x6bec,
  0x638b,0x5b09,0x8e15,0x750e,0x7ccd,0x7cce,0x634b,0x638b,0x746e,0x6bed,0x744e,0x8cf0,
  0x9d90,0xb697,0x9dd1,0x8d10,0x8d31,0x7cae,0x63ec,0x63ec,0x744e,0x644c,0x742e,0x850e,
  0x9572,0xadd4,0xae56,0xa655,0xae15,0xae35,0xae74,0xc6f7,0xb695,0xa614,0x9dd4,0xa5b4,
  0xa5f5,0x8d91,0x6c0d,0x6bed,0x74d0,0x9dd3,0xc6f6,0x9e53,0x740f,0x740f,0x7cd0,0x9572,
  0x9db3,0x9dd4,0xa5b4,0x8552,0x74af,0x9552,0xbe57,0xbed8,0x9dd5,0x8532,0x8512,0x6c30,
  0x9574,0x9d94,0x8553,0x7430,0x7490,0x7c90,0x84d1,0xa5f5,0xc6b8,0x9d72,0x8591,0x740d,
  0x4b2a,0x4aca,0x636c,0x644d,0x84d2,0x7c91,0x7470,0x7d12,0xae56,0xbed8,0xb657,0x8d0f,
  0x5b6a,0x6c4e,0x534b,0x74af,0x8d72,0xbef9,0xd71a,0xae76,0x9574,0x7490,0x84f1,0x5cb0,
  0xbe97,0xbed7,0xb676,0x9491,0x94f2,0x8d11,0x7cd0,0x84d0,0x9572,0xb656,0x9572,0xa5d3,
  0xb615,0x9d72,0x9d52,0x742e,0x3a46,0x5369,0x7cb0,0x7c6f,0x9595,0x95b5,0x7470,0x6b8d,
  0x6c6e,0x6c4e,0x84f2,0x8d53,0x9574,0x8cb1,0xadf5,0xa5f4,0x84d1,0xa5d4,0xb634,0x8c8d,
  0xbf19,0xc6f8,0xa5d3,0x8d31,0x7c8f,0x7c2e,0x7ccf,0xa614,0xa5f4,0x9d91,0x9d91,0xa5f4,
  0xa614,0xbf16,0xb5d6,0x746d,0x73ed,0x846f,0x9531,0xadd5,0x9db4,0x8d32,0x7490,0x73ad,
  0x744c,0xa574,0xadf7,0xadd6,0x9d75,0xae33,0x9592,0x8511,0x9d93,0x9d72,0xae15,0xa5f5,
  0x9572,0x8510,0x8c70,0x84f0,0xa615,0xa614,0xae15,0x9db4,0x8d11,0x8cf0,0x744e,0x746f,
  0x84d0,0x8d72,0xa6f8,0xadd6,0x7c91,0x63ed,0x7c8e,0x9634,0x9d73,0x9d73,0x9e15,0x95d4,
  0x8d31,0x9e15,0xa635,0x9d93,0x9d93,0xa5b3,0x95b1,0x8d10,0x6c2c,0x740b,0x744c,0x84ed,
  0x958f,0x8d2f,0x852d,0x8d90,0x95d1,0xb654,0xa632,0x9dd1,0x9db2,0xa5f4,0x9d92,0xa614,
  0x9db2,0xae33,0xae74,0x8db0,0x84ef,0x7d0e,0x854f,0x852f,0x7ccd,0x5c09,0x74ac,0x850e,
  0x84ed,0x8d2e,0x8cee,0xa651,0xaef3,0x9630,0x7ccc,0x7c8d,0x7c4c,0x8ccf,0x5327,0x6bca,
  0x73ec,0x84ae,0x84ce,0x84cd,0x84cd,0x8cef,0x7c8c,0x8cee,0x95b1,0x9db1,0x9df2,0x8d90,
  0x7cee,0x7c8d,0x6c2c,0x63eb,0x63aa,0x5bab,0x8531,0x8ccf,0x7ced,0x7c8e,0x6bcc,0x6bec,
  0x6bec,0x63cc,0x746d,0x94ce,0xa5d2,0xb677,0xae33,0x9551,0x8d10,0x7cce,0x6c2c,0x63ab,
  0x746d,0x5beb,0x9511,0x9570,0xa592,0xadf5,0xbe97,0xae56,0xb676,0xae75,0xae94,0xcf38,
  0xb675,0xae54,0xa5f5,0xae15,0xae75,0x9530,0x738c,0x742e,0x7cf0,0xa5f4,0xbed6,0xae96,
  0x742f,0x7c6f,0x7cf0,0x9db3,0xa614,0xae35,0xa5b4,0x8531,0x7cf0,0x9532,0xc6da,0xb6b7,
  0x9d94,0x84d2,0x84f2,0x8d12,0xa594,0xa5b4,0x7533,0x7c70,0x7cb1,0x84d1,0x84b1,0xb678,
  0xcef9,0x9d92,0x9db2,0x6c8e,0x6bcc,0x538c,0x3a06,0x6c2e,0x7cd2,0x7470,0x8d12,0x84d1,
  0xbe76,0xcef9,0xb697,0x9d11,0x744d,0x6c0d,0x5bcb,0x7c4f,0x7d30,0xc719,0xd75a,0xb5f5,
  0x84d2,0x6c4f,0x7cd0,0x8511,0xae35,0xbeb7,0xb635,0x84cf,0x846e,0x94f0,0x748f,0x7cf0,
  0x9db2,0x9572,0xadf4,0xae15,0xbe36,0x9d51,0x9511,0x846f,0x4286,0x4308,0x84d2,0x84d0,
  0xadb5,0x9d95,0x7c0f,0x6b8c,0x740d,0x7c6f,0x84d1,0x84f2,0x9513,0x8c71,0xad95,0x9593,
  0x94d1,0xa5f3,0xae15,0x9d10,0xbf19,0xc6b8,0xa593,0x8cf0,0x84af,0x6c0d,0x7ccd,0xa5d4,
  0xa615,0xa5d3,0xa5d1,0xa614,0xae55,0xc6d8,0x8d93,0x8cd0,0x7bcc,0x848f,0x9510,0xa5f5,
  0xa5d4,0x8d32,0x7470,0x7c0d,0x848f,0x9d93,0xbe37,0xa594,0xad95,0xb633,0xa5f3,0x9d71,
  0x9d73,0xa5d4,0xae35,0xb615,0x9572,0x9572,0x8c90,0x8d31,0xa614,0xae35,0xae55,0xa615,
  0x8d31,0x8cf0,0x742f,0x7c6f,0x8511,0x9df4,0xa6f9,0xa553,0x7470,0x6c2d,0x742d,0x9614,
  0x9d73,0xa5f4,0xa615,0x9dd5,0x9552,0x9dd4,0xb657,0x9552,0x9dd3,0x9db2,0x9d72,0x9551,
  0x746d,0x740c,0x742c,0x84ee,0x9dd0,0xa5b2,0x7d2d,0x8d8f,0x95d1,0xb654,0xae53,0x9df1,
  0x9db2,0xa5f3,0x9572,0x9db2,0xa5f3,0xa612,0xbeb6,0x8db0,0x8d70,0x8d50,0x8d70,0x9570,
  0x84cd,0x640a,0x7cac,0x850d,0x850d,0x8d4f,0x9db0,0xb673,0xaeb3,0xa610,0x952f,0x84ad,
  0x7c6c,0x8d0f,0x5326,0x6bca,0x7c6d,0x7cad,0x7cee,0x848c,0x7c8c,0x9d50,0x7cac,0x850d,
  0x9e11,0xa612,0xb634,0x9590,0x8d0e,0x84ce,0x744c,0x73eb,0x6b8a,0x5b69,0x94d1,0x8cef,
  0x7c8e,0x7c8e,0x748e,0x6c0b,0x740c,0x6c2b,0x7c6c,0x8cef,0xa5b2,0xb654,0xae34,0x9591,
  0x84cf,0x84ef,0x744c,0x63ca,0x7c4d,0x742c,0x9590,0x9db1,0xa592,0xae15,0xbeb7,0xb676,
  0xb696,0xae75,0xb695,0xcf38,0xb634,0xa634,0xae15,0xae15,0xb696,0x952f,0x73cd,0x740d,
  0x8571,0xa592,0xc717,0xbeb7,0x63cd,0x6c4e,0x8d51,0xa5d4,0xae34,0xae57,0xae15,0x8551,
  0x8d52,0x9553,0xc6d9,0xae36,0x9553,0x8d12,0x8d52,0x9533,0xa5b5,0x9db4,0x8d93,0x7c8f,
  0x8553,0x8d13,0x9db4,0xb699,0xc73a,0xae14,0x9572,0x7c8e,0x638c,0x6c4e,0x4226,0x7c91,
  0x8d33,0x8d13,0x9532,0xb590,0xc694,0xc6b9,0xc6d9,0x9d52,0x8cef,0x740d,0x740d,0x84af,
  0x8d32,0xbed8,0xcf5a,0xae76,0x8cd1,0x7c70,0x7cf0,0x9592,0xae35,0xbeb7,0xbe75,0x8cef,
  0x7c4d,0x846e,0x638b,0x846e,0xadf2,0x6d0d,0xb676,0xa635,0xbe56,0xadd4,0x8d10,0x8caf,
  0x5b4a,0x4aa8,0x848f,0x8cef,0x9d72,0x9d93,0x84af,0x536a,0x6bec,0x848e,0x9d33,0x9553,
  0x8d12,0x84b2,0x9533,0x8d51,0x9db2,0xa5d3,0x9cec,0xb5f2,0xc739,0xd6f9,0x9d92,0x8cf0,
  0x8510,0x7c6e,0x7c8d,0xadb4,0xb656,0x9dd3,0xadf4,0xb655,0xb635,0xb6b6,0x9db4,0x8c8f,
  0x842d,0x844e,0x9510,0xa5f5,0xadf4,0x8d31,0x748f,0x7bad,0x8cd0,0x9d93,0xbe76,0xb5f5,
  0xb5f5,0xbe54,0xb613,0xadd3,0x9d73,0xb637,0xae35,0xa5b4,0x8d30,0x9db3,0x9531,0x8d52,
  0xae34,0xae55,0xb676,0xb655,0x8d11,0x9531,0x7c70,0x6c0e,0x8511,0xae14,0xa6d9,0xa5b4,
  0x744e,0x6c0d,0x7c6e,0x9dd3,0xae15,0x9d93,0xadf4,0xa616,0x9551,0xa5d4,0xb6b6,0xa5b4,
  0xa5d4,0xa5b3,0xa593,0x9591,0x7c8d,0x6beb,0x742c,0x8d0f,0x9dd1,0x9d91,0x754d,0x8d8f,
  0xa5f3,0xb654,0xae33,0xa632,0x9dd2,0x9dd3,0x9571,0x9d91,0xae13,0xae33,0xbeb5,0x9e12,
  0x95b1,0x8d70,0x9570,0x8d4f,0x84ed,0x744b,0x7ccc,0x8d4e,0x852d,0x9d90,0xadf2,0xb694,
  0xb6d5,0xae12,0x952e,0x748c,0x84ce,0x84ed,0x63a9,0x6baa,0x848d,0x8d6f,0x8d2f,0x950f,
  0x8cee,0xa592,0x7c6b,0x850d,0xbe74,0xae32,0xae33,0xa5d1,0x8d4f,0x94ee,0x6c0b,0x6389,
  0x73ca,0x6b6a,0x8c8f,0x94f0,0x8cef,0x852f,0x8d10,0x742b,0x73eb,0x744b,0x7c8d,0x8cce,
  0x9d90,0xbe35,0xa653,0x9590,0x8ccf,0x84ae,0x740c,0x63aa,0x84ae,0x7c6c,0x8d2f,0xa592,
  0xadd2,0xa633,0xbe97,0xbeb6,0xb696,0xb695,0xbe96,0xd739,0xae13,0xae75,0xadf5,0xb655,
  0xced9,0x74ec,0x742e,0x6bec,0x8531,0xa592,0xc6f6,0xbeb6,0x640d,0x6c4e,0x8d92,0xa593,
  0xae14,0xa655,0xa5b3,0x9592,0x9572,0x8d93,0xc6b8,0xadd5,0x9d52,0x84d1,0x8d52,0x9573,
  0xb5f6,0x9d93,0x95b4,0x84f0,0x8512,0x9533,0xa5d5,0xc6d9,0xd75b,0xae55,0x9d73,0x8cef,
  0x632c,0x636c,0x4b4b,0x63ae,0x9534,0x8d33,0x9d53,0xb58c,0xce52,0xc697,0xbe96,0x7cce,
  0x8d4f,0x6bea,0x7c0d,0x84af,0x9d32,0xbe97,0xcf1a,0xb655,0x8d10,0x84b0,0x7c4f,0x9592,
  0x9e14,0xbe96,0xb614,0x952f,0x7c6d,0x740c,0x638a,0x7c0c,0xa5d1,0x8d6f,0xae14,0xb676,
  0xbe56,0xc677,0x7c8c,0x9531,0x4266,0x4ac7,0x8cd0,0x8cf0,0x9d72,0xae14,0x848f,0x6c2c,
  0x740c,0x7c6d,0x9d93,0x9d93,0x8d52,0x7d51,0x9572,0x9571,0xadd4,0xb5b1,0xbd22,0xae31,
  0xcf18,0xbeb7,0x9d91,0x8d10,0x8cf0,0x7c6e,0x94b0,0xadd3,0xbe97,0xadf4,0xadf4,0xbe36,
  0xb696,0xb6b5,0xad52,0x846e,0x842c,0x8c6d,0x9530,0xadf4,0xadd4,0x8d11,0x7c6e,0x734c,
  0x84f0,0xadd3,0xb635,0xb5d4,0xbe36,0xbe54,0xbe14,0xadd3,0x9db4,0xbe97,0xae35,0xa594,
  0x8550,0x9d92,0x9d52,0x95b3,0xae55,0xb655,0xbeb8,0xb635,0x9db3,0x8cf0,0x84b0,0x744f,
  0x744f,0xb676,0xae57,0x9d72,0x6c2c,0x7c4e,0x7c4d,0x9d72,0xb636,0xa5b3,0xb635,0xa635,
  0xa592,0xa5b4,0xb6b5,0xadf4,0xa5f4,0xadd3,0xa5d3,0x9d71,0x8ccf,0x6bec,0x742c,0x850e,
  0x9db1,0xa5d2,0x8d2f,0x95b0,0xae33,0xbe55,0xae53,0xae53,0x9dd1,0x9db2,0x8d10,0x9d91,
  0xa612,0xae74,0xb694,0xa5f2,0x9dd2,0x95b0,0x9d90,0x8d4e,0x84ed,0x744b,0x850d,0x956e,
  0x850b,0xb653,0xa5f1,0xbed4,0xbf36,0xb6d4,0x8d4f,0x852f,0x852f,0x7d0d,0x63e8,0x6bea,
  0x7cad,0x9590,0x950f,0x9d50,0x954f,0xadb2,0x84cc,0x954e,0xae32,0xae72,0xae33,0xbe54,
  0x9d4f,0x950f,0x744c,0x6baa,0x6b69,0x634a,0x7c2c,0x8ccf,0x8d0f,0x9571,0x9d32,0x846d,
  0x742c,0x6c0b,0x7c6d,0x9d71,0xa5b2,0xb655,0x9e11,0x8d0f,0x84ae,0x848e,0x6bea,0x5baa,
  0x7c8d,0x6c4c,0xa571,0xa5b1,0xadf2,0xb654,0xbe96,0xbed6,0xbeb6,0xbeb5,0xc6d7,0xcf18,
  0xae54,0xae55,0xb655,0xbe76,0xd6f9,0x85af,0x7cad,0x740d,0x748f,0x9d11,0xbed6,0xc6b7,
  0x94ef,0x8cd0,0x9e96,0xb5f5,0xae13,0xbef9,0xa5f4,0xa5d3,0xa5f3,0x95d3,0xc6d7,0xa593,
  0x9d12,0x8511,0x9552,0x9db4,0xa5d4,0xa5b3,0x9d92,0x8cef,0x9d53,0x9574,0xa5d4,0xced9,
  0xc75a,0xae12,0x9d71,0x6caf,0x63cc,0x5b0b,0x5b8c,0x6c4f,0x84d1,0x8d52,0x9d93,0xad4f,
  0xce10,0xd6b4,0xc6b5,0x8cec,0x9d51,0x7cce,0x8c8e,0x8c8e,0xadd4,0xbe77,0xcf19,0xae55,
  0x9531,0x8cf0,0x84af,0x94b0,0xa592,0xbeb6,0xbe55,0x9d30,0x848d,0x742c,0x6beb,0x7b8b,
  0x9cf0,0xa572,0xae15,0xb676,0xbe56,0xa5b4,0x748d,0x94cf,0x6b6a,0x6b2a,0x946f,0x9510,
  0xa591,0xadd2,0x950f,0x7c4c,0x7c0c,0x846d,0xb574,0x9d93,0x84d2,0x8d52,0x9551,0x9d70,
  0xb613,0xbdd0,0xbdc7,0xc676,0xcf18,0xbed6,0x9d72,0x94f0,0x9511,0x846f,0x94ef,0xae13,
  0xc696,0xa5d3,0xbdf5,0xbe95,0xbed6,0xbe35,0xb635,0x848c,0x8c8d,0x848d,0x850f,0xc657,
  0xadb3,0x84d0,0x7c4d,0x7bcd,0x84f0,0xa5d2,0xb655,0xbdf5,0xbe55,0xc675,0xbe34,0xb636,
  0xae15,0xb635,0xadd4,0xa532,0x9d51,0x9d92,0x9510,0xa613,0xb655,0xae35,0xc6b8,0xb635,
  0xa5d3,0x9d10,0x8cf0,0x7c4f,0x746e,0xbeb7,0xb656,0x9d10,0x746d,0x73ed,0x844d,0x9d91,
  0xb636,0xae36,0xb635,0xa5f4,0xa593,0xadf4,0xb695,0xae35,0xa5d3,0xa5d3,0xa5d2,0x9d71,
  0x9530,0x63ab,0x744d,0x84ee,0x9570,0xb634,0xa5f2,0x8d90,0xbe54,0xbe74,0xbe75,0xbe95,
  0xa612,0x9d91,0x8d70,0x9590,0xae33,0xb674,0xbeb5,0xae74,0xa5d2,0x9dd1,0x9db1,0x958f,
  0x84ac,0x7c6b,0x8d0d,0x956f,0x9d8f,0xae51,0xae52,0xbef4,0xbef5,0xb6b3,0x9dd1,0x8d0f,
  0x8d4f,0x8d50,0x6c2a,0x740b,0x744c,0x9d70,0xa571,0x9d70,0x9d6f,0x9d8f,0x8d0a,0x9d8e,
  0xae10,0xb672,0xb653,0xbe34,0xa591,0x8d0f,0x84ae,0x740c,0x6c0a,0x6369,0x73eb,0x8ccf,
  0x950f,0xa572,0xa572,0x7c8d,0x8c8d,0x742c,0x846d,0x9d50,0xa5d2,0xb6b5,0xa5d2,0x8cce,
  0x84ae,0x7bec,0x740b,0x5b89,0x84ce,0x746b,0x9d50,0xadf2,0xae11,0xb673,0xb694,0xc6b7,
  0xbeb6,0xbeb5,0xc6d6,0xc6f7,0xb675,0xb655,0xae54,0xbe56,0xcef7,0x958f,0x7d0c,0x7c6d,
  0x742f,0x9d72,0xbeb6,0xc6f8,0xb5b2,0xad53,0x9ed5,0xb615,0xae13,0xbe97,0xae14,0xadf3,
  0xae35,0xbe55,0xbeb7,0xa592,0x8cf1,0x8cf0,0x9571,0xa5f4,0xa5d4,0xadd4,0x9d51,0x8d10,
  0x8cf1,0x9d54,0xa5f5,0xc697,0xcf3a,0xc635,0x9510,0x5c8e,0x6c0c,0x5aea,0x5b6c,0x6c2f,
  0x7c8e,0x9533,0xa5d4,0xb5b5,0xb612,0xd692,0xbdc7,0x8d0c,0xadd3,0x94b0,0x8cae,0x94ef,
  0xa5f3,0xbe75,0xceb7,0xae35,0x9db3,0x8cf0,0x9510,0x8c8e,0xad92,0xceb7,0xc695,0x9d0f,
  0x84ad,0x84ae,0x7369,0x7c0a,0xa4ef,0x9d30,0xae35,0xc698,0xbe56,0xadd5,0x846e,0x7c2d,
  0x7bcc,0x6b8b,0x94b0,0xa551,0xadd2,0xadd2,0x9d11,0x7c0d,0x73ed,0x8caf,0x9dd2,0xadd5,
  0x9531,0x8d51,0x9551,0x9d51,0xb5f3,0xce33,0xc632,0xc6b6,0xcf18,0xc6d7,0x9d12,0xa511,
  0x9cd0,0x8cce,0xa530,0xb632,0xc696,0xb635,0xbe54,0xced6,0xced7,0xbe75,0xbeb5,0x838c,
  0x8cae,0x7c6d,0x94f0,0xbe15,0xa5d2,0x94f0,0x844e,0x7c4e,0x844e,0xa5f3,0xb654,0xc615,
  0xbe75,0xbe74,0xbe55,0xbe78,0xae14,0xb634,0xb5d4,0xb594,0x9d51,0xadd4,0xad72,0xa5f3,
  0xbe55,0xadf4,0xb655,0xb635,0xadf3,0xad31,0x9511,0x848f,0x6c2c,0xbe96,0xc6b8,0x9510,
  0x94cf,0x73ac,0x8c6d,0x9d70,0xbe36,0xc6b7,0xb655,0xae15,0x9db3,0xb5b4,0xae55,0xae55,
  0xb615,0xadf3,0xa592,0x9590,0x8cef,0x740c,0x7c4d,0x84ee,0x9d90,0xb5d3,0xae13,0xadf2,
  0xc676,0xc6b6,0xc6b6,0xbe75,0xb613,0x9db1,0x954f,0x9db1,0xae33,0xb694,0xbeb5,0xb694,
  0xae12,0xb613,0x9db0,0x8d4f,0x8d2d,0x8d0d,0x8d4d,0x9d8f,0x9dd0,0xa5d1,0xb693,0xbed4,
  0xc6f4,0xb6b3,0xa632,0x950e,0x950e,0x9d90,0x744a,0x7c6b,0x8cce,0x9d0f,0xa550,0x9db0,
  0x956f,0xa5d1,0xa58f,0xadd1,0xbe34,0xce96,0xc674,0xb653,0xa5d1,0x8d2f,0x8cce,0x7c2c,
  0x846d,0x73cb,0x5ac8,0x9ccf,0x9530,0xa5b2,0x9d51,0x8c8e,0x7c6c,0x742b,0x84ae,0xa5d2,
  0xae13,0xbe74,0xadd2,0x8d0f,0x84ae,0x7c0c,0x740b,0x63ca,0x848d,0x8cce,0xa5d1,0x9dd0,
  0xae11,0xae72,0xae72,0xbe95,0xcef8,0xbe95,0xcf17,0xc6d7,0xae74,0xae54,0xae33,0xbe36,
  0xbed5,0xa590,0x8d0c,0x7c6d,0x742e,0xa571,0xbe97,0xcf7b,0xb552,0xb615,0xa6f6,0xb615,
  0xb5f3,0xbe96,0xb654,0xa5f2,0xb654,0xb635,0xb675,0xa551,0x7caf,0x84f0,0x9573,0xa635,
  0x9db4,0xa5b4,0x9db3,0x9db3,0x9d72,0x84f1,0xa5d4,0xc697,0xd73a,0xb5b4,0x9d10,0x748d,
  0x63cb,0x5287,0x634a,0x6c0e,0x64b0,0x7c70,0xb656,0xadb4,0xbe34,0xce53,0xbd89,0xad2d,
  0xbeb5,0x9cf0,0x94f0,0x9d51,0xb614,0xbe95,0xbe55,0xa5b3,0x9552,0x9d52,0xa531,0x840c,
  0x9dd1,0xc696,0xc675,0x9cef,0x8c8e,0x7cad,0x6baa,0x73ea,0x94ee,0x9cee,0xae35,0xc6d9,
  0xc635,0xc637,0xa510,0x8c2d,0x944e,0x83ec,0x94d0,0xa552,0xae13,0xa5d1,0x9550,0x8c4d,
  0x7bcc,0x846d,0x9d92,0xae16,0x8d10,0x9551,0x9531,0x9d31,0xbe34,0xc675,0xc694,0xd6f8,
  0xd6f8,0xced7,0xa591,0x9d30,0x9cef,0x9ccf,0x94ef,0xadb1,0xc676,0xbe75,0xb6b3,0xcef7,
  0xcef7,0xbe95,0xb634,0x94ae,0x8cae,0x7c2e,0x8cef,0xb5f3,0xadf3,0x94f0,0x8c4e,0x846e,
  0x9510,0xadf3,0xc695,0xc677,0xc6b6,0xbe76,0xbe34,0xbe36,0xb5f4,0xb5f4,0xb5f4,0xb5b3,
  0xa592,0xadb3,0xadd3,0xae13,0xb614,0xa592,0xb614,0xbe35,0xadf3,0xb5b3,0x9db3,0x7caf,
  0x852f,0xdef9,0xc6b7,0x742c,0x94cf,0x6c4d,0x8cae,0x9d90,0xc697,0xced8,0xae75,0xae14,
  0xadd3,0xb5b3,0xb615,0xb675,0xb615,0xae14,0xa5b1,0x9570,0x9530,0x740c,0x7bec,0x84ce,
  0x9d90,0xadf3,0xb613,0xadd2,0xceb7,0xc696,0xcef7,0xc696,0xb614,0xadb2,0x9570,0xa5f2,
  0xa5d1,0xb674,0xbeb5,0xbe95,0xbe94,0xb654,0x9dd1,0x956f,0xa5b0,0x8d2d,0x9dcf,0x9d8f,
  0x9df0,0xb633,0xb673,0xc6d4,0xbed4,0xbeb4,0xae32,0xa590,0xa58f,0x9d6f,0x7c6b,0x848c,
  0x8ccd,0x950e,0xa590,0x95b0,0x8d8f,0xdf5b,0x9db0,0xae12,0xbe74,0xbe93,0xbe73,0xb633,
  0xb5f3,0xa530,0x84cd,0x7c2c,0x8d0e,0x7bec,0x736b,0x952f,0x9570,0xa591,0x9d70,0x848d,
  0x848d,0x848d,0x8cee,0xa5f3,0xceb7,0xbe34,0xadf2,0x9d50,0x84ae,0x844d,0x744b,0x744b,
  0x848d,0x8ced,0xa5b0,0xa5d1,0xb653,0xbe93,0xbe52,0xbeb5,0xc6d6,0xbeb6,0xc6f6,0xc6d6,
  0xb674,0xae34,0xbe75,0xbe56,0xb6b5,0x9d70,0x8ccb,0x8ccf,0x7c2e,0x9d51,0xce97,0xcf5a,
  0xd697,0xbe97,0xbf38,0xb5d4,0xbe14,0xbe95,0xbeb5,0xbe15,0xbe75,0xbe55,0xb634,0xa550,
  0x84cf,0x7cae,0xa5b5,0xae55,0x9dd3,0xadd4,0x9dd3,0x95f4,0x9572,0x8cd1,0xa5b3,0xc676,
  0xd73a,0xbe56,0xa531,0x8c8e,0x6b4a,0x4a89,0x6b4b,0x6bcd,0x7d32,0x7cb1,0xb615,0x9e14,
  0xbe97,0xc6b6,0xc696,0xbdf3,0xbe77,0xadd2,0x94cf,0xad92,0xbe33,0xc695,0xb5f3,0xa552,
  0x84d0,0x9d51,0x9d51,0xb531,0x9570,0xc6d6,0xc674,0x8cad,0x840c,0x7c0d,0x7bec,0x63a9,
  0x950f,0x8ccd,0xa5b3,0xce77,0xc636,0xbe16,0xb552,0x8bec,0xa4b0,0x8c6e,0xa4f0,0xae14,
  0xb674,0x9d6f,0xa552,0x846e,0x7bed,0x844d,0x9531,0xadd5,0x9511,0x9531,0x9551,0x9d91,
  0xb632,0xc6b6,0xd6b7,0xd6f7,0xd718,0xce76,0xa5b2,0xa550,0x9d0f,0x9cee,0x9d0e,0xb590,
  0xb654,0xb694,0xced7,0xd718,0xcef7,0xc6b6,0xbe13,0x9d50,0x8c8e,0x842d,0x9d0f,0xadf1,
  0xb5f3,0x9caf,0x944d,0x8d10,0x9d72,0xadd3,0xc636,0xce77,0xceb7,0xbe76,0xbe55,0xb634,
  0xb5f4,0xad72,0xb5f3,0xbe55,0xad93,0xb5b3,0xbe14,0xb613,0xadd2,0xa531,0xadb3,0xb614,
  0xb613,0xb615,0xa634,0x84af,0x8d71,0xdf18,0xbe57,0x84ce,0x84af,0x7c6d,0x8cef,0xa5f2,
  0xc696,0xd6f9,0xbe76,0xb635,0xadd3,0xbe14,0xbdb5,0xbed6,0xb635,0xb615,0xa5b2,0x954f,
  0x84ce,0x7c2c,0x7c2c,0x84ae,0x9d70,0xae54,0xb613,0xb5f3,0xceb7,0xd6d8,0xced7,0xbeb5,
  0xb634,0xadd2,0xa591,0x9db1,0xa5f1,0xb653,0xbe94,0xae53,0xceb6,0xbe74,0xa5f1,0x9590,
  0xadd1,0x8d2d,0x9daf,0xa5d0,0x9dcf,0xc695,0xb652,0xc6f5,0xbed4,0xbe93,0xb632,0xadd1,
  0xa5b0,0x954e,0x8cec,0x848c,0x952e,0x9db0,0xa5f1,0xa5f1,0x9dd0,0xce76,0x9db0,0xae11,
  0xc6b5,0xc695,0xc675,0xbdf3,0xadf2,0x9d0f,0x950f,0x7c6c,0x7c4c,0x7c2c,0x7c2c,0x8d0f,
  0x9d71,0xa5b2,0x9570,0x94ee,0x8cce,0x8ced,0x8d0f,0xc6b6,0xb634,0xb613,0xb633,0xa5b1,
  0x94ee,0x7c4c,0x744c,0x7c4c,0x8c8d,0x9d6f,0xa5b0,0xadf2,0xb613,0xbe94,0xbe72,0xbeb4,
  0xced7,0xc6f6,0xc6f7,0xc6d6,0xbe74,0xb634,0xc655,0xc6d7,0xbeb6,0xae32,0x9d2e,0x7c4e,
  0x8cd0,0xa572,0xce97,0xdf9b,0xc695,0xbe35,0xbf39,0xadf3,0xbdf4,0xbe95,0xbeb5,0xc696,
  0xbe74,0xb634,0xadf2,0x9d2f,0x8cf0,0x84cf,0x9d93,0xae35,0xadf4,0x9df3,0xa614,0x9d94,
  0x9d32,0x8caf,0xa5b3,0xc656,0xcf18,0xc6b7,0xb591,0x944f,0x4b08,0x632a,0x6b4b,0x6b6d,
  0x84f0,0x7d12,0xad94,0xb635,0xc6b8,0xbe96,0xc6b6,0xb633,0xb615,0xa5f2,0x9d50,0xad72,
  0xbe14,0xbe74,0xadd1,0x9d10,0x8c8f,0x9d31,0xa531,0xa4f0,0x9ced,0xced5,0xc674,0x9c8d,
  0x83eb,0x7c6c,0x73ea,0x6389,0x8c2b,0xa4ee,0xad92,0xce36,0xc615,0xb5d4,0xad72,0x73ab,
  0x9d10,0x8cae,0xa5b2,0xb614,0xc655,0xb5b2,0xa531,0x746e,0x84b0,0x8c8f,0xa5b2,0x9592,
  0x9510,0x8cf0,0x9550,0x9d8f,0xbdf1,0xd6d8,0xd6d7,0xd6d7,0xced7,0xce76,0xc5d2,0xad90,
  0x950e,0x94ad,0x94ac,0xad4f,0xb652,0xbe93,0xceb6,0xcf17,0xd6f7,0xc695,0xb5f2,0x9d4f,
  0x9cf0,0x8c8d,0xad2f,0xadd1,0xa571,0xad31,0x946e,0x9510,0xa592,0xb5d4,0xc656,0xce97,
  0xd6d8,0xc697,0xbe55,0xb613,0xb5f4,0xad92,0xadb2,0xb614,0xad93,0xb5b3,0xb674,0xb613,
  0xadb2,0x9d11,0x9571,0x9d92,0xbdf2,0xc677,0xa676,0xa512,0xb654,0xcf17,0xce98,0x7cef,
  0x7c4d,0x7c8d,0x8cef,0xa5d1,0xceb7,0xcef8,0xc676,0xbe55,0xbdd4,0xbe35,0xc635,0xbe54,
  0xbe55,0xb615,0xadb2,0x952f,0x8ccd,0x84ae,0x844c,0x8cad,0xa590,0xb5f2,0xb633,0xbe74,
  0xcf17,0xd6d7,0xcef7,0xc695,0xae53,0xa5d2,0xa571,0x9d70,0xa5d1,0xae33,0xbe94,0xbeb5,
  0xcef7,0xbe74,0xb653,0x9db0,0x9d90,0x8d2d,0x956e,0x9daf,0xadf0,0xb652,0xb671,0xbed3,
  0xc6f5,0xbeb3,0xb672,0xadf0,0xadd0,0x954d,0x8cec,0x8cac,0x952e,0xb612,0xadd0,0xb612,
  0xadd1,0xb633,0xa5d0,0xb652,0xc6d5,0xc6b5,0xc694,0xbe53,0xadf1,0xa591,0x952f,0x8cce,
  0x94ee,0x846d,0x8c6d,0x9510,0xa591,0xbdf4,0xad91,0x94ae,0x8ccd,0x8d2f,0x9551,0xbeb5,
  0xbe95,0xb673,0xbe73,0xadf1,0x952e,0x84ad,0x7c4b,0x848c,0x848c,0x9d8f,0xa590,0xb5f2,
  0xb633,0xceb6,0xbeb3,0xc6d6,0xcef7,0xcf17,0xcef7,0xcef6,0xbe74,0xb633,0xbe34,0xbed6,
  0xb6b6,0xae52,0x9d2e,0x7c4d,0x8cef,0xa571,0xd6d8,0xd759,0xc675,0xb614,0xb654,0xadd3,
  0xb614,0xbe74,0xc6b7,0xce97,0xbe74,0xb614,0xa570,0x94ee,0x842e,0x84af,0x95b3,0xae15,
  0xb614,0xa634,0xa5f3,0x95b3,0x9cd1,0x94cf,0xadf3,0xbe15,0xce97,0xc716,0xbd8f,0x93ce,
  0x6b09,0x6b29,0x6b6b,0x6bac,0x9510,0x7cb0,0x9dd3,0xc656,0xc697,0xc696,0xb695,0xb633,
  0xb614,0xbe56,0xadd2,0xb5b3,0xbe14,0xbe54,0xa5b0,0x9d50,0x9d10,0x9d10,0xa552,0xa510,
  0xa550,0xceb6,0xbe53,0xa54f,0x742a,0x73eb,0x73a9,0x4b26,0x848d,0x950e,0x9d4f,0xc5f4,
  0xc614,0xb5b3,0xad72,0x8c6e,0x9ccf,0x9d10,0xadd4,0xb634,0xc676,0xbdf4,0xa551,0x8ccf,
  0x8caf,0x94ae,0x9551,0x8db2,0x9531,0x94ef,0xa510,0xad31,0xd654,0xd6b7,0xdf19,0xd6f8,
  0xceb6,0xce75,0xc612,0xadb0,0x8ccc,0x8c8c,0x8c8c,0x9d2d,0xb631,0xc694,0xd6f7,0xd717,
  0xd737,0xce95,0xbe34,0x9d2e,0x9cee,0xa4ce,0xa54f,0xad90,0xad92,0xa4f0,0x94ae,0xa510,
  0xa592,0xc5f4,0xce77,0xceb7,0xceb7,0xbe56,0xb613,0xb5f4,0xb5f4,0x9d30,0x9551,0xb5b3,
  0xb5d1,0xbe15,0xb674,0xb613,0xa572,0x9d10,0x9d50,0xadb1,0xc613,0xc697,0xc6f8,0xb5d4,
  0xced7,0xd737,0xc676,0x84ce,0x7c6d,0x7c8e,0x84ad,0xb5f3,0xced8,0xced7,0xc696,0xbe14,
  0xb5f4,0xbe34,0xced7,0xb592,0xbe55,0xbe55,0xad91,0x9d2f,0x8cad,0x846c,0x846c,0x8ccd,
  0xa5b0,0xb5f2,0xb633,0xc694,0xcf17,0xcf17,0xcef7,0xb632,0xb633,0x9dd1,0x9d90,0x952f,
  0xa5b1,0xbe33,0xbeb5,0xc6d6,0xc6d5,0xbe73,0xb652,0xa5f1,0xa5d0,0x956f,0x958d,0x9dae,
  0xb632,0xae31,0xb672,0xbed3,0xc6f4,0xc6d4,0xc694,0xb611,0xadf0,0xa56e,0x9d2d,0x950d,
  0x9d4e,0xa58f,0xb5f1,0xced6,0xb611,0xb5f2,0xad8f,0xc674,0xc6f5,0xced6,0xc6b5,0xc6d5,
  0xb633,0xadf2,0xa590,0x8cee,0x8cae,0x8c6d,0x9d0f,0x9d30,0xa550,0xadb2,0xb5d2,0x950e,
  0x8d0f,0x8d4f,0xa591,0xbed6,0xcef6,0xc6b4,0xb653,0xa5d0,0x8d2d,0x848c,0x7c2b,0x8cad,
  0x950d,0x9d8f,0xa570,0xadb1,0xbe73,0xceb6,0xbe93,0xced6,0xcf17,0xd717,0xcef6,0xcef6,
  0xbe94,0xb654,0xbe14,0xb6d5,0xc675,0xa630,0x94ad,0x848e,0x84af,0x9510,0xd738,0xcf17,
  0xbe54,0xae13,0xb5f3,0xadf3,0xb655,0xc695,0xc6b6,0xc696,0xc654,0xb613,0xa52f,0x94ee,
  0x63ab,0x84f1,0xa613,0xc635,0xa5d2,0xae14,0xbdf4,0x9d31,0x94d0,0x9c8f,0xb593,0xc676,
  0xc676,0xc693,0xc5af,0x946c,0x732a,0x5b09,0x5ae8,0x73ed,0x94ef,0x94b0,0x9571,0xae13,
  0xce77,0xd6b7,0xb6b5,0xb694,0xbdd3,0xb614,0xb593,0xadd3,0xb5d3,0xbe33,0xa530,0x9d51,
  0x9d2f,0x94ed,0x950f,0xad91,0xa54e,0xd695,0xce54,0x9d2f,0x7c6b,0x740b,0x73aa,0x4b27,
  0x746d,0x7cad,0x954e,0xc695,0xb614,0x9571,0x9d71,0x94cf,0x9ccf,0xa571,0xc695,0xb654,
  0xbe54,0xbe14,0xad72,0xa530,0xad30,0x9510,0x9d52,0xa5b2,0x9caf,0x9c8f,0x9ccf,0xa570,
  0xce95,0xd6f9,0xd6f9,0xd6d8,0xd6b6,0xce54,0xd695,0xbdd1,0x94ac,0x7c0a,0x7c2a,0x952c,
  0xadb0,0xc672,0xd737,0xd717,0xdf17,0xd6b6,0xbdf2,0x9d4f,0xad0e,0xa4ee,0xa58f,0xb5b1,
  0xad92,0xa4f0,0x9cef,0xa531,0xb5b3,0xc5f5,0xd698,0xceb6,0xceb7,0xc697,0xb614,0xb5f3,
  0xadf3,0x9d50,0x9551,0xad72,0xb5d2,0xbe54,0xbe75,0xbe13,0xa571,0x9d2f,0x952e,0xad90,
  0xbdf2,0xce97,0xcf18,0xc676,0xd719,0xdf59,0xc676,0x8d0f,0x848d,0x848e,0x8cce,0xc613,
  0xce96,0xcef7,0xce96,0xc615,0xbe14,0xbe14,0xc655,0xc655,0xbe75,0xbe74,0xa570,0x9d4f,
  0x8ced,0x848c,0x846c,0x8ccd,0x9d6f,0xb5f1,0xbe33,0xbeb4,0xd718,0xd758,0xced6,0xb653,
  0xae12,0x9d8f,0x956f,0x954f,0xa5b0,0xb632,0xbeb4,0xc6d5,0xb693,0xbe93,0xb672,0xa5f0,
  0xb632,0x958f,0x958d,0x9dce,0xae31,0xae30,0xbe93,0xc6d5,0xc6f4,0xc6d4,0xbe93,0xa5af,
  0xb5f0,0xadd0,0xa54e,0x9d0d,0xa56f,0xa56e,0xadd0,0xb611,0xb5f1,0xce75,0xadf0,0xbe94,
  0xcef6,0xcef7,0xcef6,0xcef7,0xbe54,0xb5f2,0xa591,0x950e,0x8c4c,0xa550,0xa530,0x9cf0,
  0xad51,0xad91,0xadb1,0x954f,0x9570,0xa550,0xadd2,0xc695,0xcf17,0xd6d7,0xb672,0xa610,
  0x9d4e,0x8ccd,0x848c,0x84ec,0x9d6e,0xa570,0xadb0,0xbe12,0xbe94,0xc694,0xced5,0xd6f6,
  0xcef6,0xdf17,0xcef6,0xcef6,0xc6b6,0xbe74,0xbe34,0xb653,0xce34,0xadef,0x948e,0x846e,
  0x7c6e,0x9551,0xd738,0xced6,0xbe54,0xadf2,0xb5f2,0xadb2,0xb635,0xbe75,0xc675,0xbe54,
  0xbe33,0xb5b1,0x9d2f,0x8cce,0x844d,0x9551,0xadb3,0xbdf4,0xa590,0xadf3,0xadb3,0x9c90,
  0x94cf,0x9c6f,0xb572,0xbe55,0xbe33,0xc632,0xc5cf,0xa4ea,0x83cb,0x634a,0x6329,0x7bcc,
  0x84f0,0x948e,0x950f,0xa5d2,0xce77,0xd6d8,0xbe95,0xbeb5,0xbdf3,0xb5b2,0xad91,0xadb3,
  0xb5b2,0xbe33,0x950f,0x9ccf,0xad72,0x950e,0x8ccd,0xa5d0,0xad30,0xc633,0xce53,0xad4e,
  0x948c,0x8c2b,0x7389,0x5b08,0x7bcc,0x9caf,0xa570,0xb632,0xc6d7,0xa5b3,0xb572,0x63eb,
  0x9cef,0xa571,0xb613,0xbe34,0xbe13,0xbe34,0xadb1,0xa5d2,0x9d91,0xa551,0xa571,0xadd3,
  0x9d50,0x842b,0x9cee,0xc5b3,0xd697,0xd6f9,0xd6d9,0xd6d7,0xceb5,0xce53,0xce54,0xbdb1,
  0x9d0d,0x7c0a,0x7c09,0x94cc,0xad6e,0xbe72,0xd6f6,0xd717,0xdf37,0xd694,0xbdb0,0xad0f,
  0xb590,0xad4d,0xbdaf,0xbd92,0xad30,0x9ccf,0x9cf0,0xad71,0xbdd3,0xc615,0xceb7,0xceb6,
  0xced7,0xceb6,0xbe33,0xb5f2,0xa5b2,0xa571,0x9d50,0xad91,0xb5f4,0xbe34,0xbe74,0xbe13,
  0xad91,0x9d0e,0x94ef,0xb591,0xb5f2,0xc654,0xcef7,0xd6f8,0xdf5b,0xdf7a,0xced8,0xa550,
  0x8c2c,0x8c8e,0x94ef,0xbe54,0xd6d8,0xced7,0xce96,0xc655,0xbe14,0xc655,0xc696,0xbe35,
  0xc675,0xc694,0xadd0,0x9d4e,0x9d2e,0x846c,0x846c,0x8ccd,0x9d4f,0xadf1,0xbe32,0xc6b5,
  0xcf37,0xcf37,0xcef6,0xbe73,0xa611,0x9d8f,0x954e,0x952e,0xa58f,0xb632,0xc6b4,0xc6d4,
  0xc6f5,0xbe93,0xb651,0xae11,0xb611,0xadd0,0x9dae,0x9dcf,0xae11,0xb672,0xbe93,0xc6b4,
  0xcef5,0xc6d4,0xbe93,0xae51,0xb651,0xae11,0x9daf,0xa5af,0xa58f,0xadf0,0xadf0,0xb611,
  0xb612,0xc634,0xb611,0xc674,0xcef6,0xcef6,0xd717,0xcef6,0xc695,0xb5f2,0xadb1,0xa52f,
  0x94ed,0xa54f,0xad31,0xa4f0,0xa531,0xb5b2,0xadb1,0x950f,0xa550,0xad91,0xb5d2,0xc6b5,
  0xd6f8,0xcef6,0xc674,0xb632,0x9d6e,0x94ee,0x94ed,0x9d4e,0xa56f,0xa590,0xadb0,0xbe12,
  0xc694,0xceb6,0xced6,0xd6d6,0xd6f7,0xd6f6,0xced5,0xc6d4,0xced7,0xceb5,0xc654,0xbe12,
  0xb5b2,0x9d8e,0x94ef,0x846e,0x8caf,0xa592,0xd737,0xceb6,0xb634,0xadd1,0xb5d2,0x9d30,
  0xbe77,0xc676,0xc655,0xc614,0xb5f2,0xb570,0xa52f,0x8ced,0x8c6e,0x9510,0xadd4,0xb5d3,
  0xadb1,0xb5f3,0xa572,0x94af,0x94cf,0xa511,0xb592,0xc654,0xc652,0xbe32,0xc611,0xb58e,
  0x946c,0x7b6c,0x5b29,0x83ab,0x8c8e,0x9cef,0xa4ce,0xadd0,0xbe55,0xced8,0xced7,0xc695,
  0xbe14,0xb571,0xa570,0xa570,0xb5f2,0xc675,0x7bca,0x8cee,0xad51,0x9cce,0x8cad,0xb5b1,
  0xa56f,0xbe33,0xc612,0xa52e,0x948c,0x8c4a,0x6b69,0x62e9,0x7b8a,0x946e,0xad10,0xb5f2,
  0xced6,0xbe14,0xb551,0x83ce,0x83ec,0xa570,0xbe53,0xbe13,0xbe12,0xb613,0xb5f2,0xadd2,
  0xad91,0xad6f,0xc5d2,0xbdb2,0x9ccf,0x942d,0x9cae,0xc613,0xcef7,0xcf18,0xd6f8,0xceb6,
  0xce74,0xce13,0xc632,0xce12,0xa58f,0x846c,0x8c8b,0x9ccd,0x9d2e,0xc693,0xd6f6,0xd6d5,
  0xdf17,0xc671,0xad90,0xb54f,0xc5f1,0xad8e,0xc58f,0xad0f,0xad0f,0x9cef,0xad30,0xadb1,
  0xbd91,0xce95,0xd719,0xd6d7,0xd6f7,0xceb5,0xbe54,0xadd0,0xadd2,0xa550,0x8c8d,0xa591,
  0xb5d3,0xbe54,0xbe55,0xbdf3,0xa570,0x9cee,0x950e,0xbd91,0xa590,0xce96,0xceb7,0xd6b7,
  0xdf39,0xdf79,0xdf19,0xa551,0x9c6d,0x7beb,0xad51,0xbe95,0xceb7,0xd6d8,0xd6b7,0xc634,
  0xc614,0xce75,0xceb7,0xceb7,0xceb6,0xce95,0xadf0,0xad6f,0x9d2e,0x8ced,0x844c,0x8ccd,
  0x9d6f,0xadb1,0xc654,0xced5,0xd717,0xcf17,0xc6f5,0xbe93,0xae11,0x9daf,0x9d4e,0x8c8c,
  0x956e,0xae31,0xbe93,0xc6d5,0xced5,0xbe93,0xb651,0xae10,0xb5f0,0xadd0,0x9dae,0x9dae,
  0xa5ef,0xae30,0xbe72,0xbeb2,0xcef5,0xc6d3,0xbeb2,0xb670,0xa60e,0xbe51,0xadf0,0xb5f0,
  0xadaf,0xb611,0xad90,0xc633,0xbe12,0xbe12,0xbe12,0xc673,0xc6f5,0xd737,0xd737,0xcef6,
  0xc694,0xb571,0xbdf2,0xa54f,0x9d2e,0xa590,0xbdb3,0xadd2,0xadb2,0xbdd2,0xb5b1,0xa570,
  0xad70,0x9d4f,0xb633,0xcef6,0xdf39,0xd718,0xceb5,0xbe53,0xb5b1,0xa52f,0x94ed,0xa56f,
  0x9d8f,0xa58f,0xa56f,0xbe32,0xc674,0xd695,0xd6d5,0xd6d6,0xd6d6,0xced5,0xced5,0xced5,
  0xceb5,0xceb5,0xce75,0xbdb2,0xb551,0xa5d0,0x94ae,0x844e,0x94f0,0xa5b2,0xcef6,0xceb6,
  0xb634,0xb5d1,0xb5b1,0xb5b2,0xbe34,0xbe75,0xc655,0xbdd2,0xb5b1,0xb590,0xa52e,0x8ced,
  0x9c6f,0xa551,0xb5b3,0xb5d3,0xb5d2,0xb5d3,0x9d31,0x94ce,0x8ccf,0xa530,0xbd71,0xc655,
  0xbe73,0xb653,0xce73,0xc5cf,0x9cab,0x7b4a,0x52c8,0x4b29,0x83ec,0xa4ef,0xaccf,0xb611,
  0xbe33,0xc6d6,0xce96,0xc655,0xb5f2,0xb551,0x9d50,0xa550,0xbdf2,0xbe33,0x8c2c,0x84ad,
  0x8d0e,0x94ee,0xacee,0xb530,0xb590,0xbe12,0xc652,0xad4f,0x948c,0x844b,0x6ba9,0x6b28,
  0x7ba9,0xa4ae,0xa510,0xb572,0xce35,0xc5d4,0xa4cf,0x83cb,0x7b2a,0x9cce,0x9d71,0xb5d3,
  0xb5d1,0xc634,0xc634,0xb5f3,0xbd92,0xbdb2,0xc5f4,0xbd72,0x9c8f,0x944d,0x9d0e,0xae12,
  0xc6b6,0xd719,0xced7,0xd696,0xce53,0xce32,0xd653,0xce73,0xadb0,0x8c6b,0x94ac,0x94ac,
  0xa56e,0xc632,0xced5,0xceb4,0xd6d4,0xd6b4,0xc5f3,0xc5b0,0xb5cf,0xb5af,0xbd6f,0xad2e,
  0xad0f,0xa50f,0xa4cd,0xb5d1,0xce34,0xdeb6,0xd6d8,0xdef7,0xd6f6,0xcef5,0xceb5,0xbe32,
  0xb5f2,0xadb1,0xa4cd,0xad91,0xbe14,0xbe74,0xc654,0xb5b1,0xad70,0xa52f,0xa530,0xad50,
  0xadb1,0xc675,0xc676,0xd696,0xdf39,0xe77b,0xceb7,0x9d31,0x9c4d,0x8c4d,0xad51,0xae33,
  0xc6d6,0xd6d7,0xdeb7,0xce75,0xbdf3,0xce75,0xd6d7,0xdf3a,0xd696,0xc634,0x9dcf,0xa56f,
  0x9d4e,0xa56f,0x842b,0x8cac,0x9d4e,0xb5d1,0xbe12,0xced5,0xdf38,0xd717,0xd6d6,0xb652,
  0xae11,0xa590,0x9d2e,0x94ec,0xa56e,0xb632,0xc6b4,0xcef5,0xcef5,0xc693,0xb631,0xae10,
  0xadf0,0xa5af,0xa5af,0xadd0,0xa5ef,0xae0e,0xc672,0xbe91,0xc6d4,0xc6d3,0xb691,0xbe91,
  0xb630,0xbe11,0xb5f0,0xadcf,0xa5cf,0xb611,0xbdf2,0xbe11,0xbe12,0xb5f1,0xbdf1,0xc674,
  0xcef5,0xd737,0xdf38,0xd6f6,0xd6b5,0xbe12,0xb5d1,0x9d4f,0xa56f,0xadb1,0xb653,0xb5b2,
  0xb571,0xbdd3,0xb5b1,0xa54f,0xb571,0xa590,0xc6b5,0xced6,0xdf38,0xdf39,0xd6d6,0xced6,
  0xc654,0xad90,0xad70,0xa590,0xadb0,0xb5d0,0xb5d0,0xbeb4,0xce95,0xce94,0xd6d6,0xd6b5,
  0xd6b5,0xc693,0xced5,0xc673,0xc693,0xceb5,0xce54,0xbd92,0xb4f0,0xa56f,0x94ae,0x73ab,
  0x9d31,0xae34,0xceb6,0xceb6,0xb634,0xbdf3,0xbdb2,0xb592,0xbdf3,0xae54,0xb612,0xbdb1,
  0xa570,0xb550,0xad90,0x9d0e,0xa4cf,0xa592,0xad92,0xbdd2,0xb612,0xa5b0,0x952d,0x9c8d,
  0x846e,0xa530,0xb571,0xbe12,0xbe53,0xbe12,0xc611,0xc5ce,0x9ccb,0x8369,0x4a08,0x4b69,
  0x7bcb,0x946c,0xad31,0xbdf2,0xbe32,0xc695,0xbe73,0xbe54,0xa5b0,0xb570,0xad70,0xa510,
  0xbdf2,0xbdd1,0x8c49,0x952e,0x8d0d,0x9ced,0x94ed,0xad4f,0xbdb1,0xc612,0xce32,0xad4f,
  0x948c,0x842b,0x6b69,0x6369,0x6bc9,0x8ccd,0x9ccf,0xacf0,0xcdf4,0xc5d4,0xad31,0x73eb,
  0x7bcb,0x948e,0x9d30,0xad50,0xa52f,0xbdf2,0xc634,0xbdf2,0xb5b1,0xb5d2,0xad72,0x9c8f,
  0x944e,0x942d,0x9cef,0xb5f4,0xce76,0xd6b7,0xd6b6,0xd695,0xc611,0xcdf2,0xce73,0xce94,
  0xbdf1,0xa50e,0x8ccc,0x950c,0xb56d,0xbdf0,0xc694,0xc694,0xced4,0xd6b5,0xbdb0,0xce11,
  0xad8e,0xc5af,0xbdb1,0xad2e,0x9ccd,0x9ccd,0xad0f,0xbdd1,0xce54,0xc695,0xd6b6,0xd6f7,
  0xdf17,0xcf15,0xceb5,0xce53,0xbdf2,0xad70,0xa4ed,0xbdb1,0xbe33,0xc6b4,0xbe13,0xad70,
  0xb5d1,0xad2f,0xa52e,0xa50e,0xadd1,0xce54,0xc655,0xd6b6,0xdf19,0xe77b,0xcf17,0x8c8e,
  0x940d,0x8c6d,0xad51,0xb633,0xc6d6,0xd6d8,0xdeb8,0xce54,0xce54,0xe6f8,0xdef7,0xdef9,
  0xd6b6,0xc653,0xadaf,0xad6f,0xa54e,0x9d2e,0x8c8c,0x846a,0xa52e,0xadf0,0xc632,0xceb5,
  0xd717,0xd6f6,0xd6f6,0xbe73,0xb632,0xadd0,0x9d4e,0x9ced,0x9d4e,0xb632,0xced6,0xced5,
  0xced5,0xc6b4,0xb631,0xa5af,0xa58e,0x9d4d,0x9d6d,0x9d6d,0xadf0,0xadef,0xb650,0xced5,
  0xc6d2,0xcef4,0xced3,0xbe91,0xbe50,0xae0f,0xbe10,0xadcf,0xb5f0,0xb5f0,0xbe11,0xadaf,
  0xbe32,0xbe12,0xbe11,0xbe52,0xced4,0xd716,0xdf17,0xd6f6,0xc694,0xbe12,0xb5b1,0xad90,
  0xad91,0xadb1,0xb5b1,0xad50,0xad70,0xb5b1,0xad91,0x9d2f,0xa570,0xadd1,0xc674,0xd6f7,
  0xdf39,0xdf18,0xd6b6,0xd6b6,0xc695,0xb613,0xad91,0xadd1,0xb5d1,0xbdf1,0xbe11,0xb673,
  0xceb5,0xd6d5,0xd6d5,0xd6b4,0xd694,0xbe31,0xbe51,0xc632,0xbe31,0xce95,0xc633,0xb551,
  0xad10,0xa4ef,0x94ae,0x948e,0xa551,0x9df3,0xce54,0xce95,0xb634,0xbdf3,0xad2f,0xb592,
  0xbdd3,0xb694,0xb612,0xb570,0xa52f,0xa4ee,0xad0f,0x9d2d,0xad0f,0xa551,0xa591,0xc5f3,
  0xb5f2,0xa5b0,0x8c8b,0x946d,0x842e,0xad91,0xb592,0xbe32,0xbe53,0xc60f,0xc58d,0xbd6d,
  0x8c4b,0x8368,0x6b0a,0x632a,0x73cb,0x8c6a,0xa550,0xbdf2,0xce75,0xc653,0xc654,0xbe53,
  0xa5f0,0xa58f,0xb510,0x9c6e,0xad4f,0xa54e,0x9cac,0x952d,0xad6f,0x950c,0x94ec,0xad90,
  0xad6f,0xc5f1,0xc611,0xb54f,0x948c,0x8c0b,0x7ba9,0x7328,0x7369,0x846c,0x8cac,0xb510,
  0xce34,0xceb6,0xbd91,0xa4ce,0x8c0c,0x7bca,0x9cae,0xad10,0x948c,0xc633,0xce33,0xbdd2,
  0xbdb2,0xbd90,0xa4f0,0x836b,0x8beb,0x8bac,0x94ce,0xadd3,0xce75,0xd6b5,0xd695,0xd654,
  0xce12,0xce31,0xceb4,0xce93,0xbdf1,0x950d,0x8cca,0xa54c,0xad4d,0xbe10,0xc672,0xc673,
  0xce93,0xc652,0xbe11,0xbe11,0xb5af,0xb56f,0xb5d0,0xa52e,0xa4cd,0x9cac,0xa50e,0xbdf1,
  0xce53,0xce75,0xdef7,0xdf17,0xdf38,0xd717,0xd694,0xce54,0xc611,0xb56f,0xb58f,0xbdb1,
  0xc654,0xceb3,0xc614,0xad4f,0xa52f,0xad2f,0xa52e,0xad2f,0xb5b0,0xc634,0xce75,0xd6b6,
  0xdf18,0xdf59,0xd77a,0x9ccf,0x9c6f,0xa48e,0xa530,0xb5d2,0xbe34,0xce76,0xd697,0xd695,
  0xbe53,0xd6b7,0xded6,0xd6d7,0xceb6,0xadf0,0xb5af,0xa54e,0xad4e,0xa52e,0x9ccd,0x848b,
  0x946b,0xb611,0xc632,0xce94,0xd717,0xd716,0xd6f5,0xc6b4,0xb611,0xadb0,0xa58f,0xa50e,
  0xad8f,0xb611,0xced5,0xc6d4,0xced4,0xc6b4,0xbe52,0xb5f0,0xa58e,0x9d2d,0x9d2d,0xa58e,
  0xb610,0xbe10,0xc672,0xced4,0xcef4,0xd736,0xd715,0xc692,0xbe50,0xb60f,0xadce,0xadae,
  0xb5af,0xb5f0,0xb5f0,0xb611,0xc632,0xce53,0xc611,0xc652,0xceb3,0xcef3,0xcef3,0xdf17,
  0xc672,0xbdb1,0xbdd2,0xb5b1,0xbd91,0xb591,0xbdf2,0xad90,0xad70,0xb5d2,0x9d71,0xa5b0,
  0xad4f,0xb5b1,0xbe33,0xd6f7,0xe739,0xdf18,0xd6d7,0xd6b7,0xce95,0xc654,0xb5d1,0xb5d1,
  0xbdd1,0xb5d0,0xbe12,0xc675,0xd6b5,0xd6d5,0xd6d4,0xd694,0xc653,0xbdf1,0xc652,0xbdf1,
  0xbdf1,0xce33,0xc612,0xb550,0x94cf,0xa4cf,0x9ccf,0x7bab,0xa4cf,0xa571,0xce12,0xc695,
  0xbe14,0xbdd2,0xb550,0xb591,0xcdd2,0xb672,0xad90,0xa4ce,0xa4ee,0xa4ad,0xa4cd,0xad4e,
  0xb4ce,0x94ce,0xa5b0,0xc5f4,0xc633,0xa54f,0x8c0d,0x8c4d,0x9caf,0xad92,0xbdf2,0xc654,
  0xbe93,0xbdce,0xcd4d,0xbd2c,0x8be9,0x734c,0x6328,0x6309,0x7c4d,0xad4e,0xa56f,0xbe33,
  0xc633,0xc5f2,0xc612,0xbe12,0xae51,0xa610,0xa4cf,0x8bcc,0xaccd,0x9c8c,0x946c,0xa54d,
  0xad8f,0xb5b0,0x94ec,0xb571,0xadd2,0xbdb0,0xc5f1,0xad2e,0x9cac,0x7c09,0x7be9,0x6b48,
  0x7ba9,0x844b,0x946c,0xc654,0xce53,0xdf18,0xc613,0xa4af,0x944d,0x83ac,0x8c4d,0xad2f,
  0xad0d,0xc632,0xc654,0xbe32,0xc652,0xad70,0x8cce,0x7bab,0x83ca,0x8c0b,0x94cd,0xbdb2,
  0xce53,0xce94,0xd654,0xd653,0xd633,0xce32,0xd6d5,0xce74,0xb5d1,0x8ccc,0x9cca,0xad6d,
  0xa54d,0xbdef,0xbe52,0xc672,0xce94,0xc630,0xbdf1,0xb5cf,0xbd8f,0xa54d,0x9d6e,0xa4cc,
  0x9c8c,0x9cac,0xa50d,0xbdb0,0xce73,0xd6b5,0xd6d6,0xd716,0xdf16,0xdf17,0xdeb7,0xd675,
  0xc610,0xb52e,0xb56e,0xb54e,0xce72,0xced3,0xc5f3,0xad6c,0xad6e,0xacee,0xa50e,0xa52e,
  0xbdb1,0xc633,0xce75,0xd6d7,0xdf18,0xdf38,0xe7bc,0xad51,0x9c6f,0x9c4d,0xad50,0xbdd2,
  0xb5f2,0xc634,0xce75,0xce75,0xbe32,0xd695,0xd696,0xd676,0xce75,0xb5f1,0x9d2c,0xad4d,
  0xa52e,0xad2e,0xa4ed,0x94cc,0x9d0d,0xb5b0,0xbe32,0xd6b4,0xd6d5,0xd6f6,0xd6f5,0xc6b3,
  0xbe31,0xadf0,0xadb0,0x950d,0xb590,0xbdf1,0xbe72,0xced4,0xced4,0xc6b3,0xbe71,0xb5ef,
  0xadae,0x9d2b,0xa56c,0xa58e,0xadcf,0xc631,0xbe50,0xd6d4,0xd6f5,0xd715,0xd715,0xceb3,
  0xbe51,0xadce,0xa5ae,0xa58d,0xad8e,0xb5d0,0xbe11,0xbdf0,0xc631,0xc632,0xb630,0xbe51,
  0xc691,0xc6d1,0xd6f4,0xd6f6,0xd6b5,0xc633,0xc613,0xb590,0xb570,0xad50,0xb590,0xad70,
  0xb5d1,0xadb1,0xadb1,0xad91,0xb590,0xbdf2,0xbe33,0xd6b5,0xdf17,0xdef7,0xd6d7,0xd6b6,
  0xce74,0xce54,0xc613,0xbdf2,0xbdf1,0xb5b0,0xbe73,0xc694,0xd6d5,0xd6d5,0xceb4,0xd654,
  0xbe12,0xb5b0,0xbdf2,0xbdb1,0xbdd1,0xc633,0xb5d1,0xad2f,0x94cf,0x9cae,0x9cae,0x8c2c,
  0x944e,0x9cef,0xce12,0xce74,0xb592,0xad51,0xb52f,0xb570,0xb54f,0xadf0,0xa50f,0x9cad,
  0xa4ad,0x9cad,0x9cad,0xa4ed,0xa50d,0x9c8e,0xadd0,0xbdf4,0xcdd2,0x94ee,0x83ac,0x846d,
  0x9ccf,0xa571,0xce34,0xce54,0xc694,0xc5d0,0xc56d,0xc50d,0x9c6a,0x7b6a,0x6b29,0x6b49,
  0x844d,0xbd90,0xb5f1,0xc632,0xc632,0xc5f1,0xbdd0,0xbdf1,0xc5d1,0xad6f,0x9ccd,0x8bca,
  0x9c2c,0x9c4c,0x944a,0xa4ed,0xb5af,0xb5d0,0xad2e,0xa50f,0xad30,0xb570,0xc5d1,0xb54f,
  0xa4ac,0x944a,0x842a,0x5b27,0x6b68,0x6c49,0x6c8a,0xadd1,0xd674,0xd694,0xce33,0xb590,
  0xa4ed,0x942c,0x9c8d,0xbdcf,0xcdef,0xce51,0xce93,0xceb4,0xc652,0xa5b2,0x8cae,0x7b4a,
  0x83cb,0x8beb,0xad2e,0xcdf2,0xc652,0xc632,0xd633,0xce12,0xcdf1,0xd693,0xce94,0xce54,
  0xbdd1,0xa4ed,0xb56d,0xb56d,0xb5ae,0xb5cf,0xce31,0xc693,0xd694,0xc631,0xb5af,0xbdf0,
  0xb5af,0xad6e,0xad2d,0xa4ed,0x9cac,0x9c8c,0xa4ed,0xbdb0,0xc612,0xce94,0xceb4,0xdf16,
  0xdf16,0xdef7,0xdeb7,0xd654,0xbdf0,0xb52d,0xb56e,0xc5b0,0xce91,0xd6b3,0xce14,0xa52b,
  0xa52d,0xad0e,0xa50e,0xa50e,0xc5f2,0xce94,0xce95,0xd6d6,0xdf18,0xdf39,0xdf5a,0xbdf4,
  0xa510,0x9c2e,0xa550,0xbdd2,0xc5f3,0xb5d2,0xcdd2,0xce74,0xce75,0xd675,0xd675,0xce13,
  0xce54,0xc5d0,0xad0d,0xa52c,0xa52d,0xa50d,0xa50e,0xa4ed,0x94cd,0xb5cf,0xce12,0xd693,
  0xded5,0xd6f4,0xcef4,0xc6b3,0xc652,0xb5f0,0xa58e,0x9d4e,0xa56e,0xb5f0,0xbe51,0xced4,
  0xcef4,0xc6b2,0xb630,0xadce,0xad8d,0xad8c,0xa56c,0xadae,0xb610,0xbe30,0xc672,0xd6f4,
  0xdf16,0xdf35,0xdf36,0xceb2,0xc671,0xbdef,0xb5ce,0xad8e,0xa56e,0xb5d0,0xbe11,0xbe31,
  0xbe31,0xc651,0xc650,0xceb3,0xd6d4,0xd6f4,0xdef6,0xdef6,0xd6d5,0xd6b4,0xc632,0xb570,
  0xa4ee,0xa4ef,0xad50,0xad70,0xc633,0xb5f1,0xb570,0xad90,0xb5b1,0xbdb1,0xc633,0xd6b5,
  0xdf17,0xd6d6,0xd6d6,0xce95,0xce74,0xce53,0xc5f2,0xbdf2,0xbdf1,0xb5d0,0xbe12,0xce53,
  0xd6b4,0xd6d4,0xce73,0xc5f2,0xbdf1,0xbd90,0xad6f,0xce11,0xc611,0xc612,0xad70,0xa4ce,
  0x940d,0x8c2d,0x942d,0x8bec,0x8c2c,0xa50f,0xce12,0xce52,0xad30,0xad10,0xb54f,0xb570,
  0xad4f,0xa54f,0xad0f,0x9cad,0x946d,0x9c8c,0x946c,0xa4ed,0x9ccc,0x948d,0xa5af,0xbe54,
  0xc56f,0x8cad,0x83cc,0x844c,0xa4af,0x9d10,0xc5f4,0xce33,0xce54,0xbdaf,0xbd6e,0xc54f,
  0x9cad,0x7389,0x6b29,0x7bca,0x948c,0xb570,0xbdf1,0xb5d0,0xd652,0xbdf0,0xbdcf,0xbdaf,
  0xb56f,0xc5b2,0x83c9,0x8bc9,0x8bea,0xa42c,0x942a,0x9c6b,0xbd6f,0xce11,0xb58f,0x9d0d,
  0xad0e,0xad2e,0xbd90,0xbd4f,0xacad,0xa46b,0x7b89,0x6ae6,0x7b88,0x7c08,0x7c6a,0xad8f,
  0xdeb5,0xded4,0xce53,0xad91,0xa52e,0x9cce,0xacee,0xce31,0xbdce,0xce92,0xced2,0xceb2,
  0xc652,0xbd71,0x8c2b,0x83ea,0x83aa,0x83ea,0xb54f,0xc612,0xbe32,0xbdf0,0xcdf1,0xcdb1,
  0xcdd0,0xce12,0xce94,0xce32,0xbd90,0xb54e,0xad4d,0xc5f0,0xbdf0,0xbdae,0xc610,0xc672,
  0xceb4,0xc612,0xa52d,0xb58f,0xb58f,0xb56e,0xb54f,0xacee,0xa4ac,0x9cac,0x9c8c,0xb54f,
  0xb5d0,0xbe52,0xceb3,0xdef5,0xdef6,0xded6,0xdeb6,0xce52,0xadcf,0xb56e,0xb56e,0xc5cf,
  0xce71,0xce50,0xbd6e,0x9469,0x9cab,0xaced,0xb52e,0xb54f,0xb54f,0xce33,0xd696,0xdef7,
  0xdf19,0xe719,0xceb5,0xbe35,0xbe14,0x93cd,0xb570,0xbdb1,0xbd71,0xa590,0xc5b2,0xc613,
  0xce55,0xd654,0xcdf4,0xc5b1,0xc5f1,0xc5f1,0xacee,0xa4cc,0x9cac,0xa4ed,0xb56f,0xb58f,
  0x9d0d,0xb5af,0xc5f1,0xd672,0xded4,0xded4,0xced3,0xced3,0xce92,0xc631,0xadaf,0x9d6d,
  0xa5ae,0xadaf,0xbe30,0xd6f5,0xd6b3,0xd6b4,0xae0e,0xadae,0xa56d,0xad6c,0xad8c,0xadad,
  0xbe10,0xc652,0xc672,0xd6b3,0xdf17,0xdf15,0xdf16,0xd6d3,0xc671,0xbe0f,0xbdce,0xbdce,
  0xb5cf,0xbdf0,0xc611,0xc651,0xc671,0xc670,0xc671,0xceb3,0xceb3,0xd715,0xd6f5,0xd6f5,
  0xd6d5,0xd6b4,0xbe11,0xad4e,0x9ccd,0xa4ce,0xa4ee,0xb590,0xce32,0xc612,0xb570,0xb570,
  0xbd91,0xc5d2,0xc5d2,0xce94,0xd716,0xd6b4,0xceb5,0xce95,0xd694,0xce33,0xc5f2,0xbdd1,
  0xbdb1,0xbdb0,0xbdd1,0xc612,0xce93,0xd6b4,0xce32,0xbdd1,0xbdd1,0xb52e,0xacee,0xcdf0,
  0xd652,0xc612,0xad0f,0x9c8d,0x940c,0x8c0c,0x8c0b,0x83ab,0x8bec,0xa4ee,0xbdd1,0xc5f1,
  0xad10,0xa4ef,0xad2f,0xad4e,0xb56f,0xa4ce,0xa4ee,0xa4ad,0x9c8d,0x9c6c,0x9ccd,0x9c8d,
  0x7ba9,0xa4ce,0xa54e,0xbe72,0xbd50,0x9cce,0x8c0c,0x8c6d,0x8c4d,0x9cef,0xad71,0xce33,
  0xc5f2,0xbd2d,0xbd4e,0xb54e,0x944c,0x83ca,0x6b09,0x83a9,0xa4ed,0xbdb2,0xbdb0,0xb5ae,
  0xc610,0xbdb0,0xad2d,0xad6d,0xa58e,0xa54e,0x942c,0x8bc9,0x944a,0xa4ae,0x9c4c,0x9409,
  0xb54e,0xce32,0xc5b0,0xa4ef,0xa4ed,0xa4ed,0xbdaf,0xb56e,0xa4cc,0x942b,0x7b49,0x7b48,
  0x8389,0x9409,0x948c,0xb570,0xded4,0xdef6,0xc5f3,0xad0f,0xa50c,0xad2e,0xb590,0xce31,
  0xbeb1,0xceb2,0xced3,0xce93,0xd5d3,0xa4ee,0x7be9,0x73a8,0x840a,0x946b,0xadb0,0xbe32,
  0xbe11,0xb58e,0xc5af,0xcdb1,0xc590,0xc611,0xd652,0xcdf1,0xb56f,0xb56f,0xad6e,0xbe10,
  0xbd4f,0xb58f,0xbdcf,0xce52,0xce73,0xc5f1,0xad4e,0xa54d,0xb56e,0xb54e,0xacee,0xa4ad,
  0xa4ac,0x9cab,0xacee,0xacad,0xb5b1,0xc631,0xce92,0xdef4,0xd6f5,0xd6b5,0xce54,0xbdd0,
  0xad4e,0xa50d,0xad0c,0xb56d,0xc62f,0xc5ce,0xa4ea,0x9429,0x944a,0xa4ac,0xad0d,0xad2f,
  0x9cab,0xcdd1,0xd655,0xded7,0xdf39,0xdef9,0xbe12,0xb5f2,0xa5b1,0x9c0d,0xad2f,0xb5f1,
  0xc592,0xad91,0xcdd2,0xc613,0xc634,0xd654,0xc5b1,0xbd6e,0xb54d,0xce51,0xaced,0xa4ac,
  0x9c4b,0xa4ec,0xc5f1,0xad8e,0xad6e,0xbd6e,0xce32,0xd652,0xded3,0xdef4,0xd6d3,0xd6d3,
  0xd6b2,0xbe0f,0xb58e,0xa54e,0xa56e,0xadae,0xbe10,0xceb2,0xd693,0xd693,0xb5ef,0xb5ce,
  0xad6d,0xad8c,0xb5ad,0xb5ae,0xbe10,0xd6b3,0xc651,0xc691,0xd6f4,0xdf36,0xdf36,0xd6d3,
  0xce91,0xc630,0xbdee,0xb5ae,0xbdee,0xc610,0xbdf0,0xce72,0xc650,0xc650,0xce71,0xce92,
  0xc691,0xced3,0xd6f4,0xd6f5,0xd6d5,0xce93,0xb5d0,0xa50d,0x9ccc,0x9cad,0xa4ad,0xb56f,
  0xce32,0xc5d1,0xb550,0xb550,0xbdb1,0xbd91,0xbdf1,0xd694,0xd6f5,0xced4,0xceb4,0xd694,
  0xd673,0xce33,0xc612,0xc5b1,0xbdb0,0xbd90,0xbdb0,0xc611,0xce93,0xd693,0xce32,0xadaf,
  0xbd70,0xb50e,0xad0e,0xcdef,0xce11,0xc5f1,0xad0f,0x9cad,0x8c2c,0x8c0c,0x8c4b,0x83cb,
  0x83cb,0x9cac,0xbd90,0xbd90,0xa4af,0xacef,0xad2f,0xa4ed,0xbd6f,0xa4ae,0x9cad,0x9c8d,
  0x9c6d,0x946d,0x9c8c,0x8beb,0x93cb,0x9cad,0xa4cd,0xa4ed,0xb4cf,0x9c6c,0x7baa,0x9c8e,
  0x94ce,0x9cef,0xa550,0xc633,0xbdb1,0xad0d,0xb4ec,0xaced,0x9c2c,0x83aa,0x6b49,0x7b6a,
  0xacce,0xad0e,0xbd50,0xb54e,0xc5f0,0xb58f,0xa50d,0xb4ed,0x9ced,0x950d,0x9cac,0x942b,
  0x942b,0xa4cb,0xb52e,0x8bc9,0xb52d,0xce31,0xc5d0,0xa4ad,0xacae,0xacee,0xbd90,0xb54f,
  0x948b,0x842a,0x7ba9,0x7347,0x944b,0x9cac,0x9ccb,0xbd90,0xd6b3,0xce32,0xbd70,0xb52f,
  0x9cac,0xb52f,0xbdb0,0xce2f,0xc671,0xce92,0xc672,0xc632,0xbdb2,0xad0e,0x8c29,0x8c49,
  0x8c4a,0x8ccc,0xb5d0,0xbe11,0xbdd0,0xb54e,0xbd6d,0xcd90,0xcdd1,0xcdf1,0xc611,0xbdd0,
  0xb54f,0xb54f,0xbdaf,0xc5af,0xbd91,0xb58f,0xbdd0,0xd672,0xd652,0xbdd0,0xad4d,0xa52d,
  0xb50e,0xb52e,0xa4ae,0x9c4c,0xa4ad,0xa48c,0xacef,0xb50e,0xb5f1,0xc611,0xd6b2,0xdef3,
  0xd716,0xd6b5,0xc5f3,0xbdb1,0xad0e,0xa4cc,0xad2d,0xb52d,0xbd6d,0xc54b,0x9c8b,0x8c2a,
  0x8c2a,0xb50e,0xb52e,0xad0e,0xa4ac,0xb530,0xce13,0xd6b6,0xdf18,0xce55,0xc5d1,0x9d4f,
  0x948c,0xa44d,0xad2f,0xbe11,0xbd51,0xb551,0xc612,0xce14,0xce54,0xcdf3,0xc5b1,0xbd6f,
  0xb50d,0xbdae,0xb52e,0x9c8b,0x944b,0x9ccc,0xad4c,0xad2d,0xb5af,0xad4e,0xc5f0,0xd632,
  0xdeb3,0xdef4,0xd6b3,0xd6d3,0xce71,0xc5ef,0xb58e,0xb5ae,0xad4d,0xb58e,0xadce,0xc651,
  0xd6b3,0xde93,0xc60f,0xadac,0xa54b,0xb56b,0xbdac,0xbdee,0xc610,0xd651,0xce50,0xc671,
  0xceb2,0xdf15,0xdf15,0xd6f3,0xce91,0xc650,0xc60f,0xbdee,0xbdee,0xc5ef,0xc610,0xc630,
  0xc630,0xd692,0xce70,0xc650,0xce72,0xd6f4,0xd6d4,0xd6f5,0xd6f5,0xd693,0xbdd0,0xa50d,
  0x948b,0x942b,0x9c6c,0xad2e,0xce12,0xc5d1,0xbd71,0xc591,0xc5d2,0xb570,0xbd90,0xce32,
  0xd6f5,0xced4,0xce73,0xce32,0xce12,0xce53,0xc5d1,0xb570,0xbd71,0xbd70,0xbd70,0xc5d0,
  0xd672,0xd673,0xc5f0,0xb56f,0xb50e,0xaced,0xb52e,0xcdce,0xce10,0xc5b1,0xad2f,0x9cad,
  0x942c,0x8c0b,0x8c0b,0x83ab,0x8beb,0xa4cd,0xbd70,0xb52f,0xa4ae,0xa4af,0xaccf,0xaced,
  0xacee,0x9cad,0x9c4c,0x9cad,0x9c6e,0x948d,0x9c6c,0x8bec,0x93cb,0xa4ce,0xad0d,0xac6c,
  0x93ed,0x944c,0x840b,0x942d,0x948e,0x9cae,0xad50,0xc612,0xb54f,0xa4ac,0xa40a,0xaccb,
  0x9c0b,0x83aa,0x7389,0x6b09,0xac8d,0xb4ae,0xb50e,0xad0e,0xbd8f,0xb54e,0x94ac,0x940a,
  0x834a,0x9cac,0x944a,0x942b,0x946c,0xa48c,0xa4ab,0x9429,0xad0d,0xce10,0xc5af,0xaccd,
  0xac8d,0xaccd,0xb52f,0xb50e,0x940b,0x83a9,0x8be9,0x83a8,0xa4ac,0xb52e,0xb54e,0xc570,
  0xd5f2,0xcdb1,0xc570,0xb4ee,0xb4ce,0xa4ae,0xbd90,0xc5b0,0xb5f0,0xce31,0xc630,0xbdf0,
  0xc5d0,0xa4ed,0x8c0a,0x942a,0x940a,0xa4ac,0xbdb0,0xc611,0xbd6f,0xb52d,0xc54e,0xc56f,
  0xc56f,0xbdb0,0xbdd0,0xbd90,0xb52f,0xb52e,0xb54e,0xbd8f,0xbdb0,0xbdae,0xc5cf,0xd672,
  0xd652,0xb58f,0xad4d,0xa50d,0xb50e,0xbd71,0xa42c,0x942a,0xa4ad,0xa4ad,0xacee,0xb50e,
  0xad4f,0xc5f1,0xd691,0xd6f2,0xd6f5,0xd6b3,0xc5f2,0xb590,0xa50e,0xad0d,0xa50d,0xacad,
  0xa4cb,0xacab,0x942a,0x7c09,0x83c9,0xa48c,0xaced,0xa4ac,0xa48c,0xad0e,0xce13,0xce74,
  0xd6b4,0xbe14,0xa50e,0x9ced,0x9c6d,0xa48d,0xb52e,0xb5b0,0xaccf,0xac90,0xc611,0xcdb2,
  0xce34,0xbd30,0xbd90,0xc550,0xaceb,0xb50d,0xbd8e,0x9c8b,0x9c8b,0x9cab,0xa50c,0xb54e,
  0xad6e,0xb5ae,0xbd8f,0xd630,0xde93,0xe715,0xd6d2,0xdef4,0xce50,0xbdac,0xbdad,0xb5ce,
  0xb56d,0xb5ae,0xb5ee,0xce50,0xd692,0xd693,0xc60f,0xb5ac,0xad6b,0xb58b,0xbdab,0xb5ac,
  0xc5ee,0xce10,0xce4f,0xce71,0xd6b2,0xdef3,0xdf14,0xd6d2,0xce91,0xc650,0xc630,0xc60f,
  0xc5ee,0xc5ef,0xce10,0xce30,0xc5ef,0xc62f,0xc630,0xbe10,0xc671,0xd692,0xd6b3,0xd6f5,
  0xd6f4,0xd693,0xbdaf,0xa4ec,0x8c4a,0x83ea,0x8c0a,0xaced,0xcdf1,0xcdf1,0xbd70,0xbd91,
  0xbdd1,0xbd91,0xbd50,0xbd70,0xd652,0xd6b3,0xd652,0xc5b0,0xc591,0xcdd2,0xbdb0,0xbd70,
  0xbd50,0xbd50,0xbd70,0xc5af,0xd651,0xd652,0xc5d0,0xb52f,0xacee,0xa48d,0xbd4e,0xcdae,
  0xcdcf,0xc570,0xacee,0x9c8c,0x83eb,0x83ea,0x83aa,0x838a,0x8c0b,0xa4cd,0xbd6f,0xacce,
  0xa44e,0xa4ae,0xa48e,0xaccd,0xa46d,0xa4ce,0x9c6c,0x8c2b,0x946e,0x946d,0x940b,0x836b,
  0x9c4d,0xad0e,0xb54e,0xa4ad,0x8bab,0x948e,0x840c,0x8c0c,0x8c8d,0xa4ef,0xb570,0xc5f1,
  0xad0e,0x944b,0x9c09,0x9c4c,0x9c4a,0x8bea,0x7bca,0x73a9,0x93eb,0xa46c,0xa46c,0xaced,
  0xc58f,0xb50d,0xa48b,0x8bea,0x8389,0x940b,0x8bc9,0x946b,0xa4ce,0x9c6a,0x9c2a,0x9c4a,
  0xb4ed,0xce11,0xc5af,0xa48d,0xa4ad,0xa4ac,0xb4ed,0xa4ac,0x8bea,0x83a9,0x8ba9,0x8388,
  0xa46b,0xbd4f,0xc56f,0xc54f,0xcd71,0xc52f,0xbd2f,0xa4cc,0xaccc,0x8c2a,0xb52e,0xc591,
  0xbdb0,0xcdf0,0xc5f0,0xce10,0xb58f,0xa50e,0x944b,0xa46c,0x9c2b,0xacac,0xbdb0,0xbdd0,
  0xbd4e,0xb4cc,0xcd4f,0xc54f,0xbd2e,0xc5b0,0xbdb0,0xb52e,0xbd4f,0xb54e,0xb54e,0xbd6e,
  0xc5ae,0xcdae,0xc5cf,0xd671,0xce51,0xb54e,0xa4ec,0x94ab,0x9cac,0xb4cf,0xac8c,0x9c8a,
  0xa4ad,0xa48d,0xacce,0xacee,0xbd90,0xcdd0,0xde90,0xdf54,0xd6b1,0xd672,0xcdf1,0xad6f,
  0xa52e,0xad0d,0x9d0d,0x9c6b,0x942a,0xa46a,0x942a,0x7409,0x83c9,0xa46b,0xa4ac,0xaccd,
  0xaccd,0xbd50,0xce33,0xce74,0xce53,0xbdd2,0xb52f,0xa4ad,0x9c4d,0x940b,0xaced,0xa4cd,
  0xa4ae,0xac4e,0xbdb0,0xc590,0xc5d1,0xcdf2,0xc590,0xbd70,0xaccc,0xb50c,0xbd4d,0xa4eb,
  0x9c8a,0x9cac,0xa50c,0xad0d,0xb54e,0xb58e,0xc5af,0xd610,0xde51,0xe6d4,0xded2,0xded2,
  0xd670,0xc5ad,0xbd8d,0xb5ce,0xb58d,0xb5ad,0xb5ce,0xc650,0xd671,0xd6d3,0xc60f,0xad8c,
  0xad4b,0xb56b,0xb56b,0xb5ab,0xbdcd,0xc5ee,0xd64f,0xd691,0xd6b2,0xdef3,0xe714,0xded2,
  0xce70,0xc62e,0xce2f,0xc5ee,0xbdce,0xc5ce,0xc5ef,0xc5ef,0xbdce,0xc60f,0xc5ef,0xb5cf,
  0xc651,0xc650,0xce70,0xce92,0xd6d4,0xd672,0xbdaf,0xa50c,0x8c4a,0x83c9,0x83ea,0xaccd,
  0xcdd1,0xcdd1,0xad4f,0xbd91,0xbd90,0xbd70,0xb52f,0xbd50,0xce11,0xd693,0xd653,0xb56f,
  0xad0f,0xbd90,0xbd70,0xb50f,0xacee,0xa48c,0xad2e,0xc58f,0xd650,0xd631,0xbd90,0xb50e,
  0xb54f,0xacee,0xbd2e,0xcd8e,0xcd6f,0xbd4f,0xaccd,0x944c,0x7baa,0x83ca,0x83aa,0x83aa,
  0x944b,0xad0e,0xbd6f,0xacee,0x9c4d,0xa48e,0xa46e,0xa4cd,0xa46c,0x9c8d,0x9c4c,0x93cc,
  0x942d,0x946e,0x944b,0x8b8b,0xa48d,0xb54f,0xbdaf,0xacee,0x940a,0x94af,0x8c6d,0x9cae,
  0x948e,0x9cce,0xbd50,0xbd70,0xaced,0x942b,0x8c09,0x9c2b,0xa46c,0xa46c,0x93eb,0x8c0b,
  0x942b,0x93ab,0xa44b,0xaced,0xbd6e,0xb50d,0x9c6b,0x940a,0x8baa,0x9c0b,0x93aa,0x942a,
  0x9c8b,0x8c09,0x8ba7,0x9c4a,0xbd6f,0xcdd0,0xc58f,0xa4ad,0x9c6c,0x9c6b,0xacac,0x9c0b,
  0x8bc8,0x93c9,0x8ba7,0x7b66,0x946a,0xc590,0xc590,0xcdb1,0xc54e,0xbd0e,0xc52f,0xac8d,
  0x9c2c,0x9c2b,0xac8d,0xbcee,0xcd91,0xc570,0xc56f,0xcdb0,0xb52f,0xb50e,0x9c8c,0xa46d,
  0xa44c,0xaced,0xc5d0,0xbdd0,0xbd2e,0xb4cc,0xcdb1,0xc52f,0xb4ac,0xc590,0xc5d0,0xb54f,
  0xbd2e,0xb4ed,0xbd8e,0xbd8e,0xc56d,0xcd8d,0xce0f,0xd651,0xce10,0xb56e,0xa4ed,0x9c6b,
  0xa3eb,0xaccc,0xa48b,0x8c2a,0xa4ad,0xaccf,0xacae,0xa4ce,0xbd6f,0xcdf0,0xdf13,0xd6d2,
  0xcdee,0xc5ad,0xbdad,0xb54e,0xad2e,0xa4cc,0x94cc,0x9c4b,0x83a8,0x942a,0x946c,0x7c2a,
  0x8c0a,0x9c0b,0xa48b,0xaccd,0xaccd,0xbd70,0xce52,0xce53,0xcdf1,0xbd90,0xb54f,0x9c0a,
  0x93cc,0xa44d,0xa4cd,0x9c8c,0xa46d,0xac6e,0xbd30,0xbd4f,0xc5b1,0xcdd2,0xc570,0xbd4f,
  0xb4ce,0xacac,0xacec,0xaccb,0xa4ab,0xa4cc,0x9cab,0xa48b,0xb50d,0xbd6e,0xbd6d,0xcdaf,
  0xde50,0xdeb2,0xded2,0xd6d1,0xce0e,0xbd6c,0xbd6d,0xb56d,0xb56d,0xbd6d,0xce0f,0xc650,
  0xce70,0xd671,0xc5ce,0xad6c,0x9d0a,0xb56b,0xbd6b,0xb56b,0xbd6c,0xcded,0xd62f,0xce70,
  0xd691,0xdef2,0xdef3,0xdeb1,0xce2f,0xbdcc,0xbdac,0xb5ac,0xb56c,0xb56d,0xbd8e,0xbd6d,
  0xb56d,0xbdae,0xbd8e,0xb5ae,0xbdce,0xc5cf,0xce30,0xd671,0xd6b3,0xce71,0xb58e,0x9cac,
  0x8c0a,0x83a9,0x7b68,0x9c6c,0xbd70,0xbd90,0xb52f,0xb52f,0xb54f,0xb56f,0xb52f,0xbcef,
  0xce12,0xd632,0xc590,0xbd70,0xb4ee,0xbd50,0xb4ee,0x9c6c,0x8bea,0x8c4b,0xa4ab,0xc56d,
  0xd60f,0xd631,0xbd4f,0xaccd,0xacee,0xacee,0xc52d,0xcd6d,0xb4ec,0xaccd,0xa46d,0x942b,
  0x940b,0x83a9,0x7b48,0x8389,0xa48c,0xbd4f,0xbd6f,0xaccd,0x942b,0x9c4d,0x8bab,0x9ccc,
  0x8b8b,0x844c,0x9c2d,0x8bcb,0x93ec,0x948e,0x8c0b,0x940c,0xacae,0xc58f,0xc5af,0xad0d,
  0x9c2b,0x840c,0x8c2c,0x948e,0x9cae,0x9cce,0xb52f,0xbd4f,0xa4cd,0x944b,0x9c0b,0x9c2b,
  0xa44c,0x9c2b,0x9c0b,0x93eb,0x8c0a,0x8bca,0xa44b,0xb4ed,0xbd2e,0xaced,0x9c4a,0x8c09,
  0x93ea,0x940b,0x93ea,0x8be9,0x9409,0x8bc8,0x6b45,0x942a,0xcd8f,0xcdb0,0xc56f,0xa4cd,
  0x8c6b,0x942a,0xa44b,0x9bea,0x8bc8,0x93e8,0x8b87,0x8b46,0x8bc8,0xb50d,0xc56f,0xcd6e,
  0xc52e,0xc50e,0xb4cd,0x942a,0x9c4a,0x9c2a,0x93e8,0xb4cd,0xc50f,0xacae,0xb50e,0xb54e,
  0xb52e,0xb52e,0xb4cd,0xac8c,0xa46c,0xb4ed,0xcdf1,0xc5d0,0xbd2d,0xbd0d,0xcd2e,0xbcec,
  0xb4ed,0xc5b0,0xcdf1,0xc52f,0xacad,0xb4cd,0xb54c,0xb54c,0xbd2b,0xc56c,0xd5f0,0xd631,
  0xce10,0xbd4e,0x8c6b,0x942b,0x940a,0xac6b,0xa48b,0x9c8b,0xa48d,0xacae,0xacce,0xb50e,
  0xbd6f,0xd630,0xd6f3,0xcdf0,0xbcad,0xb4a9,0xbced,0xad0d,0xaccd,0x9cac,0x8c6c,0x940a,
  0x93ea,0x8387,0x8c4b,0x840b,0x8bc9,0x940b,0xa46b,0xa4ad,0xb4ad,0xc590,0xce32,0xce33,
  0xc5d0,0xb56f,0xa4ad,0xa40a,0x9c2b,0x9c0c,0x9c4c,0xacce,0x9c6c,0xb4ce,0xacae,0xb50e,
  0xc550,0xc5b1,0xbd8f,0xc52f,0xb4ce,0xb4ad,0xb4cc,0xac8b,0x9c4a,0x9429,0x9cab,0xa4ab,
  0xacec,0xb50c,0xb54c,0xcd8e,0xde31,0xde92,0xdeb2,0xd670,0xc5cd,0xbd6c,0xbd2b,0xb52c,
  0xbd6c,0xbd4c,0xc5ce,0xce2f,0xce50,0xd692,0xce0f,0xb56c,0xa4eb,0xb54b,0xb56b,0xb58c,
  0xc5ce,0xc5ad,0xcdcd,0xce2f,0xd690,0xded1,0xdef2,0xd691,0xc5ee,0xbd8c,0xb54c,0xad2b,
  0xad0b,0xaceb,0xad0c,0xad0c,0xb52d,0xb56e,0xad2d,0xad0d,0xad2c,0xb56d,0xc5af,0xce10,
  0xd692,0xce51,0xbd8e,0x9c6a,0x8be9,0x6b68,0x7328,0x9c2b,0xb52e,0xbd4f,0xacce,0xb4ee,
  0xa4cd,0xb50f,0xb50e,0xc590,0xce11,0xce11,0xc5b0,0xb50f,0xacae,0xa46d,0x942b,0x8c0a,
  0x7bc9,0x8c0a,0xa48a,0xbd4c,0xcdae,0xcdd0,0xb50e,0x9c6c,0xa4cd,0xb4ee,0xc54c,0xc54c,
  0xacac,0x9c4c,0x942c,0x942b,0x8bea,0x8369,0x7b28,0x8bca,0xaccd,0xc56f,0xbd2e,0xa48d,
  0x9c2c,0x940b,0x838b,0x948b,0x940c,0x8c4d,0x8bab,0x8bab,0x8beb,0x8c0c,0x83ea,0x7b69,
  0xa44c,0xd610,0xc5ae,0xb50d,0x9c4b,0x8bec,0x93ec,0x9cae,0x9c8e,0x9cad,0xa4cd,0xb50e,
  0xaccd,0x9c4b,0x9bcb,0xac4c,0x9bea,0x940a,0x9c0b,0x93eb,0x8bca,0x940b,0xac8c,0xbd0d,
  0xbd2e,0xaccc,0x942a,0x93ea,0x8bc9,0x93ec,0x9c0a,0x83a8,0x8bc8,0x8b87,0x8ba8,0x9c4a,
  0xc58f,0xc5b0,0xc56f,0xacac,0x942a,0x8bea,0x9c0a,0x93ea,0x8bc9,0x8ba8,0x8367,0x8346,
  0x83a8,0xb4cc,0xc52e,0xbced,0xbd0c,0xb4cc,0xa46b,0x83a8,0x93c9,0x9be9,0x8387,0xb48c,
  0xc4ee,0xaceb,0xad0b,0xaceb,0xb4ed,0xc54e,0xb4ed,0xa48c,0x9c4b,0xb4ed,0xcdf0,0xc5cf,
  0xb4ed,0xbcec,0xc4ec,0xb4cb,0xb4ec,0xbd6f,0xcdb0,0xbd0e,0xa46b,0xacac,0xb4cc,0xaceb,
  0xa46a,0xbd0d,0xcdd0,0xce10,0xc58f,0xacec,0x9c2b,0x8ba9,0x7b89,0x8bc9,0x944a,0xa46b,
  0xa44c,0x9c6b,0x9c8d,0xb50e,0xcdaf,0xce30,0xd690,0xc54e,0xbccd,0xa42b,0xb4cb,0xa4ac,
  0xa42c,0xa46c,0x9c2b,0x9c2b,0x9bca,0x940a,0x8c0a,0x840a,0x8bca,0x940b,0xa48d,0xa48c,
  0xa44c,0xb52e,0xc5f1,0xc5f2,0xbd70,0xacee,0xacce,0x9c0c,0xa42c,0x93cb,0x93eb,0x9c2b,
  0xa48d,0x9c4c,0xa44c,0xa48d,0xbcee,0xc570,0xb56e,0xbd0e,0xb4cd,0xb4ad,0xac8c,0xac8b,
  0x9c2a,0x9c0a,0x9c6b,0xa48b,0xacab,0xb4eb,0xbd4c,0xcdae,0xd610,0xde73,0xd691,0xce2f,
  0xc5ac,0xb54c,0xb4eb,0xb50b,0xb50b,0xb52c,0xbd8d,0xc5ce,0xc5ee,0xce10,0xc5cf,0xad0c,
  0x9c6a,0x9c89,0xb54c,0xbd6c,0xbd8d,0xc58e,0xc5ad,0xc5ce,0xce0e,0xd690,0xdeb1,0xd62f,
  0xbd6d,0xb50b,0xaceb,0xb50c,0xa4cb,0x9c8b,0x9c6b,0xa4ac,0xb50d,0xb52e,0xaced,0xa4ac,
  0xa4ab,0xa4cc,0xb52d,0xcdf0,0xcdf0,0xc5d0,0xad0c,0x8c6a,0x83c9,0x7b68,0x7328,0x93ea,
  0xaccd,0xb52e,0xa4ad,0xa46c,0x9c4c,0xa46d,0xb50f,0xc5b0,0xce11,0xcdf1,0xbd4f,0xacad,
  0xa44d,0x9c0c,0x8bca,0x8389,0x7ba9,0x8bca,0xa46a,0xbd2c,0xc5ae,0xc590,0xb50e,0xa4ad,
  0xa48d,0xb4ed,0xbd0c,0xbd0b,0x9c8b,0x9c2b,0x940b,0x93eb,0x838a,0x7b28,0x7b48,0x8bca,
  0xacad,0xbd6f,0xb50e,0x9c6c,0x83aa,0x8baa,0x7b49,0x8c2c,0x83ab,0x8c2c,0x8bcb,0x8baa,
  0x8bea,0x83ca,0x93ca,0x93aa,0xacac,0xcdcf,0xc56d,0xac8b,0x8bcb,0x8b6a,0x8bab,0x940c,
  0x838b,0x944c,0x9c6c,0xacee,0xaced,0x8c4b,0x8bca,0x9beb,0x93ca,0x7b48,0x93ab,0x8baa,
  0x8b69,0x8bea,0xacad,0xbd2e,0xbd2e,0xacac,0x940a,0x8bea,0x8c0a,0x940b,0x93ca,0x8368,
  0x7b48,0x7b47,0x8ba8,0xa44b,0xc54e,0xc58f,0xbd4e,0xacac,0x7b67,0x8b88,0x8ba9,0x93ea,
  0x8be9,0x93c9,0x8387,0x8387,0x8387,0x9c4b,0xb4ed,0xaccc,0x9cab,0x9c6b,0x9c0a,0x9369,
  0x9328,0x9347,0x8bc9,0x9c4a,0xa48b,0x9c0a,0x946a,0x944a,0xa46b,0xacac,0xac6c,0xa44b,
  0x9c4a,0xb50d,0xc5af,0xc58f,0xb4ec,0xbd0c,0xbd0c,0xbced,0xb4ed,0xc54e,0xc58f,0xb4ed,
  0xa46b,0xa46b,0xa46b,0xa42a,0xa44b,0xb4ed,0xcdd0,0xc5d0,0xbd6e,0xa48c,0x93aa,0x8349,
  0x6b28,0x7346,0x8be9,0xac6c,0x9c6a,0x944b,0x940b,0xb4ee,0xc5cf,0xce10,0xce0f,0xb4ed,
  0xa4aa,0xac8b,0xacab,0xa4ac,0xa42b,0x9c4c,0xa48d,0xac8c,0x9c2b,0x940a,0xa40b,0x940a,
  0x8b89,0x8ba8,0x9c4c,0xa44b,0xa42c,0xacee,0xbd90,0xbd70,0xbd30,0xb4ce,0xacae,0x9bcc,
  0x93ca,0x8b89,0x938a,0x8bca,0x9c0b,0x93ca,0x9bcb,0xa4ad,0xacad,0xbcee,0xbd4e,0xbd4f,
  0xc52e,0xb4cd,0xac6c,0xac6b,0x9c2b,0x8bc9,0x93ea,0x9c2a,0x944a,0xa46a,0xb4a9,0xcd4b,
  0xd5ee,0xd651,0xd650,0xce0e,0xbd8c,0xad0b,0x9429,0x9409,0xa48a,0xb52c,0xb54d,0xb54d,
  0xbd6e,0xc58e,0xc56e,0xa48c,0x83c9,0x9429,0xa48a,0xacca,0xacea,0xb4ea,0xb4ea,0xb50c,
  0xbd2d,0xcdee,0xd62f,0xcdce,0xb50c,0xaccb,0xa4ab,0xa4ab,0x942a,0x940b,0x93eb,0x9c4c,
  0xacce,0xb50e,0xaccd,0x9c4b,0x8bea,0x942a,0xa48b,0xbd6e,0xbd8f,0xb54e,0xa4ac,0x942a,
  0x8bc9,0x7b68,0x7348,0x83a9,0xa48c,0xb50e,0xacad,0x9c0b,0x940b,0x944c,0xa4ed,0xbd2f,
  0xbd6f,0xc56f,0xbd2f,0x9c0b,0x93ca,0x8bca,0x8369,0x7329,0x7328,0x83a9,0xa44a,0xbcec,
  0xbd4e,0xb50e,0xa46c,0x9c2b,0x9c4c,0xacac,0xb4ac,0xacab,0x9c2a,0x8bca,0x8bca,0x8bab,
  0x8b49,0x7b29,0x7b49,0x8b89,0xa46c,0xbd2e,0xb4ed,0x9c4b,0x83a9,0x7b4a,0x7b6a,0x83cb,
  0x836a,0x7bca,0x834a,0x8389,0x93ea,0x8bca,0x8369,0x93ca,0xacac,0xbd4d,0xb4ec,0x9c2b,
  0x838a,0x8369,0x834a,0x838a,0x8bcb,0x8bca,0x940b,0xacad,0xa4ac,0x8c0a,0x83c9,0x8b8a,
  0x93aa,0x8369,0x8369,0x7b69,0x7b48,0x93aa,0xac8c,0xbd2e,0xbd2e,0xa46c,0x93ca,0x8bca,
  0x93ea,0x93cb,0x8bcb,0x8369,0x8349,0x8348,0x8347,0x93c9,0xb4ed,0xc56e,0xbd2e,0xa46b,
  0x93c9,0x8368,0x8b68,0x8ba9,0x8bc9,0x8ba9,0x8368,0x7b26,0x8347,0x8ba9,0xa46c,0xb4ad,
  0xac8c,0x9c0a,0x8b88,0x8348,0x8308,0x8327,0x7b88,0x7bc9,0x8388,0x93ca,0x9c0a,0x8b88,
  0xa40b,0xb46c,0xac2b,0x9c2a,0x9c2a,0xb4ed,0xc56f,0xbd4e,0xaccc,0xb4ab,0xb4ac,0xb4cd,
  0xb4cc,0xb50d,0xbd2e,0xacad,0xa44b,0x9c0a,0x9c2a,0x93e9,0x9c0a,0xaccc,0xbd8f,0xbd8f,
  0xb50d,0x9c2c,0x8b69,0x7b2a,0x62c5,0x7305,0x8ba7,0x93e7,0x944a,0x944a,0x9c2b,0xacac,
  0xc58e,0xce0f,0xc54e,0xacad,0xac8b,0xac4b,0xa44a,0x9c2c,0x9c0b,0x9c4c,0xacad,0xb4cd,
  0xa46c,0x942a,0x93e9,0x83c8,0x8b89,0x9bca,0x940b,0x9c0b,0x93cb,0xa48d,0xb54f,0xb52f,
  0xacce,0x9c4c,0x93cc,0x93cc,0x83aa,0x8389,0x8328,0x8349,0x8b89,0x7b28,0x93aa,0x93ca,
  0xac8d,0xbced,0xbd6e,0xb52e,0xbd0e,0xaccd,0xa44b,0x9c2b,0x9c0a,0x8bc9,0x8be9,0x93c9,
  0x8bc8,0x9c09,0xac28,0xc4eb,0xc56d,0xcdcf,0xcdef,0xc5ce,0xb50c,0xa48a,0x9408,0x7b08,
  0x9bc9,0xb4ab,0xaceb,0xad0b,0xb52d,0xbd6e,0xb4ed,0x944a,0x83a8,0x8ba9,0x9409,0x9c49,
  0xa469,0xa469,0xa469,0xacab,0xb4ec,0xc5ae,0xcdee,0xbd6d,0xa4ab,0x944a,0x8c2a,0x8be9,
  0x8bc9,0x8baa,0x8baa,0x93eb,0xa48c,0xaccd,0xa46c,0x940a,0x8bc9,0x83c9,0x9c4b,0xaccd,
  0xb52e,0xaccd,0xa48b,0x942a,0x8bca,0x7b68,0x7b28,0x7b28,0x940b,0xa48d,0xa48d,0x9c2c,
  0x940b,0x940b,0x942b,0xa48c,0xaccd,0xb4ee,0xbcee,0x9c2b,0x8bca,0x8ba9,0x7b49,0x7b49,
  0x7b48,0x8ba9,0xa42a,0xb4cb,0xb4ed,0xacad,0x940c,0x8bab,0x9c2b,0xa46c,0xac6c,0x9c4b,
  0x93ca,0x83aa,0x8369,0x7b69,0x72e8,0x72e7,0x7308,0x7b49,0x9c0b,0xb4cc,0xb4ec,0xa44a,
  0x8369,0x7b4a,0x7b29,0x83aa,0x8b4a,0x83a9,0x834a,0x8369,0x8ba9,0x8389,0x7ae8,0x8bca,
  0xac8c,0xacac,0x9c2b,0x838a,0x7b4a,0x7b29,0x7ae9,0x8329,0x8bab,0x8bc9,0x93eb,0xa44c,
  0x9c6c,0x942a,0x7ba9,0x7b49,0x8b2a,0x8329,0x7b08,0x6ae7,0x7328,0x8ba9,0x9c4b,0xacad,
  0xaccd,0xa44b,0x8ba9,0x8b8a,0x8ba9,0x8bab,0x8369,0x7b28,0x72e7,0x7307,0x7ac7,0x93aa,
  0xb4ad,0xbd4e,0xbcee,0xa42b,0x8b69,0x72e7,0x7306,0x8388,0x8348,0x8348,0x7b48,0x6ae6,
  0x6ae6,0x7347,0x93ea,0xacac,0xb4cd,0x9c2a,0x8348,0x7ae6,0x7b07,0x7306,0x7b26,0x7b26,
  0x8306,0x8b68,0x93a9,0x93e9,0x940a,0xa44b,0x9c0a,0x93c9,0x9c0a,0xac8c,0xbd4e,0xb50d,
  0xa46b,0xa42a,0xa44a,0xac6b,0xacad,0xb4ee,0xaccd,0xaccd,0xa46b,0x93e9,0x93e9,0x8b88,
  0x93e9,0xacac,0xb54e,0xb54e,0xaccd,0x9c4c,0x7b4a,0x6aa6,0x6ac4,0x8345,0x9ba7,0x93a7,
  0x93e8,0x8c09,0x940b,0xa44b,0xbd0d,0xc5ae,0xbd2d,0xa42b,0x93c9,0x93a9,0x93ca,0x9bcb,
  0x9bcb,0x9c0b,0xb4ad,0xb4ad,0xa46b,0x9c2a,0x8bc9,0x8ba8,0x8b69,0x93c9,0x8bca,0x8b8a,
  0x7b48,0x9c4b,0xacee,0xacee,0xa48d,0x93cb,0x8bcc,0x8b6b,0x8369,0x7328,0x72e7,0x72e7,
  0x7b08,0x8328,0x8b69,0x93ca,0xa46c,0xb4cd,0xbced,0xb4ed,0xacad,0xa46c,0x9c2b,0x93ea,
  0x93ea,0x93ca,0x8bea,0x8ba9,0x93a8,0x9ba8,0xa3e8,0xb429,0xbccb,0xbd4e,0xbd6e,0xbd8e,
  0xacac,0xa46a,0x93e8,0x8328,0x7ac8,0x9bea,0xac8b,0xaceb,0xb52c,0xbd2e,0xa44b,0x8bea,
  0x83c9,0x83c9,0x8bc8,0x9409,0x9c29,0x93e8,0x9c09,0x9429,0xa4ab,0xbd2d,0xc58d,0xb50d,
  0x9c4b,0x8be9,0x83a9,0x7b68,0x7b48,0x7b28,0x8369,0x8b8a,0x940b,0x9c4c,0x93cb,0x8baa,
  0x8389,0x8ba9,0x940a,0xacac,0xb50e,0xac8d,0x9c2b,0x8bca,0x8ba9,0x7b68,0x7308,0x7308,
  0x8baa,0x9c2b,0x9c2b,0x8beb,0x8baa,0x8baa,0x8b8a,0x93eb,0x9c2b,0xa46c,0xa46c,0x9c2b,
  0x8baa,0x836a,0x7b49,0x7b49,0x7b49,0x8389,0x9c0a,0xac8b,0xac8c,0x9c2b,0x8bca,0x8baa,
  0x8c0b,0x9c0b,0x8bca,0x93ca,0x8b49,0x7b68,0x8368,0x7b49,0x7b49,0x7308,0x6ae8,0x7b08,
  0x8baa,0xa44b,0xb4ab,0xa42a,0x8389,0x7309,0x7309,0x7309,0x7329,0x7b29,0x7328,0x5aa6,
  0x7b27,0x8348,0x72e7,0x8b89,0xa44b,0x9c2b,0x8baa,0x7b29,0x7309,0x7308,0x7ac8,0x72c8,
  0x83aa,0x83a9,0x8bca,0x9c0b,0x9c2c,0x8bca,0x7b49,0x7308,0x7ae8,0x7ae9,0x72c7,0x6266,
  0x6ac7,0x7b48,0x8bc9,0xa44c,0xa46c,0xa40b,0x8b89,0x7b48,0x8349,0x8389,0x7b29,0x7b08,
  0x72c7,0x6a86,0x8308,0x93aa,0xa44c,0xb4cd,0xb48c,0x9bea,0x8348,0x6a86,0x7b07,0x7b48,
  0x7b48,0x7327,0x7306,0x7306,0x6ae6,0x6ae5,0x8389,0xa46c,0xb4ed,0xa44b,0x7b28,0x6ac6,
  0x72e7,0x6ac5,0x7306,0x6ae5,0x7b06,0x62a3,0x8b68,0x9c0a,0x9bca,0x9bea,0x93c9,0x9388,
  0x9c0a,0xac6c,0xb4ed,0xaccd,0x9c0a,0x8389,0x8388,0xa42b,0x9c4c,0xacad,0xa46d,0xa44c,
  0x9c2b,0x93c9,0x8b68,0x8b68,0x8b88,0x9c4b,0xaced,0xb52e,0xa48d,0x8bab,0x7b08,0x72a5,
  0x6ac5,0x7b25,0x8b26,0x7b06,0x7b26,0x7b67,0x83a8,0x93e9,0xbccc,0xbd4d,0xb4ec,0xa42a,
  0x8b88,0x8b67,0x938a,0x9b8b,0x93aa,0x93ca,0xac6c,0xa46c,0x940a,0x8bc9,0x8b88,0x8368,
  0x8348,0x8ba8,0x8ba9,0x8348,0x8368,0x83ea,0x9c8c,0x9c8d,0x8c2b,0x838a,0x5287,0x72e7,
  0x6ae7,0x6ae7,0x72c7,0x72c6,0x72e7,0x7ae8,0x7b28,0x8369,0x8bea,0xac6c,0xac8d,0xb4ad,
  0xa46c,0x9c0a,0x83a9,0x7b88,0x8ba9,0x8ba9,0x8389,0x7b68,0x8348,0x9b88,0xa3c8,0xa3c9,
  0xb48c,0xb4cd,0xb52e,0xaced,0xa46b,0x93e9,0x8b88,0x7b27,0x72c7,0x8348,0x9c0a,0xa46b,
  0xac6c,0xa44a,0x9c0a,0x8348,0x7b48,0x8368,0x8388,0x8ba8,0x8bc8,0x8ba8,0x8368,0x8348,
  0x940a,0xb4cb,0xb50c,0xac8b,0x8bc9,0x8368,0x7b48,0x7327,0x6ae6,0x6aa6,0x7b08,0x7b48,
  0x8369,0x8369,0x8348,0x7b27,0x7b47,0x8369,0x8bca,0xa44c,0xacad,0xa46c,0x8bca,0x93ca,
  0x83a9,0x7b48,0x7307,0x7307,0x7328,0x8369,0x8369,0x8369,0x8369,0x836a,0x7b29,0x8369,
  0x8b8a,0x93eb,0x93eb,0x8bca,0x838a,0x7b69,0x7b69,0x7b49,0x7b29,0x8368,0x93a8,0xac6a,
  0x9c0a,0x8389,0x7b49,0x7b49,0x8b8a,0x838a,0x83aa,0x8349,0x7b28,0x8348,0x7b28,0x7328,
  0x7308,0x6ac7,0x6aa7,0x6aa7,0x6ae8,0x8369,0x93e9,0x8bc9,0x8369,0x72e8,0x6ac8,0x72e9,
  0x62a7,0x6267,0x62a6,0x6a85,0x72e7,0x72e7,0x6ae6,0x8349,0x93ea,0x93ea,0x8b8a,0x7308,
  0x7308,0x7308,0x72e8,0x6ae8,0x7328,0x7b69,0x8389,0x93ea,0x93ea,0x836a,0x7309,0x62c8,
  0x72c9,0x6a87,0x6266,0x6266,0x6266,0x72e7,0x7b28,0x93ca,0x9c0b,0x93ca,0x8328,0x7b07,
  0x7308,0x7b48,0x6b08,0x72e8,0x72a7,0x6246,0x7ae7,0x8b69,0x9c0b,0xac8c,0x9c0b,0x8368,
  0x7b08,0x72e6,0x7b27,0x7b27,0x7b27,0x7306,0x6ae6,0x7306,0x6ac5,0x6ae5,0x7b48,0x940b,
  0xa46c,0x93eb,0x72e8,0x6286,0x6a86,0x6a86,0x72c6,0x6ac6,0x72e6,0x6aa5,0x8327,0x9389,
  0x9389,0x8b68,0x9388,0x9388,0x8ba9,0x9c2b,0xa48c,0x9c4b,0x8bc9,0x7b27,0x8ba9,0x9c0b,
  0x9c2b,0x9c2b,0x9c0b,0xa44c,0x9beb,0x8b49,0x8308,0x8328,0x8368,0x93ea,0xa4ac,0xacad,
  0x940b,0x7b49,0x72c7,0x6285,0x6243,0x6284,0x6264,0x6284,0x6ac5,0x6b07,0x6b27,0x8b89,
  0xa44b,0xb50c,0xacab,0x9be9,0x8347,0x8368,0x8b88,0x8b8a,0x8329,0x8b8a,0x9c2b,0x9c2b,
  0x93ea,0x8368,0x8347,0x7306,0x7b07,0x7b27,0x7b27,0x8348,0x7b28,0x8369,0x8c0b,0x942b,
  0x8beb,0x8389,0x6aa7,0x6aa6,0x62c7,0x6ac7,0x6aa7,0x6ac6,0x7ae7,0x6286,0x72c7,0x7b07,
  0x8b8a,0x9c0b,0xa42c,0xa44c,0x9c2b,0x8baa,0x8349,0x7328,0x8369,0x8389,0x8368,0x7b28,
  0x8328,0x9347,0x9b68,0x9b88,0xa40a,0xac8c,0xaccc,0xa48c,0x9c2a,0x83a8,0x8348,0x7b07,
  0x72c5,0x9bca,0x7b68,0x93ea,0x8b89,0x93c9,0x8b88,0x7b27,0x6ac7,0x8328,0x7b28,0x8348,
  0x8367,0x8368,0x7b27,0x7b48,0x8ba9,0xa44a,0xacab,0x9c4b,0x83a9,0x7328,0x62c7,0x6ac7,
  0x6286,0x6ac6,0x7307,0x7307,0x7307,0x7307,0x6ae5,0x6ae5,0x6b06,0x7327,0x8368,0x93ea,
  0x9c2b,0x93eb,0x8baa,0x8389,0x8369,0x7b28,0x72e8,0x6ac7,0x72e7,0x7307,0x6b07,0x7308,
  0x7b28,0x7b49,0x7b08,0x7328,0x7328,0x7b28,0x7b28,0x8389,0x7b48,0x7b28,0x7b28,0x7308,
  0x7b49,0x8368,0x93c8,0x9c09,0x9bea,0x7b68,0x72e8,0x72e8,0x7309,0x7309,0x8bab,0x7b29,
  0x6ae7,0x7ae7,0x72e7,0x6aa6,0x6ac7,0x6286,0x6266,0x6287,0x6287,0x6ac7,0x7308,0x7b28,
  0x7b08,0x6ac8,0x72e8,0x72c8,0x6267,0x5a66,0x5265,0x6265,0x6aa6,0x62a6,0x6aa6,0x7b28,
  0x8b89,0x8bca,0x8369,0x7b08,0x72c7,0x7307,0x6ae7,0x62a7,0x6ae7,0x7328,0x7b49,0x8ba9,
  0x93ca,0x8389,0x72e8,0x6a87,0x6a87,0x6a87,0x5a46,0x5225,0x6246,0x5a66,0x72e7,0x8389,
  0x8bca,0x8369,0x72e7,0x6a66,0x6aa7,0x6aa7,0x62a7,0x62a6,0x6266,0x5a46,0x5a65,0x7b28,
  0x93ca,0xa42b,0x8bca,0x7b28,0x72c7,0x72e7,0x62c6,0x7b47,0x6ae6,0x6ac5,0x6ac6,0x6aa5,
  0x6ac5,0x62a5,0x7307,0x8ba9,0x93ca,0x938a,0x6266,0x6266,0x6246,0x6265,0x6a86,0x6a85,
  0x6265,0x6284,0x72e6,0x8368,0x8389,0x7b48,0x8368,0x8b89,0x8ba9,0x8b89,0x8b89,0x8369,
  0x7b08,0x6ae8,0x7308,0x8b8a,0x9c2b,0x93ea,0x93aa,0x93aa,0x9bab,0x8308,0x8307,0x7b07,
  0x7327,0x83a9,0xa44c,0x9c6c,0x8baa,0x72e8,0x6285,0x6244,0x6203,0x5223,0x4a03,0x5a23,
  0x5a24,0x6ac7,0x6ae7,0x7b28,0x93ca,0xa46b,0x9c2a,0x8388,0x7b07,0x7326,0x7b27,0x7b07,
  0x72e7,0x7b28,0x93aa,0x93ca,0x8b88,0x8348,0x7b07,0x6aa6,0x6a66,0x72a7,0x6aa7,0x72c7,
  0x6aa7,0x7b28,0x8389,0x83ca,0x8389,0x7b07,0x62a7,0x6a67,0x6aa6,0x6a87,0x6a86,0x6a86,
  0x6aa5,0x6285,0x62a7,0x72c7,0x7b28,0x8b89,0x93ca,0x93ca,0x8baa,0x8349,0x7ae8,0x7b08,
  0x7b28,0x7b28,0x7307,0x72e7,0x72e6,0x8327,0x8b27,0x8b48,0x9bc9,0x9c2b,0xa46b,0x9c4b,
  0x9409,0x8367,0x7b07,0x72e6,0x6ac6,0x7b27,0x7b67,0x8ba9,0x8348,0x8b69,0x6285,0x6a85,
  0x72e7,0x8328,0x7b28,0x7b07,0x7b27,0x7b27,0x7b27,0x6b07,0x8388,0x9409,0xa44b,0x9c2b,
  0x8ba9,0x7307,0x62a6,0x6286,0x6265,0x6286,0x6ac6,0x6ac7,0x6ac7,0x72e7,0x62a5,0x6285,
  0x6ac6,0x6ac6,0x72c7,0x8348,0x8b89,0x8389,0x7b48,0x7b48,0x7b48,0x72e7,0x6ac7,0x6286,
  0x6ac7,0x72e7,0x6ae7,0x6ac7,0x7308,0x7308,0x72e8,0x72e8,0x6ae7,0x6ae7,0x6b08,0x7b49,
  0x6ae6,0x72e7,0x7b08,0x6ae7,0x7308,0x7b48,0x8388,0x8b88,0x8348,0x7b28,0x72c8,0x6aa7,
  0x6aa7,0x6ae8,0x72e8,0x6aa7,0x6286,0x6286,0x6286,0x5a45,0x6246,0x5a26,0x5a25,0x5a25,
  0x5a45,0x6266,0x6286,0x72c7,0x72e8,0x7ae8,0x6ac7,0x6ac7,0x6286,0x5a66,0x5a65,0x6286,
  0x6a86,0x6285,0x6a86,0x72e7,0x8b89,0x8b8a,0x8349,0x72c7,0x6aa6,0x6aa6,0x6286,0x5a46,
  0x6266,0x6b08,0x7b28,0x8389,0x8389,0x8369,0x7b08,0x6266,0x5a26,0x6247,0x5a06,0x4205,
  0x5246,0x6266,0x6ac7,0x8349,0x8389,0x7b28,0x6aa7,0x6a86,0x6266,0x6266,0x6246,0x5a25,
  0x5a45,0x5204,0x5224,0x72e7,0x8b89,0x9c0a,0x8b69,0x7ae8,0x6a66,0x5a25,0x6246,0x6286,
  0x6aa6,0x6285,0x5284,0x5a64,0x5a64,0x6285,0x72e7,0x7b48,0x8349,0x7ae8,0x5a25,0x51c5,
  0x51e5,0x4a04,0x6ac6,0x62c5,0x5a64,0x5a44,0x6265,0x7b29,0x7b49,0x7b08,0x72e7,0x7b28,
  0x7b28,0x72e7,0x6ac7,0x6ac7,0x6ac7,0x6286,0x72e7,0x8349,0x8baa,0x8baa,0x8b69,0x8328,
  0x8307,0x7ae7,0x72c7,0x6ac7,0x6ac7,0x8369,0x940b,0x940b,0x8369,0x6a86,0x51e4,0x5a25,
  0x5223,0x49e2,0x5203,0x49e3,0x41c3,0x5266,0x5265,0x6ac7,0x8389,0x9c0a,0x8bea,0x7348,
  0x6ac6,0x5a84,0x6a86,0x6ac6,0x6ac6,0x72c7,0x7b28,0x7b28,0x72e7,0x7306,0x6a85,0x6a85,
  0x6a47,0x6a46,0x6246,0x6246,0x5a46,0x6286,0x7308,0x7b49,0x7308,0x6ac7,0x6266,0x5a05,
  0x6246,0x6286,0x6266,0x6286,0x6265,0x5a44,0x5245,0x5245,0x6a86,0x72e8,0x7b28,0x8369,
  0x8349,0x72e7,0x6a86,0x72c7,0x6ae7,0x6ac7,0x72a7,0x6ac6,0x72c6,0x72e6,0x72c6,0x7ae7,
  0x7b27,0x93c9,0x940a,0x940a,0x8bc9,0x7b47,0x72e6,0x6ac6,0x6ac6,0x72e6,0x7b47,0x7b67,
  0x7b47,0x72e7,0x6a85,0x6a86,0x6265,0x72c7,0x6aa6,0x6aa6,0x72c6,0x6aa6,0x6285,0x6ac6,
  0x7b28,0x8b88,0x93c9,0x93e9,0x8348,0x6ac6,0x6265,0x5a45,0x5a45,0x5a65,0x5a65,0x62a6,
  0x6286,0x62a6,0x6286,0x6266,0x6a86,0x62a6,0x62a6,0x6ac6,0x7307,0x7307,0x6ae7,0x6ae7,
  0x7b28,0x6ac7,0x6286,0x6286,0x6aa7,0x6286,0x6286,0x6aa7,0x6ac7,0x6ac7,0x6ac7,0x62c7,
  0x62a6,0x62a6,0x72e7,0x6ac6,0x6a85,0x6aa6,0x62a7,0x6ac7,0x6ac7,0x6287,0x6ac7,0x72c7,
  0x6a87,0x6287,0x6267,0x6266,0x5a45,0x5a44,0x5224,0x5224,0x49e3,0x5204,0x5224,0x49e3,
  0x49e3,0x51e4,0x5205,0x5205,0x5205,0x5204,0x5a44,0x6286,0x6aa7,0x72c7,0x6aa6,0x6aa7,
  0x6aa7,0x6266,0x5a46,0x6266,0x6266,0x6246,0x6a87,0x72c8,0x7b49,0x8b49,0x7b08,0x72a7,
  0x6a66,0x5a46,0x5a25,0x5225,0x5245,0x5a66,0x6ac7,0x7308,0x72e7,0x72c7,0x72c8,0x6266,
  0x5a26,0x6246,0x5a05,0x4184,0x49e5,0x4a25,0x6266,0x72e7,0x7b48,0x7308,0x6266,0x6246,
  0x5a25,0x5a25,0x5205,0x51e5,0x49a3,0x51c3,0x5a04,0x72a7,0x8349,0x8b89,0x8348,0x72c7,
  0x6245,0x51e4,0x5a25,0x5a45,0x5a25,0x5a45,0x5a24,0x5a24,0x5204,0x5204,0x5a65,0x6aa6,
  0x6a86,0x6a67,0x51e5,0x49a4,0x59e5,0x51e5,0x6266,0x5a45,0x5204,0x51e4,0x5a24,0x6a86,
  0x7308,0x72e7,0x6ae7,0x6b07,0x7328,0x62c6,0x6286,0x6246,0x5a45,0x5204,0x6aa7,0x7b28,
  0x8369,0x836a,0x7b08,0x72e7,0x6aa6,0x6aa7,0x6ac8,0x6286,0x6a87,0x7328,0x8baa,0x8baa,
  0x7328,0x5a45,0x49c3,0x49e3,0x4a03,0x4a03,0x5204,0x49a3,0x3942,0x4a24,0x5a45,0x6266,
  0x7b28,0x83a9,0x8369,0x6b07,0x5264,0x5223,0x5a04,0x5a44,0x5224,0x5225,0x6266,0x5265,
  0x5204,0x5a64,0x5a43,0x5a45,0x5a05,0x5a05,0x5a05,0x5a05,0x49a4,0x5205,0x6287,0x62c7,
  0x62a7,0x6266,0x5a26,0x51c4,0x5a04,0x5a44,0x5a65,0x5a46,0x5a46,0x51c3,0x49c4,0x49e5,
  0x5a25,0x6287,0x72e8,0x7b08,0x72e7,0x6286,0x5a66,0x6226,0x6a66,0x6a86,0x6a66,0x6266,
  0x6286,0x6a86,0x6a86,0x6a86,0x6aa6,0x7b47,0x8388,0x8388,0x8348,0x7307,0x6ac5,0x62c5,
  0x6285,0x6285,0x6aa6,0x6ae6,0x6ac6,0x62a6,0x6286,0x6265,0x6286,0x5a45,0x5225,0x6285,
  0x6266,0x5225,0x5a45,0x5a45,0x6286,0x7307,0x7b27,0x7b08,0x72e7,0x6265,0x5204,0x49c3,
  0x51e4,0x5224,0x5a45,0x5a66,0x5a65,0x5a66,0x6286,0x5a86,0x5a86,0x5aa6,0x5a85,0x6266,
  0x6aa6,0x6aa6,0x6266,0x62a6,0x62a7,0x6266,0x6246,0x5a46,0x6266,0x6266,0x5225,0x5a66,
  0x62a7,0x5285,0x62c6,0x5265,0x5245,0x5a45,0x6a86,0x5a65,0x5245,0x5a65,0x6266,0x6286,
  0x6286,0x5a46,0x5205,0x51e5,0x5a05,0x5204,0x5204,0x5a25,0x49e3,0x41c2,0x41c2,0x41c2,
  0x49c3,0x49c3,0x49c2,0x4181,0x49a4,0x41c3,0x49c2,0x41a3,0x49c4,0x49e4,0x51e3,0x5224,
  0x5a45,0x6266,0x6246,0x6266,0x6a66,0x5a06,0x51e5,0x5a05,0x6226,0x6246,0x6267,0x6a87,
  0x6a87,0x72a7,0x6a87,0x6246,0x5205,0x5205,0x6225,0x5204,0x49e4,0x49c4,0x5225,0x5a46,
  0x5a25,0x6226,0x6226,0x5a46,0x51e5,0x51e5,0x49a4,0x4183,0x3963,0x41a3,0x49e4,0x5a65,
  0x6286,0x6266,0x5205,0x49c4,0x51c4,0x49c4,0x41a3,0x4183,0x3983,0x49a3,0x51c3,0x6245,
  0x72c7,0x8309,0x7ae8,0x6266,0x49e4,0x49a3,0x49c3,0x51e4,0x51e4,0x51e4,0x51e4,0x51e4,
  0x49c3,0x41a2,0x49e3,0x49c4,0x51e4,0x51e4,0x51c4,0x49a3,0x51e4,0x49c4,0x51e4,0x49c4,
  0x49c4,0x41c2,0x49c3,0x5204,0x6266,0x6265,0x6286,0x6a86,0x6266,0x5a25,0x5a24,0x5204,
  0x6245,0x5205,0x5a66,0x6ac7,0x72e8,0x72e8,0x6aa8,0x5a66,0x6245,0x5a45,0x5a45,0x5a65,
  0x6286,0x6ac7,0x7b48,0x7b68,0x6ac7,0x49c4,0x4162,0x41a2,0x41a2,0x49c3,0x4163,0x3922,
  0x4183,0x41c3,0x49c4,0x5a25,0x62a6,0x6ae7,0x72e7,0x6286,0x49e3,0x41c2,0x49e2,0x49e3,
  0x4162,0x4183,0x41c3,0x3982,0x4182,0x49c2,0x5203,0x51a4,0x51c5,0x51c4,0x4983,0x4984,
  0x49a4,0x41c4,0x5205,0x5a46,0x5225,0x51e4,0x41a2,0x3963,0x49a3,0x5a04,0x4a24,0x5225,
  0x41c4,0x3921,0x3941,0x49c4,0x51e4,0x5a45,0x6aa7,0x6aa6,0x6266,0x5a25,0x4a05,0x5205,
  0x5a25,0x5225,0x5205,0x5a45,0x5a45,0x5a25,0x5a45,0x5a04,0x5224,0x6285,0x72e6,0x7307,
  0x72e6,0x6ac6,0x6285,0x5a84,0x5244,0x5a44,0x6265,0x6285,0x5a45,0x5a25,0x5a25,0x5a25,
  0x5a25,0x6245,0x5224,0x5204,0x51e3,0x51e4,0x49c2,0x4a04,0x5224,0x6286,0x6286,0x6265,
  0x5a65,0x5a25,0x49e4,0x49a3,0x49a4,0x51e4,0x5205,0x5225,0x5245,0x5265,0x5265,0x5265,
  0x5a86,0x5245,0x5a45,0x6245,0x6245,0x6245,0x5204,0x5a45,0x6266,0x5a25,0x5a25,0x5205,
  0x5a05,0x5225,0x5205,0x5246,0x5245,0x5245,0x4a04,0x51e4,0x49a3,0x49c3,0x5204,0x5245,
  0x5204,0x5205,0x5245,0x5a66,0x5205,0x49e4,0x49a3,0x4983,0x49a3,0x4182,0x4162,0x4982,
  0x49a2,0x3940,0x3981,0x3981,0x41c2,0x41a1,0x41a2,0x31a1,0x49c3,0x4182,0x4163,0x3942,
  0x4163,0x49a4,0x51e5,0x49c5,0x51e5,0x5a26,0x5a05,0x6246,0x5205,0x5205,0x49c4,0x49e4,
  0x5a25,0x5a46,0x5a26,0x5a26,0x5a26,0x6226,0x5a25,0x49c4,0x51e4,0x5204,0x49e4,0x41c4,
  0x39a3,0x41a4,0x41c4,0x41a4,0x4184,0x49a4,0x59e5,0x51e5,0x49a5,0x3983,0x3963,0x3943,
  0x2901,0x3942,0x3962,0x41a3,0x41c3,0x49e4,0x4183,0x3142,0x3142,0x3963,0x3942,0x3942,
  0x3963,0x3141,0x3962,0x49c3,0x6246,0x6a66,0x6246,0x51e5,0x4183,0x4162,0x4983,0x49a3,
  0x4983,0x4184,0x4163,0x4163,0x3942,0x4182,0x3962,0x3962,0x3962,0x3962,0x4182,0x3962,
  0x3982,0x3962,0x49a3,0x4183,0x4183,0x4181,0x49a3,0x51c4,0x51c4,0x49c4,0x5a05,0x5a05,
  0x5a05,0x49c4,0x41c3,0x51e4,0x51e5,0x49e4,0x5205,0x6aa7,0x5a66,0x62a7,0x5a67,0x5205,
  0x5205,0x4a05,0x5225,0x5225,0x5204,0x6286,0x6ae7,0x6ac7,0x5a45,0x39a3,0x3982,0x3982,
  0x4182,0x4182,0x3942,0x2901,0x3942,0x3962,0x3942,0x4183,0x49e4,0x5225,0x5225,0x5204,
  0x3982,0x3982,0x3981,0x3962,0x3922,0x3962,0x3962,0x3122,0x3921,0x3961,0x49c3,0x4984,
  0x4984,0x49a4,0x4983,0x4163,0x3923,0x3942,0x4163,0x4183,0x3963,0x3142,0x28e1,0x28e1,
  0x3901,0x4142,0x41c3,0x41e4,0x3963,0x3942,0x3942,0x4163,0x41a3,0x49c4,0x51e4,0x4a04,
  0x41a3,0x41a3,0x4183,0x41a4,0x41c4,0x41a3,0x39a3,0x49c3,0x49c3,0x49e3,0x49c3,0x49a3,
  0x49c3,0x51e3,0x5a24,0x5a44,0x5a64,0x5244,0x4a02,0x41c2,0x49c3,0x49e3,0x5204,0x51e4,
  0x49e4,0x51e4,0x49c3,0x49c4,0x49e4,0x49e4,0x49e4,0x41c3,0x49c3,0x41a3,0x41a2,0x41a3,
  0x49c3,0x49e4,0x4a04,0x4a24,0x49e4,0x41c3,0x3982,0x4163,0x3922,0x4983,0x49c4,0x49c4,
  0x49e4,0x49e4,0x49e4,0x41c3,0x41c3,0x41a3,0x49e3,0x5203,0x49e3,0x49e3,0x41c3,0x41c4,
  0x39a3,0x41c4,0x49c4,0x49c4,0x41a3,0x41a3,0x49a3,0x41a3,0x49c3,0x49c3,0x4182,0x4183,
  0x3943,0x3182,0x3982,0x4183,0x3943,0x4164,0x41c4,0x3983,0x4183,0x3943,0x20a1,0x28e1,
  0x2900,0x3120,0x3941,0x3921,0x3121,0x28e0,0x3101,0x3121,0x3941,0x3141,0x3963,0x3162,
  0x3962,0x3121,0x3122,0x28e1,0x3943,0x3964,0x41a5,0x4184,0x4184,0x49c4,0x41a4,0x41a4,
  0x49c3,0x49e4,0x4182,0x3962,0x4183,0x49c5,0x49c5,0x49c5,0x51e5,0x49e5,0x41a3,0x3962,
  0x51e4,0x51e4,0x4183,0x3963,0x3163,0x3143,0x3123,0x3122,0x3122,0x3963,0x4183,0x4183,
  0x3943,0x2922,0x3122,0x28e1,0x28c1,0x28e1,0x28c1,0x28c1,0x20e1,0x2901,0x3101,0x28e1,
  0x20a1,0x20e1,0x2901,0x2901,0x3101,0x3101,0x3122,0x3122,0x3983,0x41c4,0x41a4,0x3942,
  0x3921,0x3921,0x3942,0x3942,0x3922,0x3102,0x3102,0x3102,0x30e1,0x28e1,0x2901,0x3121,
  0x3121,0x3121,0x3962,0x3962,0x3121,0x3121,0x3942,0x3122,0x3942,0x3962,0x3983,0x4183,
  0x4183,0x4183,0x4183,0x41a3,0x4184,0x4183,0x3963,0x4183,0x4183,0x41a4,0x49c4,0x51e5,
  0x49e5,0x51e5,0x49c4,0x49c4,0x49a4,0x41a3,0x49c4,0x49c4,0x49c4,0x5205,0x5a25,0x5205,
  0x41a3,0x2101,0x2101,0x2901,0x3122,0x3902,0x30e1,0x28e1,0x28c1,0x28e1,0x28c1,0x28e1,
  0x3122,0x3122,0x3122,0x2921,0x2901,0x2100,0x2921,0x3121,0x2921,0x3121,0x3122,0x30e1,
  0x28e0,0x28e1,0x4162,0x3923,0x4142,0x3922,0x3902,0x3902,0x28a1,0x28a1,0x28c1,0x20c1,
  0x28e1,0x20a0,0x0840,0x1880,0x2081,0x2881,0x3101,0x3983,0x28e2,0x2080,0x28c1,0x28e1,
  0x28e2,0x2902,0x2901,0x2921,0x20c1,0x28e1,0x3101,0x3142,0x3143,0x2922,0x3121,0x3962,
  0x3962,0x3942,0x3122,0x3102,0x3121,0x3121,0x4161,0x4181,0x4182,0x41a2,0x3962,0x3121,
  0x3942,0x3941,0x3962,0x3982,0x3962,0x3122,0x3122,0x3942,0x41a3,0x3983,0x3962,0x3122,
  0x3122,0x3122,0x3122,0x3101,0x3962,0x3962,0x3963,0x3963,0x3122,0x3122,0x3922,0x28e1,
  0x28e1,0x3142,0x3942,0x3963,0x3942,0x3142,0x3142,0x3142,0x3141,0x3121,0x3121,0x3141,
  0x2921,0x2922,0x2902,0x2902,0x28e1,0x3102,0x3942,0x3121,0x30e1,0x30e1,0x30e1,0x2900,
  0x3101,0x3121,0x30e1,0x28a1,0x2080,0x28c1,0x28e1,0x28e2,0x30e2,0x2902,0x2901,0x20e1,
  0x20c1,0x1881,0x1860,0x1860,0x2080,0x28c0,0x20c0,0x20e0,0x20c0,0x1880,0x2060,0x2060,
  0x2080,0x20c0,0x28e0,0x3121,0x2900,0x28e0,0x1880,0x20a0,0x28c1,0x3102,0x3123,0x3102,
  0x3102,0x3102,0x3102,0x3102,0x3922,0x3102,0x28e1,0x28c1,0x3102,0x3122,0x3943,0x3923,
  0x3922,0x3922,0x3101,0x30e1,0x3101,0x3142,0x3101,0x3121,0x28e1,0x28c1,0x20c1,0x20c1,
  0x20a0,0x28c1,0x28e1,0x2901,0x28e1,0x20e1,0x20a0,0x1880,0x1860,0x1860,0x1840,0x1840,
  0x1860,0x1860,0x20a0,0x1860,0x1040,0x1040,0x2081,0x2080,0x20a0,0x20a1,0x2080,0x20a0,
  0x20a1,0x28e2,0x2902,0x20e1,0x28e1,0x28e1,0x28c1,0x20c0,0x20c1,0x28c0,0x28c1,0x20c1,
  0x1880,0x20a1,0x1880,0x20a0,0x20c1,0x20c1,0x20c0,0x1880,0x28c1,0x28c1,0x20a1,0x20c1,
  0x28e1,0x3122,0x2922,0x2922,0x3122,0x2902,0x3122,0x3102,0x3122,0x3122,0x2901,0x2901,
  0x3121,0x3122,0x3943,0x3943,0x3923,0x3943,0x3122,0x3102,0x3122,0x3922,0x3943,0x3142,
  0x3963,0x3963,0x4163,0x3942,0x20e1,0x20c0,0x18a0,0x2080,0x2080,0x2080,0x20a0,0x1880,
  0x1880,0x2080,0x20a0,0x1860,0x2080,0x1880,0x20a0,0x20a0,0x18a0,0x1880,0x20a0,0x20c0,
  0x20c1,0x20a1,0x20c1,0x1880,0x20a0,0x2080,0x20a0,0x20a0,0x20a0,0x20a0,0x20a0,0x2881,
  0x0820,0x0820,0x1020,0x0820,0x0840,0x0820,0x0820,0x0820,0x0800,0x1020,0x1860,0x1060,
  0x1040,0x0820,0x1020,0x0840,0x1040,0x0820,0x0840,0x1040,0x1040,0x1040,0x1860,0x2080,
  0x1860,0x1060,0x1060,0x1880,0x1860,0x1861,0x1860,0x1840,0x1860,0x1880,0x1880,0x2080,
  0x18a0,0x20a0,0x1880,0x1880,0x1860,0x1880,0x1880,0x20c0,0x18a0,0x1880,0x1860,0x1860,
  0x20a0,0x1880,0x1880,0x1860,0x1880,0x1860,0x1860,0x1860,0x1860,0x1881,0x1860,0x1880,
  0x1880,0x1880,0x1860,0x1040,0x1040,0x1040,0x1060,0x1880,0x2081,0x1880,0x1860,0x1060,
  0x1880,0x1060,0x1060,0x1060,0x1060,0x1860,0x1060,0x1040,0x1040,0x1040,0x1860,0x1840,
  0x1840,0x1040,0x0840,0x1040,0x1040,0x1040,0x0820,0x1020,0x0820,0x1040,0x1040,0x1060,
  0x1060,0x0840,0x0820,0x0840,0x0020,0x0820,0x0020,0x0000,0x0820,0x0840,0x0820,0x1040,
  0x1020,0x1020,0x0800,0x1020,0x1020,0x0840,0x1860,0x1060,0x1060,0x1040,0x0000,0x0000,
  0x1020,0x1860,0x1880,0x1880,0x1060,0x1060,0x1040,0x1040,0x1860,0x1860,0x1860,0x1060,
  0x1060,0x1860,0x2081,0x2060,0x1860,0x1860,0x1040,0x0840,0x1860,0x1860,0x1860,0x1860,
  0x1060,0x1040,0x1060,0x1040,0x1060,0x1860,0x1860,0x1040,0x1060,0x1040,0x0820,0x0820,
  0x1020,0x0820,0x0820,0x0820,0x0820,0x0820,0x0820,0x0820,0x0800,0x0820,0x0820,0x0820,
  0x0820,0x1040,0x0820,0x0820,0x0820,0x1040,0x1860,0x1040,0x1040,0x0820,0x1040,0x0820,
  0x1040,0x1060,0x1040,0x1040,0x0820,0x0840,0x0820,0x0840,0x1040,0x1040,0x1860,0x1040,
  0x1040,0x1040,0x0820,0x0820,0x1040,0x1060,0x1860,0x1060,0x1060,0x1060,0x1860,0x1880,
  0x1880,0x1880,0x1880,0x1040,0x1040,0x1860,0x20a1,0x1881,0x1881,0x1881,0x1860,0x1060,
  0x1860,0x1860,0x2080,0x1881,0x2081,0x20a1,0x20a1,0x1880,0x0820,0x0820,0x1020,0x0820,
  0x0820,0x0820,0x0840,0x0820,0x1040,0x0820,0x1040,0x0820,0x0800,0x0820,0x1040,0x1860,
  0x0820,0x0820,0x0820,0x0820,0x0820,0x1040,0x1040,0x0820,0x0820,0x0820,0x1040,0x1040,
  0x0840,0x0820,0x0820,0x1020,
};

static const uint8_t human_polar_data[] = {
  0xa1,0x7f,0x00,0x0b,0x00,0x3a,0x00,0x3b,0x01,0x3c,0x01,0x3d,0x01,0x3e,0x01,0x3f,
  0x81,0x40,0x81,0x41,0x81,0x42,0x81,0x43,0x80,0x44,0x80,0x45,0xa1,0x7f,0x00,0x9c,
  0x7f,0x00,0x15,0x00,0x35,0x01,0x36,0x01,0x37,0x02,0x38,0x03,0x39,0x03,0x3a,0x03,
  0x3b,0x04,0x3c,0x04,0x3d,0x04,0x3e,0x04,0x3f,0x84,0x40,0x84,0x41,0x84,0x42,0x84,
  0x43,0x83,0x44,0x83,0x45,0x83,0x46,0x82,0x47,0x81,0x48,0x81,0x49,0x80,0x4a,0x9c,
  0x7f,0x00,0x99,0x7f,0x00,0x1b,0x80,0x31,0x81,0x32,0x82,0x33,0x83,0x34,0x84,0x35,
  0x84,0x36,0x85,0x37,0x06,0x39,0x06,0x3a,0x07,0x3b,0x07,0x3c,0x07,0x3d,0x07,0x3e,
  0x07,0x3f,0x87,0x40,0x87,0x41,0x87,0x42,0x87,0x43,0x87,0x44,0x86,0x45,0x86,0x46,
  0x05,0x48,0x04,0x49,0x04,0x4a,0x03,0x4b,0x02,0x4c,0x01,0x4d,0x00,0x4e,0x99,0x7f,
  0x00,0x97,0x7f,0x00,0x1f,0x81,0x2f,0x82,0x30,0x83,0x31,0x84,0x32,0x85,0x33,0x86,
  0x34,0x87,0x35,0x88,0x36,0x88,0x37,0x89,0x38,0x89,0x39,0x0a,0x3b,0x0a,0x3c,0x0a,
  0x3d,0x0b,0x3e,0x0b,0x3f,0x8b,0x40,0x8b,0x41,0x8a,0x42,0x8a,0x43,0x8a,0x44,0x09,
  0x46,0x09,0x47,0x08,0x48,0x08,0x49,0x07,0x4a,0x06,0x4b,0x05,0x4c,0x04,0x4d,0x03,
  0x4e,0x02,0x4f,0x01,0x50,0x97,0x7f,0x00,0x95,0x7f,0x00,0x23,0x01,0x2d,0x02,0x2e,
  0x04,0x2f,0x05,0x30,0x06,0x31,0x07,0x32,0x08,0x33,0x09,0x34,0x0a,0x35,0x0b,0x36,
  0x8b,0x37,0x8c,0x38,0x8d,0x39,0x8d,0x3a,0x8d,0x3b,0x0e,0x3d,0x0e,0x3e,0x0e,0x3f,
  0x8e,0x40,0x8e,0x41,0x8e,0x42,0x0d,0x44,0x0d,0x45,0x0d,0x46,0x0c,0x47,0x0b,0x48,
  0x8b,0x49,0x8a,0x4a,0x89,0x4b,0x88,0x4c,0x87,0x4d,0x86,0x4e,0x85,0x4f,0x84,0x50,
  0x82,0x51,0x81,0x52,0x95,0x7f,0x00,0x93,0x7f,0x00,0x27,0x01,0x2b,0x82,0x2b,0x84,
  0x2c,0x85,0x2d,0x86,0x2e,0x88,0x2f,0x89,0x30,0x8a,0x31,0x8b,0x32,0x8c,0x33,0x0d,
  0x35,0x0e,0x36,0x0f,0x37,0x0f,0x38,0x90,0x39,0x90,0x3a,0x91,0x3b,0x11,0x3d,0x11,
  0x3e,0x11,0x3f,0x91,0x40,0x91,0x41,0x91,0x42,0x11,0x44,0x10,0x45,0x10,0x46,0x8f,
  0x47,0x8f,0x48,0x8e,0x49,0x8d,0x4a,0x0c,0x4c,0x0b,0x4d,0x0a,0x4e,0x09,0x4f,0x08,
  0x50,0x06,0x51,0x05,0x52,0x04,0x53,0x02,0x54,0x81,0x54,0x93,0x7f,0x00,0x91,0x7f,
  0x00,0x2b,0x80,0x28,0x82,0x29,0x83,0x2a,0x05,0x2b,0x07,0x2c,0x08,0x2d,0x09,0x2e,
  0x0b,0x2f,0x0c,0x30,0x0d,0x31,0x8e,0x32,0x8f,0x33,0x90,0x34,0x91,0x35,0x12,0x37,
  0x12,0x38,0x13,0x39,0x93,0x3a,0x94,0x3b,0x94,0x3c,0x14,0x3e,0x14,0x3f,0x94,0x40,
  0x94,0x41,0x14,0x43,0x14,0x44,0x13,0x45,0x93,0x46,0x92,0x47,0x92,0x48,0x11,0x4a,
  0x10,0x4b,0x0f,0x4c,0x0e,0x4d,0x8d,0x4e,0x8c,0x4f,0x8b,0x50,0x89,0x51,0x88,0x52,
  0x87,0x53,0x85,0x54,0x03,0x55,0x02,0x56,0x00,0x57,0x91,0x7f,0x00,0x90,0x7f,0x00,
  0x2d,0x01,0x27,0x03,0x28,0x05,0x29,0x86,0x29,0x88,0x2a,0x89,0x2b,0x8b,0x2c,0x8c,
  0x2d,0x8e,0x2e,0x8f,0x2f,0x10,0x31,0x11,0x32,0x12,0x33,0x13,0x34,0x94,0x35,0x95,
  0x36,0x95,0x37,0x16,0x39,0x17,0x3a,0x97,0x3b,0x97,0x3c,0x17,0x3e,0x17,0x3f,0x97,
  0x40,0x97,0x41,0x17,0x43,0x17,0x44,0x97,0x45,0x96,0x46,0x15,0x48,0x15,0x49,0x14,
  0x4a,0x93,0x4b,0x92,0x4c,0x91,0x4d,0x90,0x4e,0x0f,0x50,0x0e,0x51,0x0c,0x52,0x0b,
  0x53,0x09,0x54,0x08,0x55,0x06,0x56,0x85,0x56,0x83,0x57,0x81,0x58,0x90,0x7f,0x00,
  0x8e,0x7f,0x00,0x31,0x00,0x25,0x82,0x25,0x84,0x26,0x85,0x27,0x07,0x28,0x09,0x29,
  0x0b,0x2a,0x0c,0x2b,0x0e,0x2c,0x0f,0x2d,0x11,0x2e,0x92,0x2f,0x93,0x30,0x94,0x31,
  0x95,0x32,0x16,0x34,0x17,0x35,0x18,0x36,0x99,0x37,0x99,0x38,0x1a,0x3a,0x1a,0x3b,
  0x9a,0x3c,0x1b,0x3e,0x1b,0x3f,0x9b,0x40,0x9b,0x41,0x1a,0x43,0x9a,0x44,0x9a,0x45,
  0x19,0x47,0x19,0x48,0x98,0x49,0x97,0x4a,0x96,0x4b,0x15,0x4d,0x14,0x4e,0x13,0x4f,
  0x12,0x50,0x91,0x51,0x8f,0x52,0x8e,0x53,0x8c,0x54,0x8b,0x55,0x89,0x56,0x87,0x57,
  0x05,0x58,0x04,0x59,0x02,0x5a,0x80,0x5a,0x8e,0x7f,0x00,0x8d,0x7f,0x00,0x33,0x80,
  0x23,0x02,0x24,0x04,0x25,0x06,0x26,0x88,0x26,0x8a,0x27,0x8c,0x28,0x8d,0x29,0x8f,
  0x2a,0x91,0x2b,0x92,0x2c,0x93,0x2d,0x15,0x2f,0x16,0x30,0x17,0x31,0x18,0x32,0x99,
  0x33,0x9a,0x34,0x1b,0x36,0x1c,0x37,0x9c,0x38,0x1d,0x3a,0x1d,0x3b,0x9e,0x3c,0x9e,
  0x3d,0x1e,0x3f,0x9e,0x40,0x1e,0x42,0x1e,0x43,0x9d,0x44,0x9d,0x45,0x1c,0x47,0x9c,
  0x48,0x9b,0x49,0x1a,0x4b,0x19,0x4c,0x98,0x4d,0x97,0x4e,0x96,0x4f,0x95,0x50,0x13,
  0x52,0x12,0x53,0x11,0x54,0x0f,0x55,0x0d,0x56,0x0c,0x57,0x0a,0x58,0x08,0x59,0x86,
  0x59,0x84,0x5a,0x82,0x5b,0x00,0x5c,0x8d,0x7f,0x00,0x8c,0x7f,0x00,0x35,0x01,0x22,
  0x83,0x22,0x85,0x23,0x87,0x24,0x09,0x25,0x0b,0x26,0x0d,0x27,0x0e,0x28,0x10,0x29,
  0x12,0x2a,0x13,0x2b,0x15,0x2c,0x16,0x2d,0x98,0x2e,0x99,0x2f,0x9a,0x30,0x1b,0x32,
  0x1c,0x33,0x9d,0x34,0x9e,0x35,0x1f,0x37,0x1f,0x38,0xa0,0x39,0x20,0x3b,0xa1,0x3c,
  0xa1,0x3d,0x21,0x3f,0xa1,0x40,0x21,0x42,0x21,0x43,0xa0,0x44,0x20,0x46,0x9f,0x47,
  0x9f,0x48,0x1e,0x4a,0x1d,0x4b,0x9c,0x4c,0x9b,0x4d,0x1a,0x4f,0x19,0x50,0x18,0x51,
  0x96,0x52,0x95,0x53,0x93,0x54,0x92,0x55,0x90,0x56,0x8e,0x57,0x8d,0x58,0x8b,0x59,
  0x89,0x5a,0x07,0x5b,0x05,0x5c,0x03,0x5d,0x81,0x5d,0x8c,0x7f,0x00,0x8b,0x7f,0x00,
  0x37,0x81,0x20,0x03,0x21,0x05,0x22,0x07,0x23,0x89,0x23,0x8b,0x24,0x8d,0x25,0x8f,
  0x26,0x91,0x27,0x93,0x28,0x94,0x29,0x96,0x2a,0x98,0x2b,0x99,0x2c,0x9b,0x2d,0x1c,
  0x2f,0x1d,0x30,0x9e,0x31,0x9f,0x32,0x20,0x34,0xa1,0x35,0xa2,0x36,0x23,0x38,0xa3,
  0x39,0x24,0x3b,0x24,0x3c,0xa4,0x3d,0x24,0x3f,0xa4,0x40,0x24,0x42,0xa4,0x43,0xa4,
  0x44,0x23,0x46,0xa3,0x47,0x22,0x49,0x21,0x4a,0xa0,0x4b,0x1f,0x4d,0x1e,0x4e,0x9d,
  0x4f,0x9c,0x50,0x1b,0x52,0x19,0x53,0x18,0x54,0x16,0x55,0x14,0x56,0x13,0x57,0x11,
  0x58,0x0f,0x59,0x0d,0x5a,0x0b,0x5b,0x09,0x5c,0x87,0x5c,0x85,0x5d,0x83,0x5e,0x01,
  0x5f,0x8b,0x7f,0x00,0x8a,0x7f,0x00,0x39,0x01,0x1f,0x03,0x20,0x85,0x20,0x87,0x21,
  0x0a,0x22,0x0c,0x23,0x0e,0x24,0x90,0x24,0x92,0x25,0x94,0x26,0x95,0x27,0x97,0x28,
  0x99,0x29,0x1a,0x2b,0x1c,0x2c,0x1d,0x2d,0x9f,0x2e,0xa0,0x2f,0x21,0x31,0x22,0x32,
  0xa3,0x33,0x24,0x35,0xa5,0x36,0xa6,0x37,0x26,0x39,0xa7,0x3a,0x27,0x3c,0xa7,0x3d,
  0x27,0x3f,0xa7,0x40,0x27,0x42,0xa7,0x43,0x27,0x45,0xa6,0x46,0x26,0x48,0x25,0x49,
  0xa4,0x4a,0x23,0x4c,0xa2,0x4d,0xa1,0x4e,0x20,0x50,0x1f,0x51,0x9d,0x52,0x9c,0x53,
  0x9a,0x54,0x19,0x56,0x17,0x57,0x15,0x58,0x14,0x59,0x12,0x5a,0x10,0x5b,0x8e,0x5b,
  0x8c,0x5c,0x8a,0x5d,0x07,0x5e,0x05,0x5f,0x03,0x60,0x81,0x60,0x8a,0x7f,0x00,0x89,
  0x7f,0x00,0x3b,0x81,0x1d,0x83,0x1e,0x05,0x1f,0x08,0x20,0x8a,0x20,0x8c,0x21,0x0e,
  0x22,0x10,0x23,0x12,0x24,0x14,0x25,0x16,0x26,0x18,0x27,0x1a,0x28,0x1c,0x29,0x1d,
  0x2a,0x9f,0x2b,0xa0,0x2c,0x22,0x2e,0x23,0x2f,0xa4,0x30,0xa5,0x31,0x26,0x33,0xa7,
  0x34,0x28,0x36,0xa9,0x37,0x29,0x39,0xaa,0x3a,0x2a,0x3c,0xab,0x3d,0x2b,0x3f,0xab,
  0x40,0x2b,0x42,0xaa,0x43,0x2a,0x45,0xa9,0x46,0x29,0x48,0xa8,0x49,0x27,0x4b,0xa6,
  0x4c,0x25,0x4e,0x24,0x4f,0xa3,0x50,0xa2,0x51,0x20,0x53,0x1f,0x54,0x9d,0x55,0x9c,
  0x56,0x9a,0x57,0x98,0x58,0x96,0x59,0x94,0x5a,0x92,0x5b,0x90,0x5c,0x8e,0x5d,0x0c,
  0x5e,0x0a,0x5f,0x08,0x60,0x85,0x60,0x03,0x61,0x01,0x62,0x89,0x7f,0x00,0x88,0x7f,
  0x00,0x3d,0x00,0x1c,0x03,0x1d,0x85,0x1d,0x07,0x1e,0x0a,0x1f,0x0c,0x20,0x8e,0x20,
  0x91,0x21,0x93,0x22,0x15,0x23,0x17,0x24,0x19,0x25,0x1b,0x26,0x1d,0x27,0x9e,0x28,
  0xa0,0x29,0xa2,0x2a,0x23,0x2c,0x25,0x2d,0xa6,0x2e,0x27,0x30,0x28,0x31,0xa9,0x32,
  0x2a,0x34,0xab,0x35,0x2c,0x37,0xad,0x38,0x2d,0x3a,0x2e,0x3c,0xae,0x3d,0x2e,0x3f,
  0xae,0x40,0x2e,0x42,0xae,0x43,0xad,0x45,0x2d,0x47,0xac,0x48,0x2b,0x4a,0xaa,0x4b,
  0x29,0x4d,0xa8,0x4e,0xa7,0x4f,0x26,0x51,0xa5,0x52,0xa3,0x53,0x22,0x55,0x20,0x56,
  0x1e,0x57,0x9d,0x58,0x9b,0x59,0x99,0x5a,0x97,0x5b,0x95,0x5c,0x13,0x5d,0x11,0x5e,
  0x0e,0x5f,0x0c,0x60,0x8a,0x60,0x87,0x61,0x05,0x62,0x83,0x62,0x80,0x63,0x88,0x7f,
  0x00,0x87,0x7f,0x00,0x3f,0x80,0x1a,0x82,0x1b,0x05,0x1c,0x87,0x1c,0x8a,0x1d,0x0c,
  0x1e,0x0e,0x1f,0x11,0x20,0x93,0x20,0x95,0x21,0x97,0x22,0x99,0x23,0x9b,0x24,0x9d,
  0x25,0x9f,0x26,0xa1,0x27,0x23,0x29,0x24,0x2a,0x26,0x2b,0xa7,0x2c,0x29,0x2e,0xaa,
  0x2f,0xab,0x30,0x2d,0x32,0xae,0x33,0x2e,0x35,0x2f,0x37,0xb0,0x38,0x30,0x3a,0xb1,
  0x3b,0xb1,0x3d,0x31,0x3f,0xb1,0x40,0x31,0x42,0x31,0x44,0xb0,0x45,0x30,0x47,0xaf,
  0x48,0xae,0x4a,0x2e,0x4c,0xad,0x4d,0x2b,0x4f,0x2a,0x50,0xa9,0x51,0x27,0x53,0xa6,
  0x54,0xa4,0x55,0xa3,0x56,0x21,0x58,0x1f,0x59,0x1d,0x5a,0x1b,0x5b,0x19,0x5c,0x17,
  0x5d,0x15,0x5e,0x13,0x5f,0x11,0x60,0x8e,0x60,0x8c,0x61,0x0a,0x62,0x07,0x63,0x85,
  0x63,0x02,0x64,0x00,0x65,0x87,0x7f,0x00,0x87,0x7f,0x00,0x3f,0x02,0x1a,0x84,0x1a,
  0x07,0x1b,0x09,0x1c,0x8c,0x1c,0x8e,0x1d,0x11,0x1e,0x13,0x1f,0x15,0x20,0x97,0x20,
  0x9a,0x21,0x9c,0x22,0x9e,0x23,0xa0,0x24,0xa2,0x25,0x24,0x27,0x25,0x28,0x27,0x29,
  0xa9,0x2a,0x2a,0x2c,0x2c,0x2d,0xad,0x2e,0x2e,0x30,0xb0,0x31,0x31,0x33,0x31,0x35,
  0xb2,0x36,0x33,0x38,0xb3,0x39,0xb4,0x3b,0x34,0x3d,0x34,0x3f,0xb4,0x40,0xb4,0x42,
  0x34,0x44,0x33,0x46,0xb3,0x47,0x32,0x49,0xb1,0x4a,0xb1,0x4c,0x30,0x4e,0xae,0x4f,
  0x2d,0x51,0xac,0x52,0xaa,0x53,0x29,0x55,0xa7,0x56,0xa5,0x57,0xa4,0x58,0x22,0x5a,
  0x20,0x5b,0x1e,0x5c,0x1c,0x5d,0x1a,0x5e,0x17,0x5f,0x15,0x60,0x93,0x60,0x91,0x61,
  0x0e,0x62,0x0c,0x63,0x89,0x63,0x87,0x64,0x04,0x65,0x82,0x65,0x87,0x7f,0x00,0x86,
  0x7f,0x00,0x41,0x81,0x18,0x04,0x19,0x86,0x19,0x89,0x1a,0x0b,0x1b,0x8e,0x1b,0x90,
  0x1c,0x13,0x1d,0x15,0x1e,0x17,0x1f,0x1a,0x20,0x9c,0x20,0x9e,0x21,0xa0,0x22,0xa2,
  0x23,0x24,0x25,0x26,0x26,0x28,0x27,0xaa,0x28,0xac,0x29,0x2d,0x2b,0xaf,0x2c,0x30,
  0x2e,0xb1,0x2f,0x33,0x31,0xb4,0x32,0xb5,0x34,0x35,0x36,0xb6,0x37,0xb7,0x39,0x37,
  0x3b,0x37,0x3d,0x37,0x3f,0xb7,0x40,0xb7,0x42,0xb7,0x44,0x37,0x46,0x36,0x48,0xb5,
  0x49,0x35,0x4b,0x34,0x4d,0xb3,0x4e,0x31,0x50,0xb0,0x51,0x2f,0x53,0xad,0x54,0x2c,
  0x56,0x2a,0x57,0xa8,0x58,0xa6,0x59,0xa4,0x5a,0x22,0x5c,0x20,0x5d,0x1e,0x5e,0x1c,
  0x5f,0x1a,0x60,0x97,0x60,0x95,0x61,0x93,0x62,0x10,0x63,0x0e,0x64,0x8b,0x64,0x09,
  0x65,0x06,0x66,0x84,0x66,0x01,0x67,0x86,0x7f,0x00,0x85,0x7f,0x00,0x43,0x00,0x17,
  0x83,0x17,0x05,0x18,0x08,0x19,0x8b,0x19,0x0d,0x1a,0x10,0x1b,0x92,0x1b,0x95,0x1c,
  0x17,0x1d,0x1a,0x1e,0x1c,0x1f,0x1e,0x20,0xa0,0x20,0xa3,0x21,0x25,0x23,0x27,0x24,
  0x29,0x25,0xab,0x26,0xad,0x27,0x2e,0x29,0xb0,0x2a,0xb1,0x2b,0x33,0x2d,0x34,0x2f,
  0xb6,0x30,0x37,0x32,0x38,0x34,0xb8,0x35,0xb9,0x37,0x3a,0x39,0x3a,0x3b,0x3b,0x3d,
  0x3b,0x3f,0xbb,0x40,0xbb,0x42,0xba,0x44,0xba,0x46,0x39,0x48,0x38,0x4a,0xb8,0x4b,
  0xb7,0x4d,0x36,0x4f,0xb4,0x50,0xb3,0x52,0x31,0x54,0x30,0x55,0xae,0x56,0x2d,0x58,
  0x2b,0x59,0xa9,0x5a,0xa7,0x5b,0xa5,0x5c,0x23,0x5e,0x20,0x5f,0x1e,0x60,0x9c,0x60,
  0x9a,0x61,0x97,0x62,0x15,0x63,0x12,0x64,0x90,0x64,0x8d,0x65,0x0b,0x66,0x88,0x66,
  0x85,0x67,0x03,0x68,0x80,0x68,0x85,0x7f,0x00,0x85,0x7f,0x00,0x43,0x02,0x16,0x85,
  0x16,0x87,0x17,0x0a,0x18,0x8d,0x18,0x0f,0x19,0x12,0x1a,0x94,0x1a,0x97,0x1b,0x19,
  0x1c,0x1c,0x1d,0x1e,0x1e,0x20,0x1f,0x23,0x20,0x25,0x21,0x27,0x22,0x29,0x23,0x2b,
  0x24,0xad,0x25,0xaf,0x26,0x31,0x28,0xb3,0x29,0x34,0x2b,0xb6,0x2c,0x37,0x2e,0xb8,
  0x2f,0xba,0x31,0x3b,0x33,0x3c,0x35,0x3c,0x37,0x3d,0x39,0x3d,0x3b,0x3e,0x3d,0x3e,
  0x3f,0xbe,0x40,0xbe,0x42,0xbd,0x44,0xbd,0x46,0xbc,0x48,0xbc,0x4a,0xbb,0x4c,0x3a,
  0x4e,0x38,0x50,0xb7,0x51,0x36,0x53,0xb4,0x54,0x33,0x56,0xb1,0x57,0x2f,0x59,0x2d,
  0x5a,0xab,0x5b,0xa9,0x5c,0xa7,0x5d,0xa5,0x5e,0x23,0x60,0xa0,0x60,0x9e,0x61,0x9c,
  0x62,0x99,0x63,0x17,0x64,0x14,0x65,0x92,0x65,0x8f,0x66,0x0d,0x67,0x8a,0x67,0x07,
  0x68,0x05,0x69,0x82,0x69,0x85,0x7f,0x00,0x84,0x7f,0x00,0x45,0x81,0x14,0x03,0x15,
  0x06,0x16,0x89,0x16,0x0c,0x17,0x8e,0x17,0x11,0x18,0x14,0x19,0x96,0x19,0x99,0x1a,
  0x1b,0x1b,0x1e,0x1c,0x20,0x1d,0x23,0x1e,0xa5,0x1e,0x27,0x20,0x29,0x21,0x2c,0x22,
  0x2e,0x23,0xb0,0x24,0xb2,0x25,0x34,0x27,0xb5,0x28,0x37,0x2a,0xb9,0x2b,0xba,0x2d,
  0x3b,0x2f,0x3d,0x31,0xbe,0x32,0xbf,0x34,0xbf,0x36,0xc0,0x38,0xc1,0x3a,0xc1,0x3c,
  0xc1,0x3e,0x41,0x41,0x41,0x43,0x41,0x45,0x40,0x47,0x3f,0x49,0x3f,0x4b,0x3e,0x4d,
  0xbd,0x4e,0xbb,0x50,0x3a,0x52,0x39,0x54,0xb7,0x55,0x35,0x57,0xb4,0x58,0x32,0x5a,
  0x30,0x5b,0xae,0x5c,0xac,0x5d,0xa9,0x5e,0x27,0x60,0x25,0x61,0xa3,0x61,0xa0,0x62,
  0x9e,0x63,0x9b,0x64,0x19,0x65,0x16,0x66,0x94,0x66,0x91,0x67,0x0e,0x68,0x8c,0x68,
  0x09,0x69,0x86,0x69,0x83,0x6a,0x01,0x6b,0x84,0x7f,0x00,0x84,0x7f,0x00,0x45,0x02,
  0x14,0x85,0x14,0x08,0x15,0x8b,0x15,0x0d,0x16,0x90,0x16,0x13,0x17,0x15,0x18,0x98,
  0x18,0x9b,0x19,0x1d,0x1a,0x20,0x1b,0x22,0x1c,0xa5,0x1c,0xa7,0x1d,0xa9,0x1e,0x2c,
  0x20,0x2e,0x21,0x30,0x22,0xb2,0x23,0xb4,0x24,0x36,0x26,0xb8,0x27,0x3a,0x29,0xbb,
  0x2a,0xbd,0x2c,0x3e,0x2e,0x40,0x30,0x41,0x32,0x42,0x34,0x43,0x36,0x43,0x38,0xc4,
  0x3a,0xc4,0x3c,0xc4,0x3e,0x44,0x41,0x44,0x43,0x44,0x45,0xc3,0x47,0xc3,0x49,0xc2,
  0x4b,0xc1,0x4d,0xc0,0x4f,0xbe,0x51,0x3d,0x53,0x3b,0x55,0xba,0x56,0x38,0x58,0xb6,
  0x59,0x34,0x5b,0x32,0x5c,0xb0,0x5d,0xae,0x5e,0x2c,0x60,0x29,0x61,0x27,0x62,0x25,
  0x63,0xa2,0x63,0xa0,0x64,0x9d,0x65,0x1b,0x66,0x18,0x67,0x95,0x67,0x93,0x68,0x10,
  0x69,0x8d,0x69,0x0b,0x6a,0x88,0x6a,0x05,0x6b,0x82,0x6b,0x84,0x7f,0x00,0x83,0x7f,
  0x00,0x47,0x81,0x12,0x04,0x13,0x87,0x13,0x09,0x14,0x8c,0x14,0x0f,0x15,0x92,0x15,
  0x14,0x16,0x17,0x17,0x9a,0x17,0x9d,0x18,0x1f,0x19,0x22,0x1a,0xa4,0x1a,0xa7,0x1b,
  0xa9,0x1c,0xac,0x1d,0xae,0x1e,0x30,0x20,0x33,0x21,0x35,0x22,0xb7,0x23,0x39,0x25,
  0xbb,0x26,0x3c,0x28,0xbe,0x29,0xc0,0x2b,0xc1,0x2d,0xc3,0x2f,0xc4,0x31,0xc5,0x33,
  0xc6,0x35,0xc6,0x37,0x47,0x3a,0xc7,0x3c,0xc7,0x3e,0x47,0x41,0x47,0x43,0xc7,0x45,
  0x46,0x48,0x46,0x4a,0x45,0x4c,0x44,0x4e,0x43,0x50,0x41,0x52,0x40,0x54,0x3e,0x56,
  0xbc,0x57,0x3b,0x59,0xb9,0x5a,0x37,0x5c,0xb5,0x5d,0xb3,0x5e,0x30,0x60,0x2e,0x61,
  0x2c,0x62,0x29,0x63,0x27,0x64,0x24,0x65,0xa2,0x65,0x9f,0x66,0x1d,0x67,0x1a,0x68,
  0x97,0x68,0x94,0x69,0x12,0x6a,0x8f,0x6a,0x0c,0x6b,0x89,0x6b,0x07,0x6c,0x84,0x6c,
  0x01,0x6d,0x83,0x7f,0x00,0x83,0x7f,0x00,0x47,0x82,0x11,0x05,0x12,0x88,0x12,0x0b,
  0x13,0x8e,0x13,0x11,0x14,0x93,0x14,0x16,0x15,0x19,0x16,0x9c,0x16,0x1e,0x17,0x21,
  0x18,0xa4,0x18,0xa6,0x19,0xa9,0x1a,0xab,0x1b,0xae,0x1c,0xb0,0x1d,0xb3,0x1e,0x35,
  0x20,0x37,0x21,0xb9,0x22,0x3b,0x24,0xbd,0x25,0x3f,0x27,0xc1,0x28,0xc3,0x2a,0xc4,
  0x2c,0xc6,0x2e,0xc7,0x30,0xc8,0x32,0x49,0x35,0x4a,0x37,0xca,0x39,0x4a,0x3c,0xcb,
  0x3e,0x4b,0x41,0xca,0x43,0x4a,0x46,0xca,0x48,0xc9,0x4a,0x48,0x4d,0x47,0x4f,0x46,
  0x51,0x44,0x53,0x43,0x55,0x41,0x57,0xbf,0x58,0x3d,0x5a,0xbb,0x5b,0x39,0x5d,0xb7,
  0x5e,0x35,0x60,0x33,0x61,0x30,0x62,0x2e,0x63,0x2b,0x64,0x29,0x65,0x26,0x66,0x24,
  0x67,0xa1,0x67,0x9e,0x68,0x1c,0x69,0x99,0x69,0x96,0x6a,0x13,0x6b,0x91,0x6b,0x0e,
  0x6c,0x8b,0x6c,0x08,0x6d,0x85,0x6d,0x02,0x6e,0x83,0x7f,0x00,0x82,0x7f,0x00,0x49,
  0x01,0x10,0x84,0x10,0x06,0x11,0x89,0x11,0x0c,0x12,0x8f,0x12,0x12,0x13,0x95,0x13,
  0x18,0x14,0x9a,0x14,0x9d,0x15,0x20,0x16,0xa3,0x16,0xa5,0x17,0xa8,0x18,0x2b,0x19,
  0x2d,0x1a,0x30,0x1b,0x32,0x1c,0xb5,0x1d,0xb7,0x1e,0x39,0x20,0x3c,0x21,0xbe,0x22,
  0x40,0x24,0xc2,0x25,0xc4,0x27,0xc5,0x29,0xc7,0x2b,0xc8,0x2d,0xca,0x2f,0x4b,0x32,
  0x4c,0x34,0xcd,0x36,0x4d,0x39,0x4e,0x3c,0xce,0x3e,0x4e,0x41,0xce,0x43,0xcd,0x46,
  0x4d,0x49,0xcc,0x4b,0xcb,0x4d,0x4a,0x50,0x48,0x52,0x47,0x54,0x45,0x56,0x44,0x58,
  0x42,0x5a,0xc0,0x5b,0x3e,0x5d,0xbc,0x5e,0x39,0x60,0x37,0x61,0x35,0x62,0xb2,0x63,
  0xb0,0x64,0xad,0x65,0xab,0x66,0x28,0x67,0x25,0x68,0x23,0x69,0xa0,0x69,0x1d,0x6a,
  0x1a,0x6b,0x98,0x6b,0x15,0x6c,0x92,0x6c,0x0f,0x6d,0x8c,0x6d,0x09,0x6e,0x86,0x6e,
  0x04,0x6f,0x81,0x6f,0x82,0x7f,0x00,0x82,0x7f,0x00,0x49,0x02,0x0f,0x85,0x0f,0x08,
  0x10,0x8b,0x10,0x0e,0x11,0x91,0x11,0x13,0x12,0x96,0x12,0x19,0x13,0x9c,0x13,0x1f,
  0x14,0x22,0x15,0xa4,0x15,0xa7,0x16,0x2a,0x17,0x2d,0x18,0x2f,0x19,0x32,0x1a,0x34,
  0x1b,0x37,0x1c,0x39,0x1d,0xbc,0x1e,0x3e,0x20,0x40,0x21,0x42,0x23,0xc4,0x24,0x46,
  0x26,0x48,0x28,0x4a,0x2a,0xcb,0x2c,0xcd,0x2e,0x4e,0x31,0xcf,0x33,0x50,0x36,0x50,
  0x39,0xd1,0x3b,0xd1,0x3e,0x51,0x41,0x51,0x44,0xd0,0x46,0xd0,0x49,0x4f,0x4c,0xce,
  0x4e,0x4d,0x51,0x4b,0x53,0xca,0x55,0xc8,0x57,0xc6,0x59,0x44,0x5b,0xc2,0x5c,0xc0,
  0x5e,0x3e,0x60,0x3c,0x61,0xb9,0x62,0xb7,0x63,0xb4,0x64,0xb2,0x65,0xaf,0x66,0xad,
  0x67,0xaa,0x68,0x27,0x69,0x24,0x6a,0xa2,0x6a,0x9f,0x6b,0x1c,0x6c,0x99,0x6c,0x16,
  0x6d,0x93,0x6d,0x11,0x6e,0x8e,0x6e,0x0b,0x6f,0x88,0x6f,0x05,0x70,0x82,0x70,0x82,
  0x7f,0x00,0x81,0x7f,0x00,0x4b,0x00,0x0e,0x03,0x0e,0x86,0x0e,0x09,0x0f,0x8c,0x0f,
  0x0f,0x10,0x12,0x10,0x95,0x10,0x18,0x11,0x1b,0x12,0x9d,0x12,0x20,0x13,0xa3,0x13,
  0xa6,0x14,0x29,0x15,0x2c,0x16,0xae,0x16,0xb1,0x17,0xb4,0x18,0xb6,0x19,0xb9,0x1a,
  0xbb,0x1b,0x3e,0x1d,0xc0,0x1e,0x42,0x20,0xc5,0x21,0x47,0x23,0x49,0x25,0x4b,0x27,
  0x4c,0x29,0x4e,0x2b,0xd0,0x2d,0x51,0x30,0xd2,0x32,0xd3,0x35,0xd4,0x38,0x54,0x3b,
  0x54,0x3e,0xd4,0x41,0xd4,0x44,0x54,0x47,0x53,0x4a,0x52,0x4d,0xd1,0x4f,0x50,0x52,
  0xce,0x54,0xcc,0x56,0xcb,0x58,0xc9,0x5a,0xc7,0x5c,0x45,0x5e,0x42,0x60,0x40,0x61,
  0xbe,0x62,0x3b,0x64,0x39,0x65,0x36,0x66,0x34,0x67,0x31,0x68,0x2e,0x69,0xac,0x69,
  0xa9,0x6a,0x26,0x6b,0x23,0x6c,0xa0,0x6c,0x1d,0x6d,0x9b,0x6d,0x98,0x6e,0x15,0x6f,
  0x92,0x6f,0x8f,0x6f,0x0c,0x70,0x89,0x70,0x06,0x71,0x83,0x71,0x80,0x71,0x81,0x7f,
  0x00,0x81,0x7f,0x00,0x4b,0x01,0x0d,0x04,0x0d,0x87,0x0d,0x0a,0x0e,0x8d,0x0e,0x90,
  0x0e,0x13,0x0f,0x96,0x0f,0x19,0x10,0x9c,0x10,0x1f,0x11,0xa2,0x11,0xa5,0x12,0x27,
  0x13,0xaa,0x13,0xad,0x14,0x30,0x15,0x33,0x16,0x35,0x17,0x38,0x18,0x3b,0x19,0x3d,
  0x1a,0xc0,0x1b,0xc2,0x1c,0x45,0x1e,0x47,0x20,0xc9,0x21,0xcb,0x23,0xcd,0x25,0xcf,
  0x27,0xd1,0x29,0x52,0x2c,0x54,0x2f,0xd5,0x31,0xd6,0x34,0xd7,0x37,0x57,0x3b,0x57,
  0x3e,0xd7,0x41,0xd7,0x44,0x57,0x48,0x56,0x4b,0x55,0x4e,0xd4,0x50,0xd2,0x53,0x51,
  0x56,0x4f,0x58,0x4d,0x5a,0x4b,0x5c,0x49,0x5e,0x47,0x60,0xc5,0x61,0x42,0x63,0x40,
  0x64,0xbd,0x65,0xbb,0x66,0xb8,0x67,0xb5,0x68,0xb3,0x69,0xb0,0x6a,0x2d,0x6b,0x2a,
  0x6c,0xa7,0x6c,0x25,0x6d,0x22,0x6e,0x9f,0x6e,0x1c,0x6f,0x99,0x6f,0x16,0x70,0x93,
  0x70,0x10,0x71,0x0d,0x71,0x8a,0x71,0x07,0x72,0x84,0x72,0x81,0x72,0x81,0x7f,0x00,
  0x81,0x7f,0x00,0x4b,0x02,0x0c,0x05,0x0c,0x88,0x0c,0x0b,0x0d,0x0e,0x0d,0x91,0x0d,
  0x14,0x0e,0x97,0x0e,0x1a,0x0f,0x9d,0x0f,0x20,0x10,0xa3,0x10,0x26,0x11,0xa9,0x11,
  0xac,0x12,0x2f,0x13,0x31,0x14,0xb4,0x14,0xb7,0x15,0xba,0x16,0xbc,0x17,0xbf,0x18,
  0x42,0x1a,0x44,0x1b,0xc7,0x1c,0x49,0x1e,0x4b,0x20,0xce,0x21,0xd0,0x23,0x52,0x26,
  0x54,0x28,0x55,0x2b,0xd7,0x2d,0xd8,0x30,0xd9,0x33,0x5a,0x37,0xda,0x3a,0x5b,0x3e,
  0xdb,0x41,0x5a,0x45,0xda,0x48,0x59,0x4c,0x58,0x4f,0x57,0x52,0xd5,0x54,0xd4,0x57,
  0xd2,0x59,0x50,0x5c,0x4e,0x5e,0x4b,0x60,0xc9,0x61,0x47,0x63,0xc4,0x64,0xc2,0x65,
  0x3f,0x67,0x3c,0x68,0x3a,0x69,0x37,0x6a,0x34,0x6b,0xb1,0x6b,0xaf,0x6c,0x2c,0x6d,
  0x29,0x6e,0xa6,0x6e,0x23,0x6f,0xa0,0x6f,0x1d,0x70,0x9a,0x70,0x17,0x71,0x94,0x71,
  0x11,0x72,0x8e,0x72,0x8b,0x72,0x08,0x73,0x85,0x73,0x82,0x73,0x81,0x7f,0x00,0x4f,
  0x7f,0x00,0x80,0x0a,0x03,0x0b,0x06,0x0b,0x89,0x0b,0x0c,0x0c,0x0f,0x0c,0x92,0x0c,
  0x15,0x0d,0x98,0x0d,0x9b,0x0d,0x1e,0x0e,0xa1,0x0e,0x24,0x0f,0xa7,0x0f,0x2a,0x10,
  0x2d,0x11,0xb0,0x11,0xb3,0x12,0x36,0x13,0x39,0x14,0x3b,0x15,0x3e,0x16,0x41,0x17,
  0x44,0x18,0xc6,0x19,0xc9,0x1a,0x4b,0x1c,0x4e,0x1e,0x50,0x20,0x52,0x22,0x54,0x24,
  0xd6,0x26,0x58,0x29,0x5a,0x2c,0xdb,0x2f,0xdc,0x32,0x5d,0x36,0x5e,0x3a,0x5e,0x3e,
  0xde,0x41,0xde,0x45,0xdd,0x49,0x5c,0x4d,0x5b,0x50,0xda,0x53,0xd8,0x56,0x56,0x59,
  0xd4,0x5b,0xd2,0x5d,0x50,0x60,0xce,0x61,0xcb,0x63,0x49,0x65,0x46,0x66,0xc4,0x67,
  0xc1,0x68,0xbe,0x69,0xbb,0x6a,0xb9,0x6b,0xb6,0x6c,0x33,0x6d,0x30,0x6e,0xad,0x6e,
  0xaa,0x6f,0x27,0x70,0xa4,0x70,0x21,0x71,0x9e,0x71,0x1b,0x72,0x18,0x72,0x95,0x72,
  0x12,0x73,0x8f,0x73,0x8c,0x73,0x09,0x74,0x86,0x74,0x83,0x74,0x00,0x75,0x7f,0x00,
  0x4f,0x7f,0x00,0x81,0x09,0x04,0x0a,0x07,0x0a,0x8a,0x0a,0x8d,0x0a,0x10,0x0b,0x93,
  0x0b,0x96,0x0b,0x19,0x0c,0x9c,0x0c,0x1f,0x0d,0xa2,0x0d,0x25,0x0e,0xa8,0x0e,0x2b,
  0x0f,0xae,0x0f,0x31,0x10,0xb4,0x10,0xb7,0x11,0x3a,0x12,0x3d,0x13,0x40,0x14,0x43,
  0x15,0x45,0x16,0xc8,0x17,0xcb,0x18,0x4d,0x1a,0x50,0x1c,0xd2,0x1d,0x55,0x20,0x57,
  0x22,0xd9,0x24,0xdb,0x27,0xdc,0x2a,0xde,0x2d,0xdf,0x31,0xe0,0x35,0xe1,0x39,0xe1,
  0x3d,0x61,0x42,0x61,0x46,0x60,0x4a,0x5f,0x4e,0x5e,0x52,0x5c,0x55,0x5b,0x58,0x59,
  0x5b,0xd7,0x5d,0x55,0x60,0x52,0x62,0xd0,0x63,0xcd,0x65,0x4b,0x67,0x48,0x68,0xc5,
  0x69,0xc3,0x6a,0xc0,0x6b,0xbd,0x6c,0xba,0x6d,0x37,0x6e,0x34,0x6f,0xb1,0x6f,0x2e,
  0x70,0xab,0x70,0x28,0x71,0xa5,0x71,0x22,0x72,0x9f,0x72,0x1c,0x73,0x99,0x73,0x16,
  0x74,0x13,0x74,0x90,0x74,0x0d,0x75,0x0a,0x75,0x87,0x75,0x84,0x75,0x01,0x76,0x7f,
  0x00,0x4f,0x7f,0x00,0x81,0x08,0x04,0x09,0x08,0x09,0x8b,0x09,0x8e,0x09,0x11,0x0a,
  0x14,0x0a,0x97,0x0a,0x1a,0x0b,0x1d,0x0b,0xa0,0x0b,0x23,0x0c,0xa6,0x0c,0x29,0x0d,
  0xad,0x0d,0x30,0x0e,0xb3,0x0e,0x36,0x0f,0x38,0x10,0xbb,0x10,0xbe,0x11,0x41,0x12,
  0x44,0x13,0x47,0x14,0xca,0x15,0xcc,0x16,0x4f,0x18,0xd2,0x19,0xd4,0x1b,0xd7,0x1d,
  0x59,0x20,0xdb,0x22,0x5d,0x25,0xdf,0x28,0x61,0x2c,0x62,0x30,0x63,0x34,0xe4,0x38,
  0xe4,0x3d,0x64,0x42,0x64,0x47,0xe3,0x4b,0xe2,0x4f,0xe1,0x53,0x5f,0x57,0xdd,0x5a,
  0x5b,0x5d,0x59,0x60,0x57,0x62,0x54,0x64,0x52,0x66,0xcf,0x67,0x4c,0x69,0x4a,0x6a,
  0xc7,0x6b,0xc4,0x6c,0xc1,0x6d,0x3e,0x6e,0x3b,0x6f,0xb8,0x6f,0xb6,0x70,0x33,0x71,
  0xb0,0x71,0x2d,0x72,0xa9,0x72,0x26,0x73,0xa3,0x73,0x20,0x74,0x9d,0x74,0x9a,0x74,
  0x17,0x75,0x94,0x75,0x91,0x75,0x0e,0x76,0x0b,0x76,0x88,0x76,0x84,0x76,0x01,0x77,
  0x7f,0x00,0x4f,0x7f,0x00,0x82,0x07,0x05,0x08,0x08,0x08,0x0b,0x08,0x8f,0x08,0x92,
  0x08,0x15,0x09,0x98,0x09,0x9b,0x09,0x1e,0x0a,0x21,0x0a,0xa4,0x0a,0x27,0x0b,0xaa,
  0x0b,0x2e,0x0c,0xb1,0x0c,0x34,0x0d,0xb7,0x0d,0x3a,0x0e,0xbd,0x0e,0xc0,0x0f,0x43,
  0x10,0x46,0x11,0x48,0x12,0x4b,0x13,0xce,0x14,0x51,0x16,0xd4,0x17,0x56,0x19,0x59,
  0x1b,0x5b,0x1d,0x5e,0x20,0xe0,0x22,0x62,0x26,0xe4,0x29,0x65,0x2e,0xe6,0x32,0xe7,
  0x37,0x67,0x3d,0xe7,0x42,0x67,0x48,0x66,0x4d,0xe5,0x51,0x64,0x56,0xe2,0x59,0x60,
  0x5d,0x5e,0x60,0xdb,0x62,0xd9,0x64,0xd6,0x66,0x54,0x68,0xd1,0x69,0x4e,0x6b,0xcb,
  0x6c,0xc8,0x6d,0xc6,0x6e,0xc3,0x6f,0x40,0x70,0x3d,0x71,0xba,0x71,0x37,0x72,0xb4,
  0x72,0x31,0x73,0xae,0x73,0x2a,0x74,0xa7,0x74,0x24,0x75,0xa1,0x75,0x9e,0x75,0x1b,
  0x76,0x18,0x76,0x95,0x76,0x12,0x77,0x0f,0x77,0x8b,0x77,0x88,0x77,0x85,0x77,0x02,
  0x78,0x7f,0x00,0x4f,0x7f,0x00,0x83,0x06,0x86,0x06,0x09,0x07,0x0c,0x07,0x8f,0x07,
  0x92,0x07,0x15,0x08,0x19,0x08,0x9c,0x08,0x9f,0x08,0x22,0x09,0x25,0x09,0xa8,0x09,
  0x2b,0x0a,0xae,0x0a,0xb1,0x0a,0x35,0x0b,0xb8,0x0b,0xbb,0x0c,0x3e,0x0d,0xc1,0x0d,
  0x44,0x0e,0x47,0x0f,0x4a,0x10,0x4d,0x11,0x50,0x12,0xd2,0x13,0xd5,0x14,0xd8,0x16,
  0x5b,0x18,0xdd,0x1a,0x60,0x1d,0x62,0x20,0x64,0x23,0x66,0x27,0xe8,0x2b,0x69,0x31,
  0xea,0x36,0xeb,0x3c,0x6b,0x43,0x6a,0x49,0xe9,0x4e,0x68,0x54,0xe6,0x58,0xe4,0x5c,
  0x62,0x60,0xe0,0x62,0x5d,0x65,0xdb,0x67,0x58,0x69,0x55,0x6b,0x52,0x6c,0xd0,0x6d,
  0xcd,0x6e,0xca,0x6f,0xc7,0x70,0xc4,0x71,0x41,0x72,0xbe,0x72,0x3b,0x73,0x38,0x74,
  0xb5,0x74,0x31,0x75,0x2e,0x75,0xab,0x75,0x28,0x76,0xa5,0x76,0xa2,0x76,0x1f,0x77,
  0x1c,0x77,0x99,0x77,0x95,0x77,0x12,0x78,0x0f,0x78,0x8c,0x78,0x89,0x78,0x06,0x79,
  0x03,0x79,0x7f,0x00,0x4f,0x80,0x05,0x83,0x05,0x86,0x05,0x09,0x06,0x0d,0x06,0x10,
  0x06,0x93,0x06,0x96,0x06,0x19,0x07,0x1c,0x07,0x9f,0x07,0xa3,0x07,0x26,0x08,0x29,
  0x08,0xac,0x08,0xaf,0x08,0x32,0x09,0xb5,0x09,0x38,0x0a,0xbc,0x0a,0x3f,0x0b,0xc2,
  0x0b,0x45,0x0c,0x48,0x0d,0xcb,0x0d,0xce,0x0e,0xd1,0x0f,0xd4,0x10,0x57,0x12,0xda,
  0x13,0x5c,0x15,0x5f,0x17,0xe2,0x19,0xe4,0x1c,0x67,0x20,0x69,0x24,0xeb,0x28,0xec,
  0x2e,0x6d,0x35,0x6e,0x3c,0xee,0x43,0xed,0x4a,0x6c,0x51,0x6b,0x57,0xe9,0x5b,0x67,
  0x60,0x64,0x63,0x62,0x66,0xdf,0x68,0xdc,0x6a,0x5a,0x6c,0xd7,0x6d,0x54,0x6f,0x51,
  0x70,0x4e,0x71,0x4b,0x72,0xc8,0x72,0xc5,0x73,0x42,0x74,0xbf,0x74,0x3c,0x75,0xb8,
  0x75,0x35,0x76,0xb2,0x76,0x2f,0x77,0x2c,0x77,0xa9,0x77,0xa6,0x77,0x23,0x78,0x1f,
  0x78,0x9c,0x78,0x99,0x78,0x16,0x79,0x13,0x79,0x90,0x79,0x8d,0x79,0x89,0x79,0x06,
  0x7a,0x03,0x7a,0x00,0x7a,0x4f,0x80,0x04,0x83,0x04,0x87,0x04,0x8a,0x04,0x0d,0x05,
  0x10,0x05,0x13,0x05,0x97,0x05,0x9a,0x05,0x9d,0x05,0x20,0x06,0x23,0x06,0xa6,0x06,
  0xa9,0x06,0x2d,0x07,0x30,0x07,0xb3,0x07,0x36,0x08,0x39,0x08,0xbc,0x08,0x3f,0x09,
  0xc3,0x09,0x46,0x0a,0xc9,0x0a,0xcc,0x0b,0x4f,0x0c,0x52,0x0d,0x55,0x0e,0x58,0x0f,
  0x5b,0x10,0x5e,0x12,0xe1,0x13,0x64,0x16,0xe6,0x18,0xe9,0x1b,0x6b,0x20,0x6d,0x25,
  0x6f,0x2b,0xf0,0x32,0x71,0x3b,0xf1,0x44,0x70,0x4d,0xef,0x54,0xed,0x5a,0x6b,0x60,
  0x69,0x64,0x66,0x67,0xe4,0x69,0x61,0x6c,0xde,0x6d,0xdb,0x6f,0xd8,0x70,0xd5,0x71,
  0xd2,0x72,0xcf,0x73,0x4c,0x74,0x49,0x75,0xc6,0x75,0x43,0x76,0xbf,0x76,0x3c,0x77,
  0xb9,0x77,0xb6,0x77,0x33,0x78,0xb0,0x78,0xad,0x78,0x29,0x79,0x26,0x79,0xa3,0x79,
  0xa0,0x79,0x1d,0x7a,0x1a,0x7a,0x17,0x7a,0x93,0x7a,0x90,0x7a,0x8d,0x7a,0x0a,0x7b,
  0x07,0x7b,0x03,0x7b,0x00,0x7b,0x4f,0x81,0x03,0x84,0x03,0x87,0x03,0x8a,0x03,0x0d,
  0x04,0x11,0x04,0x14,0x04,0x17,0x04,0x9a,0x04,0x9d,0x04,0xa0,0x04,0xa4,0x04,0x27,
  0x05,0x2a,0x05,0xad,0x05,0xb0,0x05,0x33,0x06,0x37,0x06,0xba,0x06,0xbd,0x06,0x40,
  0x07,0xc3,0x07,0x46,0x08,0xca,0x08,0x4d,0x09,0xd0,0x09,0x53,0x0a,0x56,0x0b,0x59,
  0x0c,0x5c,0x0d,0x5f,0x0e,0xe2,0x0f,0xe5,0x11,0x68,0x14,0x6b,0x17,0xed,0x1a,0x70,
  0x20,0xf2,0x26,0xf3,0x2f,0x74,0x3a,0xf4,0x45,0x73,0x50,0x72,0x59,0x70,0x60,0x6d,
  0x65,0xeb,0x68,0xe8,0x6b,0x65,0x6e,0x62,0x70,0xdf,0x71,0xdc,0x72,0xd9,0x73,0xd6,
  0x74,0xd3,0x75,0x50,0x76,0xcd,0x76,0x4a,0x77,0xc6,0x77,0x43,0x78,0xc0,0x78,0x3d,
  0x79,0x3a,0x79,0xb7,0x79,0xb3,0x79,0x30,0x7a,0x2d,0x7a,0xaa,0x7a,0xa7,0x7a,0x24,
  0x7b,0x20,0x7b,0x1d,0x7b,0x1a,0x7b,0x97,0x7b,0x94,0x7b,0x91,0x7b,0x8d,0x7b,0x0a,
  0x7c,0x07,0x7c,0x04,0x7c,0x01,0x7c,0x4f,0x81,0x02,0x84,0x02,0x87,0x02,0x8a,0x02,
  0x8e,0x02,0x91,0x02,0x14,0x03,0x17,0x03,0x1a,0x03,0x1e,0x03,0x21,0x03,0xa4,0x03,
  0xa7,0x03,0xaa,0x03,0xae,0x03,0x31,0x04,0x34,0x04,0xb7,0x04,0xba,0x04,0xbd,0x04,
  0x41,0x05,0x44,0x05,0xc7,0x05,0x4a,0x06,0xcd,0x06,0xd0,0x06,0x54,0x07,0x57,0x08,
  0xda,0x08,0xdd,0x09,0x60,0x0a,0xe3,0x0b,0x66,0x0d,0xe9,0x0e,0x6c,0x11,0xef,0x14,
  0x72,0x19,0x74,0x20,0xf6,0x29,0xf7,0x37,0x77,0x48,0x76,0x56,0x74,0x60,0xf2,0x66,
  0x6f,0x6b,0xec,0x6e,0x69,0x71,0xe6,0x72,0x63,0x74,0xe0,0x75,0x5d,0x76,0x5a,0x77,
  0xd7,0x77,0xd4,0x78,0x50,0x79,0x4d,0x79,0xca,0x79,0x47,0x7a,0xc4,0x7a,0xc1,0x7a,
  0x3d,0x7b,0x3a,0x7b,0x37,0x7b,0xb4,0x7b,0xb1,0x7b,0x2e,0x7c,0x2a,0x7c,0x27,0x7c,
  0x24,0x7c,0xa1,0x7c,0x9e,0x7c,0x9a,0x7c,0x97,0x7c,0x94,0x7c,0x11,0x7d,0x0e,0x7d,
  0x0a,0x7d,0x07,0x7d,0x04,0x7d,0x01,0x7d,0x4f,0x81,0x01,0x84,0x01,0x87,0x01,0x8b,
  0x01,0x8e,0x01,0x91,0x01,0x94,0x01,0x97,0x01,0x9b,0x01,0x1e,0x02,0x21,0x02,0x24,
  0x02,0x27,0x02,0x2b,0x02,0x2e,0x02,0x31,0x02,0xb4,0x02,0xb7,0x02,0xbb,0x02,0xbe,
  0x02,0x41,0x03,0x44,0x03,0x47,0x03,0xca,0x03,0xce,0x03,0x51,0x04,0xd4,0x04,0xd7,
  0x04,0x5a,0x05,0xde,0x05,0x61,0x06,0x64,0x07,0x67,0x08,0x6a,0x09,0xed,0x0a,0x70,
  0x0d,0x73,0x10,0x76,0x16,0x79,0x20,0xfa,0x32,0x7a,0x4d,0x79,0x60,0xf6,0x69,0xf3,
  0x6f,0xf0,0x72,0x6d,0x75,0xea,0x76,0xe7,0x77,0xe4,0x78,0xe1,0x79,0x5e,0x7a,0xda,
  0x7a,0x57,0x7b,0x54,0x7b,0xd1,0x7b,0x4e,0x7c,0x4a,0x7c,0xc7,0x7c,0xc4,0x7c,0xc1,
  0x7c,0x3e,0x7d,0x3b,0x7d,0x37,0x7d,0x34,0x7d,0xb1,0x7d,0xae,0x7d,0xab,0x7d,0xa7,
  0x7d,0xa4,0x7d,0xa1,0x7d,0x9e,0x7d,0x1b,0x7e,0x17,0x7e,0x14,0x7e,0x11,0x7e,0x0e,
  0x7e,0x0b,0x7e,0x07,0x7e,0x04,0x7e,0x01,0x7e,0x4f,0x81,0x00,0x84,0x00,0x87,0x00,
  0x8b,0x00,0x8e,0x00,0x91,0x00,0x94,0x00,0x97,0x00,0x9b,0x00,0x9e,0x00,0xa1,0x00,
  0xa4,0x00,0xa7,0x00,0xab,0x00,0xae,0x00,0xb1,0x00,0xb4,0x00,0xb7,0x00,0xbb,0x00,
  0xbe,0x00,0x41,0x01,0x44,0x01,0x47,0x01,0x4b,0x01,0x4e,0x01,0x51,0x01,0xd4,0x01,
  0xd7,0x01,0xdb,0x01,0xde,0x01,0x61,0x02,0x64,0x02,0xe7,0x02,0x6b,0x03,0xee,0x03,
  0xf1,0x04,0xf4,0x05,0x77,0x08,0x7a,0x0d,0x7d,0x20,0x7d,0x60,0xfa,0x72,0xf7,0x77,
  0x74,0x7a,0x71,0x7b,0x6e,0x7c,0xeb,0x7c,0x67,0x7d,0xe4,0x7d,0xe1,0x7d,0x5e,0x7e,
  0x5b,0x7e,0x57,0x7e,0x54,0x7e,0xd1,0x7e,0xce,0x7e,0xcb,0x7e,0xc7,0x7e,0xc4,0x7e,
  0xc1,0x7e,0x3e,0x7f,0x3b,0x7f,0x37,0x7f,0x34,0x7f,0x31,0x7f,0x2e,0x7f,0x2b,0x7f,
  0x27,0x7f,0x24,0x7f,0x21,0x7f,0x1e,0x7f,0x1b,0x7f,0x17,0x7f,0x14,0x7f,0x11,0x7f,
  0x0e,0x7f,0x0b,0x7f,0x07,0x7f,0x04,0x7f,0x01,0x7f,0x4f,0x01,0xff,0x04,0xff,0x07,
  0xff,0x0b,0xff,0x0e,0xff,0x11,0xff,0x14,0xff,0x17,0xff,0x1b,0xff,0x1e,0xff,0x21,
  0xff,0x24,0xff,0x27,0xff,0x2b,0xff,0x2e,0xff,0x31,0xff,0x34,0xff,0x37,0xff,0x3b,
  0xff,0x3e,0xff,0xc1,0xfe,0xc4,0xfe,0xc7,0xfe,0xcb,0xfe,0xce,0xfe,0xd1,0xfe,0x54,
  0xfe,0x57,0xfe,0x5b,0xfe,0x5e,0xfe,0xe1,0xfd,0xe4,0xfd,0x67,0xfd,0xeb,0xfc,0x6e,
  0xfc,0x71,0xfb,0x74,0xfa,0xf7,0xf7,0xfa,0xf2,0x7d,0xe0,0x7d,0xa0,0x7a,0x8d,0x77,
  0x88,0xf4,0x85,0xf1,0x84,0xee,0x83,0x6b,0x83,0xe7,0x82,0x64,0x82,0x61,0x82,0xde,
  0x81,0xdb,0x81,0xd7,0x81,0xd4,0x81,0x51,0x81,0x4e,0x81,0x4b,0x81,0x47,0x81,0x44,
  0x81,0x41,0x81,0xbe,0x80,0xbb,0x80,0xb7,0x80,0xb4,0x80,0xb1,0x80,0xae,0x80,0xab,
  0x80,0xa7,0x80,0xa4,0x80,0xa1,0x80,0x9e,0x80,0x9b,0x80,0x97,0x80,0x94,0x80,0x91,
  0x80,0x8e,0x80,0x8b,0x80,0x87,0x80,0x84,0x80,0x81,0x80,0x4f,0x01,0xfe,0x04,0xfe,
  0x07,0xfe,0x0b,0xfe,0x0e,0xfe,0x11,0xfe,0x14,0xfe,0x17,0xfe,0x1b,0xfe,0x9e,0xfd,
  0xa1,0xfd,0xa4,0xfd,0xa7,0xfd,0xab,0xfd,0xae,0xfd,0xb1,0xfd,0x34,0xfd,0x37,0xfd,
  0x3b,0xfd,0x3e,0xfd,0xc1,0xfc,0xc4,0xfc,0xc7,0xfc,0x4a,0xfc,0x4e,0xfc,0xd1,0xfb,
  0x54,0xfb,0x57,0xfb,0xda,0xfa,0x5e,0xfa,0xe1,0xf9,0xe4,0xf8,0xe7,0xf7,0xea,0xf6,
  0x6d,0xf5,0xf0,0xf2,0xf3,0xef,0xf6,0xe9,0x79,0xe0,0x7a,0xcd,0xfa,0xb2,0x79,0xa0,
  0x76,0x96,0x73,0x90,0x70,0x8d,0xed,0x8a,0x6a,0x89,0x67,0x88,0x64,0x87,0x61,0x86,
  0xde,0x85,0x5a,0x85,0xd7,0x84,0xd4,0x84,0x51,0x84,0xce,0x83,0xca,0x83,0x47,0x83,
  0x44,0x83,0x41,0x83,0xbe,0x82,0xbb,0x82,0xb7,0x82,0xb4,0x82,0x31,0x82,0x2e,0x82,
  0x2b,0x82,0x27,0x82,0x24,0x82,0x21,0x82,0x1e,0x82,0x9b,0x81,0x97,0x81,0x94,0x81,
  0x91,0x81,0x8e,0x81,0x8b,0x81,0x87,0x81,0x84,0x81,0x81,0x81,0x4f,0x01,0xfd,0x04,
  0xfd,0x07,0xfd,0x0a,0xfd,0x0e,0xfd,0x11,0xfd,0x94,0xfc,0x97,0xfc,0x9a,0xfc,0x9e,
  0xfc,0xa1,0xfc,0x24,0xfc,0x27,0xfc,0x2a,0xfc,0x2e,0xfc,0xb1,0xfb,0xb4,0xfb,0x37,
  0xfb,0x3a,0xfb,0x3d,0xfb,0xc1,0xfa,0xc4,0xfa,0x47,0xfa,0xca,0xf9,0x4d,0xf9,0x50,
  0xf9,0xd4,0xf8,0xd7,0xf7,0x5a,0xf7,0x5d,0xf6,0xe0,0xf5,0x63,0xf4,0xe6,0xf2,0x69,
  0xf1,0xec,0xee,0x6f,0xeb,0xf2,0xe6,0x74,0xe0,0x76,0xd6,0x77,0xc8,0xf7,0xb7,0xf6,
  0xa9,0x74,0xa0,0x72,0x99,0xef,0x94,0x6c,0x91,0xe9,0x8e,0x66,0x8d,0xe3,0x8b,0x60,
  0x8a,0xdd,0x89,0xda,0x88,0x57,0x88,0x54,0x87,0xd0,0x86,0xcd,0x86,0x4a,0x86,0xc7,
  0x85,0x44,0x85,0x41,0x85,0xbd,0x84,0xba,0x84,0xb7,0x84,0x34,0x84,0x31,0x84,0xae,
  0x83,0xaa,0x83,0xa7,0x83,0xa4,0x83,0x21,0x83,0x1e,0x83,0x1a,0x83,0x17,0x83,0x14,
  0x83,0x91,0x82,0x8e,0x82,0x8a,0x82,0x87,0x82,0x84,0x82,0x81,0x82,0x4f,0x01,0xfc,
  0x04,0xfc,0x07,0xfc,0x0a,0xfc,0x8d,0xfb,0x91,0xfb,0x94,0xfb,0x97,0xfb,0x1a,0xfb,
  0x1d,0xfb,0x20,0xfb,0x24,0xfb,0xa7,0xfa,0xaa,0xfa,0x2d,0xfa,0x30,0xfa,0xb3,0xf9,
  0xb7,0xf9,0x3a,0xf9,0x3d,0xf9,0xc0,0xf8,0x43,0xf8,0xc6,0xf7,0x4a,0xf7,0xcd,0xf6,
  0x50,0xf6,0xd3,0xf5,0xd6,0xf4,0xd9,0xf3,0xdc,0xf2,0xdf,0xf1,0x62,0xf0,0x65,0xee,
  0xe8,0xeb,0xeb,0xe8,0x6d,0xe5,0x70,0xe0,0x72,0xd9,0x73,0xd0,0xf4,0xc5,0x74,0xba,
  0xf3,0xaf,0xf2,0xa6,0x70,0xa0,0xed,0x9a,0x6b,0x97,0x68,0x94,0xe5,0x91,0xe2,0x8f,
  0x5f,0x8e,0x5c,0x8d,0x59,0x8c,0x56,0x8b,0x53,0x8a,0xd0,0x89,0x4d,0x89,0xca,0x88,
  0x46,0x88,0xc3,0x87,0x40,0x87,0xbd,0x86,0xba,0x86,0x37,0x86,0x33,0x86,0xb0,0x85,
  0xad,0x85,0x2a,0x85,0x27,0x85,0xa4,0x84,0xa0,0x84,0x9d,0x84,0x9a,0x84,0x17,0x84,
  0x14,0x84,0x11,0x84,0x0d,0x84,0x8a,0x83,0x87,0x83,0x84,0x83,0x81,0x83,0x4f,0x00,
  0xfb,0x03,0xfb,0x07,0xfb,0x0a,0xfb,0x8d,0xfa,0x90,0xfa,0x93,0xfa,0x17,0xfa,0x1a,
  0xfa,0x1d,0xfa,0xa0,0xf9,0xa3,0xf9,0x26,0xf9,0x29,0xf9,0xad,0xf8,0xb0,0xf8,0x33,
  0xf8,0xb6,0xf7,0xb9,0xf7,0x3c,0xf7,0xbf,0xf6,0x43,0xf6,0xc6,0xf5,0x49,0xf5,0x4c,
  0xf4,0xcf,0xf3,0xd2,0xf2,0xd5,0xf1,0xd8,0xf0,0xdb,0xef,0xde,0xed,0x61,0xec,0xe4,
  0xe9,0x66,0xe7,0x69,0xe4,0x6b,0xe0,0xed,0xda,0xef,0xd4,0x70,0xcd,0xf1,0xc4,0x71,
  0xbb,0xf0,0xb2,0x6f,0xab,0x6d,0xa5,0x6b,0xa0,0xe9,0x9b,0xe6,0x98,0x64,0x96,0xe1,
  0x93,0x5e,0x92,0x5b,0x90,0x58,0x8f,0x55,0x8e,0x52,0x8d,0x4f,0x8c,0xcc,0x8b,0xc9,
  0x8a,0x46,0x8a,0xc3,0x89,0x3f,0x89,0xbc,0x88,0x39,0x88,0x36,0x88,0xb3,0x87,0x30,
  0x87,0x2d,0x87,0xa9,0x86,0xa6,0x86,0x23,0x86,0x20,0x86,0x9d,0x85,0x9a,0x85,0x97,
  0x85,0x13,0x85,0x10,0x85,0x0d,0x85,0x8a,0x84,0x87,0x84,0x83,0x84,0x80,0x84,0x4f,
  0x00,0xfa,0x03,0xfa,0x06,0xfa,0x89,0xf9,0x8d,0xf9,0x90,0xf9,0x13,0xf9,0x16,0xf9,
  0x99,0xf8,0x9c,0xf8,0x1f,0xf8,0x23,0xf8,0xa6,0xf7,0xa9,0xf7,0x2c,0xf7,0x2f,0xf7,
  0xb2,0xf6,0x35,0xf6,0xb8,0xf5,0x3c,0xf5,0xbf,0xf4,0x42,0xf4,0xc5,0xf3,0xc8,0xf2,
  0x4b,0xf2,0x4e,0xf1,0x51,0xf0,0x54,0xef,0xd7,0xed,0x5a,0xec,0xdc,0xea,0xdf,0xe8,
  0x62,0xe6,0x64,0xe3,0x67,0xe0,0xe9,0xdb,0x6b,0xd7,0x6c,0xd1,0xed,0xca,0xee,0xc3,
  0x6e,0xbc,0x6d,0xb5,0xec,0xae,0xeb,0xa8,0x69,0xa4,0x67,0xa0,0xe4,0x9c,0xe2,0x99,
  0x5f,0x97,0x5c,0x95,0xda,0x93,0x57,0x92,0xd4,0x90,0xd1,0x8f,0xce,0x8e,0xcb,0x8d,
  0x48,0x8d,0x45,0x8c,0xc2,0x8b,0x3f,0x8b,0xbc,0x8a,0x38,0x8a,0xb5,0x89,0x32,0x89,
  0xaf,0x88,0xac,0x88,0x29,0x88,0x26,0x88,0xa3,0x87,0x9f,0x87,0x1c,0x87,0x19,0x87,
  0x96,0x86,0x93,0x86,0x10,0x86,0x0d,0x86,0x09,0x86,0x86,0x85,0x83,0x85,0x80,0x85,
  0x4f,0x7f,0x00,0x03,0xf9,0x06,0xf9,0x89,0xf8,0x8c,0xf8,0x0f,0xf8,0x12,0xf8,0x95,
  0xf7,0x99,0xf7,0x1c,0xf7,0x1f,0xf7,0xa2,0xf6,0xa5,0xf6,0x28,0xf6,0xab,0xf5,0x2e,
  0xf5,0x31,0xf5,0xb5,0xf4,0x38,0xf4,0x3b,0xf3,0xbe,0xf2,0x41,0xf2,0xc4,0xf1,0xc7,
  0xf0,0xca,0xef,0xcd,0xee,0xd0,0xed,0x52,0xec,0x55,0xeb,0x58,0xe9,0xdb,0xe7,0x5d,
  0xe5,0xe0,0xe2,0x62,0xe0,0xe4,0xdc,0xe6,0xd8,0x68,0xd4,0xe9,0xce,0x6a,0xc9,0x6b,
  0xc3,0xeb,0xbc,0xea,0xb6,0x69,0xb1,0xe8,0xab,0x66,0xa7,0x64,0xa3,0x62,0xa0,0x60,
  0x9d,0xdd,0x9a,0x5b,0x98,0xd8,0x96,0xd5,0x94,0xd2,0x93,0x50,0x92,0x4d,0x91,0x4a,
  0x90,0x47,0x8f,0x44,0x8e,0xc1,0x8d,0x3e,0x8d,0xbb,0x8c,0xb8,0x8b,0x35,0x8b,0xb1,
  0x8a,0xae,0x8a,0x2b,0x8a,0xa8,0x89,0x25,0x89,0x22,0x89,0x9f,0x88,0x9c,0x88,0x19,
  0x88,0x15,0x88,0x92,0x87,0x8f,0x87,0x0c,0x87,0x09,0x87,0x86,0x86,0x83,0x86,0x7f,
  0x00,0x4f,0x7f,0x00,0x02,0xf8,0x85,0xf7,0x88,0xf7,0x8b,0xf7,0x0f,0xf7,0x12,0xf7,
  0x95,0xf6,0x18,0xf6,0x1b,0xf6,0x9e,0xf5,0xa1,0xf5,0x24,0xf5,0xa7,0xf4,0x2a,0xf4,
  0xae,0xf3,0x31,0xf3,0xb4,0xf2,0x37,0xf2,0xba,0xf1,0x3d,0xf1,0x40,0xf0,0xc3,0xef,
  0xc6,0xee,0xc8,0xed,0xcb,0xec,0x4e,0xeb,0xd1,0xe9,0x54,0xe8,0xd6,0xe6,0xd9,0xe4,
  0xdb,0xe2,0x5e,0xe0,0x60,0xdd,0xe2,0xd9,0x64,0xd6,0xe5,0xd1,0x66,0xcd,0x67,0xc8,
  0xe7,0xc2,0x67,0xbd,0xe7,0xb7,0xe6,0xb2,0x65,0xae,0xe4,0xa9,0x62,0xa6,0xe0,0xa2,
  0x5e,0xa0,0x5b,0x9d,0x59,0x9b,0x56,0x99,0xd4,0x97,0x51,0x96,0xce,0x94,0x4b,0x93,
  0x48,0x92,0x46,0x91,0x43,0x90,0xc0,0x8f,0xbd,0x8e,0x3a,0x8e,0xb7,0x8d,0x34,0x8d,
  0xb1,0x8c,0x2e,0x8c,0xaa,0x8b,0x27,0x8b,0xa4,0x8a,0x21,0x8a,0x1e,0x8a,0x9b,0x89,
  0x98,0x89,0x15,0x89,0x92,0x88,0x8f,0x88,0x0b,0x88,0x08,0x88,0x05,0x88,0x82,0x87,
  0x7f,0x00,0x4f,0x7f,0x00,0x01,0xf7,0x84,0xf6,0x88,0xf6,0x0b,0xf6,0x0e,0xf6,0x91,
  0xf5,0x94,0xf5,0x17,0xf5,0x9a,0xf4,0x9d,0xf4,0x20,0xf4,0xa3,0xf3,0x26,0xf3,0xa9,
  0xf2,0x2d,0xf2,0xb0,0xf1,0x33,0xf1,0xb6,0xf0,0xb8,0xef,0x3b,0xef,0x3e,0xee,0xc1,
  0xed,0xc4,0xec,0xc7,0xeb,0x4a,0xea,0x4c,0xe9,0xcf,0xe7,0x52,0xe6,0x54,0xe4,0x57,
  0xe2,0x59,0xe0,0x5b,0xdd,0xdd,0xda,0x5f,0xd7,0xe1,0xd3,0xe2,0xcf,0xe3,0xcb,0x64,
  0xc7,0x64,0xc2,0xe4,0xbd,0xe4,0xb8,0x63,0xb4,0x62,0xb0,0x61,0xac,0xdf,0xa8,0x5d,
  0xa5,0xdb,0xa2,0x59,0xa0,0xd7,0x9d,0xd4,0x9b,0xd2,0x99,0x4f,0x98,0xcc,0x96,0xca,
  0x95,0x47,0x94,0x44,0x93,0x41,0x92,0xbe,0x91,0xbb,0x90,0x38,0x90,0x36,0x8f,0xb3,
  0x8e,0x30,0x8e,0xad,0x8d,0x29,0x8d,0xa6,0x8c,0x23,0x8c,0xa0,0x8b,0x1d,0x8b,0x1a,
  0x8b,0x97,0x8a,0x14,0x8a,0x11,0x8a,0x8e,0x89,0x8b,0x89,0x08,0x89,0x04,0x89,0x81,
  0x88,0x7f,0x00,0x4f,0x7f,0x00,0x01,0xf6,0x84,0xf5,0x87,0xf5,0x0a,0xf5,0x0d,0xf5,
  0x90,0xf4,0x13,0xf4,0x16,0xf4,0x99,0xf3,0x1c,0xf3,0x9f,0xf2,0x22,0xf2,0xa5,0xf1,
  0x28,0xf1,0xab,0xf0,0x2e,0xf0,0xb1,0xef,0x34,0xef,0x37,0xee,0xba,0xed,0xbd,0xec,
  0xc0,0xeb,0xc3,0xea,0xc5,0xe9,0x48,0xe8,0x4b,0xe7,0xcd,0xe5,0xd0,0xe3,0x52,0xe2,
  0x55,0xe0,0xd7,0xdd,0x59,0xdb,0x5b,0xd8,0x5c,0xd5,0x5e,0xd2,0x5f,0xce,0x60,0xca,
  0x61,0xc6,0x61,0xc2,0xe1,0xbd,0xe1,0xb9,0xe0,0xb5,0xdf,0xb1,0xde,0xad,0xdc,0xaa,
  0xdb,0xa7,0xd9,0xa4,0x57,0xa2,0x55,0xa0,0xd2,0x9d,0x50,0x9c,0x4d,0x9a,0xcb,0x98,
  0xc8,0x97,0x45,0x96,0x43,0x95,0x40,0x94,0x3d,0x93,0x3a,0x92,0xb7,0x91,0xb4,0x90,
  0x31,0x90,0xae,0x8f,0x2b,0x8f,0xa8,0x8e,0x25,0x8e,0xa2,0x8d,0x1f,0x8d,0x9c,0x8c,
  0x19,0x8c,0x96,0x8b,0x93,0x8b,0x10,0x8b,0x8d,0x8a,0x8a,0x8a,0x07,0x8a,0x04,0x8a,
  0x81,0x89,0x7f,0x00,0x4f,0x7f,0x00,0x00,0xf5,0x83,0xf4,0x86,0xf4,0x09,0xf4,0x8c,
  0xf3,0x8f,0xf3,0x12,0xf3,0x95,0xf2,0x18,0xf2,0x1b,0xf2,0x9e,0xf1,0x21,0xf1,0xa4,
  0xf0,0x27,0xf0,0xaa,0xef,0xad,0xee,0x30,0xee,0x33,0xed,0xb6,0xec,0xb9,0xeb,0xbb,
  0xea,0xbe,0xe9,0xc1,0xe8,0xc4,0xe7,0x46,0xe6,0x49,0xe5,0xcb,0xe3,0xce,0xe1,0x50,
  0xe0,0xd2,0xdd,0xd4,0xdb,0x56,0xd9,0xd8,0xd6,0xda,0xd3,0x5b,0xd0,0x5c,0xcd,0xdd,
  0xc9,0xde,0xc5,0xde,0xc1,0x5e,0xbe,0x5e,0xba,0x5d,0xb6,0xdc,0xb2,0xdb,0xaf,0x5a,
  0xac,0x58,0xa9,0xd6,0xa6,0x54,0xa4,0x52,0xa2,0x50,0xa0,0x4e,0x9e,0x4b,0x9c,0xc9,
  0x9a,0xc6,0x99,0x44,0x98,0x41,0x97,0x3e,0x96,0x3b,0x95,0x39,0x94,0x36,0x93,0xb3,
  0x92,0xb0,0x91,0x2d,0x91,0x2a,0x90,0xa7,0x8f,0x24,0x8f,0xa1,0x8e,0x1e,0x8e,0x9b,
  0x8d,0x98,0x8d,0x15,0x8d,0x92,0x8c,0x0f,0x8c,0x0c,0x8c,0x89,0x8b,0x06,0x8b,0x03,
  0x8b,0x80,0x8a,0x7f,0x00,0x81,0x7f,0x00,0x4b,0x82,0xf3,0x85,0xf3,0x08,0xf3,0x8b,
  0xf2,0x8e,0xf2,0x11,0xf2,0x94,0xf1,0x17,0xf1,0x9a,0xf0,0x1d,0xf0,0xa0,0xef,0x23,
  0xef,0xa6,0xee,0x29,0xee,0x2c,0xed,0xaf,0xec,0xb1,0xeb,0x34,0xeb,0x37,0xea,0x3a,
  0xe9,0x3c,0xe8,0x3f,0xe7,0xc2,0xe5,0xc4,0xe4,0x47,0xe3,0xc9,0xe1,0x4b,0xe0,0x4e,
  0xde,0x50,0xdc,0xd2,0xd9,0xd4,0xd7,0xd5,0xd4,0x57,0xd2,0x58,0xcf,0x59,0xcc,0xda,
  0xc8,0x5a,0xc5,0xdb,0xc1,0x5b,0xbe,0xda,0xba,0x5a,0xb7,0xd9,0xb3,0xd8,0xb0,0xd7,
  0xad,0x55,0xab,0x54,0xa8,0x52,0xa6,0xd0,0xa3,0xce,0xa1,0x4b,0xa0,0x49,0x9e,0xc7,
  0x9c,0x44,0x9b,0x42,0x9a,0xbf,0x98,0xbc,0x97,0xba,0x96,0xb7,0x95,0xb4,0x94,0x31,
  0x94,0x2f,0x93,0xac,0x92,0xa9,0x91,0x26,0x91,0xa3,0x90,0x20,0x90,0x9d,0x8f,0x1a,
  0x8f,0x97,0x8e,0x14,0x8e,0x91,0x8d,0x0e,0x8d,0x0b,0x8d,0x88,0x8c,0x05,0x8c,0x02,
  0x8c,0x81,0x7f,0x00,0x81,0x7f,0x00,0x4b,0x81,0xf2,0x84,0xf2,0x07,0xf2,0x8a,0xf1,
  0x0d,0xf1,0x10,0xf1,0x93,0xf0,0x16,0xf0,0x99,0xef,0x1c,0xef,0x9f,0xee,0x22,0xee,
  0x25,0xed,0xa7,0xec,0x2a,0xec,0x2d,0xeb,0xb0,0xea,0xb3,0xe9,0xb5,0xe8,0xb8,0xe7,
  0xbb,0xe6,0xbd,0xe5,0x40,0xe4,0x42,0xe3,0xc5,0xe1,0x47,0xe0,0x49,0xde,0x4b,0xdc,
  0x4d,0xda,0x4f,0xd8,0x51,0xd6,0xd2,0xd3,0xd4,0xd0,0x55,0xce,0x56,0xcb,0x57,0xc8,
  0xd7,0xc4,0xd7,0xc1,0x57,0xbe,0x57,0xbb,0xd7,0xb7,0xd6,0xb4,0xd5,0xb1,0x54,0xaf,
  0x52,0xac,0xd1,0xa9,0xcf,0xa7,0xcd,0xa5,0xcb,0xa3,0xc9,0xa1,0x47,0xa0,0x45,0x9e,
  0xc2,0x9c,0xc0,0x9b,0x3d,0x9a,0x3b,0x99,0x38,0x98,0x35,0x97,0x33,0x96,0x30,0x95,
  0xad,0x94,0xaa,0x93,0x27,0x93,0xa5,0x92,0xa2,0x91,0x1f,0x91,0x9c,0x90,0x19,0x90,
  0x96,0x8f,0x13,0x8f,0x90,0x8e,0x8d,0x8e,0x0a,0x8e,0x87,0x8d,0x04,0x8d,0x01,0x8d,
  0x81,0x7f,0x00,0x81,0x7f,0x00,0x4b,0x80,0xf1,0x83,0xf1,0x06,0xf1,0x89,0xf0,0x0c,
  0xf0,0x8f,0xef,0x92,0xef,0x15,0xef,0x98,0xee,0x9b,0xed,0x1d,0xed,0xa0,0xec,0x23,
  0xec,0x26,0xeb,0xa9,0xea,0xac,0xe9,0x2e,0xe9,0x31,0xe8,0x34,0xe7,0x36,0xe6,0x39,
  0xe5,0x3b,0xe4,0xbe,0xe2,0x40,0xe1,0x42,0xe0,0x45,0xde,0xc7,0xdc,0xc9,0xda,0xcb,
  0xd8,0xcc,0xd6,0xce,0xd4,0x50,0xd2,0xd1,0xcf,0x52,0xcd,0x53,0xca,0x54,0xc7,0xd4,
  0xc4,0xd4,0xc1,0x54,0xbe,0x54,0xbb,0xd4,0xb8,0xd3,0xb5,0xd2,0xb2,0x51,0xb0,0xd0,
  0xad,0x4e,0xab,0x4c,0xa9,0x4b,0xa7,0x49,0xa5,0x47,0xa3,0xc5,0xa1,0x42,0xa0,0xc0,
  0x9e,0x3e,0x9d,0xbb,0x9b,0xb9,0x9a,0xb6,0x99,0xb4,0x98,0xb1,0x97,0xae,0x96,0x2c,
  0x96,0x29,0x95,0xa6,0x94,0xa3,0x93,0x20,0x93,0x9d,0x92,0x1b,0x92,0x18,0x91,0x95,
  0x90,0x12,0x90,0x0f,0x90,0x8c,0x8f,0x09,0x8f,0x86,0x8e,0x03,0x8e,0x00,0x8e,0x81,
  0x7f,0x00,0x82,0x7f,0x00,0x49,0x82,0xf0,0x05,0xf0,0x88,0xef,0x0b,0xef,0x8e,0xee,
  0x11,0xee,0x93,0xed,0x16,0xed,0x99,0xec,0x1c,0xec,0x9f,0xeb,0xa2,0xea,0x24,0xea,
  0x27,0xe9,0xaa,0xe8,0xad,0xe7,0xaf,0xe6,0xb2,0xe5,0xb4,0xe4,0xb7,0xe3,0xb9,0xe2,
  0x3c,0xe1,0x3e,0xe0,0xc0,0xde,0xc2,0xdc,0x44,0xdb,0xc6,0xd9,0xc8,0xd7,0xca,0xd5,
  0x4b,0xd3,0x4d,0xd1,0xce,0xce,0x4f,0xcc,0xd0,0xc9,0xd0,0xc6,0x51,0xc4,0x51,0xc1,
  0xd1,0xbe,0xd1,0xbb,0x50,0xb9,0x50,0xb6,0xcf,0xb3,0x4e,0xb1,0xcd,0xae,0xcb,0xac,
  0x4a,0xaa,0x48,0xa8,0x46,0xa6,0xc4,0xa4,0x42,0xa3,0x40,0xa1,0x3e,0xa0,0xbc,0x9e,
  0x39,0x9d,0x37,0x9c,0x34,0x9b,0x32,0x9a,0x2f,0x99,0x2d,0x98,0x2a,0x97,0xa7,0x96,
  0xa4,0x95,0x22,0x95,0x1f,0x94,0x9c,0x93,0x19,0x93,0x96,0x92,0x13,0x92,0x91,0x91,
  0x0e,0x91,0x8b,0x90,0x08,0x90,0x85,0x8f,0x02,0x8f,0x82,0x7f,0x00,0x82,0x7f,0x00,
  0x49,0x81,0xef,0x04,0xef,0x86,0xee,0x09,0xee,0x8c,0xed,0x0f,0xed,0x92,0xec,0x15,
  0xec,0x98,0xeb,0x1a,0xeb,0x1d,0xea,0xa0,0xe9,0x23,0xe9,0x25,0xe8,0x28,0xe7,0xab,
  0xe6,0xad,0xe5,0xb0,0xe4,0xb2,0xe3,0x35,0xe2,0x37,0xe1,0x39,0xe0,0xbc,0xde,0x3e,
  0xdd,0xc0,0xdb,0x42,0xda,0x44,0xd8,0x45,0xd6,0x47,0xd4,0x48,0xd2,0x4a,0xd0,0xcb,
  0xcd,0xcc,0xcb,0x4d,0xc9,0xcd,0xc6,0xce,0xc3,0x4e,0xc1,0xce,0xbe,0x4e,0xbc,0x4d,
  0xb9,0xcd,0xb6,0x4c,0xb4,0x4b,0xb2,0xca,0xaf,0xc8,0xad,0xc7,0xab,0xc5,0xa9,0xc4,
  0xa7,0xc2,0xa5,0x40,0xa4,0xbe,0xa2,0x3c,0xa1,0x39,0xa0,0xb7,0x9e,0xb5,0x9d,0x32,
  0x9c,0x30,0x9b,0x2d,0x9a,0x2b,0x99,0xa8,0x98,0xa5,0x97,0xa3,0x96,0x20,0x96,0x9d,
  0x95,0x9a,0x94,0x18,0x94,0x95,0x93,0x12,0x93,0x8f,0x92,0x0c,0x92,0x89,0x91,0x06,
  0x91,0x84,0x90,0x01,0x90,0x82,0x7f,0x00,0x83,0x7f,0x00,0x47,0x02,0xee,0x85,0xed,
  0x08,0xed,0x8b,0xec,0x0e,0xec,0x91,0xeb,0x13,0xeb,0x96,0xea,0x99,0xe9,0x1c,0xe9,
  0x9e,0xe8,0xa1,0xe7,0x24,0xe7,0x26,0xe6,0x29,0xe5,0x2b,0xe4,0x2e,0xe3,0x30,0xe2,
  0x33,0xe1,0x35,0xe0,0xb7,0xde,0x39,0xdd,0xbb,0xdb,0x3d,0xda,0xbf,0xd8,0x41,0xd7,
  0x43,0xd5,0x44,0xd3,0x46,0xd1,0x47,0xcf,0x48,0xcd,0xc9,0xca,0xca,0xc8,0x4a,0xc6,
  0xca,0xc3,0x4b,0xc1,0xcb,0xbe,0x4a,0xbc,0xca,0xb9,0x4a,0xb7,0x49,0xb5,0xc8,0xb2,
  0xc7,0xb0,0xc6,0xae,0xc4,0xac,0xc3,0xaa,0xc1,0xa8,0x3f,0xa7,0xbd,0xa5,0x3b,0xa4,
  0xb9,0xa2,0x37,0xa1,0x35,0xa0,0xb3,0x9e,0xb0,0x9d,0xae,0x9c,0xab,0x9b,0xa9,0x9a,
  0xa6,0x99,0xa4,0x98,0x21,0x98,0x1e,0x97,0x9c,0x96,0x19,0x96,0x16,0x95,0x93,0x94,
  0x11,0x94,0x8e,0x93,0x0b,0x93,0x88,0x92,0x05,0x92,0x82,0x91,0x83,0x7f,0x00,0x83,
  0x7f,0x00,0x47,0x01,0xed,0x84,0xec,0x07,0xec,0x89,0xeb,0x0c,0xeb,0x8f,0xea,0x12,
  0xea,0x94,0xe9,0x97,0xe8,0x1a,0xe8,0x1d,0xe7,0x9f,0xe6,0xa2,0xe5,0x24,0xe5,0x27,
  0xe4,0x29,0xe3,0x2c,0xe2,0x2e,0xe1,0x30,0xe0,0xb3,0xde,0xb5,0xdd,0x37,0xdc,0xb9,
  0xda,0x3b,0xd9,0xbc,0xd7,0x3e,0xd6,0x40,0xd4,0x41,0xd2,0x43,0xd0,0x44,0xce,0x45,
  0xcc,0x46,0xca,0x46,0xc8,0xc7,0xc5,0x47,0xc3,0x47,0xc1,0xc7,0xbe,0xc7,0xbc,0x47,
  0xba,0xc6,0xb7,0xc6,0xb5,0xc5,0xb3,0xc4,0xb1,0xc3,0xaf,0xc1,0xad,0xc0,0xab,0xbe,
  0xa9,0x3c,0xa8,0xbb,0xa6,0x39,0xa5,0xb7,0xa3,0x35,0xa2,0x33,0xa1,0x30,0xa0,0xae,
  0x9e,0xac,0x9d,0xa9,0x9c,0xa7,0x9b,0xa4,0x9a,0x22,0x9a,0x1f,0x99,0x9d,0x98,0x9a,
  0x97,0x17,0x97,0x14,0x96,0x92,0x95,0x0f,0x95,0x8c,0x94,0x09,0x94,0x87,0x93,0x04,
  0x93,0x81,0x92,0x83,0x7f,0x00,0x84,0x7f,0x00,0x45,0x82,0xeb,0x05,0xeb,0x88,0xea,
  0x0b,0xea,0x8d,0xe9,0x10,0xe9,0x93,0xe8,0x95,0xe7,0x18,0xe7,0x1b,0xe6,0x9d,0xe5,
  0xa0,0xe4,0xa2,0xe3,0x25,0xe3,0x27,0xe2,0x29,0xe1,0x2c,0xe0,0xae,0xde,0xb0,0xdd,
  0x32,0xdc,0x34,0xdb,0xb6,0xd9,0x38,0xd8,0xba,0xd6,0x3b,0xd5,0x3d,0xd3,0xbe,0xd1,
  0xc0,0xcf,0xc1,0xcd,0xc2,0xcb,0xc3,0xc9,0xc3,0xc7,0x44,0xc5,0x44,0xc3,0x44,0xc1,
  0xc4,0xbe,0xc4,0xbc,0xc4,0xba,0x43,0xb8,0x43,0xb6,0x42,0xb4,0x41,0xb2,0x40,0xb0,
  0x3e,0xae,0xbd,0xac,0xbb,0xaa,0x3a,0xa9,0xb8,0xa7,0x36,0xa6,0xb4,0xa4,0xb2,0xa3,
  0x30,0xa2,0x2e,0xa1,0x2c,0xa0,0xa9,0x9e,0xa7,0x9d,0xa5,0x9c,0x22,0x9c,0x20,0x9b,
  0x1d,0x9a,0x9b,0x99,0x98,0x98,0x15,0x98,0x13,0x97,0x90,0x96,0x0d,0x96,0x8b,0x95,
  0x08,0x95,0x85,0x94,0x02,0x94,0x84,0x7f,0x00,0x84,0x7f,0x00,0x45,0x01,0xeb,0x83,
  0xea,0x86,0xe9,0x09,0xe9,0x8c,0xe8,0x0e,0xe8,0x91,0xe7,0x94,0xe6,0x16,0xe6,0x19,
  0xe5,0x9b,0xe4,0x9e,0xe3,0xa0,0xe2,0xa3,0xe1,0x25,0xe1,0x27,0xe0,0xa9,0xde,0xac,
  0xdd,0xae,0xdc,0x30,0xdb,0x32,0xda,0xb4,0xd8,0x35,0xd7,0xb7,0xd5,0x39,0xd4,0x3a,
  0xd2,0xbb,0xd0,0xbd,0xce,0x3e,0xcd,0x3f,0xcb,0x3f,0xc9,0x40,0xc7,0x41,0xc5,0x41,
  0xc3,0x41,0xc1,0xc1,0xbe,0xc1,0xbc,0xc1,0xba,0xc0,0xb8,0xbf,0xb6,0xbf,0xb4,0xbe,
  0xb2,0x3d,0xb1,0x3b,0xaf,0xba,0xad,0xb9,0xab,0x37,0xaa,0xb5,0xa8,0x34,0xa7,0xb2,
  0xa5,0xb0,0xa4,0x2e,0xa3,0x2c,0xa2,0x29,0xa1,0x27,0xa0,0xa5,0x9e,0x23,0x9e,0x20,
  0x9d,0x1e,0x9c,0x1b,0x9b,0x99,0x9a,0x96,0x99,0x14,0x99,0x11,0x98,0x8e,0x97,0x0c,
  0x97,0x89,0x96,0x06,0x96,0x03,0x95,0x81,0x94,0x84,0x7f,0x00,0x85,0x7f,0x00,0x43,
  0x82,0xe9,0x05,0xe9,0x07,0xe8,0x8a,0xe7,0x0d,0xe7,0x8f,0xe6,0x92,0xe5,0x14,0xe5,
  0x17,0xe4,0x99,0xe3,0x9c,0xe2,0x9e,0xe1,0xa0,0xe0,0x23,0xe0,0xa5,0xde,0xa7,0xdd,
  0xa9,0xdc,0xab,0xdb,0x2d,0xda,0x2f,0xd9,0xb1,0xd7,0x33,0xd6,0xb4,0xd4,0x36,0xd3,
  0xb7,0xd1,0x38,0xd0,0x3a,0xce,0xbb,0xcc,0xbc,0xca,0xbc,0xc8,0xbd,0xc6,0xbd,0xc4,
  0xbe,0xc2,0xbe,0xc0,0x3e,0xbf,0x3e,0xbd,0x3d,0xbb,0x3d,0xb9,0x3c,0xb7,0x3c,0xb5,
  0x3b,0xb3,0xba,0xb1,0xb8,0xaf,0x37,0xae,0xb6,0xac,0x34,0xab,0xb3,0xa9,0x31,0xa8,
  0xaf,0xa6,0xad,0xa5,0x2b,0xa4,0x29,0xa3,0x27,0xa2,0x25,0xa1,0x23,0xa0,0x20,0x9f,
  0x1e,0x9e,0x1c,0x9d,0x19,0x9c,0x97,0x9b,0x94,0x9a,0x12,0x9a,0x0f,0x99,0x8d,0x98,
  0x0a,0x98,0x87,0x97,0x85,0x96,0x02,0x96,0x85,0x7f,0x00,0x85,0x7f,0x00,0x43,0x80,
  0xe8,0x03,0xe8,0x85,0xe7,0x88,0xe6,0x0b,0xe6,0x8d,0xe5,0x90,0xe4,0x12,0xe4,0x15,
  0xe3,0x97,0xe2,0x9a,0xe1,0x9c,0xe0,0x1e,0xe0,0x20,0xdf,0x23,0xde,0xa5,0xdc,0xa7,
  0xdb,0xa9,0xda,0x2b,0xd9,0x2d,0xd8,0xae,0xd6,0x30,0xd5,0x31,0xd4,0xb3,0xd2,0xb4,
  0xd0,0x36,0xcf,0xb7,0xcd,0xb8,0xcb,0x38,0xca,0x39,0xc8,0xba,0xc6,0xba,0xc4,0xbb,
  0xc2,0xbb,0xc0,0x3b,0xbf,0x3b,0xbd,0x3a,0xbb,0x3a,0xb9,0xb9,0xb7,0xb8,0xb5,0x38,
  0xb4,0x37,0xb2,0xb6,0xb0,0x34,0xaf,0x33,0xad,0xb1,0xab,0xb0,0xaa,0x2e,0xa9,0xad,
  0xa7,0xab,0xa6,0x29,0xa5,0x27,0xa4,0x25,0xa3,0xa3,0xa1,0xa0,0xa0,0x1e,0xa0,0x1c,
  0x9f,0x1a,0x9e,0x17,0x9d,0x95,0x9c,0x92,0x9b,0x10,0x9b,0x0d,0x9a,0x8b,0x99,0x08,
  0x99,0x05,0x98,0x83,0x97,0x00,0x97,0x85,0x7f,0x00,0x86,0x7f,0x00,0x41,0x01,0xe7,
  0x84,0xe6,0x06,0xe6,0x09,0xe5,0x8b,0xe4,0x0e,0xe4,0x10,0xe3,0x93,0xe2,0x95,0xe1,
  0x97,0xe0,0x1a,0xe0,0x1c,0xdf,0x1e,0xde,0x20,0xdd,0x22,0xdc,0xa4,0xda,0xa6,0xd9,
  0xa8,0xd8,0x2a,0xd7,0x2c,0xd6,0xad,0xd4,0x2f,0xd3,0xb0,0xd1,0x31,0xd0,0xb3,0xce,
  0x34,0xcd,0x35,0xcb,0xb5,0xc9,0x36,0xc8,0x37,0xc6,0xb7,0xc4,0xb7,0xc2,0xb7,0xc0,
  0x37,0xbf,0x37,0xbd,0x37,0xbb,0xb7,0xb9,0xb6,0xb7,0x35,0xb6,0xb5,0xb4,0xb4,0xb2,
  0x33,0xb1,0xb1,0xaf,0x30,0xae,0xaf,0xac,0x2d,0xab,0xac,0xa9,0xaa,0xa8,0x28,0xa7,
  0x26,0xa6,0x24,0xa5,0xa2,0xa3,0xa0,0xa2,0x9e,0xa1,0x9c,0xa0,0x1a,0xa0,0x17,0x9f,
  0x15,0x9e,0x13,0x9d,0x90,0x9c,0x8e,0x9b,0x0b,0x9b,0x89,0x9a,0x86,0x99,0x04,0x99,
  0x81,0x98,0x86,0x7f,0x00,0x87,0x7f,0x00,0x3f,0x82,0xe5,0x04,0xe5,0x87,0xe4,0x89,
  0xe3,0x0c,0xe3,0x0e,0xe2,0x91,0xe1,0x93,0xe0,0x15,0xe0,0x17,0xdf,0x1a,0xde,0x1c,
  0xdd,0x1e,0xdc,0x20,0xdb,0x22,0xda,0xa4,0xd8,0xa5,0xd7,0xa7,0xd6,0x29,0xd5,0xaa,
  0xd3,0xac,0xd2,0x2d,0xd1,0xae,0xcf,0x30,0xce,0xb1,0xcc,0xb1,0xca,0x32,0xc9,0xb3,
  0xc7,0x33,0xc6,0x34,0xc4,0xb4,0xc2,0xb4,0xc0,0x34,0xbf,0x34,0xbd,0xb4,0xbb,0xb3,
  0xb9,0x33,0xb8,0xb2,0xb6,0x31,0xb5,0x31,0xb3,0xb0,0xb1,0x2e,0xb0,0xad,0xae,0x2c,
  0xad,0x2a,0xac,0xa9,0xaa,0x27,0xa9,0x25,0xa8,0x24,0xa7,0xa2,0xa5,0xa0,0xa4,0x9e,
  0xa3,0x9c,0xa2,0x9a,0xa1,0x97,0xa0,0x15,0xa0,0x13,0x9f,0x11,0x9e,0x8e,0x9d,0x8c,
  0x9c,0x09,0x9c,0x07,0x9b,0x84,0x9a,0x02,0x9a,0x87,0x7f,0x00,0x87,0x7f,0x00,0x3f,
  0x00,0xe5,0x02,0xe4,0x85,0xe3,0x07,0xe3,0x0a,0xe2,0x8c,0xe1,0x8e,0xe0,0x11,0xe0,
  0x13,0xdf,0x15,0xde,0x17,0xdd,0x19,0xdc,0x1b,0xdb,0x1d,0xda,0x1f,0xd9,0x21,0xd8,
  0xa3,0xd6,0xa4,0xd5,0xa6,0xd4,0x27,0xd3,0xa9,0xd1,0x2a,0xd0,0x2b,0xcf,0xad,0xcd,
  0x2e,0xcc,0xae,0xca,0xaf,0xc8,0x30,0xc7,0xb0,0xc5,0x31,0xc4,0x31,0xc2,0xb1,0xc0,
  0x31,0xbf,0xb1,0xbd,0xb1,0xbb,0x30,0xba,0xb0,0xb8,0x2f,0xb7,0x2e,0xb5,0xae,0xb3,
  0x2d,0xb2,0xab,0xb0,0xaa,0xaf,0x29,0xae,0xa7,0xac,0x26,0xab,0x24,0xaa,0x23,0xa9,
  0xa1,0xa7,0x9f,0xa6,0x9d,0xa5,0x9b,0xa4,0x99,0xa3,0x97,0xa2,0x95,0xa1,0x93,0xa0,
  0x11,0xa0,0x0e,0x9f,0x0c,0x9e,0x8a,0x9d,0x87,0x9c,0x05,0x9c,0x82,0x9b,0x80,0x9a,
  0x87,0x7f,0x00,0x88,0x7f,0x00,0x3d,0x80,0xe3,0x83,0xe2,0x05,0xe2,0x87,0xe1,0x8a,
  0xe0,0x0c,0xe0,0x0e,0xdf,0x11,0xde,0x13,0xdd,0x95,0xdc,0x97,0xdb,0x99,0xda,0x9b,
  0xd9,0x9d,0xd8,0x1e,0xd7,0x20,0xd6,0x22,0xd5,0xa3,0xd3,0xa5,0xd2,0x26,0xd1,0xa7,
  0xcf,0xa8,0xce,0x29,0xcd,0xaa,0xcb,0x2b,0xca,0xac,0xc8,0x2d,0xc7,0xad,0xc5,0xae,
  0xc3,0x2e,0xc2,0xae,0xc0,0x2e,0xbf,0xae,0xbd,0x2e,0xbc,0x2d,0xba,0xad,0xb8,0x2c,
  0xb7,0xab,0xb5,0x2a,0xb4,0xa9,0xb2,0x28,0xb1,0x27,0xb0,0xa6,0xae,0x25,0xad,0x23,
  0xac,0xa2,0xaa,0xa0,0xa9,0x9e,0xa8,0x1d,0xa7,0x1b,0xa6,0x19,0xa5,0x17,0xa4,0x15,
  0xa3,0x93,0xa2,0x91,0xa1,0x8e,0xa0,0x0c,0xa0,0x0a,0x9f,0x07,0x9e,0x85,0x9d,0x03,
  0x9d,0x00,0x9c,0x88,0x7f,0x00,0x89,0x7f,0x00,0x3b,0x01,0xe2,0x03,0xe1,0x85,0xe0,
  0x08,0xe0,0x0a,0xdf,0x0c,0xde,0x8e,0xdd,0x90,0xdc,0x92,0xdb,0x94,0xda,0x96,0xd9,
  0x98,0xd8,0x9a,0xd7,0x9c,0xd6,0x9d,0xd5,0x1f,0xd4,0x20,0xd3,0xa2,0xd1,0xa3,0xd0,
  0x24,0xcf,0x25,0xce,0xa6,0xcc,0x27,0xcb,0xa8,0xc9,0x29,0xc8,0xa9,0xc6,0x2a,0xc5,
  0xaa,0xc3,0x2b,0xc2,0xab,0xc0,0x2b,0xbf,0xab,0xbd,0x2a,0xbc,0xaa,0xba,0x29,0xb9,
  0xa9,0xb7,0x28,0xb6,0xa7,0xb4,0x26,0xb3,0xa5,0xb1,0xa4,0xb0,0x23,0xaf,0x22,0xae,
  0xa0,0xac,0x9f,0xab,0x1d,0xaa,0x1c,0xa9,0x1a,0xa8,0x18,0xa7,0x16,0xa6,0x14,0xa5,
  0x12,0xa4,0x10,0xa3,0x0e,0xa2,0x8c,0xa1,0x8a,0xa0,0x08,0xa0,0x05,0x9f,0x83,0x9e,
  0x81,0x9d,0x89,0x7f,0x00,0x8a,0x7f,0x00,0x39,0x81,0xe0,0x03,0xe0,0x05,0xdf,0x07,
  0xde,0x8a,0xdd,0x8c,0xdc,0x8e,0xdb,0x10,0xdb,0x12,0xda,0x14,0xd9,0x15,0xd8,0x17,
  0xd7,0x19,0xd6,0x9a,0xd4,0x9c,0xd3,0x9d,0xd2,0x1f,0xd1,0x20,0xd0,0xa1,0xce,0xa2,
  0xcd,0x23,0xcc,0xa4,0xca,0x25,0xc9,0x26,0xc8,0xa6,0xc6,0x27,0xc5,0xa7,0xc3,0x27,
  0xc2,0xa7,0xc0,0x27,0xbf,0xa7,0xbd,0x27,0xbc,0xa7,0xba,0x26,0xb9,0xa6,0xb7,0xa5,
  0xb6,0x24,0xb5,0xa3,0xb3,0x22,0xb2,0x21,0xb1,0xa0,0xaf,0x9f,0xae,0x1d,0xad,0x1c,
  0xac,0x1a,0xab,0x99,0xa9,0x97,0xa8,0x95,0xa7,0x94,0xa6,0x92,0xa5,0x90,0xa4,0x0e,
  0xa4,0x0c,0xa3,0x0a,0xa2,0x87,0xa1,0x85,0xa0,0x03,0xa0,0x01,0x9f,0x8a,0x7f,0x00,
  0x8b,0x7f,0x00,0x37,0x01,0xdf,0x83,0xde,0x85,0xdd,0x87,0xdc,0x09,0xdc,0x0b,0xdb,
  0x0d,0xda,0x0f,0xd9,0x11,0xd8,0x13,0xd7,0x14,0xd6,0x16,0xd5,0x18,0xd4,0x19,0xd3,
  0x1b,0xd2,0x9c,0xd0,0x9d,0xcf,0x1e,0xce,0x1f,0xcd,0xa0,0xcb,0x21,0xca,0x22,0xc9,
  0xa3,0xc7,0x23,0xc6,0xa4,0xc4,0xa4,0xc3,0x24,0xc2,0xa4,0xc0,0x24,0xbf,0xa4,0xbd,
  0x24,0xbc,0x24,0xbb,0xa3,0xb9,0x23,0xb8,0xa2,0xb6,0xa1,0xb5,0x20,0xb4,0x9f,0xb2,
  0x9e,0xb1,0x1d,0xb0,0x1c,0xaf,0x9b,0xad,0x99,0xac,0x98,0xab,0x96,0xaa,0x94,0xa9,
  0x93,0xa8,0x91,0xa7,0x8f,0xa6,0x8d,0xa5,0x8b,0xa4,0x89,0xa3,0x07,0xa3,0x05,0xa2,
  0x03,0xa1,0x81,0xa0,0x8b,0x7f,0x00,0x8c,0x7f,0x00,0x35,0x81,0xdd,0x03,0xdd,0x05,
  0xdc,0x07,0xdb,0x89,0xda,0x8b,0xd9,0x8d,0xd8,0x8e,0xd7,0x90,0xd6,0x92,0xd5,0x93,
  0xd4,0x95,0xd3,0x96,0xd2,0x18,0xd1,0x19,0xd0,0x1a,0xcf,0x9b,0xcd,0x9c,0xcc,0x1d,
  0xcb,0x1e,0xca,0x9f,0xc8,0x9f,0xc7,0x20,0xc6,0xa0,0xc4,0x21,0xc3,0x21,0xc2,0xa1,
  0xc0,0x21,0xbf,0xa1,0xbd,0xa1,0xbc,0x20,0xbb,0xa0,0xb9,0x1f,0xb8,0x1f,0xb7,0x9e,
  0xb5,0x9d,0xb4,0x1c,0xb3,0x1b,0xb2,0x9a,0xb0,0x99,0xaf,0x98,0xae,0x16,0xad,0x15,
  0xac,0x13,0xab,0x12,0xaa,0x10,0xa9,0x0e,0xa8,0x0d,0xa7,0x0b,0xa6,0x09,0xa5,0x87,
  0xa4,0x85,0xa3,0x83,0xa2,0x01,0xa2,0x8c,0x7f,0x00,0x8d,0x7f,0x00,0x33,0x00,0xdc,
  0x82,0xdb,0x84,0xda,0x86,0xd9,0x08,0xd9,0x0a,0xd8,0x0c,0xd7,0x0d,0xd6,0x0f,0xd5,
  0x11,0xd4,0x12,0xd3,0x13,0xd2,0x95,0xd0,0x96,0xcf,0x97,0xce,0x98,0xcd,0x19,0xcc,
  0x1a,0xcb,0x9b,0xc9,0x9c,0xc8,0x1c,0xc7,0x9d,0xc5,0x9d,0xc4,0x1e,0xc3,0x1e,0xc2,
  0x9e,0xc0,0x1e,0xbf,0x9e,0xbd,0x9e,0xbc,0x1d,0xbb,0x1d,0xba,0x9c,0xb8,0x1c,0xb7,
  0x1b,0xb6,0x9a,0xb4,0x99,0xb3,0x18,0xb2,0x17,0xb1,0x16,0xb0,0x15,0xaf,0x93,0xad,
  0x92,0xac,0x91,0xab,0x8f,0xaa,0x8d,0xa9,0x8c,0xa8,0x8a,0xa7,0x88,0xa6,0x06,0xa6,
  0x04,0xa5,0x02,0xa4,0x80,0xa3,0x8d,0x7f,0x00,0x8e,0x7f,0x00,0x31,0x80,0xda,0x02,
  0xda,0x04,0xd9,0x05,0xd8,0x87,0xd7,0x89,0xd6,0x8b,0xd5,0x8c,0xd4,0x8e,0xd3,0x8f,
  0xd2,0x91,0xd1,0x12,0xd0,0x13,0xcf,0x14,0xce,0x15,0xcd,0x96,0xcb,0x97,0xca,0x98,
  0xc9,0x19,0xc8,0x19,0xc7,0x9a,0xc5,0x9a,0xc4,0x1a,0xc3,0x9b,0xc1,0x9b,0xc0,0x1b,
  0xbf,0x1b,0xbe,0x9a,0xbc,0x1a,0xbb,0x1a,0xba,0x99,0xb8,0x99,0xb7,0x18,0xb6,0x17,
  0xb5,0x16,0xb4,0x95,0xb2,0x94,0xb1,0x93,0xb0,0x92,0xaf,0x11,0xae,0x0f,0xad,0x0e,
  0xac,0x0c,0xab,0x0b,0xaa,0x09,0xa9,0x07,0xa8,0x85,0xa7,0x84,0xa6,0x82,0xa5,0x00,
  0xa5,0x8e,0x7f,0x00,0x90,0x7f,0x00,0x2d,0x81,0xd8,0x83,0xd7,0x85,0xd6,0x06,0xd6,
  0x08,0xd5,0x09,0xd4,0x0b,0xd3,0x0c,0xd2,0x0e,0xd1,0x0f,0xd0,0x90,0xce,0x91,0xcd,
  0x92,0xcc,0x93,0xcb,0x14,0xca,0x15,0xc9,0x15,0xc8,0x96,0xc6,0x97,0xc5,0x17,0xc4,
  0x17,0xc3,0x97,0xc1,0x97,0xc0,0x17,0xbf,0x17,0xbe,0x97,0xbc,0x97,0xbb,0x17,0xba,
  0x16,0xb9,0x95,0xb7,0x95,0xb6,0x94,0xb5,0x13,0xb4,0x12,0xb3,0x11,0xb2,0x10,0xb1,
  0x8f,0xaf,0x8e,0xae,0x8c,0xad,0x8b,0xac,0x89,0xab,0x88,0xaa,0x86,0xa9,0x05,0xa9,
  0x03,0xa8,0x01,0xa7,0x90,0x7f,0x00,0x91,0x7f,0x00,0x2b,0x00,0xd7,0x02,0xd6,0x03,
  0xd5,0x85,0xd4,0x87,0xd3,0x88,0xd2,0x89,0xd1,0x8b,0xd0,0x8c,0xcf,0x8d,0xce,0x0e,
  0xcd,0x0f,0xcc,0x10,0xcb,0x11,0xca,0x92,0xc8,0x92,0xc7,0x93,0xc6,0x13,0xc5,0x14,
  0xc4,0x14,0xc3,0x94,0xc1,0x94,0xc0,0x14,0xbf,0x14,0xbe,0x94,0xbc,0x94,0xbb,0x93,
  0xba,0x13,0xb9,0x12,0xb8,0x12,0xb7,0x91,0xb5,0x90,0xb4,0x8f,0xb3,0x8e,0xb2,0x0d,
  0xb1,0x0c,0xb0,0x0b,0xaf,0x09,0xae,0x08,0xad,0x07,0xac,0x05,0xab,0x83,0xaa,0x82,
  0xa9,0x80,0xa8,0x91,0x7f,0x00,0x93,0x7f,0x00,0x27,0x81,0xd4,0x02,0xd4,0x04,0xd3,
  0x05,0xd2,0x06,0xd1,0x08,0xd0,0x09,0xcf,0x0a,0xce,0x0b,0xcd,0x0c,0xcc,0x8d,0xca,
  0x8e,0xc9,0x8f,0xc8,0x8f,0xc7,0x10,0xc6,0x10,0xc5,0x11,0xc4,0x91,0xc2,0x91,0xc1,
  0x91,0xc0,0x11,0xbf,0x11,0xbe,0x11,0xbd,0x91,0xbb,0x90,0xba,0x90,0xb9,0x0f,0xb8,
  0x0f,0xb7,0x0e,0xb6,0x0d,0xb5,0x8c,0xb3,0x8b,0xb2,0x8a,0xb1,0x89,0xb0,0x88,0xaf,
  0x86,0xae,0x85,0xad,0x84,0xac,0x82,0xab,0x01,0xab,0x93,0x7f,0x00,0x95,0x7f,0x00,
  0x23,0x81,0xd2,0x82,0xd1,0x84,0xd0,0x85,0xcf,0x86,0xce,0x87,0xcd,0x88,0xcc,0x89,
  0xcb,0x8a,0xca,0x8b,0xc9,0x0b,0xc8,0x0c,0xc7,0x0d,0xc6,0x0d,0xc5,0x0d,0xc4,0x8e,
  0xc2,0x8e,0xc1,0x8e,0xc0,0x0e,0xbf,0x0e,0xbe,0x0e,0xbd,0x8d,0xbb,0x8d,0xba,0x8d,
  0xb9,0x8c,0xb8,0x8b,0xb7,0x0b,0xb6,0x0a,0xb5,0x09,0xb4,0x08,0xb3,0x07,0xb2,0x06,
  0xb1,0x05,0xb0,0x04,0xaf,0x02,0xae,0x01,0xad,0x95,0x7f,0x00,0x97,0x7f,0x00,0x1f,
  0x01,0xd0,0x02,0xcf,0x03,0xce,0x04,0xcd,0x05,0xcc,0x06,0xcb,0x07,0xca,0x08,0xc9,
  0x08,0xc8,0x09,0xc7,0x09,0xc6,0x8a,0xc4,0x8a,0xc3,0x8a,0xc2,0x8b,0xc1,0x8b,0xc0,
  0x0b,0xbf,0x0b,0xbe,0x0a,0xbd,0x0a,0xbc,0x0a,0xbb,0x89,0xb9,0x89,0xb8,0x88,0xb7,
  0x88,0xb6,0x87,0xb5,0x86,0xb4,0x85,0xb3,0x84,0xb2,0x83,0xb1,0x82,0xb0,0x81,0xaf,
  0x97,0x7f,0x00,0x99,0x7f,0x00,0x1b,0x00,0xce,0x01,0xcd,0x02,0xcc,0x03,0xcb,0x04,
  0xca,0x04,0xc9,0x05,0xc8,0x86,0xc6,0x86,0xc5,0x87,0xc4,0x87,0xc3,0x87,0xc2,0x87,
  0xc1,0x87,0xc0,0x07,0xbf,0x07,0xbe,0x07,0xbd,0x07,0xbc,0x07,0xbb,0x06,0xba,0x06,
  0xb9,0x85,0xb7,0x84,0xb6,0x84,0xb5,0x83,0xb4,0x82,0xb3,0x81,0xb2,0x80,0xb1,0x99,
  0x7f,0x00,0x9c,0x7f,0x00,0x15,0x80,0xca,0x81,0xc9,0x81,0xc8,0x82,0xc7,0x83,0xc6,
  0x83,0xc5,0x83,0xc4,0x84,0xc3,0x84,0xc2,0x84,0xc1,0x84,0xc0,0x04,0xbf,0x04,0xbe,
  0x04,0xbd,0x04,0xbc,0x03,0xbb,0x03,0xba,0x03,0xb9,0x02,0xb8,0x01,0xb7,0x01,0xb6,
  0x00,0xb5,0x9c,0x7f,0x00,0xa1,0x7f,0x00,0x0b,0x80,0xc5,0x80,0xc4,0x81,0xc3,0x81,
  0xc2,0x81,0xc1,0x81,0xc0,0x01,0xbf,0x01,0xbe,0x01,0xbd,0x01,0xbc,0x00,0xbb,0x00,
  0xba,0xa1,0x7f,0x00,
};

static const uint16_t human_polar_offsets[] = {
  0x0000,0x001f,0x0052,0x0091,0x00d8,0x0127,0x017e,0x01dd,0x0240,0x02ab,0x031a,0x038d,
  0x0404,0x047f,0x04fe,0x0581,0x0608,0x068f,0x071a,0x07a9,0x0838,0x08cb,0x095e,0x09f5,
  0x0a8c,0x0b27,0x0bc2,0x0c61,0x0d00,0x0d9f,0x0e40,0x0ee1,0x0f82,0x1023,0x10c4,0x1165,
  0x1206,0x12a7,0x1348,0x13e9,0x148a,0x152b,0x15cc,0x166d,0x170e,0x17af,0x1850,0x18f1,
  0x1992,0x1a33,0x1ad4,0x1b75,0x1c14,0x1cb3,0x1d52,0x1ded,0x1e88,0x1f1f,0x1fb6,0x2049,
  0x20dc,0x216b,0x21fa,0x2285,0x230c,0x2393,0x2416,0x2495,0x2510,0x2587,0x25fa,0x2669,
  0x26d4,0x2737,0x2796,0x27ed,0x283c,0x2883,0x28c2,0x28f5,0x2914,
};

static const PackedRows human_polar = {human_polar_data, human_polar_offsets, 80, 80, 2};

static const uint16_t lizard_iris[] = {
  0xa881,0xb081,0xa881,0x9061,0x9861,0x9861,0x8860,0x8040,0x8860,0x8040,0x7840,0x9061,
  0x8860,0x8040,0xa081,0x7840,0x6840,0x7040,0x8060,0x8060,0x9880,0x8040,0x9060,0x6820,
  0x7840,0x9060,0xa881,0x9060,0xb081,0xa081,0xa080,0xa081,0x9061,0x9861,0xa881,0xa881,
  0xa881,0x9061,0xc0a2,0xa081,0xa881,0xc0a1,0xb081,0xa081,0xa881,0xa881,0xa081,0xb081,
  0xa081,0xb8a2,0xa081,0xa061,0xa081,0x9860,0xa061,0xb882,0xa881,0xb8a2,0xb081,0x9861,
  0xa081,0xa081,0xa081,0x8861,0xa861,0x9861,0x9861,0x9061,0xa081,0x9861,0x9861,0x9061,
  0xa081,0x8860,0xb081,0x8041,0x9861,0xa881,0x9881,0x8860,0x9060,0x8860,0x8040,0x9061,
  0xa081,0xa081,0xa881,0x9061,0xa081,0xa081,0x9861,0x9060,0x8861,0xa881,0xa081,0x9060,
  0x9061,0x7040,0x8040,0x8040,0x7840,0x7040,0x8860,0x8040,0x9060,0xb881,0x7840,0x9061,
  0x9061,0x8860,0x8860,0x8860,0x8860,0x8861,0x8860,0x8860,0x9880,0x9060,0x9060,0xb8a0,
  0xc0a1,0xb8a1,0xa881,0xb8a1,0xc8c2,0x4820,0x7840,0x8040,0x8860,0xb081,0xb081,0xa080,
  0x7840,0x8040,0x8060,0x9060,0x9880,0x9060,0x9060,0x9880,0x8860,0x8860,0x9861,0x9881,
  0x7840,0xa8a1,0x8861,0x9061,0x8041,0xa081,0x8861,0xa081,0x8860,0x9061,0x7840,0x9881,
  0x8860,0x9861,0x8860,0x8860,0x8060,0x9060,0x9861,0x8040,0x7840,0x6020,0x7840,0x8060,
  0x9060,0xb080,0xc0a1,0xb080,0xa080,0x9860,0x8860,0x9880,0x9861,0xa080,0x8860,0x8060,
  0x9060,0x6020,0x9060,0xa881,0x9060,0x9060,0x9880,0x9860,0xa081,0x9060,0x9860,0x9861,
  0x8860,0x9060,0x9061,0x9060,0x8040,0x7840,0x7040,0x8040,0x7840,0x7040,0x8040,0x8860,
  0x7040,0x8060,0x8040,0x7840,0x8860,0x6820,0x7040,0x8840,0x8861,0x8040,0x9060,0x8040,
  0x9880,0xa080,0x9060,0x8060,0x6020,0x6820,0x7840,0x7840,0x8040,0x8860,0x9860,0xa080,
  0x8860,0x9861,0x8040,0x9061,0x9060,0x9860,0x9060,0x9061,0x8860,0xa881,0x6820,0x9061,
  0x8840,0x8040,0x7840,0x7840,0x9060,0x7840,0x8860,0x8040,0x9060,0x8860,0x8040,0x8060,
  0x8040,0x8860,0x8860,0x9861,0xb8c2,0xc0e2,0xb8e2,0xb8e2,0xb8c2,0xc102,0x90a1,0x98c1,
  0xb8e1,0x98a1,0xa0c1,0xa0c1,0xa8e1,0xa0c1,0xb8e2,0xa0c1,0x8081,0x80a1,0xa8c1,0xb8c2,
  0xc102,0x98c1,0x98a1,0x90a1,0xa8c1,0xb8e1,0xd9a4,0xc0c1,0xc902,0xc902,0xc8e2,0xb0c1,
  0x90a1,0xb0c1,0xc102,0xc0e2,0xb8e1,0xc0e2,0xb8c2,0xc0e2,0xc902,0xc902,0xb8e2,0xb8e2,
  0xc0e2,0xb0c2,0xb0c1,0xb8e2,0xc8e2,0xb0c2,0xb0c1,0xc0e2,0xb8e2,0xb8e2,0xb8e2,0xb8e2,
  0xc0e2,0xc8e2,0xc0e2,0xb8c2,0xc902,0xc0e2,0xc0e2,0xb8e2,0xc102,0xb8c2,0xb0c1,0xc0e2,
  0xc0e2,0xc0e2,0xc0e2,0xc0e2,0xb0c2,0xb0c1,0xc902,0xb0c2,0xa8c1,0xb0c2,0xb0c1,0xa8c1,
  0xa0c1,0xa8c1,0xb0c1,0xa8c1,0xb0e1,0xb0c1,0xc902,0x98a0,0xa0c1,0xb8e2,0xa8c1,0xa8c1,
  0xa0a1,0xb943,0xa0c1,0xc0e2,0xb0e1,0xb0c2,0x6860,0x90a1,0xa0c1,0x8881,0x98a1,0xb102,
  0xc902,0xc122,0x8080,0xd123,0xb8e2,0x98a1,0xc902,0xa8c1,0x98c1,0xa0c1,0x98a1,0xb0c1,
  0xc122,0xa8c1,0xb8e1,0xd162,0xd163,0xc902,0xc0e2,0xd9c5,0xd143,0x98a1,0x8081,0x88a1,
  0xc0e2,0xc902,0xa8c1,0xb8e1,0xa8c1,0xa0c1,0xa0c1,0xb8e2,0xc902,0xc0e1,0xc0e1,0xc0e1,
  0xb8e1,0xb8e1,0xb8c2,0xb8e2,0xa0c2,0xa0c2,0xa0c2,0xc0e2,0xc903,0x90a2,0xc902,0xb8e2,
  0xb8e2,0xa8c2,0xa0a2,0xb0c1,0xa8c2,0xb0e1,0xb0c2,0xb0c1,0xa8c2,0xa8c1,0xa8c1,0xb8e2,
  0x98a1,0x98a1,0xa0c1,0xb0c1,0xc922,0xd122,0xd164,0xd123,0xa8c1,0xc102,0xb8e2,0xa0a1,
  0xd963,0xc0e2,0xb0c1,0xb0c1,0xa0c1,0x8080,0x90a1,0xb8e2,0xa0a1,0xa8c1,0xb0c2,0xd123,
  0xc902,0x98c1,0xc903,0xd103,0xb0c1,0xa0a1,0x98a1,0xa8c2,0x88a1,0x8081,0x6860,0x90a1,
  0x8081,0x5840,0x88a1,0x7880,0x88a1,0x88a1,0xa0c1,0x98a1,0x98a1,0x98a1,0x8881,0x98a1,
  0x98a1,0xb8e1,0xb8c1,0xb0c1,0xa8c1,0xc0e1,0xc901,0x90a0,0xa8c1,0xa0c1,0x98a1,0xa0c1,
  0xa8c1,0xb8c1,0xd143,0xd122,0xa8c1,0xa8c1,0xa0a1,0xa0c1,0xa0c1,0xb8c1,0xc902,0xc0e2,
  0xa8c1,0xc0e2,0xb0c1,0x98a1,0x90a1,0xb0c1,0x90a1,0xa0c1,0xb0c1,0xa0c1,0xb0e1,0xb8e2,
  0xb8c2,0xa8c1,0xa8c1,0xb8e2,0xb0c1,0xb0c1,0xb8e2,0xb8e1,0xd9a3,0xc983,0xc162,0xd9c3,
  0xd9c3,0xd9a3,0xc983,0xc162,0xc962,0xb962,0xc162,0xd182,0xd1a3,0xb962,0xc982,0xc162,
  0xa122,0xb162,0xd183,0xea66,0xc963,0xc963,0xd9c4,0xd9e4,0xd9a3,0xb942,0xe204,0xea65,
  0xe1e4,0xe224,0xd1a3,0xc963,0xa921,0xd1a3,0xd1a3,0xd1a2,0xe1e4,0xc962,0xd9a3,0xd182,
  0xd183,0xd182,0xc162,0xc162,0xd9c3,0xc162,0xd183,0xd183,0xc982,0xd182,0xc963,0xc982,
  0xc162,0xd183,0xd183,0xd183,0xc162,0xd183,0xd183,0xc983,0xd9a3,0xd183,0xc162,0xd983,
  0xd9c4,0xd1a3,0xd183,0xd183,0xd183,0xd9a3,0xd9a3,0xd183,0xc162,0xb142,0xd1a3,0xd9a3,
  0xd183,0xd9c3,0xc982,0xb962,0xc963,0xc162,0xa922,0xb962,0xb942,0xc162,0xa942,0xc163,
  0xc163,0xb942,0xc982,0xa922,0xb142,0xea25,0xa942,0xb962,0xe1e4,0xb142,0x9921,0xb142,
  0xa121,0xa942,0xb142,0xc982,0xd1a2,0xd1e5,0xa120,0xe1e4,0xd9e4,0xd183,0xd1a3,0xc162,
  0xb962,0xb962,0xc162,0xb141,0xc982,0x90e1,0xe1c3,0xea65,0xea65,0xf2a6,0xc982,0xf2c8,
  0xc963,0xc983,0xa122,0xb963,0xd183,0xea25,0xe1e4,0xea65,0xa122,0xc162,0xd9a3,0xd9a3,
  0xe204,0xe225,0xd9e4,0xc982,0xe1e4,0xd9a3,0xd183,0xc983,0xb142,0xc983,0xc163,0xd183,
  0xc983,0xd9c4,0xe1c4,0xd1a4,0xe1e5,0xb142,0xb963,0xd183,0xd1c4,0xc983,0xc163,0xb963,
  0xb943,0xe1e4,0xd183,0xd9e5,0xc982,0xc162,0xd1a3,0xd9e3,0xea66,0xea45,0xea66,0xe245,
  0xd9c4,0xe224,0xc162,0xe1e4,0xf266,0xf2a6,0xd183,0xb142,0xa122,0xb142,0xc963,0xc983,
  0xd1a3,0xc982,0xc983,0xd9a3,0xb942,0xd9a3,0xd9c4,0xd9e4,0xc162,0xa121,0xa121,0xc162,
  0xb962,0xa122,0x88e1,0xb962,0xa122,0xa921,0xb942,0xa121,0xb942,0xb142,0xc983,0xc163,
  0xb142,0x88e1,0x9101,0xb962,0xc162,0xc961,0xd1a2,0xd1a2,0xc982,0xc961,0xd181,0xd1a3,
  0xc962,0xc982,0xd9a2,0xd1a3,0xb142,0xd1a2,0xea66,0xe1e4,0xd183,0xc983,0xc162,0xd183,
  0xd183,0xd183,0xea45,0xd9e4,0xd1a3,0xb943,0xd9a3,0xc162,0xb942,0xd9a3,0xb962,0xc162,
  0xd182,0xc982,0xc962,0xc162,0xd1a2,0xd1a3,0xd182,0xd183,0xd9c3,0xd1c3,0xe1e4,0xd9e4,
  0xd1e3,0xc1c2,0xc1c2,0xea85,0xc9c3,0xea44,0xe223,0xe224,0xc1a2,0xc1c3,0xda03,0xd1e2,
  0xc9e3,0xd1e2,0xda03,0xc9c3,0xd1e3,0xc1c3,0xe245,0xea65,0xe244,0xea85,0xf2e6,0xf2e7,
  0xf2c5,0xea85,0xf2e6,0xf368,0xf2c6,0xea85,0xf2e6,0xda03,0xe224,0xea85,0xea64,0xda03,
  0xe264,0xea85,0xb9a1,0xd9e3,0xe244,0xc9e3,0xd1e3,0xc9c3,0xda03,0xd1e2,0xd9e3,0xd1e3,
  0xc9c3,0xa982,0xc9c3,0xd1e3,0xd1e3,0xd1e3,0xc9e2,0xc1c2,0xc1c2,0xc1c2,0xc9e3,0xd1e3,
  0xb9a2,0xc9e3,0xd1e3,0xb9a2,0xc9c3,0xc1c3,0xd1e4,0xc9c3,0xc9c3,0xd9e3,0xe223,0xda03,
  0xd1e3,0xc9c3,0xd9e3,0xe244,0xd1e3,0xda03,0xda03,0xea44,0xd1e3,0xe224,0xd1e3,0xc9c3,
  0xc9c3,0xc9c3,0xc9c3,0xd1e3,0xe224,0xd1e3,0xc1c3,0xa181,0xa161,0xf2e7,0xb1a2,0xc9e3,
  0xd1e2,0xb9a1,0xb1a2,0xa182,0xb1a2,0xb9a2,0xc1c3,0xc9e2,0xda02,0xf306,0xa180,0xb182,
  0xf2c6,0xd1e3,0xd9e3,0xa981,0xda03,0xb9c2,0xc1c3,0xc1c2,0xda03,0xd1e3,0xfb07,0xfb68,
  0xfb69,0xea85,0xfb27,0xea65,0xd1e3,0xb9c3,0xb182,0xc1c3,0xd1c3,0xfb68,0xdb08,0xf285,
  0xb1a2,0xb1a3,0xea44,0xe224,0xf2c6,0xea85,0xfb27,0xeaa5,0xe224,0xe224,0xda04,0xda04,
  0xda03,0xc9e3,0xc9e3,0xd1e3,0xd1e3,0xf2e7,0xfc4c,0xea44,0xf2c7,0xea65,0xe244,0xea65,
  0xea65,0xd204,0xda04,0xd204,0xf2a6,0xc9e4,0xda03,0xe245,0xda04,0xd9e3,0xda03,0xe224,
  0xf2c6,0xfb68,0xf306,0xe244,0xda03,0xc1c2,0xe203,0xf2a5,0xfbca,0xf2a5,0xd9e2,0xda03,
  0xb1a3,0xb9a2,0xc1c2,0xe244,0xea64,0xe223,0xd1e2,0xea84,0xc1e3,0xda24,0xe244,0xea65,
  0xb182,0xc1c3,0xc1c2,0xa982,0xd1e3,0xb9c2,0x9961,0xc9e3,0xc1c3,0xb9c2,0xc1c3,0xda03,
  0xb9c2,0xd1e4,0x8121,0xb1a2,0xe224,0xb9a3,0xa982,0xc1c2,0xd1e2,0xb9c1,0xd9e1,0xea64,
  0xda03,0xc1c2,0xc9c1,0xda01,0xd1e2,0xda02,0xda03,0xd1e2,0xd1e3,0xb982,0xf284,0xf327,
  0xda24,0xda04,0xe224,0xc1c3,0xd1e3,0xea65,0xea44,0xe224,0xd1e3,0xd244,0xea44,0xda03,
  0xc9c2,0xc9c2,0xda24,0xe223,0xda02,0xda23,0xd203,0xf284,0xb9a2,0xea64,0xe223,0xda03,
  0xe243,0xea85,0xea85,0xea64,0xeaa5,0xd264,0xd263,0xda64,0xc224,0xeaa5,0xeac5,0xca23,
  0xf326,0xd263,0xe284,0xf367,0xfb46,0xeaa4,0xdaa4,0xe284,0xeac5,0xeaa5,0xe2a5,0xfb67,
  0xf3a8,0xf2e5,0xf346,0xf366,0xf305,0xf325,0xf386,0xf3a7,0xf3e8,0xf325,0xeac4,0xfb05,
  0xe283,0xf306,0xeae5,0xfb87,0xfb26,0xeae5,0xeaa4,0xf326,0xfb46,0xda63,0xb1e2,0xf2e4,
  0xeaa4,0xeaa4,0xeaa4,0xe284,0xd243,0xd243,0xca43,0xc223,0xca43,0xc223,0xc222,0xd263,
  0xba23,0xc223,0xca43,0xc223,0xb202,0xba23,0xc223,0xc223,0xc223,0xc223,0xba23,0xba03,
  0xba03,0xd264,0xca43,0xd263,0xc223,0xca43,0xd243,0xda64,0xe284,0xe284,0xd264,0xda63,
  0xeae5,0xda64,0xca43,0xc243,0xba03,0xda83,0xd243,0xe284,0xea83,0xd2e4,0xea83,0x6940,
  0xca43,0xda84,0xd243,0xd264,0xe2a3,0xca42,0xa9e2,0xd263,0xba22,0xba03,0xca43,0xd242,
  0xeac4,0xfc8b,0x8980,0xe284,0xeac5,0xda64,0xd264,0xe2a4,0xeac4,0xba02,0xd264,0xca43,
  0xeaa4,0xf326,0xf46c,0xf4cd,0xf40a,0xfcac,0xfc8c,0xfcad,0xda84,0xca43,0xba23,0xca43,
  0xe264,0xfc4b,0xfccd,0xeaa5,0x99a2,0xd264,0xe284,0xeaa4,0xeac5,0xf305,0xf326,0xf2e5,
  0xca44,0xd264,0xe284,0xf2a5,0xa9c2,0xeb06,0xe284,0xeaa4,0xfbea,0xf3a8,0xf46c,0xf347,
  0xfb67,0xf2c5,0xf306,0xda84,0xda64,0xeac5,0xe284,0xd263,0xf305,0xf2e5,0xd263,0xe2c5,
  0xe284,0xeaa4,0xa1e0,0xea83,0xfb45,0xf44a,0xfbe8,0xfb25,0xe283,0x99c1,0xf2e5,0xf346,
  0xf42a,0xf3c7,0xfba7,0xe284,0xba22,0xba22,0xc222,0xf2e5,0xf2e4,0xfb26,0xeac4,0xda63,
  0xf2c4,0xe284,0xfb87,0xf325,0xeb05,0xe284,0xe284,0xba23,0xca63,0xe2a4,0x99a1,0xa9e1,
  0xda63,0xca43,0xca43,0xc222,0xd263,0xeae5,0xda64,0xc223,0xc223,0xc223,0xd283,0xe283,
  0xe282,0xda62,0xf305,0xeaa3,0xda63,0xb201,0xda83,0xeaa3,0xda82,0xda83,0xeac4,0xf305,
  0xd263,0xf304,0xf3a7,0xf346,0xfb25,0xca44,0xda64,0xeb05,0xda84,0xe284,0xe2a4,0xeaa4,
  0xca43,0xfb87,0xda64,0xeaa4,0xe284,0xf366,0xf305,0xf326,0xeac4,0xea83,0xe283,0xeac4,
  0xeac4,0xeac4,0xf305,0xe2a4,0xf2e4,0xf346,0xf3a8,0xf326,0xeae5,0xba63,0xb243,0xc263,
  0xd284,0xf386,0xeae5,0xdb27,0xdaa4,0x91c1,0xfb45,0xf346,0xeae4,0xeae5,0xe2c4,0xeae5,
  0xf345,0xe2c4,0xe2c4,0xf387,0xfba6,0xf325,0xf386,0xf324,0xfb45,0xf324,0xf3a7,0xf364,
  0xfbc7,0xf385,0xeb04,0xf345,0xeae4,0xeb04,0xdac4,0xfbe7,0xeae4,0xf304,0xd283,0xf304,
  0xfb65,0xd2a4,0xd283,0xf324,0xeae4,0xeb04,0xeae4,0xe2c4,0xeae4,0xca83,0xe2c3,0xd2a4,
  0xba43,0xd2a4,0xc263,0xc263,0xba43,0xba43,0xba43,0xba63,0xb243,0xb222,0xb242,0xba43,
  0xca83,0xb223,0xa202,0xba43,0xd2a4,0xca83,0xca84,0xdaa4,0xca84,0xd2a4,0xdac4,0xd284,
  0xdaa4,0xe2e4,0xe2c4,0xc263,0xca83,0xdac4,0xca83,0xaa03,0xc263,0xc263,0xf325,0xc263,
  0xb222,0xeae3,0xd2e4,0xb223,0xc283,0xdac4,0xe346,0xdac4,0xdaa4,0xc263,0xc263,0xca83,
  0xba43,0xaa22,0xc263,0xa1e2,0xfc09,0xfd91,0xb201,0xeae5,0xdaa4,0xca84,0xdac4,0xe2c4,
  0xeb05,0xa223,0xca84,0xd2a4,0xdac4,0xe326,0xf3c6,0xfccd,0xf409,0xfcac,0xfd2f,0xfd0e,
  0xeb05,0xc263,0xba43,0xba63,0xdaa4,0xfc2a,0xfd0e,0xfb87,0x91c2,0xd2a4,0xe2e4,0xeae4,
  0xf305,0xf386,0xf345,0xe2c4,0xdac4,0xe2c5,0xe2e5,0xd2e5,0xf305,0xf326,0xeae5,0xf326,
  0xf44a,0xf48b,0xf3a7,0xfc09,0xf345,0xeae4,0xeae4,0xe2a4,0xfbc7,0xeae5,0xf366,0xe2c4,
  0xf365,0xf345,0xfb45,0xeb25,0xf325,0xdaa3,0xca82,0xdaa2,0xf386,0xfced,0xfccc,0xca82,
  0xeae4,0xba43,0xeae4,0xfb87,0xfcac,0xfcac,0xf325,0xe2c4,0xb242,0xaa22,0xa202,0xeb45,
  0xf3c7,0xf3e8,0xf305,0xf325,0xf346,0xe2c4,0xf305,0xf386,0xf304,0xf3a7,0xba62,0xe2c4,
  0xf386,0xfb45,0x91c2,0xb242,0xdac3,0xca83,0xd283,0xba42,0xd2a4,0xeae3,0xdac4,0xe2c4,
  0xc263,0xd2c4,0xd2a3,0xeb66,0xeae3,0xeae4,0xfba7,0xf325,0xd283,0xba63,0xca83,0xdac3,
  0xdaa3,0xe2e3,0xf2e4,0xf304,0xeae4,0xf344,0xf3e8,0xeb25,0xe2c4,0xba43,0x91e2,0xf305,
  0xd284,0xf304,0xd2a4,0xdaa4,0xe2c4,0xfb46,0xe2c4,0xdac4,0xeb25,0xf325,0xf304,0xe2c4,
  0xf325,0xfc08,0xf305,0xf325,0xe2c4,0xf325,0xf3a7,0xdac4,0xf3e9,0xfc29,0xfccd,0xf325,
  0xc2c4,0xaa83,0xbac3,0xb2a3,0xbaa4,0xf3e5,0xcae4,0xeb85,0xc2c4,0x9202,0xbac3,0xf3a5,
  0xfbe6,0xf3a5,0xf385,0xcb04,0xd304,0xeb65,0xf3a5,0xf428,0xf385,0xf3a4,0xfbc6,0xf3e6,
  0xfbc6,0xf3a5,0xfbe6,0xf3e6,0xe343,0xfbe5,0xd303,0xd303,0xe344,0xeb84,0xd303,0xbaa2,
  0xeb84,0xdb24,0xeb64,0xe344,0xe344,0xd303,0xd304,0xd323,0xdb24,0xdb24,0xdb24,0xd2e4,
  0xcae3,0xdb24,0xbac3,0xc2c4,0xb283,0xc2c4,0xc2c4,0xcb04,0xc2c4,0xa243,0xc2e4,0xd304,
  0xb283,0xb283,0xa243,0xa263,0xc2c3,0xbaa3,0xb283,0xc2c3,0xb2a3,0xc2c3,0xcae4,0xb283,
  0xbac3,0x9a42,0xeb85,0xbaa3,0xdb24,0xc2e3,0xb2a2,0xaa83,0xc2c3,0xcae5,0xb2a3,0xa263,
  0xb283,0xd324,0xdb45,0xbac3,0xb283,0xcae4,0xb2a3,0xbac3,0xc2e4,0xebe7,0xe3c6,0xbac4,
  0xd304,0xaa83,0x8a01,0xa262,0xbaa3,0xb2a2,0xdb24,0xaa62,0xe323,0xfc88,0xdb23,0xd324,
  0xeb65,0xd304,0xdb25,0xdb24,0xe345,0xa263,0xb283,0xe365,0xb283,0xf3a5,0xf427,0xf427,
  0xfc89,0xfcaa,0xfd4e,0xfdf1,0xfbc6,0xe344,0xdb24,0xc2c3,0xfbc6,0xfd0c,0xfc28,0xeb65,
  0xcae4,0xe365,0xeb65,0xdb24,0xf385,0xf3e6,0xeb65,0xd304,0xc2e4,0xc2c4,0xdb25,0xcae5,
  0xd305,0xdb25,0xd325,0xeb65,0xfc69,0xf448,0xfc08,0xe345,0xd305,0xeb65,0xb2a3,0xd304,
  0xbaa3,0xdb24,0xe345,0xe344,0xec07,0xfcaa,0xf427,0xf3a5,0xeb64,0xcae3,0xd304,0xe344,
  0xf406,0xfd4d,0xfceb,0xf3e6,0xd304,0xb283,0xcb04,0xeb65,0xf469,0xfd6f,0xfc48,0xd304,
  0xbac3,0x9a42,0x9222,0xdb44,0xfc07,0xf365,0xeb85,0xcae4,0xdb45,0xd304,0xcae3,0xfc48,
  0xf3e6,0xf385,0xb2a3,0xf3a6,0xc2c3,0xd324,0xbac4,0xaa83,0xdb44,0xe344,0xd303,0xcae3,
  0xcae3,0xe345,0xf364,0xe364,0xcae3,0xb2a3,0xa242,0xcae4,0xeb64,0xd304,0xe344,0xcb04,
  0xbaa3,0x9222,0xaa63,0xdb25,0xe365,0xc2c4,0xe344,0xf3c6,0xebc5,0xfcec,0xfc8a,0xf385,
  0xeb85,0xbaa3,0xcae4,0xdb25,0xc2c4,0xe344,0xc2e3,0xb2a3,0xe345,0xf3c5,0xdb24,0xfbc6,
  0xf407,0xf3e6,0xd304,0xdb24,0xf407,0xf385,0xeb65,0xd304,0xc2c3,0xf385,0xdb24,0xcae4,
  0xf3a6,0xfc8a,0xfcaa,0xdb25,0xaac3,0xaac3,0xcb44,0xbae4,0xcb44,0xf405,0xf3e6,0xe385,
  0xc304,0xa283,0x9a63,0xfc46,0xe385,0xdb84,0xf3e7,0xaaa3,0xbae4,0xf427,0xe386,0xfca9,
  0xfc26,0xe385,0xfca9,0xf3e5,0xfc27,0xe384,0xf426,0xf3e5,0xdb84,0xec05,0xc303,0xc303,
  0xdb84,0xdb64,0xe3a4,0xf3e5,0xdb84,0xdb64,0xd364,0xdb84,0xc323,0xdb84,0xe3a4,0xcb44,
  0xcb23,0xcb24,0xd364,0xdb64,0xc304,0xcb44,0xcb24,0xc304,0xb2c3,0xcb24,0xcb24,0xd344,
  0xc304,0x9a63,0xaaa3,0xbae3,0x8202,0xc304,0x9a62,0x8202,0xc303,0xb2c3,0xb2e4,0xa2a3,
  0xb2c3,0xb2c3,0xbae3,0xd365,0xc324,0xaaa3,0xdb64,0xebc4,0xbb03,0xdb64,0xa283,0xc304,
  0xd344,0xcb44,0xdb85,0x8a43,0xaac3,0xb2c3,0xe384,0xbae3,0xb2c3,0xd344,0x9a63,0xd344,
  0xa283,0xfca9,0xeba5,0xb2c2,0xbae3,0xb2c3,0xaaa3,0xa283,0xc323,0xb2e3,0xc323,0xb2c2,
  0xcb43,0xfc26,0xeba4,0xd344,0xe384,0xc323,0xcb44,0xe3a4,0xbb03,0xc323,0xb2e4,0xd364,
  0xebc5,0xf3c5,0xf426,0xfcc9,0xfcea,0xfdf1,0xfd6d,0xfd2b,0xf406,0xdb85,0xebc5,0xf3c5,
  0xfc89,0xfc88,0xf406,0xf3e6,0xbb04,0xdb85,0xf3a5,0xebc6,0xfc07,0xe385,0xebc6,0xd345,
  0xbae4,0xcb25,0xe3a5,0xd365,0xd365,0xc325,0xdb65,0xdb86,0xfd0b,0xf54d,0xf3e6,0xbae5,
  0xd365,0xd365,0xd365,0xc324,0xcb44,0xcb24,0xdb65,0xf3e5,0xfd4c,0xfca9,0xf467,0xf3e5,
  0xd364,0xbb03,0xbb02,0xcb43,0xebc5,0xfd8e,0xfe11,0xfcca,0xd344,0xb2e3,0xc304,0xd364,
  0xfcca,0xfc88,0xebe6,0xcb24,0xc323,0xb2c3,0x79e2,0xf3e5,0xf3c5,0xfc06,0xebc5,0xb2c3,
  0xd344,0xbae3,0xa283,0xfc47,0xebc6,0xeba5,0xcb24,0xebc4,0xd344,0xe3a5,0xc304,0xbae4,
  0xd364,0xcb44,0xd364,0xbae3,0xc304,0xdb84,0xf488,0xe384,0xbb03,0xb2c3,0xc304,0x9263,
  0xeba4,0xe3a4,0xdb85,0xc324,0xb2c3,0xa283,0x9a63,0xcb44,0xcb24,0xc304,0xdb64,0xf3e5,
  0xeba4,0xfc05,0xfcc9,0xeba5,0xcb25,0xb2e4,0xbae4,0xf406,0xeba5,0xdb85,0xbae4,0xb2e3,
  0xcb44,0xe3a5,0xf3c5,0xfc47,0xfc27,0xfc06,0xeba5,0xd364,0xe3c5,0xebc5,0xdb85,0xe3a5,
  0xbae4,0xd364,0xdb85,0x9243,0xfc27,0xfd4c,0xf4ca,0xc304,0xbb64,0xbb24,0xbb44,0xc364,
  0xc384,0xec25,0xfcc8,0xec67,0xbb44,0xb304,0xbb44,0xe405,0xdbc5,0xec05,0xf465,0x92a3,
  0xb323,0xf4c8,0xfcc8,0xecc9,0xf426,0xf446,0xfd08,0xec05,0xfc86,0xec05,0xf466,0xdbe5,
  0xd3c4,0xd3a5,0xdbc4,0xd3a5,0xc364,0xfc66,0xec47,0xe425,0xd3c5,0xe3e5,0xf425,0xdbc5,
  0xdbc4,0xf446,0xfca7,0xcba4,0xbb43,0xcb84,0xd3c4,0xe405,0xc364,0xdbc5,0xd3c4,0xbb44,
  0xc364,0xbb43,0xd3a4,0xe405,0xd3a4,0x9aa3,0xbb44,0x9282,0xb303,0xa2e2,0xb323,0x9ac2,
  0xa2c2,0xc363,0xb303,0xa2e3,0xb303,0xab03,0xbb43,0xc384,0xc364,0xd3c5,0xe405,0xdbc4,
  0xdbc4,0xec05,0xbb44,0xa2c3,0xcb84,0xdbe5,0xf447,0xbb44,0xc364,0xa2c3,0xb323,0xab02,
  0xbb24,0xaae3,0xcb84,0xbb43,0xcba3,0xf445,0xe3c4,0xbb43,0xbb43,0xb303,0xab03,0xaae3,
  0xbb23,0xbb43,0xcb84,0xd3a4,0xb303,0xf445,0xdbe5,0xec05,0xf465,0xc363,0xec04,0xdbe4,
  0xdbe5,0xbb44,0xdbc5,0xd3c5,0xec26,0xe405,0xf4a7,0xfd09,0xfce9,0xfdcf,0xfd6b,0xfcc8,
  0xe3e5,0xdbc5,0xfca7,0xf529,0xfd4b,0xfcc7,0xec06,0xe406,0xcba5,0xe406,0xfd4b,0xfc67,
  0xf487,0xdbc6,0xe406,0xdbe6,0xb324,0xcb85,0xf447,0xcba5,0xdbc6,0xc365,0xd3a6,0xbb25,
  0xecca,0xfd6c,0xdbc5,0xcba5,0xcb85,0xdbe5,0xdbe5,0xc365,0xcba5,0xbb63,0xf446,0xf4a7,
  0xfd29,0xfd29,0xfce8,0xf466,0xd3c4,0xaae2,0xa2c0,0x8a60,0xb300,0xfdaf,0xfe10,0xfd09,
  0xd3c5,0xcb85,0xc364,0xc384,0xfca7,0xfd4a,0xf4c8,0xdbe4,0xc344,0xa2c2,0xb323,0xdbc4,
  0xe405,0xf426,0xdbc5,0xd3a4,0xd3a4,0xbb43,0xc364,0xdbc5,0xf426,0xa2e4,0xbb44,0xdbc5,
  0xec26,0xfd4c,0xec26,0xbb44,0xa2c3,0xdbe5,0xec26,0xbb44,0xd3a4,0xf446,0xf4a8,0xf445,
  0xbb43,0xb323,0xbb43,0xc363,0xf424,0xfd4a,0xf445,0xb323,0xc364,0x9aa3,0x9ac3,0xd3a4,
  0xbb44,0xc364,0xd3c4,0xec05,0xdbe4,0xfd08,0xfc66,0xdbc5,0xc364,0xb324,0xab04,0xe406,
  0xdbe5,0xd3c5,0xb324,0xb323,0xbb64,0xd3a4,0xf445,0xf445,0xec05,0xf446,0xec05,0xcb84,
  0xec25,0xe405,0xe404,0xd3a5,0x9aa3,0xdbe5,0xdbe5,0xdbe5,0xfca8,0xfdef,0xf56c,0xe405,
  0xab44,0xb384,0xc3a5,0xa304,0xcbe4,0xe445,0xf56b,0xfd6a,0xab23,0xa304,0xc3a4,0xd405,
  0xec85,0xec65,0xe485,0x8283,0xbba4,0xeca7,0xfce8,0xf508,0xe445,0xe445,0xf4a6,0xd403,
  0xdc25,0xd3e4,0xdc25,0xd405,0xcbc4,0xd405,0xdc24,0xe465,0xa323,0xe445,0xfce7,0xf486,
  0xe445,0xe445,0xdc26,0xdc25,0xe446,0xfce6,0xec85,0xd404,0xc3a4,0xbba3,0xcbe4,0xcbe4,
  0xcbe4,0xd404,0xd404,0xb363,0xc3a3,0xcbe4,0xcbc4,0xe465,0xd404,0xdc24,0xab23,0xa302,
  0xab43,0xab23,0x92c2,0xab43,0xa323,0xbba3,0xc3a4,0xbb84,0xcbe5,0xbba4,0xab43,0xd404,
  0xb363,0xdc24,0xe445,0xec65,0xdc04,0xd404,0xa323,0x9ae3,0xc3a4,0xcbc4,0xcbe5,0xcbc5,
  0xb364,0x8aa3,0xab23,0xab23,0xa322,0xab23,0xbba3,0xc3c3,0xab43,0xe445,0xf4a6,0xcbe4,
  0xb363,0xab43,0x92c3,0xb364,0xc3c4,0xb363,0xc3a4,0xbb84,0xcbe5,0xdc25,0xc3a4,0xec66,
  0xf4a5,0xec65,0xec85,0xe445,0xf486,0xe446,0xbba4,0xd405,0xec66,0xf486,0xfd48,0xf486,
  0xfd6a,0xfe71,0xf485,0xfca6,0xd405,0xbb84,0xe446,0xf4c7,0xfd8b,0xf4c6,0xec87,0xd405,
  0xcbe5,0xbb84,0xfdee,0xfd29,0xf4a7,0xdc25,0xd406,0xbba5,0xc3c5,0xdc26,0xdc26,0xd406,
  0xcbe5,0xbb85,0xcbe5,0xe467,0xfd49,0xfd29,0xd405,0xbba5,0xbb85,0xcbc5,0xec66,0xcbc5,
  0xbba5,0xbba5,0xf486,0xfcc6,0xf4c6,0xfdcc,0xed4a,0xec86,0xab44,0xbb83,0xb381,0xab42,
  0xab22,0xfd69,0xfdcd,0xfce7,0xdc25,0xbb84,0xb364,0xcbc5,0xfd8a,0xfd07,0xf485,0xd404,
  0xb383,0xbb83,0xc3a4,0xe445,0xf486,0xdc25,0xec65,0xc3a4,0xa323,0xdc25,0xcbc4,0xeca7,
  0xbb85,0xcbc5,0xbb85,0xc3c5,0xe446,0xf4a8,0xc3a5,0xab23,0x9b03,0xc3c5,0xec86,0xeca7,
  0xc3a5,0xec86,0xf528,0xfd28,0xd3e5,0xbb83,0xbb83,0xdc25,0xd3c3,0xfdcc,0xec45,0xc3a3,
  0xb363,0xab23,0xab23,0xcbe4,0xc3a3,0xcbe4,0xdc24,0xe445,0xa322,0xfce5,0xfd28,0xe445,
  0xd404,0xb363,0xc3a5,0xdc26,0xcbe4,0xd405,0xb384,0xa303,0xb364,0xd404,0xfce7,0xfd69,
  0xec66,0xe445,0xcbc5,0xd404,0xdc25,0xec65,0xe445,0xdc26,0xdc25,0xd405,0xec86,0xc3a5,
  0xf4c8,0xf4c6,0xfdcc,0xe466,0xcc45,0xabc4,0xb3c4,0xb3c3,0xcc45,0xdca5,0xfe0b,0xf527,
  0xbc05,0x9b43,0xece6,0xd485,0xdca5,0xdc85,0xe4e6,0xa363,0xcc45,0xed26,0xdc85,0xfdeb,
  0xd485,0xe4c5,0xfd86,0xcc44,0xbbe3,0xbc04,0xbc04,0xdca5,0xbbe3,0xcc44,0xcc44,0xcc43,
  0xdca5,0xf526,0xed06,0xd465,0xdca5,0xf547,0xece6,0xe4c6,0xd485,0xf526,0xe4c5,0xbc04,
  0xc423,0xbc03,0xbc03,0xc424,0xa382,0xabc3,0xaba3,0xbc04,0xbbe3,0xbc04,0xbc04,0xfd87,
  0xed26,0xcc63,0xbc04,0xaba3,0xaba3,0xb3c3,0x82c1,0x8ae2,0xb3e4,0xcc65,0xcc65,0xa384,
  0xc405,0xbbe4,0xcc45,0xb3a4,0xa363,0xc404,0xd464,0xd485,0xb3c4,0xbbe4,0xa383,0x82c2,
  0xa384,0x9b63,0xe4e6,0xcc65,0xc424,0x6a41,0x82c3,0xa363,0x9b43,0x9b43,0xc424,0xdc85,
  0xdca6,0xf527,0xe4a6,0xbc04,0xcc44,0xaba3,0xa363,0xa363,0xbc04,0xb3e4,0xd486,0xcc45,
  0xe4c6,0xe4c6,0xd485,0xfe4e,0xfd46,0xf507,0xf526,0xfda9,0xf527,0xd465,0xd486,0xcc45,
  0xf568,0xe4c6,0xd485,0xbc05,0xece6,0xfe4e,0xfe0d,0xece5,0x9b64,0xbc05,0xd485,0xf507,
  0xf546,0xf547,0xd486,0xd466,0xbc05,0xd486,0xfda9,0xfe0b,0xed07,0xcc65,0xcc25,0xbc04,
  0xc425,0xdcc6,0xcc66,0xb3e5,0xc426,0xb3c5,0xbbe5,0xf527,0xf5cb,0xf527,0xdca5,0xbc05,
  0x9b44,0xabc5,0xaba5,0x9b63,0xcc46,0xbc05,0xcc46,0xe4c7,0xfe2d,0xfe2e,0xe549,0xc426,
  0xb3e4,0x9b62,0xb3c4,0xbbe3,0xe4c6,0xfe6f,0xfe0c,0xed06,0xc425,0xc425,0xb3e5,0xe4e6,
  0xfe4e,0xfd67,0xe4e6,0xcc64,0xbbe4,0xbbe4,0xbc04,0xf506,0xfd47,0xdca5,0xdca5,0xe4c5,
  0xcc45,0xd485,0xed06,0xb3c5,0xece7,0x59c0,0xb3e4,0xcc45,0xf568,0xdcc7,0xb3c4,0x8b03,
  0xbc04,0x9b43,0xdc86,0xdc86,0xc405,0xd466,0xf568,0xfd87,0xd485,0xbc04,0xd464,0xcc44,
  0xfd66,0xfeb0,0xf526,0x9b63,0xaba3,0xaba3,0xcc44,0xdca5,0xd484,0xd465,0xdca5,0xe4e5,
  0xe4c5,0xfd46,0xe4c5,0xdc85,0xc424,0xab84,0xd465,0xed06,0xd465,0xc425,0xb3a4,0xa364,
  0xb3c4,0xd465,0xfe2d,0xf5aa,0xed06,0xdcc6,0xc425,0xc405,0xf568,0xdca6,0xed06,0xed07,
  0xed07,0xdca6,0xdca6,0x9b44,0xf548,0xfd88,0xfd89,0xe4e6,0xcc85,0xbc25,0xb3e4,0xbc24,
  0xd4c5,0xb404,0xfe8d,0xf5e9,0xabe5,0xa3a4,0xc465,0xdce6,0xcca5,0xdce5,0xe506,0xabc4,
  0xc485,0xdce6,0xf587,0xe526,0xdd06,0xdd05,0xdd05,0xc464,0xb404,0xb404,0xb404,0xd4c5,
  0xd4c5,0xa3c3,0xcca5,0xd4c5,0xed46,0xfde8,0xed87,0xdce5,0xdce6,0xed46,0xf587,0xdd06,
  0xdce5,0xed86,0xe525,0xbc23,0xcca4,0xb423,0xabe3,0xb403,0x9ba2,0xa3c3,0xbc44,0xb404,
  0xb423,0xdce5,0xc463,0xf5e9,0xeda8,0xcca4,0xbc24,0x9ba3,0xa3c3,0xabc3,0x8302,0xabe3,
  0xc464,0xbc44,0xd4c5,0xcca5,0xbc45,0xc465,0xbc44,0xc464,0xbc44,0xcca5,0xcca5,0xcca5,
  0xbc24,0xbc24,0xb404,0x9363,0x9b84,0xa3a4,0xb405,0xcc85,0xc465,0xa3c4,0x7aa2,0xabe4,
  0xbc44,0x9343,0xcca5,0xd4c6,0xdd07,0xfdc8,0xf588,0xcca5,0xd4c5,0xb424,0xbc44,0xabc4,
  0xb425,0x9342,0xdce6,0xcca5,0xdd06,0xf567,0xe526,0xfda7,0xfe0a,0xf567,0xf5e9,0xfe4b,
  0xed87,0xdce6,0xdce6,0xd4e6,0xd4c6,0xf567,0xb424,0xabc5,0xcca5,0xfe4c,0xfe09,0xf587,
  0xbc45,0x9b83,0xbc45,0xed67,0xf566,0xf587,0xdd06,0xc465,0xa3c5,0xdce6,0xfe0a,0xfe0a,
  0xed27,0xd4c6,0xc465,0xc465,0xc465,0xd4a6,0xc465,0xc466,0xb405,0xbc25,0xc445,0xf5ea,
  0xfde9,0xed67,0xc484,0xb404,0x5a22,0x8b44,0xabe4,0x9344,0xabe4,0xbc45,0xbc45,0xed47,
  0xfe0a,0xfed2,0xfeaf,0xc464,0xb425,0xa3a3,0xa3c3,0xc464,0xed26,0xfed1,0xfe4c,0xcc85,
  0xe526,0xb405,0xc485,0xdce5,0xfe6d,0xfe0a,0xd4c4,0xcc85,0xd4c5,0xb405,0xbc24,0xdce6,
  0xed67,0xed66,0xabc3,0xe526,0xd4c6,0xd4a5,0xfda8,0x9364,0xabe5,0xabe4,0x82e3,0xed26,
  0xfdc9,0xfda7,0xbc25,0x9344,0xc465,0x9343,0xf5a8,0xe527,0xabc4,0xc466,0xf567,0xf587,
  0xcca5,0xd4a5,0xe506,0xc465,0xedeb,0xfed2,0xe526,0x9363,0xbc24,0xa3a3,0xc484,0xe526,
  0xed47,0xd4c5,0xe526,0xd4e5,0xf566,0xfda7,0xe547,0xcc85,0xbc25,0xa3a4,0xb404,0xf567,
  0xbc45,0xcc85,0xa3c4,0x9b84,0xb405,0xed67,0xfe2b,0xfda8,0xf567,0xed67,0xabe5,0xcc85,
  0xed46,0xf587,0xed47,0xf587,0xdce6,0xcca6,0xd4a6,0x8b23,0xed68,0xfdc8,0xfdc9,0xe526,
  0xc4c5,0xbca5,0xac44,0xbc85,0xc4c6,0xd525,0xfe8b,0xdd67,0xb465,0x9bc4,0xc4c5,0xcd06,
  0xd526,0xcd26,0xf608,0xc4a5,0xc4e6,0xee09,0xedc7,0xdd66,0xdd66,0xd526,0xcd05,0xb484,
  0xac24,0xac23,0xac23,0xcce5,0xc4e5,0xc4c4,0xc4c5,0xcd05,0xe5a6,0xf628,0xf607,0xe586,
  0xd546,0xe586,0xf5e7,0xede7,0xdd65,0xf607,0xede6,0xc4e4,0xc4c4,0xbca4,0xac43,0xbca4,
  0xa423,0x9bc3,0xbca4,0xbc84,0xbca4,0xcce4,0xbca4,0xfe89,0xf5e5,0xbca4,0xb464,0xa403,
  0xac44,0xb464,0x6aa0,0x93a2,0xb464,0xbca4,0xcd05,0xb464,0xc4e5,0xc4e5,0xbca4,0xd525,
  0xd565,0xfe67,0xd545,0xc4c5,0xb464,0xac44,0xa404,0x93a3,0x9383,0xac44,0xdd87,0xbca4,
  0xbca4,0xbc85,0x8343,0x93a3,0xbc85,0x93c4,0xb485,0xc4e5,0xe5a6,0xfe8a,0xdd45,0xbca5,
  0xcd06,0xb464,0xa3e3,0xa404,0xa424,0x9bc3,0xcce6,0xc4c4,0xd546,0xfe49,0xf607,0xede7,
  0xf5e7,0xf5e7,0xfe69,0xfece,0xede7,0xf5e7,0xe5a7,0xe5a7,0xedc7,0xcd25,0x93c4,0xa404,
  0xc4c6,0xede6,0xff10,0xdd46,0x72e3,0xb485,0xc4c5,0xdd67,0xe5a6,0xdd87,0xe587,0xcce6,
  0xac24,0xe5a7,0xfe6b,0xfe49,0xe587,0xcd06,0xdd67,0xb486,0xe5a7,0xdd67,0xcd06,0xac45,
  0xb465,0xbc85,0xbca6,0xf607,0xfe6a,0xd526,0xcd05,0x93a3,0x8342,0x51e1,0xac45,0xa404,
  0xc4c6,0xbca6,0xb446,0xd546,0xfe8a,0xfe8c,0xede7,0xbc85,0x9383,0xac45,0x8b64,0xc4e5,
  0xcd06,0xff11,0xff11,0xede8,0xd527,0xa404,0xd526,0xa404,0xfecb,0xfeac,0xfe27,0xc4a6,
  0xcd06,0xc4c5,0xc4c5,0xc4c6,0xdd46,0xfecd,0xb464,0xf628,0xe5a6,0xdd66,0xd546,0xa404,
  0x41a0,0x9be3,0xbc85,0xa3e4,0xf608,0xcd26,0xbc86,0x8b63,0xbca5,0xb464,0xc4c6,0xdd87,
  0xcd06,0xd547,0xfe49,0xe587,0xc4c5,0xf608,0xedc6,0xdd65,0xff10,0xfe8b,0xdd46,0xc4c5,
  0xbca5,0xac45,0xc4c5,0xfe27,0xedc7,0xcd05,0xe5a6,0xe5a7,0xf5e6,0xff11,0xcce4,0xb444,
  0xa3e4,0xbca5,0xd546,0xf649,0xdd66,0xc4e6,0x9be4,0xa3e4,0xb464,0xedc7,0xf609,0xe5a7,
  0xe5a7,0xede6,0xcce6,0xd546,0xdd67,0xdd66,0xfe28,0xedc7,0xd546,0xdd66,0xb445,0xcce5,
  0xfe08,0xede7,0xf5e7,0xdd66,0xc505,0xb4c5,0x9c24,0xac85,0xc526,0xd5a6,0xfeca,0xd566,
  0xac85,0x9c24,0xc505,0xee28,0xdda7,0xd586,0xf668,0xd586,0xcd66,0xee07,0xee28,0xd586,
  0xddc7,0xdda6,0xd5a6,0xbcc5,0xa443,0x9c23,0xac64,0xc524,0xd5a5,0xbd04,0xc504,0xd5a6,
  0xddc6,0xf647,0xe606,0xdda6,0xd5a6,0xee27,0xcd66,0xe5e7,0xe5e6,0xf667,0xee47,0xc545,
  0xc505,0xc525,0xcd45,0xcd65,0xb4a4,0x8ba2,0xb4a4,0xc505,0xc505,0xcd65,0xcd45,0xf687,
  0xf666,0xddc5,0xb4a4,0xac84,0xb4a4,0xb4a4,0x62a0,0xac44,0xa424,0xbce4,0xb4c4,0xb4a4,
  0xac83,0xbce4,0xbcc4,0xc525,0xddc6,0xdda6,0xe5e6,0xcd65,0xb4c4,0xb4a4,0x9c23,0x9c03,
  0x8ba2,0xa444,0xbcc5,0xcd45,0xac63,0xac64,0x9c04,0x93c3,0x93e3,0xa424,0xac64,0xbce4,
  0xf647,0xf667,0xee27,0xd586,0xbcc5,0xbce5,0x9c03,0x93e3,0xa464,0xac64,0xd565,0xd586,
  0xdda6,0xf68a,0xf668,0xf668,0xfe88,0xf667,0xfe88,0xfeec,0xf647,0xee47,0xee07,0xf668,
  0xee27,0xc525,0x8363,0xac85,0xbce6,0xf667,0xfeeb,0xcd68,0xa444,0xbcc5,0xc526,0xe5e7,
  0xee07,0xee28,0xddc6,0xbce5,0xcd46,0xc506,0xff51,0xf648,0xd587,0xbce6,0xc506,0xcd46,
  0xdda7,0xe5e7,0xb4c6,0xac85,0xbd06,0xc506,0xbce6,0xfeec,0xfeaa,0xdda6,0xd586,0x93e4,
  0x93e4,0x9c04,0x41c0,0xb4c6,0xbce6,0xbce6,0xcd46,0xd586,0xfeca,0xff30,0xee49,0xb4c5,
  0xb4a5,0x8bc3,0xac64,0xa445,0xcd66,0xff51,0xff74,0xcd45,0xbcc6,0xac85,0xbd06,0xd586,
  0xf668,0xfeca,0xdda6,0xa444,0xbcc5,0xc525,0xac85,0xbd05,0xd586,0xd586,0xee27,0xf668,
  0xf647,0xcd66,0xcd46,0x9c24,0x6ac1,0x8383,0xbcc6,0xc526,0xee07,0xd567,0xa444,0x7b22,
  0xa444,0xbcc5,0xc526,0xc526,0xb4a5,0xbce6,0xddc7,0xc506,0xcd46,0xf6ca,0xd586,0xee27,
  0xfeca,0xfeaa,0xcd46,0xc525,0xb4a5,0x9c24,0xc525,0xe5e7,0xee28,0xddc6,0xe5e7,0xee27,
  0xf668,0xfea8,0xc526,0xbcc4,0xac64,0xb4a5,0xcd65,0xee28,0xd5a6,0xcd66,0xac65,0xac85,
  0xc526,0xe5e7,0xfe88,0xd587,0xe607,0xf646,0xe5e6,0xddc7,0xc526,0xf648,0xe607,0xe607,
  0x9c03,0xdde6,0xb4a5,0xd586,0xee27,0xf667,0xf647,0xe607,0xcda6,0xbd25,0xacc5,0x9c65,
  0xb525,0xe667,0xee88,0xc586,0x9423,0xa484,0xace4,0xd607,0xee88,0xcdc7,0xe647,0xd5e7,
  0xd5e6,0xde27,0xeea7,0xde27,0xd5c6,0xe627,0xde07,0xc565,0xacc5,0x8be3,0x9c63,0xc565,
  0xd5e6,0xd5e6,0xa4a3,0xd606,0xe647,0xee87,0xe646,0xe646,0xcdc6,0xd5e6,0xbd45,0xd5c6,
  0xe646,0xee87,0xeea7,0xd5e6,0xcdc6,0xcda5,0xc585,0xbd45,0xace4,0x9c63,0xc565,0xc565,
  0xb503,0xe666,0xde26,0xff2c,0xf6e7,0xde46,0xbd45,0xaca4,0xbd25,0xace4,0x7341,0x9423,
  0xb504,0xd606,0xbd25,0xc565,0xc565,0xde27,0xa483,0xc585,0xf6ea,0xe666,0xe646,0xde26,
  0xc585,0xace4,0x9c43,0x83a2,0x8bc2,0x83a3,0xace5,0xb4e5,0xbd45,0xcdc6,0xb505,0xa484,
  0x9423,0x9423,0xaca4,0xc585,0xde27,0xe667,0xd605,0xb505,0xb505,0xa484,0x8bc2,0x8c03,
  0xaca4,0xb4e4,0xcda6,0xcdc6,0xe647,0xee87,0xf6c8,0xff08,0xf6c7,0xf6c7,0xf6e8,0xf70b,
  0xe667,0xe667,0xee88,0xf6c8,0xff09,0xc585,0x9424,0xa484,0xb505,0xcda5,0xf751,0xff07,
  0x9c44,0xbd25,0xe667,0xd5e7,0xee88,0xeeca,0xcdc6,0xd5e6,0xde07,0xc5a6,0xf6e8,0xcda7,
  0xc586,0xb526,0xc586,0xde27,0xc546,0xde27,0xc586,0xb505,0xcdc7,0xcda7,0xe647,0xff6f,
  0xff4d,0xe666,0xc566,0xa485,0x83a4,0x7b83,0x8bc4,0x9c65,0xc567,0xc586,0xcdc6,0xcdc3,
  0xeea6,0xfee7,0xe669,0xb524,0xc565,0xa4a3,0xacc5,0xacc4,0xf6a8,0xf6e8,0xff4c,0xd606,
  0xbd25,0xb505,0xb4e5,0xbd45,0xd5e6,0xf6e8,0xe647,0xbd25,0xa4a4,0x9423,0x9423,0x9403,
  0xbd45,0xd606,0xe647,0xeea8,0xe667,0xcda6,0xa484,0xcd86,0x6b21,0x7b42,0xc545,0xc565,
  0xbd45,0xde47,0xb525,0x8be2,0xa484,0xacc4,0xd5e7,0xcda6,0xacc6,0xc586,0xc586,0xd5e6,
  0xe666,0xde24,0xbd20,0xfee8,0xff4b,0xeea6,0xbd46,0xbd45,0xc566,0x9c44,0xc585,0xe647,
  0xf6a8,0xde27,0xe647,0xf6e8,0xf6e8,0xee87,0xc586,0xb504,0xa4a4,0xb4e4,0xbd46,0xfee9,
  0xcda6,0xb4e5,0xa484,0x9424,0xc586,0xde27,0xf6e9,0xde07,0xf6a7,0xeea7,0xe667,0xe647,
  0xde48,0xee87,0xde07,0xcda6,0xb525,0xd607,0xb4e5,0xee87,0xe647,0xee87,0xf6e9,0xde47,
  0xd607,0xbd65,0xad05,0x9c85,0xad25,0xff49,0xe687,0xb525,0xad05,0x83a3,0xacc4,0xcde6,
  0xe6a8,0xeec8,0xe687,0xd627,0xcdc6,0xde67,0xeee7,0xde67,0xce07,0xce06,0xcde6,0xc5a5,
  0xb545,0x83e3,0xa4a4,0xbd65,0xcdc6,0xe687,0xce06,0xce06,0xe687,0xeec7,0xeee8,0xe687,
  0xd646,0xc5c6,0xb545,0xce06,0xe6a7,0xe6a7,0xeee7,0xe6a7,0xcdc6,0xd606,0xcdc5,0xb544,
  0xa4a3,0xa4c3,0xb544,0xc5c5,0xcde5,0xd645,0xeee7,0xf727,0xf707,0xe6a6,0xc5a5,0xb545,
  0xb545,0xbd85,0x8c02,0x9c63,0xb525,0xbd65,0xc5a5,0xc5c5,0xc5a5,0xc5c4,0xb522,0xd605,
  0xde46,0xeec7,0xde67,0xde67,0xc5a5,0xb525,0xb504,0x9443,0x8c23,0x83e3,0x9c84,0xb545,
  0xbd65,0xd626,0xbd86,0xa4a4,0x9c63,0xa4a4,0xace4,0xcdc6,0xde47,0xeec7,0xc5c5,0xad04,
  0xa4a4,0x9c63,0x9443,0x7ba2,0xad04,0xad04,0xcdc5,0xd646,0xde66,0xe687,0xe6a7,0xf708,
  0xeee8,0xf708,0xf728,0xeee8,0xe6a7,0xde87,0xe687,0xeee8,0xe6a7,0xcdc5,0xa4a3,0x9c84,
  0xa4c5,0xde47,0xf728,0xeee7,0xd626,0xd627,0xe6a8,0xde47,0xde67,0xeea7,0xd626,0xd647,
  0xe687,0xeec7,0xeec8,0xc585,0xace5,0xbd66,0xcdc6,0xd647,0xce07,0xd647,0xbd86,0xbd86,
  0xad05,0xcde7,0xe688,0xf6e8,0xf729,0xde47,0x9c64,0x9c84,0x8c03,0x6b22,0x83c4,0x9c85,
  0xa4c5,0xbd67,0xe688,0xd627,0xe6a7,0xe664,0xbd60,0xbd64,0xde46,0x9c84,0xb525,0xc586,
  0xde47,0xeec7,0xf6e8,0xd627,0xc5a6,0xbd45,0xc586,0xace5,0xde67,0xff49,0xde66,0xbd65,
  0xa4c4,0xad05,0x7b81,0xa483,0xc5a5,0xc5c6,0xe687,0xff49,0xde47,0xde48,0xa4a4,0x9c84,
  0x8be3,0x9444,0xbd66,0xcdc6,0xd606,0xcde6,0xb505,0x8c03,0x9c64,0xb545,0xd647,0xd627,
  0xbd85,0xbd66,0xbd86,0xbd85,0xde67,0xf708,0xeec7,0xff49,0xff48,0xeee8,0xb525,0xc586,
  0xb525,0xb525,0xc585,0xe687,0xeea7,0xe687,0xe6a7,0xf728,0xf708,0xe6a7,0xe687,0x9424,
  0xace5,0xa4c4,0xc5a6,0xe6a7,0xc5c6,0xb545,0x8c03,0xace5,0xb525,0xd626,0xeee8,0xe667,
  0xeec7,0xe687,0xe6a8,0xeee9,0xd626,0xde67,0xde47,0xd607,0xcdc6,0xde47,0xcde6,0xde67,
  0xe687,0xde47,0xe6a7,0xe687,0xd667,0xdea7,0xce27,0x9464,0xc5e6,0xffa9,0xd667,0x9ca4,
  0xad45,0x9cc4,0xb585,0xd687,0xf769,0xef28,0xdec7,0xdec7,0xce46,0xd667,0xdea7,0xe708,
  0xde87,0xd687,0xc5e6,0xbda5,0xad25,0x8403,0x9484,0xad24,0xc5e6,0xd667,0xde87,0xd667,
  0xef28,0xf768,0xf748,0xe6c7,0xd687,0xce26,0xc5e6,0xc606,0xd666,0xd686,0xef08,0xe6c7,
  0xe6e7,0xdec7,0xbdc5,0xc5e5,0xc5e5,0xad44,0xce05,0xce05,0xc605,0xe6c7,0xe6e7,0xef47,
  0xe707,0xdec6,0xd666,0xce26,0xc5e5,0xad44,0xa504,0xa4e4,0xbda5,0xbdc5,0xce26,0xce26,
  0xc605,0xef51,0xbdc5,0xd666,0xef28,0xe6c7,0xe6e7,0xd687,0xce26,0xb565,0xa504,0x8c43,
  0x9ca3,0x9463,0xa4e4,0xb585,0xc606,0xc5e6,0xbda5,0xad04,0x9cc4,0xc5c5,0x9ca4,0xf748,
  0xce26,0xdea7,0xd666,0xc5c5,0xa504,0x9483,0x9ca4,0x9463,0xad04,0xbda4,0xc605,0xc5e5,
  0xe6e7,0xe6c6,0xdec6,0xef27,0xef28,0xef28,0xf748,0xe707,0xdec7,0xd687,0xef08,0xef28,
  0xe6e7,0xce26,0xad24,0x9ca5,0xc5e6,0xc5e6,0xffaf,0xf789,0xe6c7,0xe6c7,0xef49,0xd646,
  0xde87,0xe707,0xef08,0xe6e8,0xdec7,0xde87,0xde86,0xb565,0xa4e5,0xad45,0xce47,0xd687,
  0xd667,0xce47,0xd667,0xbdc7,0xb586,0xad46,0xce26,0xef28,0xf788,0xde87,0xbda5,0xb545,
  0x6b42,0x7363,0x83e3,0x8c44,0xb586,0xad46,0xd647,0xde87,0xef28,0xe708,0xef08,0xd666,
  0xd667,0xd666,0xb545,0xce06,0xe6c7,0xe6c7,0xc605,0xb565,0xad25,0xbdc5,0xc5e6,0xb565,
  0xc5e5,0xf788,0xde86,0x9463,0x9463,0xa504,0x8c03,0x8c43,0x9ca3,0xc5c6,0xce46,0xdea7,
  0xdea7,0xd687,0xbda6,0x8c23,0xbd85,0x9cc4,0xce26,0xd667,0xe6e7,0xd647,0xbda6,0x9464,
  0xa4c5,0x9ca4,0xd687,0xb566,0xb585,0xb565,0xbdc6,0xbdc4,0xdea6,0xff89,0xf768,0xf768,
  0xf768,0xe6c7,0xce26,0xc605,0xb564,0xad04,0xb564,0xc605,0xdea7,0xdec7,0xf768,0xf768,
  0xf789,0xe6c7,0xce46,0xbda5,0xb565,0x9cc3,0xce26,0xce46,0xce26,0xc5c6,0xa4e4,0xbda6,
  0xc5e6,0xce46,0xe6e8,0xef28,0xf769,0xef28,0xdec7,0xd687,0xd667,0xc5e6,0xce47,0xc5e6,
  0xce47,0xd647,0xdea7,0xd667,0xc606,0xb565,0xbdc6,0xc5e6,0xd687,0xef69,0xce67,0xad25,
  0xf7a9,0xf788,0xe6e8,0x9ce4,0x9464,0xa504,0xb5a5,0xd686,0xf769,0xef48,0xe6e8,0xd6a7,
  0xde87,0xe6e7,0xd687,0xdec7,0xdec7,0xd687,0xce26,0xad64,0xad44,0x9cc4,0x9cc4,0xb564,
  0xce26,0xd666,0xd6a6,0xe727,0xf788,0xf768,0xf768,0xd6a7,0xd6a7,0xc606,0xbdc5,0xbdc5,
  0xce46,0xd6a7,0xe707,0xe707,0xef48,0xdec7,0xdec7,0xbdc5,0xbdc5,0xad64,0xb5a4,0xc625,
  0xce65,0xdec6,0xdee6,0xe706,0xef47,0xdee7,0xd6a6,0xce45,0xc605,0xb584,0xad64,0xa503,
  0xbdc5,0xce46,0xc605,0xdec7,0xce46,0xce66,0xce45,0xdec7,0xef47,0xe707,0xe6e7,0xdea6,
  0xc605,0xc626,0xb585,0xa504,0xb585,0x9ca4,0xad45,0xb585,0xc626,0xd6a7,0xbde5,0x9483,
  0xb565,0xb585,0xc606,0xef68,0xe707,0xdee7,0xdee7,0xc5e5,0xad64,0xa4e4,0x9ca3,0xa4e4,
  0xad24,0xbdc5,0xc606,0xce46,0xe707,0xef48,0xe6e7,0xef68,0xf788,0xf788,0xef48,0xf788,
  0xd6a7,0xd6a7,0xdea7,0xe708,0xe6e7,0xce45,0xad44,0x9cc5,0xb565,0xc606,0xffc9,0xf788,
  0xdea7,0xd687,0xd687,0xce47,0xdea7,0xe707,0xef28,0xef28,0xdee7,0xd6a7,0xb5a5,0xad44,
  0x9464,0xad65,0xce47,0xd6a7,0xd687,0xd667,0xd687,0xbda6,0xb566,0xb585,0xdea7,0xd6a7,
  0xef48,0xe706,0xc5e5,0x8c24,0x6b62,0x7ba2,0x7be3,0x9464,0xc606,0x9484,0xe707,0xdec7,
  0xef48,0xdec7,0xdec7,0xe708,0xd687,0xdea8,0xce67,0xd667,0xd6a7,0xdec7,0xbdc5,0xad44,
  0xc5e6,0xad45,0xbdc6,0xad64,0xce46,0xef48,0xd686,0xad64,0x8c62,0x83e3,0x83e2,0x7382,
  0xad24,0xad64,0xbde5,0xe6e8,0xd667,0xc606,0xc606,0xad24,0xad65,0xbde6,0xdec8,0xd666,
  0xe6e7,0xce67,0xbdc6,0xa525,0xb565,0xa505,0xbde6,0xbdc6,0xb585,0xad45,0xbdc5,0xce46,
  0xef68,0xf768,0xffa9,0xf788,0xef48,0xe6e7,0xdea6,0xbda5,0xa4e3,0x9cc3,0xa504,0xbdc4,
  0xd6a6,0xe727,0xf788,0xf788,0xffc8,0xe707,0xd666,0xad64,0xad64,0xbda5,0xc5e5,0xc605,
  0xc5e6,0xb565,0xb565,0xbdc6,0xce46,0xdec7,0xef28,0xef48,0xef48,0xdec8,0xce46,0xd687,
  0xce47,0xad44,0xbde6,0xc626,0xd666,0xdec7,0xdec7,0xd686,0xbdc5,0xb5a5,0xb5a5,0xc625,
  0xd686,0xe727,0xf788,0xef69,0xffeb,0xffea,0xce67,0xbde5,0x94a4,0xad65,0xa524,0xe727,
  0xef69,0xef48,0xdf07,0xdec7,0xdec7,0xe707,0xdec7,0xdec7,0xdec7,0xdec7,0xbdc5,0xb584,
  0xad64,0x8c43,0xa504,0xa524,0xc626,0xce66,0xd6a6,0xef48,0xf7a9,0xf7a8,0xef48,0xd6c7,
  0xc645,0xbdc5,0xad84,0xb5c5,0xc605,0xdee6,0xef47,0xef67,0xe727,0xdee6,0xd6a6,0xd686,
  0xce86,0xbe05,0xbde5,0xbe04,0xce86,0xdee6,0xe727,0xe727,0xef47,0xe747,0xd6c6,0xd686,
  0xd6a6,0xc625,0xbde5,0xb5c4,0xbde5,0xc625,0xc645,0xce66,0xd686,0xe707,0xce65,0xe727,
  0xef68,0xf788,0xf7a8,0xf7a8,0xdee7,0xc646,0xc606,0xb5a5,0xad44,0xbde5,0xad65,0xb585,
  0xc5e6,0xc626,0xc606,0xa524,0xbe06,0xbde5,0xce66,0xe727,0xf788,0xef48,0xd6a6,0xce45,
  0xad64,0xad44,0xad64,0xad64,0xbde5,0xc605,0xce66,0xdec7,0xe707,0xe727,0xef68,0xef68,
  0xf788,0xef88,0xef68,0xe747,0xe728,0xe707,0xdec7,0xd6a6,0xd686,0xbdc4,0xa525,0x9ce4,
  0xa525,0xd6a7,0xffc8,0xdee7,0xd686,0xce66,0xce66,0xc606,0xe708,0xdec7,0xe6e7,0xdec7,
  0xd686,0xbde5,0xb5a5,0xad44,0xa525,0xbde6,0xce47,0xc626,0xce46,0xd6a7,0xc626,0x94a4,
  0xbdc6,0xb5a6,0xce66,0xe707,0xd6a6,0xd6a6,0xd685,0xb5a3,0x8c23,0x8423,0x73a2,0x9ce4,
  0xad65,0xad65,0xad64,0xc646,0xe728,0xef69,0xe707,0xe707,0xce67,0xc625,0xc606,0xc626,
  0xd6c7,0xd6a7,0x8422,0xb585,0xc606,0xad85,0xb585,0xc625,0xc626,0xdec6,0xd686,0xb5a4,
  0xa503,0x9cc2,0x73a2,0x6322,0x9cc4,0x9cc4,0xbde5,0xdec7,0xef88,0xc646,0xc606,0x8444,
  0xad65,0xce46,0xef47,0xd686,0xd6a7,0xce67,0xc626,0xce46,0xc626,0xbde5,0xd6a7,0xce46,
  0xad65,0x9ca4,0xb585,0xdec7,0xf7a9,0xef88,0xf789,0xe748,0xdec6,0xdec7,0xdec7,0xce45,
  0xb5a5,0x9cc3,0x94a2,0xad64,0xad84,0xef67,0xef88,0xf787,0xffc8,0xdee6,0xbde5,0xbda4,
  0xdec6,0xc604,0xce25,0xbde5,0xb585,0xad45,0xbde6,0xc646,0xce66,0xe727,0xf789,0xef68,
  0xef88,0xdf07,0xd6a7,0xc625,0xc606,0xb5a5,0xad85,0xc606,0xd687,0xdee7,0xdec7,0xce66,
  0xbdc5,0xad64,0xad65,0xce66,0xbde6,0xe728,0xef69,0xef68,0xffe9,0xffec,0xdee7,0xb585,
  0xa504,0x9463,0xce46,0xe707,0xef48,0xf7a9,0xef68,0xdec7,0xdec7,0xe707,0xef68,0xf788,
  0xe728,0xe727,0xbe05,0xb5c4,0xb5c4,0xa524,0x94a3,0xad64,0xbde5,0xce66,0xe707,0xef67,
  0xf7a8,0xf788,0xe747,0xd6c6,0xc625,0xbde5,0xad44,0xad64,0xbde5,0xdec6,0xe727,0xef47,
  0xef47,0xdee6,0xd685,0xce65,0xce66,0xc625,0xbde5,0xc625,0xc645,0xce65,0xd6c6,0xe706,
  0xef47,0xe726,0xdec6,0xd6c6,0xc624,0xdec6,0xce45,0xce65,0xc625,0xd686,0xc625,0xdee7,
  0xd6a6,0xce86,0xd6a6,0xe727,0xef87,0xffe9,0xf788,0xef67,0xdee7,0xce26,0xce66,0xad84,
  0xbde5,0xbde5,0xdee7,0xce66,0xce66,0xd686,0xce46,0xbdc5,0xce46,0xbdc5,0xdee7,0xf788,
  0xffe9,0xf7a8,0xef47,0xdee7,0xce66,0xbdc5,0xb5a5,0xc625,0xc645,0xc605,0xa503,0xe727,
  0xe707,0xe727,0xef68,0xef68,0xef67,0xef47,0xef68,0xef47,0xef47,0xe727,0xe707,0xc626,
  0xbde5,0xc605,0x9ce5,0x94a4,0xb5a5,0xdec7,0xf788,0xe707,0xd6a7,0xce46,0xc626,0xce67,
  0xd687,0xdee7,0xdea7,0xce66,0xc625,0xce45,0xb584,0xa524,0xad65,0xc626,0xce67,0xce67,
  0xce66,0xce66,0xad65,0xad45,0xad65,0xbdc5,0xce46,0xe707,0xd6a6,0xd6c7,0xe706,0xce64,
  0xa503,0x7382,0x6321,0x6b62,0x8c63,0xc5e6,0xb585,0xdee6,0xd686,0xe727,0xdf07,0xd6a7,
  0xce46,0xbda5,0xbde5,0xb5a5,0xdee7,0xce45,0x9cc3,0x9d03,0xad44,0xa524,0xa503,0xc626,
  0xce66,0xd6a6,0xdec6,0xb5a4,0xa503,0x94a3,0x7be2,0x73a2,0x8c62,0xad64,0xbdc5,0xc626,
  0xef48,0xce66,0xb585,0x6b22,0x9483,0xb585,0xbde6,0xc606,0xc625,0xef28,0xdee7,0xd6a6,
  0xce66,0xce46,0xd687,0xbdc6,0xad45,0x9ce4,0xbdc5,0xd6a7,0xe728,0xf788,0xef48,0xe727,
  0xdec6,0xdec6,0xe727,0xdec6,0xce25,0x9cc3,0xad44,0xad64,0xce45,0xdec6,0xef47,0xef47,
  0xe746,0xef48,0xd6a6,0xce45,0xc604,0xce65,0xc605,0xb5a5,0xbda5,0xb584,0xbdc5,0xce66,
  0xe727,0xef68,0xef68,0xffc9,0xef67,0xf787,0xe727,0xdec6,0xc646,0xc626,0xc5e5,0xce46,
  0xdee7,0xdf07,0xd6a7,0xc625,0xce46,0xb5a5,0xb5a5,0xbdc5,0xd666,0xe6e7,0xe6e7,0xf769,
  0xffa8,0xffcd,0xf788,0x9cc4,0xad05,0xb565,0xc5e6,0xd666,0xe6e8,0xf748,0xef08,0xef27,
  0xdec6,0xffca,0xf788,0xf789,0xef47,0xce25,0xce45,0xbdc4,0xbdc4,0xb584,0xa4e4,0xa503,
  0xb584,0xd6a6,0xe6e7,0xef27,0xf788,0xf768,0xf767,0xe707,0xce45,0xce45,0xb584,0xb564,
  0xc5e5,0xdea6,0xf788,0xef27,0xef27,0xe707,0xd665,0xc625,0xbda4,0xb5a4,0xb584,0xc605,
  0xd665,0xd665,0xdec6,0xef47,0xef47,0xf788,0xf767,0xdec6,0xd685,0xd665,0xce25,0xc605,
  0xce25,0xce25,0xd686,0xd686,0xdec6,0xe6e7,0xd686,0xdec6,0xef47,0xf787,0xf767,0xffa9,
  0xd686,0xce46,0xce26,0xce26,0xce26,0xce26,0xce46,0xc606,0xc5e5,0xd686,0xb585,0xbde5,
  0xc605,0xc605,0xe707,0xffac,0xffc9,0xf788,0xf768,0xef48,0xef27,0xdea7,0xc605,0xd666,
  0xd666,0xd666,0xd686,0xe707,0xf747,0xf768,0xef27,0xef27,0xdec6,0xdea6,0xdea6,0xd666,
  0xd686,0xe6c7,0xd666,0xbd85,0xad65,0xb585,0xad24,0x9484,0xc5e6,0xc5e6,0xe6e7,0xef48,
  0xdea7,0xd666,0xbdc5,0xce46,0xdea7,0xdee6,0xce26,0xbda5,0xbda5,0xad24,0xad24,0xce45,
  0xb565,0xbda5,0xce46,0xde87,0xdea6,0xad44,0xa504,0x9cc4,0xb585,0xce46,0xd666,0xdea6,
  0xe6e7,0xc5e3,0xce04,0xb583,0x8403,0x8403,0x7362,0x8403,0xa504,0xad43,0xbda5,0xe707,
  0xdec7,0xd666,0xdea7,0xd686,0xd6a5,0xc605,0xad25,0x9483,0xbdc5,0xa4e3,0xad43,0xbde4,
  0xc605,0xc605,0xad23,0xd666,0xc625,0xd686,0xce45,0xb5a4,0xad43,0x8c62,0x8422,0x7382,
  0x9463,0x9ca3,0xa503,0xd666,0xef27,0xf769,0xce26,0xbd85,0x9483,0x7be3,0xad45,0xb585,
  0x8c62,0xdec7,0xdea6,0xd686,0xd666,0xbdc5,0xa4e4,0x83e3,0x9483,0x9463,0xad65,0xd686,
  0xe6e7,0xef47,0xe707,0xe707,0xe6c6,0xe6e6,0xf767,0xe6e7,0xc605,0x9cc3,0xad42,0xd665,
  0xb5a4,0xdea5,0xdea6,0xe6e6,0xe707,0xdec6,0xce66,0xd665,0xc605,0xbdc4,0xbdc5,0xb564,
  0xad23,0xad44,0xb584,0xd666,0xef27,0xf768,0xef68,0xffa8,0xff88,0xff88,0xef48,0xe6e7,
  0xd665,0xc5e5,0xc5e5,0xce25,0xe706,0xf767,0xce25,0xbde4,0xc5e4,0xb584,0xb584,0xbdc5,
  0xd646,0xef27,0xef07,0xff68,0xffa9,0xff88,0xf791,0xbdc5,0xa4c5,0xad24,0xc5e6,0xd666,
  0xd666,0xe6a7,0xe6c7,0xef28,0xe6c7,0xf768,0xef27,0xeee7,0xf748,0xce05,0xad02,0xbdc4,
  0xbda4,0xc5c5,0xad44,0xb544,0xb564,0xd645,0xe6e7,0xf747,0xf747,0xf767,0xf747,0xeee6,
  0xd665,0xce05,0xc5e5,0xbd84,0xce05,0xd666,0xe6c6,0xf747,0xf747,0xe6c6,0xdea6,0xce04,
  0xce04,0xb563,0xbda4,0xc5e5,0xce25,0xdea5,0xdea6,0xff68,0xf767,0xff88,0xf767,0xe6e6,
  0xdea6,0xc5e4,0xc5e4,0xbdc4,0xc605,0xce45,0xde86,0xd665,0xde86,0xde86,0xd665,0xe6c6,
  0xe6c5,0xef06,0xff67,0xf767,0xf768,0xe6c6,0xde86,0xc5e5,0xbda5,0xc605,0xc5e5,0xc5e5,
  0xde86,0xce06,0xce26,0xce05,0xbda5,0xd666,0xe6c7,0xf747,0xff68,0xf768,0xf768,0xef07,
  0xe6e7,0xe6c7,0xdea6,0xd666,0xd666,0xde86,0xdec7,0xef07,0xf747,0xf747,0xe6e7,0xe6c7,
  0xd666,0xce25,0xde86,0xd646,0xd666,0xdea6,0xce06,0xb565,0xad25,0xb544,0xad04,0x9c83,
  0xa4e4,0xc5c5,0xeee6,0xe6c7,0xbda5,0xce06,0xc5e5,0xc5e5,0xc5c5,0xce05,0xbda5,0xa4e3,
  0xad03,0xa4e3,0xad44,0xb563,0xbd84,0xb565,0xde86,0xdea7,0xbda5,0xad04,0x9464,0xa4c4,
  0xbda6,0xce06,0xe6c7,0xe6c7,0xef07,0xd625,0xcde4,0xcde4,0x9ca2,0x7b82,0x83e3,0x8403,
  0xb545,0xce25,0xe6c6,0xde86,0xe6c6,0xd665,0xce25,0xd646,0xd646,0xbd85,0x9462,0x9463,
  0xa4a3,0xa4c3,0xa4e3,0xbd84,0xd665,0xd645,0xbda4,0xbda5,0xbda5,0xce05,0xd626,0xc5c5,
  0xad23,0xad43,0x9462,0x5aa0,0x8c22,0x8c42,0x94a2,0xd686,0xf727,0xef27,0xdea7,0xce25,
  0xb584,0xa4e4,0xad24,0xe6c5,0xd644,0xeee6,0xef26,0xef07,0xd686,0xbda6,0x9ca4,0x8c23,
  0x9463,0x9462,0xd625,0xe6c6,0xdea6,0xd666,0xe6c6,0xde86,0xde86,0xef07,0xef27,0xe6c7,
  0xd645,0xb543,0xd644,0xce24,0xd665,0xd645,0xe6c6,0xef07,0xef06,0xd645,0xd665,0xd665,
  0xce05,0xc605,0xbda4,0xbd84,0xad44,0xb564,0xb564,0xd665,0xe6c6,0xdea6,0xef27,0xff88,
  0xff88,0xff88,0xf768,0xeee6,0xce25,0xbda4,0xce25,0xd665,0xef26,0xef27,0xd646,0xb543,
  0xbda4,0xbda4,0xbd84,0xc5e5,0xa4a2,0xeea6,0xff28,0xff49,0xff8f,0xff49,0xde66,0xe687,
  0xd626,0xa484,0xd625,0xde46,0xd5e6,0xcde5,0xd626,0xeec7,0xe666,0xeec7,0xd606,0xd5e5,
  0xd605,0xe686,0xbd64,0xb503,0xace3,0xbd43,0xde66,0xd605,0xcdc4,0xd625,0xeea6,0xf6e6,
  0xff47,0xff27,0xf707,0xf707,0xf706,0xde45,0xcde5,0xc584,0xc5c4,0xcde5,0xeec6,0xf727,
  0xf6e6,0xeec6,0xd604,0xd604,0xcdc4,0xcdc3,0xcde4,0xd605,0xe665,0xf707,0xe685,0xf707,
  0xff47,0xff69,0xff48,0xf727,0xeec6,0xde65,0xd604,0xd605,0xd625,0xde65,0xe686,0xeec6,
  0xe685,0xe685,0xeec6,0xeec6,0xeec6,0xf706,0xff47,0xff27,0xff27,0xf6e7,0xc584,0xc584,
  0xbd44,0xbd44,0xbd64,0xde25,0xeec7,0xd626,0xd606,0xcde5,0xd626,0xde46,0xe666,0xf727,
  0xff48,0xf6e7,0xf707,0xff27,0xf6e7,0xe666,0xe686,0xde46,0xd605,0xd605,0xde45,0xe686,
  0xf6e7,0xf707,0xde46,0xde66,0xc5a5,0xc584,0xcdc5,0xeea5,0xeea6,0xd626,0xbd64,0xace4,
  0x9c83,0x9c83,0xa483,0x9443,0x8c03,0xbd64,0xde25,0xd605,0xb505,0xc585,0xc5a5,0xbd44,
  0xcde5,0xb524,0xb524,0xace4,0xace4,0xace4,0xb523,0x9403,0xa483,0xb544,0xbd44,0xbd84,
  0xcda5,0xad04,0x8c03,0xc585,0xace4,0xbd85,0xcde6,0xeec7,0xd605,0xbd63,0xcde4,0xbd44,
  0xa4a4,0x8c02,0x6b02,0xb504,0xc585,0xcdc5,0xcdc5,0xcde4,0xe685,0xc5a5,0xbd64,0xcdc4,
  0xbd43,0xbd64,0xace4,0x9442,0xace3,0xbd63,0xbd65,0x8be1,0xd605,0xeea6,0xd605,0xb544,
  0xbd44,0xc584,0xde45,0xc5a4,0xace3,0x9c63,0x83c2,0x83c2,0xbd44,0xacc3,0xbd64,0xde46,
  0xff67,0xde46,0xd5e6,0xc5a5,0xb503,0xd605,0xde46,0xeea5,0xf706,0xf6e6,0xeec7,0xe686,
  0xde47,0xace3,0x9c62,0x9c62,0xacc3,0xb524,0xde66,0xe666,0xde25,0xc5a4,0xd604,0xde66,
  0xe665,0xe686,0xeec6,0xd605,0xcdc5,0xcde5,0xde65,0xd625,0xd606,0xcde5,0xde45,0xf706,
  0xe686,0xd625,0xc584,0xc5a4,0xc584,0xc584,0xb524,0xb504,0xb523,0xb524,0xc585,0xc584,
  0xde66,0xe6a6,0xf706,0xff47,0xff49,0xf707,0xde66,0xd625,0xbd64,0xb523,0xc5a4,0xcdc4,
  0xd624,0xcde3,0xace3,0xa4a3,0xa4a3,0xc5a5,0xcdc5,0xcdc5,0xbd24,0xd5c6,0xf6a7,0xfee8,
  0xff2a,0xe646,0xde26,0xb504,0xa463,0xc565,0xcdc5,0xee86,0xbd25,0xde06,0xe666,0xee87,
  0xee87,0xde05,0xde05,0xdde5,0xc563,0xd5e4,0xd5c5,0xb4c3,0xaca3,0xbd23,0xc543,0xcda4,
  0xde25,0xd5c4,0xe645,0xf6a6,0xff08,0xff2a,0xfee7,0xfee7,0xee85,0xd5e4,0xd5e4,0xcda4,
  0xc584,0xde05,0xde05,0xf6a6,0xfee7,0xf6c6,0xe645,0xc583,0xc563,0xd5c3,0xdde3,0xe645,
  0xee65,0xf685,0xee85,0xee86,0xff07,0xff29,0xff29,0xfee6,0xf6a6,0xee65,0xe665,0xe645,
  0xe625,0xee86,0xe625,0xee65,0xee65,0xf6c6,0xee85,0xee65,0xf6c6,0xff2a,0xff08,0xff2a,
  0xff08,0xf6a6,0xd5e5,0xbd04,0xaca3,0xa463,0xacc4,0xd5c5,0xee86,0xde05,0xde06,0xe646,
  0xe666,0xd5e5,0xd5c5,0xee66,0xff29,0xfee7,0xf6a6,0xee66,0xee66,0xf6a6,0xde05,0xd5e5,
  0xd5c5,0xde06,0xd5c5,0xee66,0xf6c6,0xf6a6,0xde25,0xcd85,0xc544,0xbd04,0xdde5,0xe625,
  0xee86,0xdde5,0xc565,0xb4e4,0xac83,0xa483,0x9c23,0x9403,0xa463,0xc565,0xde06,0xc564,
  0xbd05,0xbd45,0xbd04,0xcda4,0xbd24,0xb4e4,0xa483,0xbd24,0xb4c4,0xb504,0xaca3,0x9c44,
  0xa483,0xc544,0xc564,0x8bc2,0xac84,0x9c63,0xa483,0x9c43,0xacc4,0xb505,0xde06,0xe646,
  0xc564,0xb4c3,0xac83,0xbd03,0xa443,0x9402,0x8bc2,0x7b42,0xbd04,0xc564,0xc564,0xcd85,
  0xdde5,0xc564,0xacc3,0x9c43,0x93e3,0xaca3,0xa482,0xacc4,0xb4e4,0xacc3,0xb4c3,0xacc3,
  0xd5c4,0xee66,0xd5c4,0xbd04,0xc524,0xc544,0xcda5,0xc544,0x9c23,0x9c23,0x9c43,0x9c42,
  0xc544,0xdde5,0xd5c5,0xe625,0xde06,0xde06,0xcda4,0xc544,0xcd84,0xb4e4,0xde05,0xde06,
  0xe645,0xe645,0xee65,0xde05,0xde05,0xbd24,0xa463,0xacc3,0xa462,0xc544,0xee66,0xe645,
  0xcda5,0xcd84,0xd5c5,0xd5e5,0xde05,0xde25,0xdde5,0xd5a5,0xcda5,0xcd84,0xcd84,0xd5c5,
  0xe625,0xdde4,0xe645,0xf6c6,0xee66,0xcd84,0xbd44,0xcd84,0xc584,0xd5e6,0xa463,0xb4e3,
  0xbd04,0xbd24,0xcd85,0xcda5,0xd5c5,0xee65,0xff06,0xff29,0xff28,0xf6c7,0xde26,0xd5c5,
  0xbd24,0xc544,0xbd24,0xbd04,0xc524,0xb4e3,0xa462,0x9402,0x9c22,0xb503,0xc544,0xbd04,
  0xd565,0xee06,0xfe87,0xfe87,0xf625,0xdda5,0xdd85,0xb483,0xa423,0xc504,0xc524,0xac83,
  0xc4e5,0xd565,0xe5c5,0xddc5,0xf626,0xf626,0xe5e5,0xd565,0xd565,0xcd24,0xd563,0xcd43,
  0xbce3,0xd584,0xc503,0xc503,0xdd84,0xe5c4,0xe5c5,0xf625,0xfe86,0xfeeb,0xfec9,0xfec9,
  0xee04,0xe5c4,0xdda4,0xe5c4,0xe5c4,0xdda4,0xf645,0xf665,0xfe86,0xfe86,0xddc4,0xcd43,
  0xc523,0xdd83,0xdda3,0xdd83,0xe5e4,0xf624,0xfe86,0xfe86,0xfea8,0xfeec,0xfeec,0xfea8,
  0xf645,0xee04,0xe5e4,0xe5c4,0xddc4,0xe5c4,0xe5e5,0xe5c4,0xe5c4,0xe5e4,0xe5e5,0xddc4,
  0xee25,0xee25,0xfe86,0xfea8,0xfea9,0xf666,0xd584,0xbce3,0xa402,0x9be2,0x9be2,0xcd24,
  0xee06,0xe5e5,0xdd85,0xdda5,0xe5c5,0xdda5,0xcd45,0xdd85,0xf646,0xfe87,0xe5e6,0xddc5,
  0xd565,0xe5c5,0xdd85,0xc504,0x9c02,0xb483,0xc503,0xee05,0xfe65,0xf645,0xdd85,0xcd24,
  0xcd45,0xcd44,0xdda4,0xede4,0xd544,0xcd24,0xbcc4,0xac83,0xa443,0x9c02,0x93c2,0x9c02,
  0xc504,0xdda5,0xe5c5,0xc504,0xac83,0xbcc4,0xb484,0xbcc4,0x9be3,0xac63,0xbcc4,0xac44,
  0xb484,0xc505,0xa422,0xb484,0xcd44,0xee05,0xe5c5,0xc524,0xa423,0xac64,0xb4a4,0xbcc4,
  0xc4e4,0xc524,0xdda5,0xdd85,0xc504,0xa443,0xac63,0xb4a3,0xc4e4,0xac63,0xac43,0xac63,
  0xac63,0x9be3,0xbcc3,0xd584,0xdd84,0xc504,0xb483,0xac62,0xac43,0xa423,0xac43,0xac63,
  0xac62,0x8ba1,0x93c1,0xbcc3,0xf645,0xee25,0xdda5,0xbcc4,0xb483,0xb483,0xbcc3,0xac43,
  0xa422,0xa422,0x9be1,0x93c1,0xb483,0xdda5,0xe5e5,0xe5c5,0xdd84,0xdda4,0xcd24,0xbca3,
  0xb4a3,0xb483,0xbca3,0xd544,0xe5e6,0xbce4,0xd585,0xdd85,0xd565,0xd564,0xcd24,0xbcc3,
  0xc4e3,0xd585,0xf646,0xe5e5,0xd564,0xd564,0xe5c5,0xd564,0xd544,0xee05,0xee25,0xd564,
  0xcd04,0xcd44,0xdda4,0xddc4,0xd583,0xede4,0xf665,0xfe86,0xf625,0xd584,0xb483,0xb4a3,
  0xac63,0xd544,0xb4a3,0xbce3,0xc504,0xd545,0xcd45,0xd564,0xe5c5,0xfea7,0xff0e,0xf625,
  0xcd03,0xd542,0xd564,0xd584,0xcd44,0xb4a3,0xb483,0xa442,0xa442,0x9c02,0xb4c4,0xac63,
  0x9be2,0xbcc3,0xbca3,0xcd24,0xd524,0xf5e6,0xfe47,0xfe47,0xe5a5,0xd545,0xb443,0xbc83,
  0xc4a4,0xb443,0xbc83,0xcce4,0xc4c4,0xcce4,0xcce4,0xd524,0xe585,0xedc6,0xe5a5,0xe565,
  0xcce4,0xcd04,0xd524,0xbca3,0xb462,0xb462,0xc4c3,0xcce3,0xd503,0xdd64,0xe584,0xf605,
  0xfe47,0xfeaa,0xfeaa,0xfe25,0xeda4,0xdd63,0xdd63,0xedc4,0xdd64,0xdd63,0xf605,0xedc4,
  0xfe67,0xfe88,0xf5e5,0xdd44,0xd503,0xdd43,0xdd83,0xeda4,0xfe05,0xedc4,0xf5e4,0xfe25,
  0xfe88,0xfecc,0xfecc,0xfe26,0xedc4,0xdd63,0xd523,0xd523,0xcce3,0xcd03,0xcce3,0xd503,
  0xdd64,0xdd64,0xcd04,0xcd03,0xd543,0xdd64,0xeda5,0xfe25,0xfe68,0xf605,0xe5a4,0xb442,
  0x9be2,0x8b62,0x9382,0xc4a4,0xdd65,0xdd65,0xbca3,0xcd04,0xc4c4,0xd524,0xe565,0xfe26,
  0xfe26,0xfe27,0xe585,0xd524,0xccc4,0xbc83,0xa3e2,0xac23,0xa403,0xb443,0xcd03,0xe584,
  0xf5e5,0xedc5,0xd524,0xbc83,0xcd04,0xd544,0xe5a4,0xdd63,0xc4c3,0xbc63,0xbc64,0xb443,
  0xa3e3,0x8b41,0x9bc2,0xb443,0xdd44,0xf5e5,0xdd44,0xc4a4,0xac23,0xa3e3,0x9ba3,0xbc63,
  0xb443,0xb464,0xac03,0xac03,0xb443,0x9bc2,0xac03,0xa3e2,0xd524,0xf626,0xe5a4,0xcce3,
  0xbc63,0xac23,0xb443,0xc4c4,0xbc64,0xc4c3,0xcce4,0xdd64,0xcd04,0xbc83,0xac23,0xbc63,
  0xb463,0xa402,0xb443,0xac23,0xac03,0xbc63,0xcd04,0xdd64,0xe584,0xc4c3,0xb443,0xac22,
  0xac22,0xb443,0xac02,0x9bc1,0xa3e2,0x9bc1,0xac02,0xcce3,0xfe26,0xedc5,0xeda5,0xc4c3,
  0x9bc2,0xac22,0xb423,0xb442,0xac02,0xa3e2,0x93a1,0x9bc1,0xa3e2,0xd524,0xdd64,0xd523,
  0xd503,0xd524,0xb442,0x9bc2,0xac23,0xac22,0x9bc1,0xdd44,0xd523,0xcce3,0xc4c2,0xcd03,
  0xcd04,0xe585,0xcd04,0xbc83,0xc4c3,0xdd64,0xfe25,0xedc5,0xcce3,0xdd44,0xdd43,0xcce3,
  0xd544,0xeda5,0xedc5,0xd524,0xbc83,0xcce4,0xcd04,0xbc82,0xc4a3,0xe564,0xfe25,0xf605,
  0xdd64,0xcd04,0xbc63,0x93a2,0x93a2,0xa402,0xc4a3,0xc4c4,0xbc83,0xbc83,0xbc83,0xdd44,
  0xfe05,0xfe46,0xfe67,0xd524,0xcd03,0xb463,0xcd03,0xbc83,0xbc63,0xbca3,0xbc83,0xb443,
  0xb443,0xb443,0xb463,0xb443,0xac23,0xb463,0xcd04,0xc4c4,0xcc84,0xdce4,0xed45,0xed45,
  0xdcc4,0xcc64,0xb403,0xb403,0xabc2,0xa3a2,0xa3a2,0xabc2,0xabe3,0x9b82,0xb403,0xc443,
  0xdcc4,0xed24,0xf585,0xed44,0xed45,0xd4c4,0xcc83,0xcc83,0xb403,0xabc2,0xb402,0xb402,
  0xabc2,0xc442,0xd4a2,0xf563,0xfdc5,0xfe07,0xfe07,0xfda5,0xe503,0xcc82,0xabe2,0x9b62,
  0xd4a3,0xe503,0xe503,0xdce3,0xed44,0xf565,0xe524,0xb402,0xa3a2,0xb3e2,0xc442,0xc462,
  0xcc82,0xcc62,0xcca2,0xd4a3,0xed44,0xfdc5,0xfde6,0xed44,0xcc83,0xc483,0xc443,0xbc23,
  0xb3e2,0xb403,0xb403,0xc463,0xdce4,0xe504,0xcc84,0xb403,0xb3e2,0xabe2,0xd4c3,0xe504,
  0xed45,0xdcc4,0xcc83,0xbc43,0xa3a2,0x9b82,0x9362,0xabc2,0xcc84,0xdce4,0xd4a4,0xc443,
  0xbc23,0xbc23,0xcc83,0xdce4,0xe504,0xed25,0xe525,0xbc03,0xb3e3,0xa3c2,0x9b62,0x9b62,
  0x9b62,0xb3e2,0xcc83,0xe504,0xe524,0xd4c4,0xbc23,0xb403,0xcc63,0xd4c3,0xcc83,0xc443,
  0xbc23,0xabc2,0xa3a2,0xa3a3,0x8b01,0x8b22,0x9342,0xa3c2,0xcc83,0xed24,0xdce3,0xbc23,
  0xa3a2,0x9b82,0x9b62,0xbc23,0x9b62,0xabe2,0xa3a2,0xabe2,0xb402,0xa3a2,0x9362,0xbc43,
  0xdcc4,0xdce4,0xc443,0xa382,0xa3c3,0x9b62,0x9342,0xa3a2,0xbc23,0xabc2,0xbc43,0xd4a4,
  0xc463,0xb402,0xabc2,0x9b63,0xabc3,0x9b82,0x9b62,0x8b21,0x9b82,0xb402,0xcca3,0xe504,
  0xdd04,0xc443,0xabc2,0xb3e3,0xabe2,0xabe3,0xa382,0x9b62,0x9342,0x9b62,0x8b21,0xbc23,
  0xe524,0xf565,0xe524,0xbc43,0xa382,0x8b21,0x9341,0xa3a2,0x9b82,0xa3a2,0x9341,0x8b21,
  0x9341,0xa3a2,0xc463,0xe504,0xd4a4,0xb402,0x9b61,0x9341,0x9361,0x9b61,0x9b81,0x9b61,
  0x9361,0xabe2,0xb3e2,0xb402,0xbc43,0xcc83,0xbc23,0xbc02,0xc443,0xe504,0xed65,0xe504,
  0xc463,0xcc83,0xdcc3,0xcc83,0xdce4,0xe504,0xdd04,0xd4c4,0xc463,0xbc23,0xb402,0xabc2,
  0xbc23,0xdce4,0xf565,0xe524,0xdce4,0xc443,0x9b83,0x8301,0x8b20,0xa3a1,0xb401,0xbc21,
  0xbc22,0xbc03,0xbc23,0xd4c3,0xf564,0xfda5,0xe504,0xc443,0xb403,0xbc02,0xbc23,0xb403,
  0xbc23,0xc463,0xdce4,0xdce4,0xcca3,0xc463,0xabe2,0xabe2,0xabc3,0xbc23,0xb403,0xb3e3,
  0xa382,0xd463,0xe4c4,0xe4c4,0xcc44,0xb3c3,0xab83,0xa362,0x9b42,0x9302,0x8ae1,0x8ae1,
  0x9b42,0xa382,0xa382,0xc403,0xcc63,0xece4,0xece4,0xe4e4,0xdc84,0xcc43,0xbc03,0xbc03,
  0xc402,0xb3c2,0xb3c2,0xaba2,0xb3c2,0xbbe2,0xc402,0xcc42,0xece4,0xf504,0xfd44,0xf524,
  0xd463,0xcc43,0xb3a2,0x9b41,0x9b22,0xb3a2,0xe4c4,0xdca3,0xfd44,0xdca4,0xc423,0xbbe3,
  0xaba2,0xabc2,0xb3c2,0xc422,0xbc02,0xbbe2,0xbbe2,0xbbe2,0xdca3,0xf524,0xf524,0xe4c4,
  0xbbe3,0xbbe3,0xaba2,0x9b62,0x9b22,0x9b22,0xa382,0xb3c3,0xbbe3,0xc403,0xaba3,0xaba3,
  0xaba2,0xb3e2,0xc423,0xdca4,0xe4c4,0xd484,0xb3c3,0xbbe3,0xaba2,0xa362,0x9302,0x9321,
  0xb3c2,0xc423,0xc423,0xb3c3,0xaba3,0xaba3,0xab82,0xbbe3,0xc423,0xd464,0xd464,0xbc03,
  0xaba3,0xa382,0xa362,0xa362,0xa383,0xb3a2,0xc422,0xdca3,0xd463,0xbc03,0xaba3,0xc403,
  0xbc03,0xbc03,0xb3a2,0xaba2,0xa362,0xa362,0xa362,0xa382,0x9b42,0x9b22,0x9302,0x9b22,
  0xb3c3,0xcc43,0xdca3,0xc403,0xa382,0x8b02,0x9322,0x8b02,0x9302,0x9322,0x9322,0x7240,
  0xa342,0x9b21,0x9322,0xbbe3,0xcc43,0xbc03,0xaba2,0x9b42,0x9322,0x9302,0x9302,0x8ae2,
  0xb3e3,0xaba2,0xb3e2,0xc423,0xc423,0xab82,0xa362,0x9302,0x9322,0x9302,0x8ae1,0x7aa1,
  0x8ac1,0xa362,0xb3c2,0xd463,0xcc43,0xc403,0xa382,0x9b22,0xa382,0xab82,0x9b42,0x9322,
  0x8ae2,0x7a81,0xa382,0xbbe3,0xd484,0xe4c4,0xd463,0xb3a2,0xab82,0x82a1,0xa382,0x9b42,
  0x9b41,0x9301,0x9321,0x9301,0x8ae0,0x9301,0xb3a2,0xdca4,0xe4e4,0xc423,0x8ae1,0x8ac1,
  0x8ae1,0x8ac0,0x9b41,0x8ae0,0x9b41,0x82a0,0xaba2,0xc403,0xbbe3,0xbbe3,0xb3c2,0xaba1,
  0xc423,0xdca4,0xece4,0xdca4,0xb3e2,0xaba2,0xbbe2,0xcc23,0xcc44,0xd484,0xcc44,0xd463,
  0xc403,0xaba2,0xab82,0xa362,0xab82,0xcc63,0xece4,0xece4,0xcc44,0xa382,0x9302,0x82c0,
  0x9301,0x9300,0x9b21,0x9301,0x9321,0x9321,0xa381,0xc422,0xed04,0xf524,0xdca3,0xc402,
  0xab82,0xaba2,0xb3c3,0xb3e3,0xaba3,0xbc03,0xdc84,0xcc43,0xbbe2,0xaba2,0xab82,0xa382,
  0xa382,0xaba2,0xaba2,0x9b42,0x92e1,0xb362,0xc3c3,0xc3c3,0xc3a3,0x9ae1,0x8ac2,0x8aa1,
  0x92c1,0x92c1,0x8aa1,0x8aa1,0x9ae1,0x8261,0x92e1,0xab22,0xb362,0xcbc3,0xcbe3,0xcbe3,
  0xc3c3,0xab42,0xa302,0xab42,0xab22,0xab42,0x9b01,0xa301,0xa321,0xab41,0xb362,0xbb82,
  0xd403,0xdc43,0xe463,0xdc23,0xc3c2,0xa321,0xa322,0x9ae1,0x8aa0,0xab42,0xab42,0xc3a2,
  0xb362,0xc3a2,0x8280,0x92c1,0xab42,0xab42,0xab22,0xa321,0xab42,0xab42,0xa322,0xa321,
  0xbba2,0xd402,0xe443,0xd403,0xb362,0x9ae1,0x8281,0x8aa1,0x8260,0x8aa1,0x92e1,0x92c1,
  0x92e1,0x9ae1,0x8aa0,0x8aa0,0x92c1,0x92c1,0xa322,0xbb82,0xcbc3,0xbb82,0xab22,0xab42,
  0xa322,0xa302,0x92c1,0x8aa1,0x9ae1,0x9ae1,0x92c1,0x92e2,0xa302,0xa302,0x9ae2,0xa302,
  0x92c1,0x9ae2,0x9b02,0xb362,0x92c1,0xa322,0xa302,0x9b02,0xa322,0xbb82,0xc3a2,0xbba2,
  0xb362,0xab42,0x9ae2,0x9ae2,0x9ae2,0xa322,0xa322,0x92c2,0x92c1,0x8ac1,0x8281,0x7a41,
  0x8281,0x7a61,0x8281,0x8261,0x8261,0x8281,0x8aa1,0x9b02,0xa302,0x9ae2,0x92c2,0x92c1,
  0x8261,0x7a61,0x7a60,0x8a81,0x8280,0x8280,0x92c1,0xab22,0xbba3,0xbba3,0xab22,0x92e2,
  0x92c1,0x92c1,0x8aa1,0x7a61,0x8aa1,0xa322,0xab42,0xbba2,0xc3a3,0xb362,0xa302,0x8261,
  0x8261,0x8281,0x7221,0x7221,0x8261,0x8261,0x9b02,0xbb82,0xbb82,0xa322,0x92c1,0x8a81,
  0x8281,0x8281,0x8261,0x8281,0x8261,0x7220,0x7220,0xa322,0xc3c3,0xd3e3,0xb362,0xa302,
  0x8aa1,0x7221,0x8281,0x92e1,0x8aa1,0x8aa1,0x8280,0x8260,0x8280,0x92c1,0xa322,0xbb82,
  0xbb82,0x9b02,0x7a41,0x7220,0x7200,0x7240,0x9ae1,0x8280,0x8260,0x7a60,0x9ae1,0xab42,
  0xb342,0xab42,0xa302,0xab42,0xa302,0xa302,0x9ae2,0x9b02,0x92e2,0x92c1,0xa302,0xb382,
  0xcbe3,0xc3a3,0xb382,0xb362,0xab42,0xa301,0x9ae1,0x92c1,0x92e2,0xbba2,0xd403,0xcbe3,
  0xab42,0x8aa1,0x7220,0x7220,0x7a40,0x59c0,0x7200,0x61e0,0x6a20,0x7a61,0x8281,0xa322,
  0xc3c3,0xdc23,0xc3a2,0xa321,0x92c1,0x7a60,0x9ae1,0x9ae1,0x92c1,0xa322,0xb362,0xb362,
  0xab22,0xa301,0x92c1,0x8aa1,0x8aa1,0x8a81,0x8a81,0x8261,0x71e0,0x8261,0xa2e2,0xa2e2,
  0x92a1,0x92a1,0x8261,0x7a20,0x8a61,0x8240,0x8261,0x9281,0x9281,0x7a20,0x69e0,0x69e0,
  0x92a1,0x9aa2,0xab02,0xb322,0xaae2,0x9281,0x8261,0x9aa1,0x9aa1,0x92a1,0x9281,0x92a1,
  0x92a1,0x92a1,0x9ac1,0x92a1,0xb322,0xcb82,0xcba2,0xcba2,0xbb42,0xab01,0x92a0,0x9281,
  0x92a1,0x9ac1,0xa2e1,0xab01,0xa2e1,0x92a1,0x92a1,0x8a61,0x9281,0x8a61,0x8a61,0x92a1,
  0x92a1,0x8a61,0x8240,0x92a1,0xaae1,0xbb42,0xc362,0xc362,0xa2e2,0x8a81,0x8240,0x7a20,
  0x7a20,0x8240,0x8261,0x8a61,0x9281,0x8a81,0x9281,0x8a61,0x8a81,0x8a81,0x8a81,0x8a81,
  0x9ac1,0x9ac1,0x92a1,0x92a1,0x9ac1,0x8a81,0x8a61,0x8a81,0x92a1,0x8a61,0x7a21,0x9281,
  0x92a1,0x92a1,0x9aa1,0x8a81,0x8a81,0x92a1,0x9aa1,0x8a60,0x8240,0x8a80,0x9281,0x9ac2,
  0x92a1,0x8a61,0x8a61,0x8a61,0x8241,0x7a21,0x8241,0x8241,0x7200,0x7200,0x69c0,0x69e0,
  0x61c0,0x7200,0x61c0,0x61c0,0x61c0,0x69e0,0x7200,0x7200,0x7200,0x7200,0x7a20,0x8261,
  0x8a81,0x92a1,0x8a81,0x9aa1,0x92a1,0x8261,0x8241,0x8261,0x8241,0x8261,0x9ac2,0x9ac2,
  0xab02,0xab02,0xa2c2,0x92a1,0x7a20,0x7a21,0x7a20,0x7200,0x7200,0x7200,0x92a1,0x9aa1,
  0x8a81,0x9ac2,0x9281,0x8a61,0x8241,0x7a21,0x69c0,0x5180,0x61c0,0x7200,0x8a61,0x9ac2,
  0xab02,0x9aa1,0x8241,0x8221,0x7a21,0x7200,0x69e0,0x61a0,0x61a0,0x69e0,0x8240,0x92a1,
  0xb322,0xbb42,0xab02,0x8a81,0x7200,0x61a0,0x7200,0x7a20,0x7a00,0x7a20,0x7a20,0x7a20,
  0x71e0,0x69c0,0x8240,0x8240,0x7a41,0x8241,0x69e0,0x61c0,0x8241,0x7a01,0x8241,0x71e0,
  0x71e0,0x61c0,0x7a20,0x8240,0x9ac1,0x9ac1,0x9aa1,0x9ac1,0x9ac1,0x8a61,0x8260,0x7a20,
  0x7a20,0x7200,0x92a1,0xab02,0xb322,0xab02,0x9ac1,0x92a1,0x8a81,0x9281,0x8a61,0x8a61,
  0x92a1,0xab02,0xc362,0xbb42,0x92a1,0x69c0,0x61c0,0x61c0,0x61c0,0x69e0,0x61c0,0x5980,
  0x5180,0x7200,0x7a20,0x8a61,0xaae2,0xbb42,0xb322,0x8a81,0x7200,0x69c0,0x7200,0x71e0,
  0x61c0,0x69e0,0x7a20,0x61c0,0x61c0,0x7a20,0x7200,0x7200,0x7200,0x71e0,0x69e0,0x69e0,
  0x5960,0x5960,0x69a0,0x69a0,0x5980,0x4940,0x4100,0x4100,0x4920,0x6180,0x7a00,0x69c0,
  0x5960,0x5140,0x5160,0x61a0,0x69c0,0x79e0,0x8220,0x8200,0x69c0,0x69a0,0x69a0,0x69c0,
  0x71c0,0x69a0,0x61a0,0x71e0,0x71c0,0x71e0,0x71c0,0x69c0,0x71e0,0x8220,0x8a20,0x8a40,
  0x9260,0x8200,0x71e0,0x69c0,0x71e0,0x71e0,0x8200,0x79e0,0x7a00,0x71e0,0x71c0,0x79e0,
  0x79e0,0x79e0,0x69c0,0x71c0,0x69c0,0x69a0,0x69a0,0x61a0,0x71c0,0x79e0,0x7a00,0x8200,
  0x71e0,0x69a0,0x6180,0x5980,0x5960,0x69c0,0x71e0,0x71c0,0x79e0,0x79e0,0x79e0,0x69c0,
  0x71e0,0x71c0,0x79e0,0x7a00,0x7a00,0x79e0,0x71e0,0x71e0,0x69c0,0x71e0,0x71e0,0x71c0,
  0x71c0,0x69c0,0x69c0,0x71c0,0x71c0,0x69c0,0x61a0,0x69a0,0x5160,0x5980,0x61a0,0x69a0,
  0x5960,0x61a0,0x71e0,0x69c0,0x61a0,0x5140,0x30c0,0x4920,0x4120,0x4920,0x4940,0x4920,
  0x5140,0x38e0,0x4920,0x5960,0x5160,0x5160,0x5980,0x5140,0x5980,0x4920,0x5140,0x38e0,
  0x5960,0x61a0,0x71e1,0x61a0,0x69a0,0x79e0,0x69c0,0x71e0,0x71c0,0x7a00,0x5980,0x61a0,
  0x69a0,0x79e0,0x71e0,0x79e0,0x7a01,0x71e1,0x61a0,0x61a0,0x8220,0x79e0,0x5980,0x5960,
  0x5160,0x5960,0x5140,0x4920,0x5140,0x5980,0x69c0,0x61a0,0x5160,0x4920,0x4920,0x38e0,
  0x38e0,0x4100,0x38e0,0x38e0,0x4100,0x4920,0x4100,0x40e0,0x30c0,0x4100,0x38e0,0x4920,
  0x4100,0x4100,0x5140,0x5140,0x71c0,0x71e0,0x69a0,0x5960,0x4920,0x4920,0x5160,0x5960,
  0x5140,0x4920,0x4920,0x4920,0x38e0,0x4920,0x4120,0x4920,0x4920,0x4920,0x69a0,0x5960,
  0x4920,0x5140,0x5960,0x4940,0x5960,0x5960,0x6180,0x61a0,0x5960,0x69c0,0x61a0,0x69a0,
  0x69a0,0x6180,0x5980,0x69c0,0x61a0,0x69a0,0x71c0,0x8221,0x7a01,0x7a01,0x79e0,0x71e0,
  0x69c0,0x69a0,0x71e0,0x71e0,0x71c0,0x8221,0x8a41,0x8200,0x6180,0x38e0,0x4100,0x4920,
  0x5140,0x4920,0x4100,0x38e0,0x38e0,0x38e0,0x38c0,0x4100,0x5140,0x5960,0x4940,0x4920,
  0x4100,0x4120,0x4920,0x4100,0x4920,0x4920,0x5140,0x38e0,0x38e0,0x4920,0x61a0,0x5960,
  0x6180,0x5140,0x4920,0x5140,0x2080,0x2880,0x2880,0x2880,0x30c0,0x2060,0x1020,0x1860,
  0x1840,0x28a0,0x40e0,0x5960,0x2080,0x1840,0x28a0,0x30a0,0x30c0,0x28a0,0x30a0,0x30c0,
  0x2880,0x30c0,0x40e0,0x4920,0x40e0,0x30c0,0x4100,0x4920,0x4920,0x4100,0x40e0,0x38e0,
  0x40e0,0x40e0,0x5140,0x5140,0x5140,0x6180,0x4100,0x4100,0x4100,0x4920,0x4920,0x5960,
  0x5120,0x4100,0x38e0,0x4920,0x6180,0x5120,0x4900,0x4100,0x4100,0x4100,0x4100,0x40e0,
  0x4900,0x4920,0x5120,0x5120,0x4100,0x4920,0x4100,0x2880,0x38c0,0x4100,0x4900,0x5140,
  0x4920,0x4900,0x4900,0x4100,0x4900,0x38e0,0x38e0,0x38e0,0x38e0,0x38e0,0x38c0,0x30c0,
  0x30a0,0x40e0,0x40e0,0x40e0,0x2880,0x38c0,0x30c0,0x30a0,0x38e0,0x38c0,0x2880,0x2080,
  0x2060,0x28a0,0x38c0,0x30c0,0x38e0,0x30c0,0x28a0,0x2880,0x2060,0x1840,0x1840,0x1040,
  0x2880,0x2880,0x2880,0x28a0,0x2080,0x1040,0x1860,0x1840,0x2060,0x30a0,0x38e0,0x38e0,
  0x38c0,0x2080,0x1040,0x2080,0x30a0,0x40e0,0x4100,0x38c0,0x38c0,0x38c0,0x38c0,0x38e0,
  0x4100,0x38c0,0x38c0,0x38c0,0x4900,0x4100,0x5140,0x38e0,0x4100,0x4100,0x38c0,0x30a0,
  0x38c0,0x40e0,0x40e0,0x40e0,0x30a0,0x30a0,0x30a0,0x28a0,0x2880,0x28a0,0x30a0,0x38c0,
  0x30c0,0x30a0,0x2080,0x2060,0x2060,0x1860,0x1020,0x1840,0x1860,0x1840,0x2060,0x1040,
  0x0820,0x1020,0x2080,0x2060,0x28a0,0x2080,0x2060,0x2060,0x1840,0x38c0,0x38c0,0x30a0,
  0x30a0,0x30a0,0x2880,0x2880,0x28a0,0x30a0,0x30c0,0x2880,0x2060,0x2060,0x2060,0x2880,
  0x30a0,0x30c0,0x2060,0x2080,0x30c0,0x28a0,0x2060,0x28a0,0x30a0,0x40e0,0x38e0,0x4100,
  0x4100,0x38e0,0x4100,0x40e0,0x4100,0x4100,0x38c0,0x38c0,0x40e0,0x5120,0x5120,0x4920,
  0x4900,0x4920,0x40e0,0x38c0,0x4100,0x4900,0x5120,0x4100,0x5960,0x5140,0x5140,0x40e0,
  0x2080,0x28a0,0x2880,0x1860,0x2880,0x2060,0x2080,0x2060,0x2080,0x2060,0x2880,0x1840,
  0x1840,0x1840,0x2880,0x2080,0x2080,0x1040,0x2060,0x2080,0x2080,0x30a0,0x2060,0x2060,
  0x2060,0x1860,0x2060,0x2080,0x2060,0x2080,0x2880,0x30a0,
};

static const uint8_t lizard_polar_data[] = {
  0xb8,0x7f,0x00,0x0d,0x80,0x3b,0x81,0x3c,0x01,0x3d,0x81,0x3d,0x01,0x3e,0x01,0x3f,
  0x81,0x3f,0x01,0x40,0x81,0x40,0x81,0x41,0x01,0x42,0x81,0x42,0x01,0x43,0x00,0x44,
  0xb8,0x7f,0x00,0xb3,0x7f,0x00,0x17,0x80,0x38,0x01,0x39,0x02,0x3a,0x82,0x3a,0x02,
  0x3b,0x83,0x3b,0x83,0x3c,0x04,0x3d,0x84,0x3d,0x04,0x3e,0x04,0x3f,0x84,0x3f,0x04,
  0x40,0x84,0x40,0x84,0x41,0x04,0x42,0x84,0x42,0x03,0x43,0x03,0x44,0x82,0x44,0x02,
  0x45,0x82,0x45,0x81,0x46,0x00,0x47,0xb3,0x7f,0x00,0xad,0x7f,0x00,0x23,0x81,0x34,
  0x02,0x35,0x83,0x35,0x03,0x36,0x05,0x37,0x85,0x37,0x06,0x38,0x86,0x38,0x87,0x39,
  0x08,0x3a,0x88,0x3a,0x09,0x3b,0x89,0x3c,0x0a,0x3d,0x8a,0x3d,0x0a,0x3e,0x0b,0x3f,
  0x8b,0x3f,0x0b,0x40,0x8b,0x40,0x8a,0x41,0x0a,0x42,0x8a,0x42,0x0a,0x43,0x89,0x44,
  0x08,0x45,0x88,0x45,0x08,0x46,0x06,0x47,0x86,0x47,0x05,0x48,0x85,0x48,0x83,0x49,
  0x03,0x4a,0x82,0x4a,0x01,0x4b,0xad,0x7f,0x00,0xaa,0x7f,0x00,0x29,0x80,0x32,0x01,
  0x33,0x82,0x33,0x83,0x34,0x04,0x35,0x85,0x35,0x06,0x36,0x07,0x37,0x88,0x37,0x08,
  0x38,0x89,0x38,0x8a,0x39,0x0a,0x3a,0x8b,0x3a,0x0b,0x3b,0x8c,0x3c,0x0d,0x3d,0x8d,
  0x3d,0x0d,0x3e,0x0e,0x3f,0x8e,0x3f,0x0e,0x40,0x8e,0x40,0x8d,0x41,0x0d,0x42,0x8d,
  0x42,0x0c,0x43,0x8c,0x44,0x0b,0x45,0x8b,0x45,0x0a,0x46,0x09,0x47,0x88,0x47,0x08,
  0x48,0x87,0x48,0x86,0x49,0x05,0x4a,0x84,0x4a,0x04,0x4b,0x02,0x4c,0x81,0x4c,0x00,
  0x4d,0xaa,0x7f,0x00,0xa8,0x7f,0x00,0x2d,0x00,0x31,0x02,0x32,0x83,0x32,0x04,0x33,
  0x85,0x33,0x86,0x34,0x07,0x35,0x88,0x35,0x08,0x36,0x0a,0x37,0x8b,0x37,0x0b,0x38,
  0x8c,0x38,0x8d,0x39,0x0e,0x3a,0x8e,0x3a,0x0f,0x3b,0x0f,0x3c,0x90,0x3c,0x90,0x3d,
  0x10,0x3e,0x11,0x3f,0x91,0x3f,0x11,0x40,0x91,0x40,0x90,0x41,0x10,0x42,0x10,0x43,
  0x8f,0x43,0x8f,0x44,0x0e,0x45,0x8e,0x45,0x0d,0x46,0x0c,0x47,0x8b,0x47,0x0b,0x48,
  0x8a,0x48,0x89,0x49,0x08,0x4a,0x87,0x4a,0x06,0x4b,0x05,0x4c,0x84,0x4c,0x03,0x4d,
  0x82,0x4d,0x80,0x4e,0xa8,0x7f,0x00,0xa5,0x7f,0x00,0x33,0x80,0x2f,0x81,0x2f,0x01,
  0x30,0x82,0x30,0x84,0x31,0x05,0x32,0x86,0x32,0x07,0x33,0x09,0x34,0x89,0x34,0x0a,
  0x35,0x8b,0x35,0x0c,0x37,0x8d,0x37,0x0e,0x38,0x8f,0x38,0x90,0x39,0x10,0x3a,0x91,
  0x3a,0x11,0x3b,0x12,0x3c,0x93,0x3c,0x93,0x3d,0x13,0x3e,0x14,0x3f,0x94,0x3f,0x14,
  0x40,0x94,0x40,0x93,0x41,0x13,0x42,0x13,0x43,0x92,0x43,0x92,0x44,0x11,0x45,0x90,
  0x45,0x10,0x46,0x0f,0x47,0x8e,0x47,0x0d,0x48,0x8d,0x48,0x0b,0x4a,0x8a,0x4a,0x0a,
  0x4b,0x89,0x4b,0x87,0x4c,0x06,0x4d,0x85,0x4d,0x04,0x4e,0x03,0x4f,0x82,0x4f,0x01,
  0x50,0x00,0x50,0xa5,0x7f,0x00,0xa2,0x7f,0x00,0x39,0x00,0x2d,0x81,0x2d,0x02,0x2e,
  0x04,0x2f,0x85,0x2f,0x06,0x30,0x87,0x30,0x89,0x31,0x0a,0x32,0x8b,0x32,0x0c,0x33,
  0x0e,0x34,0x8e,0x34,0x0f,0x35,0x90,0x35,0x92,0x36,0x12,0x37,0x93,0x37,0x14,0x38,
  0x95,0x39,0x16,0x3a,0x97,0x3a,0x17,0x3b,0x18,0x3c,0x99,0x3c,0x19,0x3d,0x19,0x3e,
  0x1a,0x3f,0x9b,0x3f,0x1b,0x40,0x9a,0x40,0x9a,0x41,0x99,0x42,0x19,0x43,0x98,0x43,
  0x97,0x44,0x17,0x45,0x96,0x45,0x16,0x46,0x94,0x47,0x13,0x48,0x93,0x48,0x12,0x49,
  0x10,0x4a,0x90,0x4a,0x0f,0x4b,0x8e,0x4b,0x8c,0x4c,0x0b,0x4d,0x8a,0x4d,0x09,0x4e,
  0x07,0x4f,0x86,0x4f,0x05,0x50,0x84,0x50,0x82,0x51,0x01,0x52,0x80,0x52,0xa2,0x7f,
  0x00,0xa1,0x7f,0x00,0x3b,0x81,0x2c,0x82,0x2c,0x03,0x2d,0x84,0x2d,0x86,0x2e,0x07,
  0x2f,0x88,0x2f,0x09,0x30,0x0b,0x31,0x8c,0x31,0x0d,0x32,0x8e,0x32,0x90,0x33,0x11,
  0x34,0x12,0x35,0x93,0x35,0x94,0x36,0x15,0x37,0x96,0x37,0x17,0x38,0x18,0x39,0x99,
  0x39,0x99,0x3a,0x1a,0x3b,0x1b,0x3c,0x9c,0x3c,0x1c,0x3d,0x9c,0x3d,0x1d,0x3f,0x9e,
  0x3f,0x1e,0x40,0x9d,0x40,0x1d,0x42,0x9c,0x42,0x1c,0x43,0x9b,0x43,0x9a,0x44,0x19,
  0x45,0x19,0x46,0x98,0x46,0x97,0x47,0x16,0x48,0x95,0x48,0x14,0x49,0x13,0x4a,0x92,
  0x4a,0x91,0x4b,0x10,0x4c,0x0e,0x4d,0x8d,0x4d,0x0c,0x4e,0x8b,0x4e,0x89,0x4f,0x08,
  0x50,0x87,0x50,0x06,0x51,0x04,0x52,0x83,0x52,0x02,0x53,0x01,0x53,0xa1,0x7f,0x00,
  0x9f,0x7f,0x00,0x3f,0x80,0x2a,0x01,0x2b,0x03,0x2c,0x84,0x2c,0x05,0x2d,0x86,0x2d,
  0x88,0x2e,0x09,0x2f,0x8a,0x2f,0x0b,0x30,0x0d,0x31,0x8e,0x31,0x0f,0x32,0x90,0x32,
  0x92,0x33,0x13,0x34,0x94,0x34,0x15,0x35,0x97,0x36,0x17,0x37,0x98,0x37,0x19,0x38,
  0x1b,0x39,0x9b,0x39,0x1c,0x3a,0x1d,0x3b,0x1e,0x3c,0x9e,0x3c,0x1f,0x3d,0x9f,0x3d,
  0x20,0x3f,0xa1,0x3f,0x21,0x40,0xa0,0x40,0x1f,0x42,0x9f,0x42,0x1e,0x43,0x9e,0x43,
  0x9d,0x44,0x9c,0x45,0x1b,0x46,0x9b,0x46,0x99,0x47,0x18,0x48,0x98,0x48,0x17,0x49,
  0x95,0x4a,0x14,0x4b,0x93,0x4b,0x12,0x4c,0x10,0x4d,0x90,0x4d,0x0e,0x4e,0x8d,0x4e,
  0x8b,0x4f,0x0a,0x50,0x89,0x50,0x08,0x51,0x06,0x52,0x85,0x52,0x04,0x53,0x83,0x53,
  0x81,0x54,0x00,0x55,0x9f,0x7f,0x00,0x9e,0x7f,0x00,0x41,0x00,0x2a,0x82,0x2a,0x03,
  0x2b,0x05,0x2c,0x86,0x2c,0x87,0x2c,0x08,0x2d,0x0a,0x2e,0x8c,0x2e,0x0d,0x2f,0x8e,
  0x2f,0x90,0x30,0x11,0x31,0x12,0x32,0x93,0x32,0x95,0x33,0x16,0x34,0x97,0x34,0x18,
  0x35,0x19,0x36,0x9a,0x36,0x9b,0x37,0x1c,0x38,0x1d,0x39,0x9e,0x39,0x1f,0x3a,0xa0,
  0x3a,0x21,0x3c,0xa2,0x3c,0x22,0x3d,0xa3,0x3d,0x23,0x3f,0xa4,0x3f,0x24,0x40,0xa4,
  0x40,0x23,0x42,0xa2,0x42,0x22,0x43,0xa1,0x43,0x20,0x45,0x9f,0x45,0x1e,0x46,0x9e,
  0x46,0x9c,0x47,0x1b,0x48,0x1a,0x49,0x9a,0x49,0x98,0x4a,0x17,0x4b,0x96,0x4b,0x15,
  0x4c,0x13,0x4d,0x92,0x4d,0x91,0x4e,0x10,0x4f,0x0e,0x50,0x8d,0x50,0x0c,0x51,0x8b,
  0x51,0x89,0x52,0x07,0x53,0x06,0x53,0x85,0x53,0x83,0x54,0x02,0x55,0x81,0x55,0x9e,
  0x7f,0x00,0x9c,0x7f,0x00,0x45,0x01,0x28,0x03,0x29,0x84,0x29,0x06,0x2a,0x87,0x2a,
  0x89,0x2b,0x0a,0x2c,0x8b,0x2c,0x8d,0x2c,0x8f,0x2d,0x10,0x2e,0x91,0x2e,0x92,0x2f,
  0x94,0x30,0x15,0x31,0x97,0x31,0x18,0x32,0x1a,0x33,0x9b,0x33,0x1c,0x34,0x9d,0x34,
  0x1f,0x36,0x9f,0x36,0x20,0x37,0xa1,0x37,0x23,0x39,0xa4,0x39,0x24,0x3a,0xa5,0x3a,
  0x27,0x3c,0xa8,0x3c,0x28,0x3d,0xa9,0x3d,0x2a,0x3f,0xaa,0x3f,0x2a,0x40,0xaa,0x40,
  0x29,0x42,0xa8,0x42,0x28,0x43,0xa7,0x43,0x26,0x45,0xa5,0x45,0x24,0x46,0xa3,0x46,
  0x21,0x48,0xa0,0x48,0x20,0x49,0x9f,0x49,0x1d,0x4b,0x9c,0x4b,0x1b,0x4c,0x9a,0x4c,
  0x98,0x4d,0x17,0x4e,0x96,0x4e,0x15,0x4f,0x12,0x50,0x11,0x51,0x90,0x51,0x0f,0x52,
  0x0d,0x53,0x0c,0x53,0x8b,0x53,0x09,0x54,0x07,0x55,0x86,0x55,0x05,0x56,0x84,0x56,
  0x81,0x57,0x9c,0x7f,0x00,0x9a,0x7f,0x00,0x49,0x00,0x27,0x81,0x27,0x03,0x28,0x85,
  0x28,0x06,0x29,0x87,0x29,0x09,0x2a,0x0b,0x2b,0x8c,0x2b,0x0d,0x2c,0x8f,0x2c,0x91,
  0x2d,0x12,0x2e,0x93,0x2e,0x14,0x2f,0x16,0x30,0x97,0x30,0x19,0x31,0x9a,0x31,0x1c,
  0x33,0x9d,0x33,0x1e,0x34,0x9f,0x34,0xa1,0x35,0xa2,0x36,0x23,0x37,0xa4,0x37,0xa6,
  0x38,0xa6,0x39,0x27,0x3a,0xa8,0x3a,0xa9,0x3b,0xaa,0x3c,0x2b,0x3d,0xac,0x3d,0x2d,
  0x3f,0xae,0x3f,0x2e,0x40,0xad,0x40,0x2c,0x42,0xab,0x42,0x2b,0x43,0x2a,0x44,0x28,
  0x45,0xa7,0x45,0x26,0x46,0x26,0x47,0x24,0x48,0xa3,0x48,0x22,0x49,0x21,0x4a,0x1f,
  0x4b,0x9e,0x4b,0x1d,0x4c,0x9c,0x4c,0x1a,0x4e,0x99,0x4e,0x18,0x4f,0x97,0x4f,0x94,
  0x50,0x13,0x51,0x92,0x51,0x11,0x52,0x0f,0x53,0x8e,0x53,0x0c,0x54,0x8b,0x54,0x89,
  0x55,0x08,0x56,0x86,0x56,0x05,0x57,0x83,0x57,0x02,0x58,0x80,0x58,0x9a,0x7f,0x00,
  0x99,0x7f,0x00,0x4b,0x80,0x26,0x82,0x26,0x03,0x27,0x84,0x27,0x87,0x28,0x08,0x29,
  0x89,0x29,0x0a,0x2a,0x0d,0x2b,0x8e,0x2b,0x8f,0x2b,0x10,0x2c,0x13,0x2d,0x14,0x2e,
  0x95,0x2e,0x16,0x2f,0x18,0x30,0x99,0x30,0x1b,0x31,0x9c,0x31,0x9e,0x32,0x1f,0x33,
  0x20,0x34,0xa1,0x34,0xa3,0x35,0x24,0x36,0xa5,0x36,0xa6,0x37,0xa8,0x38,0x29,0x39,
  0x2a,0x3a,0xab,0x3a,0xac,0x3b,0xad,0x3c,0x2e,0x3d,0xae,0x3d,0x30,0x3f,0xb0,0x3f,
  0x30,0x40,0xb0,0x40,0x2e,0x42,0xae,0x42,0x2d,0x43,0x2c,0x44,0x2b,0x45,0xaa,0x45,
  0xa9,0x46,0x28,0x47,0x26,0x48,0x25,0x49,0xa4,0x49,0x23,0x4a,0x21,0x4b,0xa0,0x4b,
  0x9f,0x4c,0x1e,0x4d,0x1c,0x4e,0x9b,0x4e,0x1a,0x4f,0x99,0x4f,0x96,0x50,0x15,0x51,
  0x94,0x51,0x93,0x52,0x91,0x53,0x0f,0x54,0x0e,0x54,0x8d,0x54,0x8b,0x55,0x09,0x56,
  0x88,0x56,0x07,0x57,0x05,0x58,0x83,0x58,0x02,0x59,0x01,0x59,0x99,0x7f,0x00,0x98,
  0x7f,0x00,0x4d,0x00,0x25,0x02,0x26,0x84,0x26,0x05,0x27,0x86,0x27,0x09,0x28,0x8a,
  0x28,0x0b,0x29,0x8d,0x29,0x8f,0x2a,0x10,0x2b,0x91,0x2b,0x13,0x2c,0x15,0x2d,0x96,
  0x2d,0x17,0x2e,0x98,0x2e,0x9b,0x2f,0x1c,0x30,0x9d,0x30,0x9e,0x31,0xa0,0x32,0x21,
  0x33,0xa3,0x33,0x24,0x34,0xa6,0x35,0x27,0x36,0xa8,0x36,0x29,0x37,0xab,0x38,0x2c,
  0x39,0xac,0x39,0xad,0x3a,0xaf,0x3b,0x30,0x3c,0x31,0x3d,0xb2,0x3d,0x33,0x3f,0xb4,
  0x3f,0x34,0x40,0xb3,0x40,0x32,0x42,0xb1,0x42,0xb0,0x43,0x2f,0x44,0x2e,0x45,0x2d,
  0x46,0xac,0x46,0x2b,0x47,0xa9,0x48,0x28,0x49,0xa7,0x49,0x26,0x4a,0xa4,0x4b,0x23,
  0x4c,0xa2,0x4c,0x21,0x4d,0x1e,0x4e,0x1d,0x4f,0x9c,0x4f,0x1b,0x50,0x19,0x51,0x98,
  0x51,0x17,0x52,0x95,0x52,0x93,0x53,0x12,0x54,0x91,0x54,0x0f,0x55,0x0d,0x56,0x8c,
  0x56,0x0a,0x57,0x89,0x57,0x07,0x58,0x85,0x58,0x04,0x59,0x83,0x59,0x80,0x5a,0x98,
  0x7f,0x00,0x96,0x7f,0x00,0x51,0x80,0x23,0x02,0x24,0x83,0x24,0x86,0x25,0x07,0x26,
  0x08,0x26,0x8a,0x26,0x8c,0x27,0x0d,0x28,0x8f,0x28,0x10,0x29,0x12,0x2a,0x94,0x2a,
  0x15,0x2b,0x96,0x2b,0x99,0x2c,0x1a,0x2d,0x9b,0x2d,0x1c,0x2e,0x1f,0x2f,0xa0,0x2f,
  0xa1,0x30,0x22,0x31,0x24,0x32,0xa6,0x32,0x27,0x33,0x28,0x34,0x2a,0x35,0xab,0x35,
  0xac,0x36,0x2d,0x37,0x2f,0x38,0x30,0x39,0xb1,0x39,0x32,0x3a,0xb4,0x3b,0x35,0x3c,
  0x36,0x3d,0xb7,0x3d,0x39,0x3f,0xba,0x3f,0x3a,0x40,0xb9,0x40,0x37,0x42,0xb6,0x42,
  0xb6,0x43,0x34,0x44,0xb3,0x45,0x32,0x46,0xb1,0x46,0xb0,0x47,0xae,0x48,0x2c,0x49,
  0x2b,0x4a,0xaa,0x4a,0xa8,0x4b,0xa7,0x4c,0x26,0x4d,0xa5,0x4d,0xa2,0x4e,0x21,0x4f,
  0x20,0x50,0x9f,0x50,0x9c,0x51,0x1b,0x52,0x9a,0x52,0x19,0x53,0x17,0x54,0x95,0x54,
  0x14,0x55,0x93,0x55,0x90,0x56,0x0f,0x57,0x8e,0x57,0x0c,0x58,0x0a,0x59,0x89,0x59,
  0x87,0x59,0x06,0x5a,0x03,0x5b,0x82,0x5b,0x00,0x5c,0x96,0x7f,0x00,0x95,0x7f,0x00,
  0x53,0x01,0x23,0x82,0x23,0x03,0x24,0x05,0x24,0x07,0x25,0x89,0x25,0x0a,0x26,0x8c,
  0x26,0x8e,0x27,0x8f,0x27,0x11,0x28,0x92,0x28,0x94,0x29,0x16,0x2a,0x97,0x2a,0x18,
  0x2b,0x1b,0x2c,0x9c,0x2c,0x9d,0x2d,0x1e,0x2e,0x21,0x2f,0xa2,0x2f,0x23,0x30,0xa5,
  0x30,0x27,0x32,0xa8,0x32,0x29,0x33,0xaa,0x33,0x2d,0x35,0xae,0x35,0x2f,0x36,0x30,
  0x37,0x32,0x38,0xb3,0x38,0xb4,0x39,0x35,0x3a,0xb7,0x3b,0x38,0x3c,0xb9,0x3c,0xba,
  0x3d,0xbc,0x3e,0xbd,0x3f,0x3d,0x40,0x3c,0x41,0x3a,0x42,0x3a,0x43,0xb9,0x43,0x37,
  0x44,0xb6,0x45,0x34,0x46,0x33,0x47,0xb2,0x47,0xb0,0x48,0xaf,0x49,0x2e,0x4a,0xad,
  0x4a,0x2b,0x4c,0xaa,0x4c,0x28,0x4d,0xa7,0x4d,0x25,0x4f,0xa4,0x4f,0x22,0x50,0xa1,
  0x50,0x9f,0x51,0x1e,0x52,0x1c,0x53,0x9b,0x53,0x99,0x54,0x17,0x55,0x96,0x55,0x15,
  0x56,0x12,0x57,0x91,0x57,0x10,0x58,0x0e,0x58,0x0c,0x59,0x8a,0x59,0x09,0x5a,0x88,
  0x5a,0x85,0x5b,0x84,0x5b,0x02,0x5c,0x81,0x5c,0x95,0x7f,0x00,0x95,0x7f,0x00,0x53,
  0x82,0x22,0x03,0x23,0x85,0x23,0x06,0x24,0x89,0x24,0x0a,0x25,0x8c,0x25,0x0d,0x26,
  0x10,0x27,0x91,0x27,0x12,0x28,0x94,0x28,0x96,0x29,0x17,0x2a,0x99,0x2a,0x1a,0x2b,
  0x1d,0x2c,0x9e,0x2c,0x1f,0x2d,0xa0,0x2d,0xa3,0x2e,0xa4,0x2f,0x25,0x30,0xa6,0x30,
  0xa9,0x31,0x2a,0x32,0x2b,0x33,0xac,0x33,0xaf,0x34,0xb0,0x35,0x31,0x36,0xb2,0x36,
  0x35,0x38,0xb6,0x38,0xb7,0x39,0x38,0x3a,0xba,0x3b,0x3b,0x3c,0xbc,0x3c,0xbd,0x3d,
  0xbf,0x3e,0xc0,0x3f,0x40,0x40,0x3f,0x41,0x3d,0x42,0x3c,0x43,0xbb,0x43,0x3a,0x44,
  0xb8,0x45,0x37,0x46,0x36,0x47,0xb5,0x47,0x32,0x49,0xb1,0x49,0x30,0x4a,0x2f,0x4b,
  0x2d,0x4c,0xac,0x4c,0xaa,0x4d,0x29,0x4e,0x27,0x4f,0xa6,0x4f,0x24,0x50,0x23,0x51,
  0x21,0x52,0x9f,0x52,0x1e,0x53,0x9d,0x53,0x9a,0x54,0x19,0x55,0x98,0x55,0x16,0x56,
  0x14,0x57,0x92,0x57,0x11,0x58,0x90,0x58,0x8d,0x59,0x0c,0x5a,0x8b,0x5a,0x09,0x5b,
  0x87,0x5b,0x05,0x5c,0x84,0x5c,0x03,0x5d,0x95,0x7f,0x00,0x93,0x7f,0x00,0x57,0x00,
  0x21,0x81,0x21,0x84,0x22,0x85,0x22,0x06,0x23,0x88,0x23,0x8a,0x24,0x0c,0x25,0x8d,
  0x25,0x8f,0x25,0x91,0x26,0x13,0x27,0x94,0x27,0x15,0x28,0x18,0x29,0x99,0x29,0x1a,
  0x2a,0x9c,0x2a,0x9e,0x2b,0x20,0x2c,0xa1,0x2c,0xa2,0x2d,0xa5,0x2e,0x26,0x2f,0xa7,
  0x2f,0x28,0x30,0xab,0x31,0x2c,0x32,0xad,0x32,0xae,0x33,0xb1,0x34,0x32,0x35,0x33,
  0x36,0xb4,0x36,0x37,0x38,0xb8,0x38,0x39,0x39,0x3a,0x3a,0x3c,0x3b,0x3e,0x3c,0xbf,
  0x3c,0xc0,0x3d,0xc2,0x3e,0xc3,0x3f,0x43,0x40,0x42,0x41,0x40,0x42,0x3f,0x43,0xbe,
  0x43,0xbd,0x44,0xba,0x45,0xb9,0x46,0x38,0x47,0xb7,0x47,0x35,0x49,0xb3,0x49,0xb2,
  0x4a,0x31,0x4b,0x2f,0x4c,0x2e,0x4d,0xac,0x4d,0x2b,0x4e,0xa9,0x4f,0x27,0x50,0xa6,
  0x50,0x25,0x51,0x22,0x52,0x21,0x53,0xa0,0x53,0x1f,0x54,0x1c,0x55,0x9b,0x55,0x19,
  0x56,0x98,0x56,0x95,0x57,0x14,0x58,0x93,0x58,0x12,0x59,0x0f,0x5a,0x0e,0x5a,0x8c,
  0x5a,0x0b,0x5b,0x08,0x5c,0x87,0x5c,0x05,0x5d,0x04,0x5d,0x01,0x5e,0x80,0x5e,0x93,
  0x7f,0x00,0x91,0x7f,0x00,0x5b,0x00,0x20,0x01,0x20,0x83,0x20,0x04,0x21,0x87,0x21,
  0x08,0x22,0x8a,0x22,0x0b,0x23,0x8e,0x23,0x0f,0x24,0x91,0x24,0x12,0x25,0x15,0x26,
  0x96,0x26,0x17,0x27,0x99,0x27,0x9b,0x28,0x1d,0x29,0x9e,0x29,0x1f,0x2a,0x22,0x2b,
  0xa3,0x2b,0x25,0x2c,0xa6,0x2c,0x29,0x2e,0xaa,0x2e,0x2b,0x2f,0xac,0x2f,0x2f,0x31,
  0xb0,0x31,0x32,0x32,0x33,0x33,0x35,0x34,0x36,0x35,0xb8,0x35,0x39,0x36,0xbc,0x37,
  0xbd,0x38,0x3e,0x39,0xbf,0x39,0x42,0x3b,0x43,0x3c,0xc4,0x3c,0x45,0x3d,0xc8,0x3e,
  0xca,0x3f,0x4a,0x40,0x48,0x41,0xc6,0x42,0x45,0x43,0xc3,0x43,0xc2,0x44,0x40,0x46,
  0xbe,0x46,0x3d,0x47,0x3c,0x48,0xb9,0x49,0x38,0x4a,0xb7,0x4a,0xb6,0x4b,0xb3,0x4c,
  0xb2,0x4d,0x30,0x4e,0xaf,0x4e,0x2d,0x50,0xab,0x50,0x2a,0x51,0xa9,0x51,0x26,0x53,
  0xa5,0x53,0x24,0x54,0xa2,0x54,0xa0,0x55,0x1e,0x56,0x9d,0x56,0x1c,0x57,0x19,0x58,
  0x98,0x58,0x16,0x59,0x95,0x59,0x92,0x5a,0x11,0x5b,0x8f,0x5b,0x0e,0x5c,0x8b,0x5c,
  0x0a,0x5d,0x88,0x5d,0x07,0x5e,0x84,0x5e,0x03,0x5f,0x81,0x5f,0x00,0x60,0x91,0x7f,
  0x00,0x91,0x7f,0x00,0x5b,0x81,0x1f,0x03,0x20,0x04,0x20,0x86,0x20,0x88,0x21,0x8a,
  0x21,0x0b,0x22,0x8d,0x22,0x8f,0x23,0x11,0x24,0x12,0x24,0x94,0x24,0x96,0x25,0x18,
  0x26,0x99,0x26,0x1b,0x27,0x1d,0x28,0x9f,0x28,0x20,0x29,0xa1,0x29,0xa4,0x2a,0xa5,
  0x2b,0x27,0x2c,0xa8,0x2c,0xab,0x2d,0x2c,0x2e,0x2d,0x2f,0xaf,0x2f,0xb1,0x30,0xb3,
  0x31,0x34,0x32,0xb5,0x32,0x38,0x34,0xb9,0x34,0xba,0x35,0x3c,0x36,0xbe,0x37,0x3f,
  0x38,0x41,0x39,0xc2,0x39,0x44,0x3b,0xc6,0x3b,0xc7,0x3c,0x49,0x3d,0xcb,0x3e,0xcd,
  0x3f,0x4d,0x40,0x4c,0x41,0xc9,0x42,0x48,0x43,0x46,0x44,0xc5,0x44,0x42,0x46,0xc1,
  0x46,0xc0,0x47,0x3e,0x48,0xbc,0x49,0x3a,0x4a,0x39,0x4b,0xb8,0x4b,0x35,0x4d,0xb4,
  0x4d,0x33,0x4e,0x32,0x4f,0x2f,0x50,0xae,0x50,0xac,0x51,0x2b,0x52,0x28,0x53,0xa7,
  0x53,0x26,0x54,0x24,0x55,0x22,0x56,0xa0,0x56,0x1f,0x57,0x9d,0x57,0x9b,0x58,0x19,
  0x59,0x98,0x59,0x17,0x5a,0x14,0x5b,0x93,0x5b,0x91,0x5b,0x10,0x5c,0x0d,0x5d,0x8c,
  0x5d,0x0a,0x5e,0x09,0x5e,0x06,0x5f,0x85,0x5f,0x03,0x60,0x02,0x60,0x91,0x7f,0x00,
  0x90,0x7f,0x00,0x5d,0x80,0x1e,0x03,0x1f,0x84,0x1f,0x05,0x20,0x07,0x20,0x0a,0x21,
  0x8b,0x21,0x8d,0x21,0x0e,0x22,0x11,0x23,0x92,0x23,0x14,0x24,0x95,0x24,0x18,0x25,
  0x99,0x25,0x1b,0x26,0x9c,0x26,0x9f,0x27,0x20,0x28,0x21,0x29,0xa3,0x29,0xa6,0x2a,
  0x27,0x2b,0xa8,0x2b,0x2a,0x2c,0xac,0x2d,0x2e,0x2e,0xaf,0x2e,0x30,0x2f,0xb3,0x30,
  0x34,0x31,0x36,0x32,0xb7,0x32,0x3a,0x34,0xbb,0x34,0x3c,0x35,0x3e,0x36,0xc0,0x37,
  0x42,0x38,0xc3,0x38,0xc4,0x39,0x47,0x3b,0xc8,0x3b,0xca,0x3c,0x4b,0x3d,0xce,0x3e,
  0xd0,0x3f,0x50,0x40,0x4f,0x41,0xcb,0x42,0x4a,0x43,0x49,0x44,0xc7,0x44,0x45,0x46,
  0x43,0x47,0xc2,0x47,0x41,0x48,0xbe,0x49,0xbc,0x4a,0x3b,0x4b,0xba,0x4b,0x37,0x4d,
  0xb6,0x4d,0xb5,0x4e,0x33,0x4f,0xb1,0x50,0x2f,0x51,0xae,0x51,0x2d,0x52,0xaa,0x53,
  0x29,0x54,0xa7,0x54,0x26,0x55,0x23,0x56,0xa2,0x56,0xa0,0x57,0x1f,0x58,0x1c,0x59,
  0x9b,0x59,0x1a,0x5a,0x98,0x5a,0x15,0x5b,0x94,0x5b,0x13,0x5c,0x91,0x5c,0x8e,0x5d,
  0x0d,0x5e,0x0b,0x5e,0x8a,0x5e,0x87,0x5f,0x06,0x60,0x04,0x60,0x83,0x60,0x00,0x61,
  0x90,0x7f,0x00,0x90,0x7f,0x00,0x5d,0x01,0x1e,0x84,0x1e,0x05,0x1f,0x87,0x1f,0x08,
  0x20,0x8b,0x20,0x0c,0x21,0x8e,0x21,0x8f,0x21,0x92,0x22,0x14,0x23,0x95,0x23,0x16,
  0x24,0x19,0x25,0x9b,0x25,0x1c,0x26,0x9d,0x26,0xa0,0x27,0x22,0x28,0xa3,0x28,0x24,
  0x29,0x27,0x2a,0xa9,0x2a,0x2a,0x2b,0x2b,0x2c,0x2e,0x2d,0xaf,0x2d,0xb1,0x2e,0x32,
  0x2f,0x35,0x30,0x36,0x31,0xb7,0x31,0x39,0x32,0xbb,0x33,0xbd,0x34,0x3e,0x35,0xbf,
  0x35,0x42,0x37,0x44,0x38,0xc5,0x38,0xc6,0x39,0x49,0x3b,0xcb,0x3b,0xcc,0x3c,0x4e,
  0x3d,0xd1,0x3e,0xd3,0x3f,0x53,0x40,0x51,0x41,0xce,0x42,0x4d,0x43,0x4b,0x44,0xc9,
  0x44,0x47,0x46,0x45,0x47,0xc4,0x47,0xc3,0x48,0x40,0x4a,0xbe,0x4a,0x3d,0x4b,0x3c,
  0x4c,0xb9,0x4d,0x38,0x4e,0xb6,0x4e,0xb5,0x4f,0xb2,0x50,0x31,0x51,0x30,0x52,0xae,
  0x52,0xac,0x53,0xaa,0x54,0x29,0x55,0xa7,0x55,0xa5,0x56,0x23,0x57,0xa2,0x57,0x20,
  0x58,0x1e,0x59,0x9c,0x59,0x1b,0x5a,0x9a,0x5a,0x97,0x5b,0x15,0x5c,0x94,0x5c,0x12,
  0x5d,0x10,0x5e,0x0e,0x5e,0x8d,0x5e,0x0b,0x5f,0x08,0x60,0x07,0x60,0x86,0x60,0x04,
  0x61,0x81,0x61,0x90,0x7f,0x00,0x8e,0x7f,0x00,0x61,0x81,0x1c,0x02,0x1d,0x03,0x1d,
  0x06,0x1e,0x08,0x1e,0x89,0x1e,0x0b,0x1f,0x0e,0x20,0x0f,0x20,0x91,0x20,0x12,0x21,
  0x15,0x22,0x96,0x22,0x98,0x22,0x19,0x23,0x1c,0x24,0x9e,0x24,0x1f,0x25,0xa1,0x25,
  0xa3,0x26,0x25,0x27,0xa6,0x27,0xa8,0x28,0xaa,0x29,0x2c,0x2a,0xad,0x2a,0x2f,0x2b,
  0xb2,0x2c,0x33,0x2d,0xb4,0x2d,0xb6,0x2e,0xb9,0x2f,0xba,0x30,0x3b,0x31,0xbd,0x31,
  0x40,0x33,0x41,0x34,0xc2,0x34,0xc4,0x35,0x47,0x37,0xc8,0x37,0xc9,0x38,0x4b,0x39,
  0xce,0x3a,0xd0,0x3b,0x51,0x3c,0x53,0x3d,0xd7,0x3e,0xd9,0x3f,0x59,0x40,0x57,0x41,
  0xd3,0x42,0xd2,0x43,0x50,0x44,0x4e,0x45,0xcb,0x46,0x4a,0x47,0x48,0x48,0xc7,0x48,
  0x44,0x4a,0x43,0x4b,0xc1,0x4b,0xc0,0x4c,0x3d,0x4e,0xbc,0x4e,0x3a,0x4f,0x39,0x50,
  0x36,0x51,0x35,0x52,0xb3,0x52,0x32,0x53,0xaf,0x54,0x2e,0x55,0xac,0x55,0x2b,0x56,
  0x28,0x57,0x27,0x58,0xa5,0x58,0x24,0x59,0x21,0x5a,0x9f,0x5a,0x1e,0x5b,0x9d,0x5b,
  0x9a,0x5c,0x18,0x5d,0x17,0x5d,0x95,0x5d,0x92,0x5e,0x11,0x5f,0x8f,0x5f,0x0e,0x60,
  0x8b,0x60,0x0a,0x61,0x88,0x61,0x87,0x61,0x84,0x62,0x82,0x62,0x01,0x63,0x8e,0x7f,
  0x00,0x8d,0x7f,0x00,0x63,0x00,0x1c,0x02,0x1c,0x83,0x1c,0x05,0x1d,0x88,0x1d,0x09,
  0x1e,0x0b,0x1e,0x8c,0x1e,0x8f,0x1f,0x10,0x20,0x12,0x20,0x93,0x20,0x96,0x21,0x18,
  0x22,0x99,0x22,0x1b,0x23,0x9e,0x23,0x1f,0x24,0xa0,0x24,0x22,0x25,0xa5,0x26,0x26,
  0x27,0xa8,0x27,0x29,0x28,0x2c,0x29,0xad,0x29,0x2f,0x2a,0x30,0x2b,0x33,0x2c,0xb4,
  0x2c,0xb6,0x2d,0x37,0x2e,0xba,0x2f,0x3c,0x30,0xbd,0x30,0xbe,0x31,0x41,0x33,0xc3,
  0x33,0xc4,0x34,0x46,0x35,0xc9,0x36,0xca,0x37,0x4b,0x38,0x4d,0x39,0xd0,0x3a,0xd2,
  0x3b,0x53,0x3c,0x55,0x3d,0xd9,0x3e,0xdc,0x3f,0x5c,0x40,0x5a,0x41,0xd6,0x42,0xd4,
  0x43,0x52,0x44,0x50,0x45,0xcd,0x46,0xcc,0x47,0x4a,0x48,0x49,0x49,0xc6,0x4a,0x44,
  0x4b,0x43,0x4c,0xc2,0x4c,0x3f,0x4e,0x3d,0x4f,0xbc,0x4f,0x3b,0x50,0xb8,0x51,0x36,
  0x52,0x35,0x53,0xb3,0x53,0xb0,0x54,0xaf,0x55,0x2e,0x56,0xac,0x56,0xa9,0x57,0x28,
  0x58,0xa6,0x58,0x25,0x59,0xa2,0x5a,0x21,0x5b,0x9f,0x5b,0x1e,0x5c,0x9b,0x5c,0x1a,
  0x5d,0x98,0x5d,0x17,0x5e,0x14,0x5f,0x92,0x5f,0x11,0x60,0x0f,0x60,0x0c,0x61,0x8b,
  0x61,0x89,0x61,0x08,0x62,0x85,0x62,0x04,0x63,0x82,0x63,0x80,0x63,0x8d,0x7f,0x00,
  0x8d,0x7f,0x00,0x63,0x81,0x1b,0x83,0x1b,0x05,0x1c,0x86,0x1c,0x09,0x1d,0x8a,0x1d,
  0x0c,0x1e,0x0d,0x1e,0x10,0x1f,0x92,0x1f,0x13,0x20,0x15,0x20,0x18,0x21,0x99,0x21,
  0x1b,0x22,0x9c,0x22,0x9f,0x23,0x21,0x24,0xa2,0x24,0x23,0x25,0x26,0x26,0xa8,0x26,
  0x29,0x27,0xab,0x27,0xae,0x28,0xaf,0x29,0x31,0x2a,0xb2,0x2a,0xb5,0x2b,0xb6,0x2c,
  0x38,0x2d,0xb9,0x2d,0x3c,0x2f,0x3e,0x30,0xbf,0x30,0x41,0x31,0xc3,0x32,0xc5,0x33,
  0x46,0x34,0x48,0x35,0xcb,0x36,0x4c,0x37,0x4e,0x38,0x4f,0x39,0xd3,0x3a,0x54,0x3b,
  0x56,0x3c,0x58,0x3d,0xdc,0x3e,0xdf,0x3f,0x5f,0x40,0x5d,0x41,0xd8,0x42,0xd7,0x43,
  0xd5,0x44,0x53,0x45,0xd0,0x46,0xce,0x47,0xcd,0x48,0x4b,0x49,0xc8,0x4a,0xc7,0x4b,
  0x45,0x4c,0x44,0x4d,0xc1,0x4e,0x3f,0x4f,0xbe,0x4f,0xbd,0x50,0x3a,0x52,0xb8,0x52,
  0x37,0x53,0x35,0x54,0x32,0x55,0xb1,0x55,0x2f,0x56,0x2e,0x57,0x2b,0x58,0xaa,0x58,
  0x28,0x59,0xa7,0x59,0xa4,0x5a,0x22,0x5b,0xa1,0x5b,0x1f,0x5c,0x1d,0x5d,0x9b,0x5d,
  0x1a,0x5e,0x98,0x5e,0x95,0x5f,0x14,0x60,0x12,0x60,0x91,0x60,0x8e,0x61,0x8c,0x61,
  0x0b,0x62,0x89,0x62,0x06,0x63,0x85,0x63,0x03,0x64,0x02,0x64,0x8d,0x7f,0x00,0x8c,
  0x7f,0x00,0x65,0x80,0x1a,0x03,0x1b,0x84,0x1b,0x86,0x1b,0x07,0x1c,0x8a,0x1c,0x0c,
  0x1d,0x8d,0x1d,0x0e,0x1e,0x92,0x1e,0x13,0x1f,0x94,0x1f,0x16,0x20,0x99,0x20,0x1a,
  0x21,0x9c,0x21,0x1d,0x22,0x20,0x23,0xa2,0x23,0x23,0x24,0xa5,0x24,0xa8,0x25,0x29,
  0x26,0xab,0x26,0x2c,0x27,0xaf,0x28,0x31,0x29,0xb2,0x29,0x33,0x2a,0xb6,0x2b,0x38,
  0x2c,0xb9,0x2c,0xbb,0x2d,0xbe,0x2e,0xbf,0x2f,0x41,0x30,0x42,0x31,0xc5,0x32,0x47,
  0x33,0x48,0x34,0xc9,0x34,0xcd,0x36,0x4e,0x37,0x50,0x38,0xd1,0x38,0xd5,0x3a,0x56,
  0x3b,0x58,0x3c,0x5a,0x3d,0xdf,0x3e,0xe2,0x3f,0x62,0x40,0x60,0x41,0xdb,0x42,0xd9,
  0x43,0xd7,0x44,0x55,0x45,0x52,0x47,0xd0,0x47,0xcf,0x48,0x4d,0x49,0x4a,0x4b,0xc8,
  0x4b,0xc7,0x4c,0x45,0x4d,0xc2,0x4e,0xc1,0x4f,0x3f,0x50,0x3e,0x51,0x3b,0x52,0x3a,
  0x53,0xb8,0x53,0x37,0x54,0xb4,0x55,0x32,0x56,0xb1,0x56,0x2f,0x57,0xac,0x58,0x2b,
  0x59,0xa9,0x59,0x28,0x5a,0x25,0x5b,0xa4,0x5b,0x22,0x5c,0xa1,0x5c,0x9e,0x5d,0x1c,
  0x5e,0x9b,0x5e,0x19,0x5f,0x16,0x60,0x15,0x60,0x93,0x60,0x12,0x61,0x8f,0x61,0x0d,
  0x62,0x8c,0x62,0x0a,0x63,0x87,0x63,0x06,0x64,0x04,0x64,0x83,0x64,0x00,0x65,0x8c,
  0x7f,0x00,0x8b,0x7f,0x00,0x67,0x00,0x19,0x82,0x19,0x05,0x1a,0x86,0x1a,0x08,0x1b,
  0x09,0x1b,0x0c,0x1c,0x0e,0x1c,0x90,0x1c,0x11,0x1d,0x94,0x1d,0x15,0x1e,0x97,0x1e,
  0x18,0x1f,0x1b,0x20,0x1d,0x20,0x9f,0x20,0x20,0x21,0x23,0x22,0xa4,0x22,0x26,0x23,
  0xa7,0x23,0xaa,0x24,0x2c,0x25,0xad,0x25,0xaf,0x26,0xb2,0x27,0x33,0x28,0xb5,0x28,
  0xb6,0x29,0xb9,0x2a,0xbb,0x2b,0x3c,0x2c,0xbe,0x2c,0x41,0x2e,0x42,0x2f,0xc4,0x2f,
  0xc6,0x30,0x49,0x32,0xca,0x32,0xcc,0x33,0x4d,0x34,0x50,0x36,0xd2,0x36,0xd4,0x37,
  0xd5,0x38,0x59,0x3a,0x5b,0x3b,0x5d,0x3c,0xdf,0x3c,0xe4,0x3e,0xe8,0x3f,0x68,0x40,
  0x65,0x41,0x5f,0x43,0xdd,0x43,0xdb,0x44,0xd9,0x45,0x56,0x47,0x54,0x48,0x52,0x49,
  0xd1,0x49,0xce,0x4b,0x4c,0x4c,0x4a,0x4d,0xc9,0x4d,0x46,0x4f,0x44,0x50,0xc3,0x50,
  0xc1,0x51,0x3e,0x53,0xbd,0x53,0x3b,0x54,0x3a,0x55,0x37,0x56,0x35,0x57,0xb4,0x57,
  0x32,0x58,0x2f,0x59,0x2e,0x5a,0xac,0x5a,0x2b,0x5b,0x28,0x5c,0xa6,0x5c,0x25,0x5d,
  0xa3,0x5d,0xa0,0x5e,0x1f,0x5f,0x9d,0x5f,0x1c,0x60,0x99,0x60,0x17,0x61,0x96,0x61,
  0x14,0x62,0x91,0x62,0x10,0x63,0x8e,0x63,0x8d,0x63,0x8a,0x64,0x88,0x64,0x07,0x65,
  0x85,0x65,0x02,0x66,0x81,0x66,0x8b,0x7f,0x00,0x8a,0x7f,0x00,0x69,0x80,0x18,0x01,
  0x19,0x03,0x19,0x86,0x19,0x07,0x1a,0x89,0x1a,0x8a,0x1a,0x8d,0x1b,0x8f,0x1b,0x11,
  0x1c,0x92,0x1c,0x15,0x1d,0x96,0x1d,0x18,0x1e,0x9a,0x1e,0x9d,0x1f,0x1e,0x20,0x20,
  0x20,0xa1,0x20,0xa4,0x21,0x26,0x22,0xa7,0x22,0x29,0x23,0x2c,0x24,0x2d,0x25,0xaf,
  0x25,0x30,0x26,0x33,0x27,0xb5,0x27,0xb6,0x28,0x38,0x29,0xbb,0x2a,0x3c,0x2b,0xbe,
  0x2b,0xbf,0x2c,0x42,0x2e,0xc4,0x2e,0xc5,0x2f,0x47,0x30,0xca,0x31,0xcc,0x32,0x4d,
  0x33,0x4f,0x34,0xd2,0x35,0xd4,0x36,0xd5,0x37,0x57,0x38,0x5b,0x3a,0x5d,0x3b,0xdf,
  0x3b,0xe1,0x3c,0xe6,0x3e,0xeb,0x3f,0x6b,0x40,0x67,0x41,0x61,0x43,0x5f,0x44,0xdd,
  0x44,0xdb,0x45,0xd8,0x47,0x56,0x48,0x54,0x49,0x52,0x4a,0xcf,0x4b,0xcd,0x4c,0x4c,
  0x4d,0x4a,0x4e,0xc7,0x4f,0x46,0x50,0x44,0x51,0xc3,0x51,0x40,0x53,0x3e,0x54,0xbc,
  0x54,0x3b,0x55,0xb8,0x56,0x37,0x57,0x35,0x58,0xb3,0x58,0xb1,0x59,0x2f,0x5a,0xad,
  0x5a,0xac,0x5b,0xa9,0x5c,0x27,0x5d,0xa6,0x5d,0x24,0x5e,0x21,0x5f,0xa0,0x5f,0x1e,
  0x60,0x1d,0x60,0x1a,0x61,0x98,0x61,0x17,0x62,0x95,0x62,0x12,0x63,0x91,0x63,0x0f,
  0x64,0x0e,0x64,0x0b,0x65,0x09,0x65,0x88,0x65,0x06,0x66,0x83,0x66,0x82,0x66,0x00,
  0x67,0x8a,0x7f,0x00,0x8a,0x7f,0x00,0x69,0x01,0x18,0x83,0x18,0x84,0x18,0x87,0x19,
  0x89,0x19,0x0a,0x1a,0x0c,0x1a,0x0f,0x1b,0x90,0x1b,0x92,0x1b,0x13,0x1c,0x16,0x1d,
  0x18,0x1d,0x99,0x1d,0x1b,0x1e,0x1e,0x1f,0x9f,0x1f,0x21,0x20,0x22,0x20,0x25,0x21,
  0xa7,0x21,0x28,0x22,0xaa,0x22,0x2d,0x24,0xaf,0x24,0x30,0x25,0xb2,0x25,0xb5,0x26,
  0xb6,0x27,0x38,0x28,0xb9,0x28,0x3c,0x2a,0xbe,0x2a,0x3f,0x2b,0x41,0x2c,0xc4,0x2d,
  0x46,0x2e,0x47,0x2f,0xc9,0x2f,0xcc,0x31,0x4d,0x32,0x4f,0x33,0xd1,0x33,0xd4,0x35,
  0xd6,0x36,0x57,0x37,0x59,0x38,0x5d,0x3a,0xdf,0x3a,0xe1,0x3b,0xe3,0x3c,0xe9,0x3e,
  0xee,0x3f,0x6e,0x40,0x6a,0x41,0x64,0x43,0x61,0x44,0x5f,0x45,0xdd,0x45,0xda,0x47,
  0xd8,0x48,0x56,0x49,0x54,0x4a,0x51,0x4c,0xcf,0x4c,0xce,0x4d,0x4c,0x4e,0x49,0x50,
  0xc8,0x50,0xc6,0x51,0x44,0x52,0xc1,0x53,0xc0,0x54,0x3e,0x55,0xbd,0x55,0x39,0x57,
  0xb8,0x57,0x37,0x58,0x35,0x59,0x32,0x5a,0xb0,0x5a,0x2f,0x5b,0xad,0x5b,0x2a,0x5d,
  0xa9,0x5d,0x27,0x5e,0xa6,0x5e,0xa3,0x5f,0x21,0x60,0x20,0x60,0x9e,0x60,0x9b,0x61,
  0x1a,0x62,0x98,0x62,0x97,0x62,0x94,0x63,0x12,0x64,0x11,0x64,0x8f,0x64,0x8c,0x65,
  0x8b,0x65,0x09,0x66,0x07,0x66,0x04,0x67,0x03,0x67,0x81,0x67,0x8a,0x7f,0x00,0x89,
  0x7f,0x00,0x6b,0x81,0x17,0x82,0x17,0x03,0x18,0x05,0x18,0x08,0x19,0x0a,0x19,0x8b,
  0x19,0x0d,0x1a,0x90,0x1a,0x11,0x1b,0x13,0x1b,0x94,0x1b,0x97,0x1c,0x99,0x1c,0x1a,
  0x1d,0x9c,0x1d,0x9f,0x1e,0x20,0x1f,0xa2,0x1f,0x24,0x20,0xa7,0x20,0x28,0x21,0xa9,
  0x21,0x2b,0x22,0xae,0x23,0x30,0x24,0xb1,0x24,0x33,0x25,0x36,0x26,0x37,0x27,0xb9,
  0x27,0x3a,0x28,0xbe,0x29,0x3f,0x2a,0x41,0x2b,0xc2,0x2b,0x45,0x2d,0x47,0x2e,0xc8,
  0x2e,0xca,0x2f,0x4d,0x31,0x4f,0x32,0xd0,0x32,0xd2,0x33,0x56,0x35,0x57,0x36,0x59,
  0x37,0x5b,0x38,0xde,0x39,0xe1,0x3a,0xe3,0x3b,0xe5,0x3c,0xeb,0x3e,0xf0,0x3f,0x71,
  0x40,0x6c,0x41,0x66,0x43,0x63,0x44,0x61,0x45,0x5f,0x46,0xdb,0x47,0xd9,0x48,0xd8,
  0x49,0xd6,0x4a,0x52,0x4c,0x51,0x4d,0xcf,0x4d,0xce,0x4e,0x4a,0x50,0x49,0x51,0xc7,
  0x51,0xc6,0x52,0x42,0x54,0xc1,0x54,0xbf,0x55,0x3e,0x56,0xbb,0x57,0x39,0x58,0xb8,
  0x58,0xb6,0x59,0xb3,0x5a,0x32,0x5b,0xb0,0x5b,0x2e,0x5c,0xab,0x5d,0x2a,0x5e,0xa8,
  0x5e,0x27,0x5f,0x24,0x60,0x22,0x60,0xa1,0x60,0x1f,0x61,0x1c,0x62,0x9b,0x62,0x19,
  0x63,0x18,0x63,0x15,0x64,0x93,0x64,0x92,0x64,0x10,0x65,0x8d,0x65,0x0b,0x66,0x8a,
  0x66,0x88,0x66,0x85,0x67,0x84,0x67,0x02,0x68,0x01,0x68,0x89,0x7f,0x00,0x89,0x7f,
  0x00,0x6b,0x83,0x16,0x04,0x17,0x06,0x17,0x87,0x17,0x0a,0x18,0x0c,0x18,0x8d,0x18,
  0x0f,0x19,0x92,0x19,0x13,0x1a,0x95,0x1a,0x96,0x1a,0x9a,0x1b,0x1b,0x1c,0x1d,0x1c,
  0x9e,0x1c,0xa1,0x1d,0x23,0x1e,0xa4,0x1e,0x26,0x1f,0x29,0x20,0x2a,0x20,0x2c,0x21,
  0xad,0x21,0xb0,0x22,0x32,0x23,0xb4,0x23,0x35,0x24,0xb8,0x25,0x3a,0x26,0xbb,0x26,
  0x3d,0x27,0xc0,0x28,0xc2,0x29,0x43,0x2a,0x45,0x2b,0xc8,0x2c,0x4a,0x2d,0x4b,0x2e,
  0xcd,0x2e,0xd0,0x30,0x52,0x31,0x53,0x32,0x55,0x33,0xd9,0x34,0xda,0x35,0xdc,0x36,
  0xde,0x37,0xe2,0x39,0xe4,0x3a,0xe6,0x3b,0xe9,0x3c,0xef,0x3e,0xf5,0x3f,0x75,0x40,
  0x70,0x41,0x69,0x43,0x67,0x44,0x65,0x45,0x62,0x46,0x5f,0x48,0x5d,0x49,0x5b,0x4a,
  0x59,0x4b,0xd6,0x4c,0xd4,0x4d,0xd2,0x4e,0x51,0x4f,0x4d,0x51,0xcc,0x51,0xca,0x52,
  0x48,0x53,0xc5,0x54,0xc4,0x55,0x42,0x56,0x40,0x57,0xbd,0x58,0x3c,0x59,0xba,0x59,
  0x39,0x5a,0xb6,0x5b,0x34,0x5c,0xb2,0x5c,0x31,0x5d,0x2e,0x5e,0xac,0x5e,0xab,0x5f,
  0x29,0x60,0xa6,0x60,0x25,0x61,0xa3,0x61,0x21,0x62,0x1e,0x63,0x9d,0x63,0x9b,0x63,
  0x1a,0x64,0x17,0x65,0x15,0x65,0x94,0x65,0x12,0x66,0x8f,0x66,0x0e,0x67,0x8c,0x67,
  0x8a,0x67,0x07,0x68,0x86,0x68,0x84,0x68,0x03,0x69,0x89,0x7f,0x00,0x88,0x7f,0x00,
  0x6d,0x80,0x15,0x03,0x16,0x85,0x16,0x86,0x16,0x08,0x17,0x8b,0x17,0x0d,0x18,0x0e,
  0x18,0x8f,0x18,0x13,0x19,0x94,0x19,0x16,0x1a,0x17,0x1a,0x1a,0x1b,0x9c,0x1b,0x9d,
  0x1b,0x1f,0x1c,0x22,0x1d,0xa4,0x1d,0x25,0x1e,0xa7,0x1e,0xaa,0x1f,0x2b,0x20,0xad,
  0x20,0x2e,0x21,0x31,0x22,0xb3,0x22,0x35,0x23,0xb6,0x23,0x39,0x25,0xbb,0x25,0x3c,
  0x26,0x3e,0x27,0x41,0x28,0x43,0x29,0xc4,0x29,0xc6,0x2a,0x49,0x2c,0xcb,0x2c,0xcc,
  0x2d,0xce,0x2e,0x51,0x30,0x53,0x31,0xd5,0x31,0xd6,0x32,0xda,0x34,0xdc,0x35,0xdd,
  0x36,0xe0,0x37,0xe3,0x39,0xe6,0x3a,0x68,0x3b,0x6a,0x3c,0x71,0x3e,0x77,0x3f,0xf7,
  0x40,0xf2,0x41,0xeb,0x43,0xe8,0x44,0x66,0x45,0x64,0x46,0x60,0x48,0x5e,0x49,0x5c,
  0x4a,0x5a,0x4b,0x57,0x4d,0x55,0x4e,0xd3,0x4e,0xd2,0x4f,0x4e,0x51,0x4d,0x52,0x4b,
  0x53,0xca,0x53,0x46,0x55,0x45,0x56,0xc3,0x56,0xc2,0x57,0xbe,0x58,0xbd,0x59,0x3b,
  0x5a,0xba,0x5a,0x37,0x5c,0xb5,0x5c,0x33,0x5d,0xb2,0x5d,0xaf,0x5e,0x2d,0x5f,0x2c,
  0x60,0x2a,0x60,0x27,0x61,0xa6,0x61,0x24,0x62,0xa2,0x62,0x9f,0x63,0x1e,0x64,0x1c,
  0x64,0x9b,0x64,0x98,0x65,0x96,0x65,0x15,0x66,0x93,0x66,0x10,0x67,0x8e,0x67,0x8d,
  0x67,0x0b,0x68,0x88,0x68,0x07,0x69,0x05,0x69,0x84,0x69,0x01,0x6a,0x88,0x7f,0x00,
  0x87,0x7f,0x00,0x6f,0x00,0x15,0x01,0x15,0x84,0x15,0x06,0x16,0x07,0x16,0x89,0x16,
  0x0c,0x17,0x8d,0x17,0x8f,0x17,0x10,0x18,0x94,0x18,0x15,0x19,0x97,0x19,0x98,0x19,
  0x9b,0x1a,0x1d,0x1b,0x1e,0x1b,0xa0,0x1b,0xa3,0x1c,0x25,0x1d,0xa6,0x1d,0x28,0x1e,
  0xab,0x1e,0x2c,0x1f,0x2e,0x20,0xaf,0x20,0xb2,0x21,0x34,0x22,0xb6,0x22,0x37,0x23,
  0xba,0x24,0x3c,0x25,0xbe,0x25,0xbf,0x26,0xc2,0x27,0xc4,0x28,0x45,0x29,0x47,0x2a,
  0xca,0x2b,0x4c,0x2c,0x4e,0x2d,0x4f,0x2e,0xd2,0x2f,0xd4,0x30,0xd6,0x31,0xd8,0x32,
  0x5b,0x34,0x5d,0x35,0x5f,0x36,0x61,0x37,0x64,0x39,0x67,0x3a,0x69,0x3b,0x6c,0x3c,
  0x72,0x3e,0x78,0x3f,0xf9,0x40,0xf3,0x41,0xec,0x43,0xea,0x44,0xe7,0x45,0xe5,0x46,
  0xe1,0x48,0xdf,0x49,0xdd,0x4a,0xdc,0x4b,0x58,0x4d,0x56,0x4e,0x55,0x4f,0x53,0x50,
  0xd0,0x51,0xce,0x52,0xcc,0x53,0x4b,0x54,0xc7,0x55,0xc6,0x56,0x44,0x57,0x43,0x58,
  0x3f,0x59,0x3e,0x5a,0xbc,0x5a,0x3b,0x5b,0xb8,0x5c,0x36,0x5d,0xb4,0x5d,0x33,0x5e,
  0x30,0x5f,0x2e,0x60,0xad,0x60,0x2b,0x61,0xa8,0x61,0x27,0x62,0xa5,0x62,0x23,0x63,
  0x20,0x64,0x9f,0x64,0x9d,0x64,0x1c,0x65,0x18,0x66,0x17,0x66,0x96,0x66,0x14,0x67,
  0x91,0x67,0x0f,0x68,0x0e,0x68,0x8c,0x68,0x09,0x69,0x88,0x69,0x86,0x69,0x05,0x6a,
  0x81,0x6a,0x80,0x6a,0x87,0x7f,0x00,0x87,0x7f,0x00,0x6f,0x81,0x14,0x82,0x14,0x05,
  0x15,0x87,0x15,0x88,0x15,0x0a,0x16,0x8d,0x16,0x0f,0x17,0x10,0x17,0x91,0x17,0x15,
  0x18,0x96,0x18,0x18,0x19,0x19,0x19,0x1c,0x1a,0x9e,0x1a,0xa0,0x1a,0x21,0x1b,0x24,
  0x1c,0xa6,0x1c,0x27,0x1d,0xa9,0x1d,0x2c,0x1e,0xae,0x1e,0x2f,0x1f,0x31,0x20,0x34,
  0x21,0xb5,0x21,0x37,0x22,0xb8,0x22,0x3c,0x24,0xbd,0x24,0x3f,0x25,0x40,0x26,0x43,
  0x27,0x45,0x28,0xc7,0x28,0xc8,0x29,0x4c,0x2b,0x4d,0x2c,0xcf,0x2c,0xd1,0x2d,0xd4,
  0x2f,0x56,0x30,0x57,0x31,0x59,0x32,0x5d,0x34,0x5e,0x35,0x60,0x36,0x62,0x37,0x66,
  0x39,0x68,0x3a,0x6b,0x3b,0x6d,0x3c,0x74,0x3e,0x79,0x3f,0xfa,0x40,0xf5,0x41,0xee,
  0x43,0xeb,0x44,0xe9,0x45,0xe6,0x46,0xe3,0x48,0xe1,0x49,0xdf,0x4a,0xdd,0x4b,0xd9,
  0x4d,0xd7,0x4e,0xd6,0x4f,0x54,0x50,0x51,0x52,0x4f,0x53,0xcd,0x53,0xcc,0x54,0x49,
  0x56,0x47,0x57,0xc5,0x57,0xc4,0x58,0xc1,0x59,0xbf,0x5a,0x3e,0x5b,0xbc,0x5b,0x39,
  0x5d,0xb7,0x5d,0x36,0x5e,0xb4,0x5e,0x31,0x60,0xaf,0x60,0x2e,0x61,0xac,0x61,0x29,
  0x62,0xa8,0x62,0x26,0x63,0xa4,0x63,0xa1,0x64,0x20,0x65,0x1e,0x65,0x9d,0x65,0x9a,
  0x66,0x98,0x66,0x17,0x67,0x95,0x67,0x12,0x68,0x90,0x68,0x8f,0x68,0x0d,0x69,0x8a,
  0x69,0x09,0x6a,0x07,0x6a,0x86,0x6a,0x02,0x6b,0x01,0x6b,0x87,0x7f,0x00,0x86,0x7f,
  0x00,0x71,0x00,0x13,0x82,0x13,0x84,0x13,0x07,0x14,0x88,0x14,0x8a,0x14,0x0b,0x15,
  0x8e,0x15,0x10,0x16,0x12,0x16,0x93,0x16,0x16,0x17,0x98,0x17,0x19,0x18,0x1b,0x18,
  0x1e,0x19,0x1f,0x19,0xa1,0x19,0x23,0x1a,0x26,0x1b,0xa7,0x1b,0xa9,0x1b,0x2b,0x1c,
  0x2e,0x1d,0xaf,0x1d,0x31,0x1e,0xb2,0x1e,0x35,0x20,0xb7,0x20,0x39,0x21,0xba,0x21,
  0xbd,0x22,0xbf,0x23,0x41,0x24,0xc2,0x24,0x45,0x26,0x47,0x27,0xc9,0x27,0xca,0x28,
  0x4e,0x2a,0x4f,0x2b,0x51,0x2c,0xd3,0x2c,0xd6,0x2e,0xd8,0x2f,0xd9,0x30,0xdb,0x31,
  0xdf,0x33,0xe1,0x34,0xe2,0x35,0xe4,0x36,0xe8,0x38,0xeb,0x39,0x6d,0x3b,0x6f,0x3c,
  0x76,0x3e,0x7b,0x3f,0xfc,0x40,0xf7,0x41,0xf0,0x43,0xee,0x44,0x6b,0x46,0x69,0x47,
  0x65,0x49,0x63,0x4a,0x61,0x4b,0x5f,0x4c,0x5b,0x4e,0x5a,0x4f,0x58,0x50,0x56,0x51,
  0x53,0x53,0xd1,0x53,0xd0,0x54,0xce,0x55,0x4b,0x57,0x49,0x58,0xc7,0x58,0xc6,0x59,
  0x42,0x5b,0xc1,0x5b,0x3f,0x5c,0x3e,0x5d,0x3b,0x5e,0xb9,0x5e,0x37,0x5f,0x36,0x60,
  0x33,0x61,0xb1,0x61,0x30,0x62,0xae,0x62,0xab,0x63,0x29,0x64,0x28,0x64,0xa6,0x64,
  0xa3,0x65,0x21,0x66,0xa0,0x66,0x9e,0x66,0x9b,0x67,0x9a,0x67,0x18,0x68,0x97,0x68,
  0x13,0x69,0x92,0x69,0x90,0x69,0x0f,0x6a,0x8c,0x6a,0x0a,0x6b,0x09,0x6b,0x87,0x6b,
  0x04,0x6c,0x02,0x6c,0x81,0x6c,0x86,0x7f,0x00,0x85,0x7f,0x00,0x73,0x80,0x12,0x02,
  0x13,0x03,0x13,0x05,0x13,0x88,0x13,0x09,0x14,0x0b,0x14,0x8c,0x14,0x0f,0x15,0x91,
  0x15,0x93,0x15,0x14,0x16,0x97,0x16,0x19,0x17,0x9b,0x17,0x9c,0x17,0x9f,0x18,0xa1,
  0x18,0x22,0x19,0xa4,0x19,0xa7,0x1a,0xa8,0x1a,0x2a,0x1b,0xac,0x1b,0xaf,0x1c,0x30,
  0x1d,0xb2,0x1d,0x34,0x1e,0x37,0x1f,0x38,0x20,0xba,0x20,0x3b,0x21,0x3f,0x22,0x40,
  0x23,0xc2,0x23,0x43,0x24,0xc7,0x25,0xc8,0x26,0x4a,0x27,0x4b,0x28,0xcf,0x29,0xd0,
  0x2a,0xd2,0x2b,0x54,0x2c,0x57,0x2e,0x59,0x2f,0x5a,0x30,0x5c,0x31,0x60,0x33,0x62,
  0x34,0x64,0x35,0x66,0x36,0xe9,0x38,0xec,0x39,0xee,0x3a,0xf1,0x3b,0x77,0x3e,0x7c,
  0x3f,0xfc,0x40,0xf8,0x41,0x71,0x44,0x6f,0x45,0x6c,0x46,0x6a,0x47,0xe6,0x49,0xe4,
  0x4a,0xe2,0x4b,0xe0,0x4c,0xdd,0x4e,0xdb,0x4f,0xd9,0x50,0xd8,0x51,0xd4,0x53,0x52,
  0x54,0x51,0x55,0x4f,0x56,0xcc,0x57,0xca,0x58,0x48,0x59,0x47,0x5a,0xc4,0x5b,0x42,
  0x5c,0xc1,0x5c,0xbf,0x5d,0xbc,0x5e,0x3a,0x5f,0x39,0x60,0xb7,0x60,0xb4,0x61,0x32,
  0x62,0xb1,0x62,0x2f,0x63,0x2c,0x64,0xab,0x64,0x29,0x65,0x27,0x65,0x24,0x66,0xa3,
  0x66,0x21,0x67,0x20,0x67,0x1c,0x68,0x1b,0x68,0x99,0x68,0x18,0x69,0x94,0x69,0x13,
  0x6a,0x11,0x6a,0x90,0x6a,0x0d,0x6b,0x8b,0x6b,0x8a,0x6b,0x08,0x6c,0x85,0x6c,0x83,
  0x6c,0x82,0x6c,0x00,0x6d,0x85,0x7f,0x00,0x85,0x7f,0x00,0x73,0x01,0x12,0x82,0x12,
  0x84,0x12,0x05,0x13,0x08,0x13,0x8a,0x13,0x0b,0x14,0x0d,0x14,0x90,0x14,0x12,0x15,
  0x13,0x15,0x95,0x15,0x18,0x16,0x9a,0x16,0x9b,0x16,0x1d,0x17,0x20,0x18,0x21,0x18,
  0xa3,0x18,0x24,0x19,0x28,0x1a,0x29,0x1a,0xab,0x1a,0x2c,0x1b,0x30,0x1c,0xb1,0x1c,
  0x33,0x1d,0xb4,0x1d,0xb7,0x1e,0x39,0x1f,0x3b,0x20,0xbc,0x20,0xbf,0x21,0xc1,0x22,
  0x43,0x23,0xc4,0x23,0x47,0x25,0x49,0x26,0xcb,0x26,0xcc,0x27,0x50,0x29,0x51,0x2a,
  0x53,0x2b,0xd5,0x2b,0xd8,0x2d,0xda,0x2e,0xdb,0x2f,0xdd,0x30,0xe1,0x32,0xe3,0x33,
  0x64,0x35,0x67,0x36,0x6a,0x38,0xed,0x39,0xef,0x3a,0xf1,0x3b,0x77,0x3e,0x7c,0x3f,
  0xfc,0x40,0xf8,0x41,0x72,0x44,0x70,0x45,0x6d,0x46,0xeb,0x47,0xe7,0x49,0xe5,0x4a,
  0x63,0x4c,0x61,0x4d,0x5e,0x4f,0x5c,0x50,0x5a,0x51,0x58,0x52,0x55,0x54,0xd3,0x54,
  0xd2,0x55,0xd0,0x56,0x4d,0x58,0x4b,0x59,0xc9,0x59,0xc8,0x5a,0x44,0x5c,0xc3,0x5c,
  0x41,0x5d,0x40,0x5e,0x3d,0x5f,0x3b,0x60,0xb9,0x60,0x38,0x61,0x35,0x62,0xb3,0x62,
  0x31,0x63,0xb0,0x63,0xad,0x64,0x2b,0x65,0xaa,0x65,0xa8,0x65,0xa5,0x66,0x23,0x67,
  0xa2,0x67,0xa0,0x67,0x9d,0x68,0x1c,0x69,0x1a,0x69,0x98,0x69,0x15,0x6a,0x94,0x6a,
  0x92,0x6a,0x10,0x6b,0x8d,0x6b,0x8c,0x6b,0x0a,0x6c,0x89,0x6c,0x86,0x6c,0x04,0x6d,
  0x02,0x6d,0x81,0x6d,0x85,0x7f,0x00,0x85,0x7f,0x00,0x73,0x82,0x11,0x03,0x12,0x05,
  0x12,0x86,0x12,0x09,0x13,0x0b,0x13,0x8c,0x13,0x8e,0x13,0x11,0x14,0x93,0x14,0x94,
  0x14,0x16,0x15,0x99,0x15,0x1b,0x16,0x1c,0x16,0x9e,0x16,0x21,0x17,0xa2,0x17,0x24,
  0x18,0xa6,0x18,0x29,0x19,0xaa,0x19,0x2c,0x1a,0xad,0x1a,0xb1,0x1b,0x32,0x1c,0xb4,
  0x1c,0x35,0x1d,0x38,0x1e,0xba,0x1e,0x3c,0x1f,0x3d,0x20,0x40,0x21,0xc2,0x21,0xc4,
  0x22,0x45,0x23,0xc9,0x24,0x4a,0x25,0x4c,0x26,0x4d,0x27,0xd1,0x28,0xd2,0x29,0xd4,
  0x2a,0x56,0x2b,0x59,0x2d,0x5b,0x2e,0x5c,0x2f,0x5e,0x30,0xe2,0x32,0xe4,0x33,0xe6,
  0x34,0xe8,0x35,0x6c,0x38,0x6e,0x39,0xf0,0x3a,0xf2,0x3b,0x78,0x3e,0x7c,0x3f,0xfd,
  0x40,0xf9,0x41,0x73,0x44,0x71,0x45,0xee,0x46,0xec,0x47,0x68,0x4a,0x66,0x4b,0x64,
  0x4c,0x63,0x4d,0xdf,0x4f,0xdd,0x50,0xdb,0x51,0xda,0x52,0xd6,0x54,0x55,0x55,0x53,
  0x56,0x51,0x57,0xce,0x58,0xcc,0x59,0xca,0x5a,0x49,0x5b,0xc6,0x5c,0x44,0x5d,0x43,
  0x5e,0xc1,0x5e,0x3e,0x60,0xbc,0x60,0x3a,0x61,0xb9,0x61,0xb6,0x62,0x34,0x63,0xb3,
  0x63,0x31,0x64,0x2e,0x65,0xac,0x65,0x2b,0x66,0xa9,0x66,0x26,0x67,0xa4,0x67,0x23,
  0x68,0xa1,0x68,0x1e,0x69,0x9d,0x69,0x9b,0x69,0x19,0x6a,0x96,0x6a,0x15,0x6b,0x13,
  0x6b,0x91,0x6b,0x0e,0x6c,0x0d,0x6c,0x8b,0x6c,0x8a,0x6c,0x07,0x6d,0x85,0x6d,0x83,
  0x6d,0x02,0x6e,0x85,0x7f,0x00,0x84,0x7f,0x00,0x75,0x00,0x10,0x83,0x10,0x04,0x11,
  0x06,0x11,0x87,0x11,0x0b,0x12,0x0c,0x12,0x8e,0x12,0x8f,0x12,0x12,0x13,0x94,0x13,
  0x95,0x13,0x17,0x14,0x9a,0x14,0x1c,0x15,0x1d,0x15,0x9f,0x15,0x22,0x16,0xa4,0x16,
  0x25,0x17,0x27,0x17,0x2a,0x18,0xac,0x18,0x2d,0x19,0xaf,0x19,0x32,0x1a,0xb4,0x1a,
  0x35,0x1b,0xb7,0x1b,0x3a,0x1d,0xbb,0x1d,0x3d,0x1e,0xbf,0x1e,0x42,0x20,0xc4,0x20,
  0x45,0x21,0x47,0x22,0xca,0x23,0x4c,0x24,0x4d,0x25,0xcf,0x25,0xd2,0x27,0x54,0x28,
  0x56,0x29,0x57,0x2a,0x5b,0x2c,0x5c,0x2d,0x5e,0x2e,0xe0,0x2f,0xe4,0x31,0xe5,0x32,
  0x67,0x34,0x69,0x35,0xed,0x37,0xef,0x38,0x71,0x3a,0x74,0x3b,0x79,0x3e,0x7d,0x3f,
  0xfd,0x40,0xfa,0x41,0xf4,0x44,0xf2,0x45,0x70,0x47,0x6d,0x48,0xea,0x4a,0xe8,0x4b,
  0x66,0x4d,0x64,0x4e,0x60,0x50,0xde,0x51,0xdd,0x52,0xdb,0x53,0xd8,0x55,0xd6,0x56,
  0xd4,0x57,0x53,0x58,0x4f,0x5a,0xce,0x5a,0xcc,0x5b,0x4a,0x5c,0xc7,0x5d,0xc6,0x5e,
  0x44,0x5f,0x42,0x60,0x3f,0x61,0xbd,0x61,0x3c,0x62,0xba,0x62,0x37,0x64,0xb5,0x64,
  0x34,0x65,0xb2,0x65,0x2f,0x66,0xae,0x66,0x2c,0x67,0xaa,0x67,0xa7,0x68,0xa6,0x68,
  0x24,0x69,0xa2,0x69,0x1f,0x6a,0x9e,0x6a,0x9c,0x6a,0x1b,0x6b,0x97,0x6b,0x16,0x6c,
  0x14,0x6c,0x93,0x6c,0x10,0x6d,0x0e,0x6d,0x8c,0x6d,0x8b,0x6d,0x08,0x6e,0x86,0x6e,
  0x85,0x6e,0x03,0x6f,0x80,0x6f,0x84,0x7f,0x00,0x84,0x7f,0x00,0x75,0x00,0x10,0x04,
  0x10,0x85,0x10,0x87,0x10,0x08,0x11,0x8b,0x11,0x8d,0x11,0x8f,0x11,0x10,0x12,0x93,
  0x12,0x15,0x13,0x16,0x13,0x98,0x13,0x1b,0x14,0x1d,0x14,0x9e,0x14,0x20,0x15,0xa3,
  0x15,0x25,0x16,0x26,0x16,0xa8,0x16,0xab,0x17,0x2d,0x18,0x2e,0x18,0xb0,0x18,0xb3,
  0x19,0x35,0x1a,0xb6,0x1a,0x38,0x1b,0x3b,0x1c,0xbc,0x1c,0x3e,0x1d,0x40,0x1e,0x43,
  0x1f,0x45,0x20,0xc6,0x20,0x48,0x21,0xcb,0x22,0xcd,0x23,0x4e,0x24,0x50,0x25,0xd3,
  0x26,0xd5,0x27,0xd7,0x28,0xd8,0x29,0xdc,0x2b,0xdd,0x2c,0xdf,0x2d,0x61,0x2f,0x65,
  0x31,0x66,0x32,0xe8,0x33,0xea,0x34,0x6e,0x37,0xf0,0x38,0x72,0x3a,0x74,0x3b,0xfa,
  0x3d,0x7d,0x3f,0xfd,0x40,0x7b,0x42,0xf5,0x44,0xf3,0x45,0x71,0x47,0xee,0x48,0x6b,
  0x4b,0x69,0x4c,0xe7,0x4d,0xe5,0x4e,0xe1,0x50,0x5f,0x52,0x5e,0x53,0x5c,0x54,0x59,
  0x56,0x57,0x57,0x55,0x58,0x54,0x59,0xd0,0x5a,0xcf,0x5b,0x4d,0x5c,0x4b,0x5d,0xc8,
  0x5e,0x47,0x5f,0x45,0x60,0xc3,0x60,0xc0,0x61,0xbe,0x62,0x3d,0x63,0xbb,0x63,0xb8,
  0x64,0x36,0x65,0xb5,0x65,0x33,0x66,0x30,0x67,0xaf,0x67,0xad,0x67,0x2b,0x68,0x28,
  0x69,0xa7,0x69,0xa5,0x69,0x23,0x6a,0xa0,0x6a,0x1f,0x6b,0x9d,0x6b,0x9c,0x6b,0x18,
  0x6c,0x97,0x6c,0x95,0x6c,0x14,0x6d,0x91,0x6d,0x0f,0x6e,0x0d,0x6e,0x0c,0x6e,0x89,
  0x6e,0x07,0x6f,0x06,0x6f,0x84,0x6f,0x81,0x6f,0x84,0x7f,0x00,0x84,0x7f,0x00,0x75,
  0x81,0x0f,0x84,0x0f,0x06,0x10,0x07,0x10,0x89,0x10,0x0c,0x11,0x0e,0x11,0x0f,0x11,
  0x91,0x11,0x14,0x12,0x15,0x12,0x97,0x12,0x18,0x13,0x9c,0x13,0x9d,0x13,0x1f,0x14,
  0xa0,0x14,0x24,0x15,0xa5,0x15,0xa7,0x15,0x28,0x16,0x2b,0x17,0x2d,0x17,0xaf,0x17,
  0x30,0x18,0x33,0x19,0xb5,0x19,0x37,0x1a,0xb8,0x1a,0xbb,0x1b,0x3d,0x1c,0xbf,0x1c,
  0x40,0x1d,0xc3,0x1e,0x45,0x1f,0x47,0x20,0xc8,0x20,0x4c,0x22,0xcd,0x22,0xcf,0x23,
  0xd1,0x24,0x54,0x26,0x55,0x27,0x57,0x28,0x59,0x29,0x5c,0x2b,0x5e,0x2c,0x60,0x2d,
  0xe2,0x2e,0xe5,0x30,0x67,0x32,0x69,0x33,0xeb,0x34,0x6e,0x37,0x71,0x38,0xf3,0x39,
  0x75,0x3b,0xfa,0x3d,0x7d,0x3f,0xfd,0x40,0x7b,0x42,0xf5,0x44,0x73,0x46,0xf1,0x47,
  0xef,0x48,0x6b,0x4b,0xe9,0x4c,0xe7,0x4d,0x66,0x4f,0x62,0x51,0xe0,0x52,0xde,0x53,
  0xdd,0x54,0xd9,0x56,0xd8,0x57,0xd6,0x58,0xd4,0x59,0x51,0x5b,0x4f,0x5c,0x4d,0x5d,
  0xcc,0x5d,0x49,0x5f,0x47,0x60,0xc6,0x60,0x44,0x61,0xc1,0x62,0x3f,0x63,0xbd,0x63,
  0x3c,0x64,0x39,0x65,0xb7,0x65,0x35,0x66,0xb4,0x66,0xb1,0x67,0x2f,0x68,0xad,0x68,
  0xac,0x68,0xa9,0x69,0x27,0x6a,0x25,0x6a,0xa4,0x6a,0x21,0x6b,0x9f,0x6b,0x1e,0x6c,
  0x1c,0x6c,0x99,0x6c,0x17,0x6d,0x96,0x6d,0x94,0x6d,0x11,0x6e,0x8f,0x6e,0x8e,0x6e,
  0x8c,0x6e,0x09,0x6f,0x87,0x6f,0x86,0x6f,0x04,0x70,0x01,0x70,0x84,0x7f,0x00,0x83,
  0x7f,0x00,0x77,0x80,0x0e,0x01,0x0f,0x05,0x0f,0x86,0x0f,0x88,0x0f,0x09,0x10,0x0d,
  0x10,0x8e,0x10,0x90,0x10,0x11,0x11,0x94,0x11,0x96,0x11,0x18,0x12,0x19,0x12,0x1c,
  0x13,0x1e,0x13,0x9f,0x13,0xa1,0x13,0xa4,0x14,0xa6,0x14,0x27,0x15,0xa9,0x15,0x2c,
  0x16,0xae,0x16,0x2f,0x17,0xb1,0x17,0xb4,0x18,0xb6,0x18,0x37,0x19,0xb9,0x19,0x3c,
  0x1b,0xbe,0x1b,0x3f,0x1c,0xc1,0x1c,0xc4,0x1d,0xc6,0x1e,0x47,0x1f,0x49,0x20,0x4c,
  0x21,0x4e,0x22,0x50,0x23,0xd1,0x23,0xd5,0x25,0xd6,0x26,0xd8,0x27,0xda,0x28,0xdd,
  0x2a,0xdf,0x2b,0xe0,0x2c,0xe2,0x2d,0x66,0x30,0xe8,0x31,0xe9,0x32,0x6b,0x34,0xef,
  0x36,0x71,0x38,0xf3,0x39,0x75,0x3b,0xfa,0x3d,0x7d,0x3f,0xfe,0x40,0x7b,0x42,0xf6,
  0x44,0x74,0x46,0xf2,0x47,0x6f,0x49,0xec,0x4b,0x6a,0x4d,0x68,0x4e,0xe6,0x4f,0x63,
  0x52,0x61,0x53,0x5f,0x54,0x5d,0x55,0x5a,0x57,0x58,0x58,0x57,0x59,0x55,0x5a,0x52,
  0x5c,0xd0,0x5c,0xce,0x5d,0xcd,0x5e,0x49,0x60,0xc8,0x60,0x46,0x61,0x44,0x62,0x41,
  0x63,0xc0,0x63,0x3e,0x64,0xbc,0x64,0x39,0x66,0xb8,0x66,0x36,0x67,0x34,0x67,0x31,
  0x68,0xb0,0x68,0x2e,0x69,0xac,0x69,0x29,0x6a,0xa8,0x6a,0x26,0x6b,0x25,0x6b,0x21,
  0x6c,0x20,0x6c,0x9e,0x6c,0x9d,0x6c,0x99,0x6d,0x98,0x6d,0x16,0x6e,0x15,0x6e,0x92,
  0x6e,0x10,0x6f,0x0e,0x6f,0x8d,0x6f,0x8a,0x6f,0x08,0x70,0x07,0x70,0x85,0x70,0x82,
  0x70,0x00,0x71,0x83,0x7f,0x00,0x83,0x7f,0x00,0x77,0x81,0x0d,0x03,0x0e,0x06,0x0e,
  0x87,0x0e,0x89,0x0e,0x0a,0x0f,0x0e,0x0f,0x8f,0x0f,0x91,0x0f,0x12,0x10,0x96,0x10,
  0x97,0x10,0x19,0x11,0x1a,0x11,0x9d,0x11,0x1f,0x12,0x21,0x12,0xa2,0x12,0x25,0x13,
  0xa7,0x13,0x29,0x14,0x2a,0x14,0x2d,0x15,0x2f,0x15,0xb1,0x15,0x32,0x16,0x35,0x17,
  0xb7,0x17,0x38,0x18,0xba,0x18,0xbd,0x19,0x3f,0x1a,0xc1,0x1a,0x42,0x1b,0x45,0x1c,
  0x47,0x1d,0xc9,0x1d,0xca,0x1e,0x4e,0x20,0xcf,0x20,0xd1,0x21,0x53,0x22,0x56,0x24,
  0x57,0x25,0x59,0x26,0x5b,0x27,0x5e,0x29,0x60,0x2a,0xe2,0x2b,0xe3,0x2c,0x67,0x2f,
  0xe9,0x30,0xeb,0x31,0x6d,0x33,0x70,0x36,0xf2,0x37,0x74,0x39,0xf6,0x3a,0xfb,0x3d,
  0x7d,0x3f,0xfe,0x40,0x7b,0x42,0x77,0x45,0xf5,0x46,0x73,0x48,0xf1,0x49,0xed,0x4c,
  0x6b,0x4e,0x69,0x4f,0xe8,0x50,0x64,0x53,0x62,0x54,0xe0,0x55,0xdf,0x56,0xdb,0x58,
  0xda,0x59,0xd8,0x5a,0xd6,0x5b,0xd3,0x5d,0x51,0x5e,0x50,0x5f,0x4e,0x60,0x4b,0x61,
  0x49,0x62,0xc8,0x62,0xc6,0x63,0xc3,0x64,0x41,0x65,0xbf,0x65,0x3e,0x66,0x3b,0x67,
  0xb9,0x67,0x37,0x68,0xb6,0x68,0xb3,0x69,0x31,0x6a,0xaf,0x6a,0xae,0x6a,0xab,0x6b,
  0xa9,0x6b,0x27,0x6c,0xa6,0x6c,0x23,0x6d,0xa1,0x6d,0xa0,0x6d,0x1e,0x6e,0x9b,0x6e,
  0x99,0x6e,0x18,0x6f,0x16,0x6f,0x93,0x6f,0x11,0x70,0x10,0x70,0x8e,0x70,0x8b,0x70,
  0x09,0x71,0x08,0x71,0x86,0x71,0x83,0x71,0x01,0x72,0x83,0x7f,0x00,0x82,0x7f,0x00,
  0x79,0x00,0x0d,0x02,0x0d,0x83,0x0d,0x86,0x0d,0x08,0x0e,0x09,0x0e,0x8b,0x0e,0x8e,
  0x0e,0x10,0x0f,0x11,0x0f,0x93,0x0f,0x16,0x10,0x18,0x10,0x19,0x10,0x9b,0x10,0x1e,
  0x11,0xa0,0x11,0xa1,0x11,0x23,0x12,0xa6,0x12,0x27,0x13,0x29,0x13,0xab,0x13,0x2e,
  0x14,0xb0,0x14,0x31,0x15,0xb3,0x15,0x36,0x16,0xb8,0x16,0x39,0x17,0xbb,0x17,0xbe,
  0x18,0x40,0x19,0xc1,0x19,0xc3,0x1a,0xc6,0x1b,0x48,0x1c,0x49,0x1d,0xcb,0x1d,0x4e,
  0x1f,0x50,0x20,0xd1,0x20,0xd3,0x21,0x56,0x23,0x58,0x24,0x5a,0x25,0x5b,0x26,0xdf,
  0x28,0xe1,0x29,0xe2,0x2a,0x64,0x2c,0xe8,0x2e,0x69,0x30,0x6b,0x31,0xed,0x32,0xf1,
  0x35,0x73,0x37,0xf5,0x38,0x76,0x3a,0xfb,0x3d,0x7e,0x3f,0xfe,0x40,0x7b,0x42,0xf7,
  0x45,0x75,0x47,0xf3,0x48,0x71,0x4a,0x6d,0x4d,0xeb,0x4e,0xea,0x4f,0x68,0x51,0xe4,
  0x53,0x63,0x55,0x61,0x56,0x5f,0x57,0xdc,0x59,0xda,0x5a,0xd8,0x5b,0xd7,0x5c,0x53,
  0x5e,0x52,0x5f,0x50,0x60,0xcf,0x60,0x4b,0x62,0xca,0x62,0xc8,0x63,0x46,0x64,0x43,
  0x65,0x42,0x66,0xc0,0x66,0x3e,0x67,0x3b,0x68,0xb9,0x68,0x38,0x69,0xb6,0x69,0x33,
  0x6a,0xb2,0x6a,0x30,0x6b,0xae,0x6b,0x2b,0x6c,0xaa,0x6c,0xa8,0x6c,0x26,0x6d,0xa3,
  0x6d,0x22,0x6e,0x20,0x6e,0x9e,0x6e,0x1b,0x6f,0x9a,0x6f,0x98,0x6f,0x96,0x6f,0x13,
  0x70,0x92,0x70,0x90,0x70,0x0f,0x71,0x0b,0x71,0x8a,0x71,0x88,0x71,0x07,0x72,0x04,
  0x72,0x82,0x72,0x80,0x72,0x82,0x7f,0x00,0x82,0x7f,0x00,0x79,0x81,0x0c,0x82,0x0c,
  0x04,0x0d,0x07,0x0d,0x89,0x0d,0x8a,0x0d,0x8c,0x0d,0x0f,0x0e,0x91,0x0e,0x92,0x0e,
  0x14,0x0f,0x17,0x0f,0x98,0x0f,0x9a,0x0f,0x1b,0x10,0x9f,0x10,0xa0,0x10,0x22,0x11,
  0x23,0x11,0x27,0x12,0x28,0x12,0xaa,0x12,0x2c,0x13,0xaf,0x13,0x30,0x14,0xb2,0x14,
  0xb4,0x14,0xb7,0x15,0x38,0x16,0xba,0x16,0x3c,0x17,0x3f,0x18,0xc0,0x18,0x42,0x19,
  0xc4,0x19,0xc7,0x1a,0xc8,0x1b,0x4a,0x1c,0xcc,0x1c,0x4f,0x1e,0x50,0x1f,0x52,0x20,
  0xd4,0x20,0xd7,0x22,0xd9,0x23,0xdb,0x24,0xdc,0x25,0xe0,0x27,0x61,0x29,0x63,0x2a,
  0x65,0x2b,0x68,0x2e,0xea,0x2f,0xec,0x30,0x6e,0x32,0x71,0x35,0x73,0x37,0xf5,0x38,
  0x77,0x3a,0xfb,0x3d,0x7e,0x3f,0xfe,0x40,0x7c,0x42,0xf7,0x45,0x75,0x47,0xf4,0x48,
  0xf2,0x4a,0xee,0x4d,0x6c,0x4f,0x6a,0x50,0xe9,0x51,0xe5,0x54,0xe3,0x55,0xe2,0x56,
  0x60,0x58,0x5d,0x5a,0x5b,0x5b,0x59,0x5c,0x58,0x5d,0x54,0x5f,0x53,0x60,0xd1,0x60,
  0xcf,0x61,0x4c,0x63,0xca,0x63,0x49,0x64,0x47,0x65,0x44,0x66,0xc2,0x66,0x41,0x67,
  0xbf,0x67,0xbc,0x68,0x3a,0x69,0xb9,0x69,0x37,0x6a,0x34,0x6b,0x32,0x6b,0xb1,0x6b,
  0x2f,0x6c,0xac,0x6c,0x2a,0x6d,0xa9,0x6d,0xa7,0x6d,0xa4,0x6e,0xa2,0x6e,0x21,0x6f,
  0x1f,0x6f,0x9c,0x6f,0x1a,0x70,0x19,0x70,0x97,0x70,0x94,0x70,0x12,0x71,0x11,0x71,
  0x8f,0x71,0x0c,0x72,0x0a,0x72,0x09,0x72,0x87,0x72,0x84,0x72,0x03,0x73,0x01,0x73,
  0x82,0x7f,0x00,0x82,0x7f,0x00,0x79,0x01,0x0c,0x03,0x0c,0x84,0x0c,0x87,0x0c,0x09,
  0x0d,0x0a,0x0d,0x0c,0x0d,0x8f,0x0d,0x11,0x0e,0x12,0x0e,0x14,0x0e,0x97,0x0e,0x19,
  0x0f,0x1a,0x0f,0x9c,0x0f,0x1f,0x10,0x21,0x10,0xa2,0x10,0xa4,0x10,0x27,0x11,0xa9,
  0x11,0x2a,0x12,0x2c,0x12,0x2f,0x13,0x31,0x13,0xb2,0x13,0x34,0x14,0xb7,0x14,0x39,
  0x15,0xba,0x15,0x3c,0x16,0x3f,0x17,0xc1,0x17,0x42,0x18,0xc4,0x18,0x47,0x1a,0xc9,
  0x1a,0x4a,0x1b,0x4c,0x1c,0xcf,0x1d,0x51,0x1e,0x53,0x1f,0x54,0x20,0xd8,0x21,0xd9,
  0x22,0xdb,0x23,0xdd,0x24,0x60,0x27,0x62,0x28,0x63,0x29,0xe5,0x2a,0x69,0x2d,0xea,
  0x2e,0x6c,0x30,0xee,0x31,0x71,0x35,0xf3,0x36,0x75,0x38,0xf7,0x39,0x7b,0x3d,0x7e,
  0x3f,0xfe,0x40,0xfc,0x42,0x78,0x46,0xf6,0x47,0x74,0x49,0xf2,0x4a,0x6e,0x4e,0xec,
  0x4f,0x6b,0x51,0xe9,0x52,0x65,0x55,0xe4,0x56,0xe2,0x57,0xe0,0x58,0x5d,0x5b,0x5b,
  0x5c,0x5a,0x5d,0x58,0x5e,0x55,0x60,0xd3,0x60,0xd1,0x61,0x50,0x62,0xcc,0x63,0xcb,
  0x64,0x49,0x65,0xc7,0x65,0x44,0x67,0xc3,0x67,0x41,0x68,0xbf,0x68,0xbc,0x69,0x3b,
  0x6a,0xb9,0x6a,0x37,0x6b,0xb4,0x6b,0x33,0x6c,0xb1,0x6c,0xaf,0x6c,0xac,0x6d,0xab,
  0x6d,0x29,0x6e,0xa8,0x6e,0x24,0x6f,0x23,0x6f,0xa1,0x6f,0x9f,0x6f,0x1c,0x70,0x9b,
  0x70,0x99,0x70,0x17,0x71,0x94,0x71,0x93,0x71,0x91,0x71,0x10,0x72,0x8c,0x72,0x8b,
  0x72,0x89,0x72,0x08,0x73,0x05,0x73,0x83,0x73,0x81,0x73,0x82,0x7f,0x00,0x81,0x7f,
  0x00,0x7b,0x00,0x0b,0x02,0x0b,0x04,0x0b,0x85,0x0b,0x88,0x0b,0x0a,0x0c,0x0b,0x0c,
  0x0d,0x0c,0x90,0x0c,0x92,0x0c,0x13,0x0d,0x15,0x0d,0x98,0x0d,0x9a,0x0d,0x1b,0x0e,
  0x1d,0x0e,0xa0,0x0e,0x22,0x0f,0x23,0x0f,0xa5,0x0f,0x28,0x10,0x2a,0x10,0xab,0x10,
  0x2d,0x11,0xb0,0x11,0xb2,0x11,0x33,0x12,0xb5,0x12,0x38,0x13,0xba,0x13,0x3b,0x14,
  0xbd,0x14,0xc0,0x15,0x42,0x16,0xc3,0x16,0x45,0x17,0x48,0x18,0x4a,0x19,0xcb,0x19,
  0x4d,0x1a,0xd0,0x1b,0xd2,0x1c,0x54,0x1d,0x55,0x1e,0x59,0x20,0xda,0x20,0xdc,0x21,
  0x5e,0x23,0x61,0x25,0xe3,0x26,0xe4,0x27,0x66,0x29,0xe9,0x2b,0x6b,0x2d,0x6d,0x2f,
  0xef,0x30,0x72,0x34,0xf4,0x35,0xf6,0x37,0x78,0x39,0x7c,0x3d,0x7e,0x3f,0xfe,0x40,
  0xfc,0x42,0xf8,0x46,0x76,0x48,0x74,0x4a,0xf2,0x4b,0x6f,0x4f,0xed,0x50,0xec,0x52,
  0x6a,0x54,0xe6,0x56,0x64,0x58,0x63,0x59,0xe1,0x5a,0xde,0x5c,0x5c,0x5e,0x5a,0x5f,
  0x59,0x60,0xd6,0x61,0xd4,0x62,0x52,0x63,0x51,0x64,0xcd,0x65,0x4c,0x66,0xca,0x66,
  0xc9,0x67,0xc5,0x68,0x44,0x69,0xc2,0x69,0x40,0x6a,0x3d,0x6b,0xbc,0x6b,0x3a,0x6c,
  0xb9,0x6c,0x35,0x6d,0xb4,0x6d,0x32,0x6e,0x30,0x6e,0xad,0x6e,0x2c,0x6f,0xaa,0x6f,
  0xa9,0x6f,0x25,0x70,0xa4,0x70,0xa2,0x70,0x20,0x71,0x9d,0x71,0x9c,0x71,0x1a,0x72,
  0x18,0x72,0x95,0x72,0x94,0x72,0x12,0x73,0x11,0x73,0x8d,0x73,0x8c,0x73,0x8a,0x73,
  0x09,0x74,0x06,0x74,0x84,0x74,0x82,0x74,0x81,0x74,0x81,0x7f,0x00,0x81,0x7f,0x00,
  0x7b,0x81,0x0a,0x82,0x0a,0x84,0x0a,0x06,0x0b,0x09,0x0b,0x8a,0x0b,0x8c,0x0b,0x8d,
  0x0b,0x11,0x0c,0x12,0x0c,0x94,0x0c,0x95,0x0c,0x19,0x0d,0x1a,0x0d,0x9c,0x0d,0x9d,
  0x0d,0x21,0x0e,0x22,0x0e,0xa4,0x0e,0xa5,0x0e,0x29,0x0f,0xaa,0x0f,0xac,0x0f,0x2d,
  0x10,0xb0,0x10,0x32,0x11,0xb4,0x11,0xb5,0x11,0xb9,0x12,0x3a,0x13,0xbc,0x13,0xbd,
  0x13,0xc0,0x14,0x42,0x15,0xc4,0x15,0x45,0x16,0xc9,0x17,0x4a,0x18,0xcc,0x18,0x4d,
  0x19,0xd1,0x1a,0xd2,0x1b,0x54,0x1c,0x56,0x1d,0x59,0x1f,0x5b,0x20,0x5c,0x21,0x5e,
  0x22,0x61,0x24,0xe3,0x25,0xe4,0x26,0x66,0x28,0x6a,0x2b,0xeb,0x2c,0x6d,0x2e,0xef,
  0x2f,0x72,0x33,0x74,0x35,0x76,0x37,0x78,0x39,0x7c,0x3d,0x7e,0x3f,0xfe,0x40,0xfc,
  0x42,0xf8,0x46,0xf6,0x48,0xf5,0x4a,0xf3,0x4c,0x6f,0x50,0xed,0x51,0x6c,0x53,0xea,
  0x54,0xe7,0x57,0x65,0x59,0x63,0x5a,0xe2,0x5b,0xde,0x5d,0xdd,0x5e,0x5b,0x60,0xd9,
  0x60,0xd6,0x62,0xd4,0x63,0x53,0x64,0x51,0x65,0xce,0x66,0x4c,0x67,0xcb,0x67,0x49,
  0x68,0xc6,0x69,0x44,0x6a,0xc3,0x6a,0x41,0x6b,0x3e,0x6c,0x3c,0x6c,0xbb,0x6c,0x39,
  0x6d,0x36,0x6e,0x34,0x6e,0xb2,0x6e,0x31,0x6f,0xae,0x6f,0x2c,0x70,0x2a,0x70,0xa9,
  0x70,0x26,0x71,0x24,0x71,0xa3,0x71,0xa1,0x71,0x1e,0x72,0x1c,0x72,0x9b,0x72,0x99,
  0x72,0x16,0x73,0x14,0x73,0x93,0x73,0x91,0x73,0x0e,0x74,0x0c,0x74,0x0b,0x74,0x89,
  0x74,0x86,0x74,0x04,0x75,0x03,0x75,0x01,0x75,0x81,0x7f,0x00,0x81,0x7f,0x00,0x7b,
  0x01,0x0a,0x03,0x0a,0x05,0x0a,0x86,0x0a,0x89,0x0a,0x8b,0x0a,0x0c,0x0b,0x0e,0x0b,
  0x91,0x0b,0x93,0x0b,0x94,0x0b,0x16,0x0c,0x99,0x0c,0x9b,0x0c,0x9c,0x0c,0x1e,0x0d,
  0xa1,0x0d,0xa3,0x0d,0xa4,0x0d,0x26,0x0e,0xa9,0x0e,0x2b,0x0f,0x2c,0x0f,0xae,0x0f,
  0x31,0x10,0x33,0x10,0xb4,0x10,0x36,0x11,0xb9,0x11,0x3b,0x12,0xbc,0x12,0x3e,0x13,
  0xc1,0x13,0x43,0x14,0xc4,0x14,0x46,0x15,0xc9,0x16,0x4b,0x17,0xcc,0x17,0x4e,0x18,
  0xd1,0x19,0xd3,0x1a,0x55,0x1b,0x56,0x1c,0x5a,0x1e,0xdb,0x1e,0x5d,0x20,0x5e,0x21,
  0x62,0x23,0xe3,0x24,0xe5,0x25,0x67,0x27,0x6a,0x2a,0xec,0x2b,0xee,0x2d,0x6f,0x2f,
  0xf3,0x32,0xf5,0x34,0xf6,0x36,0xf8,0x38,0xfc,0x3c,0xfe,0x3e,0x7e,0x41,0x7c,0x43,
  0x78,0x47,0x77,0x49,0x75,0x4b,0x73,0x4d,0xf0,0x50,0x6e,0x52,0x6c,0x54,0xeb,0x55,
  0xe7,0x58,0x65,0x5a,0x64,0x5b,0xe2,0x5c,0xdf,0x5e,0x5d,0x60,0x5b,0x61,0xda,0x61,
  0xd7,0x63,0xd5,0x64,0x53,0x65,0x52,0x66,0xce,0x67,0x4d,0x68,0xcb,0x68,0x49,0x69,
  0xc6,0x6a,0x45,0x6b,0xc3,0x6b,0x41,0x6c,0xbe,0x6c,0x3d,0x6d,0xbb,0x6d,0x3a,0x6e,
  0xb6,0x6e,0x35,0x6f,0xb3,0x6f,0xb1,0x6f,0x2e,0x70,0xad,0x70,0xab,0x70,0x2a,0x71,
  0xa6,0x71,0x25,0x72,0x23,0x72,0x21,0x72,0x9e,0x72,0x1d,0x73,0x1b,0x73,0x19,0x73,
  0x96,0x73,0x15,0x74,0x13,0x74,0x12,0x74,0x8e,0x74,0x8d,0x74,0x0b,0x75,0x0a,0x75,
  0x07,0x75,0x85,0x75,0x83,0x75,0x82,0x75,0x81,0x7f,0x00,0x81,0x7f,0x00,0x7b,0x82,
  0x09,0x83,0x09,0x85,0x09,0x06,0x0a,0x0a,0x0a,0x0b,0x0a,0x8d,0x0a,0x8e,0x0a,0x12,
  0x0b,0x13,0x0b,0x15,0x0b,0x96,0x0b,0x99,0x0b,0x1b,0x0c,0x1d,0x0c,0x1e,0x0c,0xa1,
  0x0c,0x23,0x0d,0x25,0x0d,0xa6,0x0d,0x29,0x0e,0x2b,0x0e,0xad,0x0e,0xae,0x0e,0x31,
  0x0f,0xb3,0x0f,0x35,0x10,0x36,0x10,0x39,0x11,0x3b,0x11,0xbc,0x11,0x3e,0x12,0x41,
  0x13,0xc3,0x13,0x45,0x14,0xc6,0x14,0xc9,0x15,0x4b,0x16,0xcd,0x16,0x4e,0x17,0xd2,
  0x18,0xd3,0x19,0x55,0x1a,0x56,0x1b,0xda,0x1c,0xdb,0x1d,0xdd,0x1e,0x5f,0x20,0x62,
  0x22,0xe4,0x23,0xe5,0x24,0x67,0x26,0x6a,0x29,0xec,0x2a,0xee,0x2c,0x70,0x2e,0x73,
  0x32,0x75,0x34,0x76,0x36,0x78,0x38,0xfc,0x3c,0xfe,0x3e,0x7e,0x41,0x7c,0x43,0xf9,
  0x47,0xf7,0x49,0xf5,0x4b,0xf3,0x4d,0xf0,0x51,0x6e,0x53,0x6d,0x55,0xeb,0x56,0xe7,
  0x59,0x66,0x5b,0x64,0x5c,0xe2,0x5d,0x5f,0x60,0x5d,0x61,0x5c,0x62,0x5a,0x63,0xd7,
  0x64,0xd5,0x65,0x53,0x66,0x52,0x67,0xcf,0x68,0x4d,0x69,0xcb,0x69,0x4a,0x6a,0x47,
  0x6b,0xc5,0x6b,0x43,0x6c,0xc2,0x6c,0xbf,0x6d,0x3d,0x6e,0xbb,0x6e,0xba,0x6e,0xb7,
  0x6f,0xb5,0x6f,0x33,0x70,0xb2,0x70,0x2f,0x71,0x2d,0x71,0xab,0x71,0xaa,0x71,0x27,
  0x72,0xa5,0x72,0xa3,0x72,0x22,0x73,0x9e,0x73,0x9d,0x73,0x9b,0x73,0x1a,0x74,0x17,
  0x74,0x95,0x74,0x94,0x74,0x92,0x74,0x0f,0x75,0x0d,0x75,0x8c,0x75,0x8a,0x75,0x87,
  0x75,0x05,0x76,0x04,0x76,0x02,0x76,0x81,0x7f,0x00,0x81,0x7f,0x00,0x7b,0x83,0x08,
  0x84,0x08,0x86,0x08,0x87,0x08,0x0a,0x09,0x0c,0x09,0x0d,0x09,0x8f,0x09,0x92,0x09,
  0x14,0x0a,0x15,0x0a,0x17,0x0a,0x9a,0x0a,0x9c,0x0a,0x1d,0x0b,0x1f,0x0b,0xa2,0x0b,
  0xa4,0x0b,0xa6,0x0b,0x27,0x0c,0xaa,0x0c,0xac,0x0c,0x2d,0x0d,0x2f,0x0d,0xb2,0x0d,
  0x34,0x0e,0x35,0x0e,0xb7,0x0e,0x3a,0x0f,0xbc,0x0f,0x3d,0x10,0x3f,0x10,0x42,0x11,
  0xc4,0x11,0x45,0x12,0xc7,0x12,0xca,0x13,0x4c,0x14,0xce,0x14,0x4f,0x15,0xd2,0x16,
  0x54,0x17,0x56,0x18,0xd7,0x18,0xdb,0x1a,0xdc,0x1b,0xde,0x1c,0xdf,0x1d,0x63,0x20,
  0x64,0x21,0xe6,0x22,0x68,0x24,0x6b,0x27,0xed,0x28,0xee,0x2a,0xf0,0x2c,0xf3,0x30,
  0xf5,0x32,0x77,0x35,0x78,0x37,0x7c,0x3c,0xfe,0x3e,0x7e,0x41,0xfc,0x43,0xf9,0x48,
  0xf7,0x4a,0x76,0x4d,0x74,0x4f,0x70,0x53,0x6f,0x55,0x6d,0x57,0xeb,0x58,0xe8,0x5b,
  0x66,0x5d,0xe5,0x5e,0x63,0x60,0x60,0x62,0x5e,0x63,0x5c,0x64,0x5b,0x65,0x58,0x67,
  0xd6,0x67,0xd4,0x68,0x53,0x69,0xcf,0x6a,0x4e,0x6b,0xcc,0x6b,0x4b,0x6c,0x47,0x6d,
  0xc6,0x6d,0x44,0x6e,0xc2,0x6e,0xbf,0x6f,0xbe,0x6f,0x3c,0x70,0xbb,0x70,0x37,0x71,
  0xb6,0x71,0xb4,0x71,0x33,0x72,0xaf,0x72,0xae,0x72,0x2c,0x73,0x2b,0x73,0xa7,0x73,
  0x26,0x74,0x24,0x74,0x23,0x74,0x9f,0x74,0x9e,0x74,0x1c,0x75,0x1b,0x75,0x98,0x75,
  0x96,0x75,0x94,0x75,0x13,0x76,0x0f,0x76,0x8e,0x76,0x8c,0x76,0x8b,0x76,0x08,0x77,
  0x06,0x77,0x04,0x77,0x03,0x77,0x81,0x7f,0x00,0x81,0x7f,0x00,0x7b,0x03,0x08,0x04,
  0x08,0x06,0x08,0x07,0x08,0x8b,0x08,0x8c,0x08,0x8e,0x08,0x0f,0x09,0x13,0x09,0x14,
  0x09,0x96,0x09,0x97,0x09,0x1a,0x0a,0x1c,0x0a,0x1e,0x0a,0x9f,0x0a,0xa2,0x0a,0x24,
  0x0b,0x26,0x0b,0x27,0x0b,0xaa,0x0b,0x2c,0x0c,0x2e,0x0c,0xaf,0x0c,0x32,0x0d,0x34,
  0x0d,0xb6,0x0d,0xb7,0x0d,0xba,0x0e,0xbc,0x0e,0x3e,0x0f,0xbf,0x0f,0x42,0x10,0xc4,
  0x10,0x46,0x11,0xc7,0x11,0xca,0x12,0x4c,0x13,0xce,0x13,0x4f,0x14,0xd3,0x15,0x54,
  0x16,0xd6,0x16,0xd7,0x17,0x5b,0x19,0x5c,0x1a,0x5e,0x1b,0x60,0x1c,0xe3,0x1e,0x64,
  0x20,0x66,0x21,0xe8,0x22,0xeb,0x25,0xed,0x27,0xee,0x29,0xf0,0x2b,0xf3,0x2f,0x75,
  0x32,0x77,0x34,0xf8,0x36,0x7c,0x3c,0xfe,0x3e,0x7e,0x41,0xfc,0x43,0x79,0x49,0xf7,
  0x4b,0xf6,0x4d,0x74,0x50,0x71,0x54,0x6f,0x56,0x6d,0x58,0x6c,0x5a,0x68,0x5d,0xe6,
  0x5e,0x65,0x60,0x63,0x61,0xe0,0x63,0xde,0x64,0xdd,0x65,0xdb,0x66,0x58,0x68,0x56,
  0x69,0xd4,0x69,0x53,0x6a,0xd0,0x6b,0x4e,0x6c,0xcd,0x6c,0x4b,0x6d,0x48,0x6e,0xc6,
  0x6e,0x44,0x6f,0xc3,0x6f,0x40,0x70,0xbe,0x70,0x3c,0x71,0x3b,0x71,0x38,0x72,0x36,
  0x72,0xb4,0x72,0xb3,0x72,0x30,0x73,0xae,0x73,0xac,0x73,0x2b,0x74,0xa8,0x74,0xa6,
  0x74,0xa5,0x74,0x23,0x75,0x20,0x75,0x9e,0x75,0x9c,0x75,0x9b,0x75,0x18,0x76,0x16,
  0x76,0x95,0x76,0x93,0x76,0x90,0x76,0x0e,0x77,0x0d,0x77,0x0b,0x77,0x88,0x77,0x86,
  0x77,0x85,0x77,0x83,0x77,0x81,0x7f,0x00,0x7f,0x7f,0x00,0x00,0x07,0x83,0x07,0x84,
  0x07,0x86,0x07,0x88,0x07,0x0b,0x08,0x0c,0x08,0x0e,0x08,0x10,0x08,0x93,0x08,0x95,
  0x08,0x16,0x09,0x18,0x09,0x1b,0x09,0x9c,0x09,0x9e,0x09,0x9f,0x09,0x23,0x0a,0x24,
  0x0a,0xa6,0x0a,0xa7,0x0a,0x2b,0x0b,0x2c,0x0b,0xae,0x0b,0xb0,0x0b,0x33,0x0c,0xb4,
  0x0c,0xb6,0x0c,0x38,0x0d,0xbb,0x0d,0x3c,0x0e,0x3e,0x0e,0xc0,0x0e,0x43,0x0f,0xc4,
  0x0f,0x46,0x10,0xc8,0x10,0xcb,0x11,0x4c,0x12,0xce,0x12,0x4f,0x13,0x53,0x14,0x54,
  0x15,0xd6,0x15,0xd8,0x16,0x5b,0x18,0x5c,0x19,0x5e,0x1a,0x60,0x1b,0x63,0x1d,0xe5,
  0x1e,0x66,0x20,0x68,0x21,0xeb,0x24,0x6d,0x26,0x6f,0x28,0x70,0x2a,0xf4,0x2e,0x75,
  0x31,0xf7,0x33,0x79,0x36,0xfc,0x3b,0xfe,0x3e,0x7e,0x41,0x7d,0x44,0xf9,0x49,0x77,
  0x4c,0xf6,0x4e,0x74,0x51,0xf1,0x55,0xef,0x57,0xed,0x59,0x6c,0x5b,0xe8,0x5e,0x67,
  0x60,0x65,0x61,0xe3,0x62,0xe0,0x64,0xdf,0x65,0xdd,0x66,0xdb,0x67,0x58,0x69,0x56,
  0x6a,0xd5,0x6a,0xd3,0x6b,0xd0,0x6c,0x4e,0x6d,0xcd,0x6d,0x4b,0x6e,0x48,0x6f,0xc6,
  0x6f,0x45,0x70,0xc3,0x70,0x40,0x71,0xbe,0x71,0xbd,0x71,0x3b,0x72,0xb8,0x72,0x36,
  0x73,0x35,0x73,0xb3,0x73,0x30,0x74,0x2e,0x74,0xad,0x74,0xab,0x74,0x28,0x75,0x26,
  0x75,0xa5,0x75,0xa3,0x75,0x20,0x76,0x1e,0x76,0x1d,0x76,0x9b,0x76,0x98,0x76,0x96,
  0x76,0x15,0x77,0x13,0x77,0x90,0x77,0x8e,0x77,0x8d,0x77,0x8b,0x77,0x08,0x78,0x07,
  0x78,0x05,0x78,0x03,0x78,0x80,0x78,0x7f,0x00,0x7f,0x7f,0x00,0x80,0x06,0x03,0x07,
  0x05,0x07,0x07,0x07,0x08,0x07,0x8b,0x07,0x8d,0x07,0x8e,0x07,0x90,0x07,0x13,0x08,
  0x15,0x08,0x16,0x08,0x98,0x08,0x9b,0x08,0x9d,0x08,0x1e,0x09,0x20,0x09,0xa3,0x09,
  0xa5,0x09,0xa6,0x09,0x28,0x0a,0x2b,0x0a,0xad,0x0a,0xae,0x0a,0x30,0x0b,0xb3,0x0b,
  0xb5,0x0b,0x36,0x0c,0x38,0x0c,0xbb,0x0c,0x3d,0x0d,0x3e,0x0d,0xc0,0x0d,0x43,0x0e,
  0xc5,0x0e,0x46,0x0f,0xc8,0x0f,0x4b,0x10,0xcd,0x10,0x4e,0x11,0x50,0x12,0x53,0x13,
  0xd5,0x13,0xd6,0x14,0x58,0x15,0xdb,0x16,0xdd,0x17,0xdf,0x18,0xe0,0x19,0xe3,0x1b,
  0x65,0x1d,0xe6,0x1e,0x68,0x20,0x6c,0x23,0x6d,0x25,0x6f,0x27,0x71,0x29,0xf4,0x2d,
  0x75,0x30,0xf7,0x32,0xf9,0x35,0x7c,0x3b,0x7e,0x3e,0xfe,0x41,0xfd,0x44,0x79,0x4a,
  0x78,0x4d,0xf6,0x4f,0x74,0x52,0xf1,0x56,0xef,0x58,0xee,0x5a,0xec,0x5c,0x69,0x60,
  0x67,0x61,0xe5,0x62,0x64,0x64,0x61,0x66,0x5f,0x67,0x5d,0x68,0x5c,0x69,0xd8,0x6a,
  0x57,0x6b,0x55,0x6c,0xd4,0x6c,0xd0,0x6d,0xcf,0x6e,0x4d,0x6f,0xcb,0x6f,0x48,0x70,
  0xc7,0x70,0x45,0x71,0xc3,0x71,0x40,0x72,0xbf,0x72,0xbd,0x72,0x3c,0x73,0xb8,0x73,
  0xb7,0x73,0x35,0x74,0x33,0x74,0xb0,0x74,0x2f,0x75,0x2d,0x75,0xac,0x75,0xa8,0x75,
  0x27,0x76,0x25,0x76,0x24,0x76,0xa0,0x76,0x9f,0x76,0x1d,0x77,0x1b,0x77,0x18,0x77,
  0x97,0x77,0x95,0x77,0x94,0x77,0x10,0x78,0x0f,0x78,0x0d,0x78,0x0c,0x78,0x89,0x78,
  0x87,0x78,0x85,0x78,0x84,0x78,0x00,0x79,0x7f,0x00,0x7f,0x7f,0x00,0x81,0x05,0x04,
  0x06,0x05,0x06,0x07,0x06,0x09,0x06,0x0c,0x06,0x8d,0x06,0x8f,0x06,0x91,0x06,0x94,
  0x06,0x15,0x07,0x17,0x07,0x19,0x07,0x9c,0x07,0x9d,0x07,0x9f,0x07,0xa0,0x07,0x24,
  0x08,0x25,0x08,0x27,0x08,0xa8,0x08,0xac,0x08,0x2d,0x09,0x2f,0x09,0x30,0x09,0xb4,
  0x09,0x35,0x0a,0x37,0x0a,0xb8,0x0a,0x3c,0x0b,0x3d,0x0b,0xbf,0x0b,0xc0,0x0b,0x43,
  0x0c,0xc5,0x0c,0x47,0x0d,0x48,0x0d,0x4c,0x0e,0xcd,0x0e,0x4f,0x0f,0xd0,0x0f,0xd4,
  0x10,0x55,0x11,0xd7,0x11,0xd8,0x12,0x5c,0x14,0xdd,0x14,0xdf,0x15,0xe1,0x16,0xe4,
  0x18,0x65,0x1a,0x67,0x1b,0xe9,0x1c,0x6c,0x20,0xee,0x21,0xef,0x23,0x71,0x26,0x74,
  0x2b,0xf6,0x2d,0xf7,0x30,0xf9,0x33,0xfc,0x3a,0x7e,0x3e,0xfe,0x41,0x7d,0x45,0x79,
  0x4c,0x78,0x4f,0x76,0x52,0xf4,0x54,0xf1,0x59,0x6f,0x5c,0x6e,0x5e,0x6c,0x60,0x69,
  0x63,0xe7,0x64,0xe6,0x65,0x64,0x67,0x61,0x69,0x5f,0x6a,0x5e,0x6b,0xdc,0x6b,0x59,
  0x6d,0x57,0x6e,0xd5,0x6e,0x54,0x6f,0x51,0x70,0xcf,0x70,0x4e,0x71,0xcc,0x71,0xc9,
  0x72,0xc7,0x72,0x46,0x73,0xc4,0x73,0x41,0x74,0x3f,0x74,0xbe,0x74,0xbc,0x74,0x39,
  0x75,0xb7,0x75,0xb6,0x75,0x34,0x76,0xb1,0x76,0xaf,0x76,0xae,0x76,0x2c,0x77,0x29,
  0x77,0xa7,0x77,0xa6,0x77,0xa4,0x77,0x21,0x78,0x1f,0x78,0x1e,0x78,0x1c,0x78,0x99,
  0x78,0x97,0x78,0x96,0x78,0x14,0x79,0x11,0x79,0x0f,0x79,0x0e,0x79,0x8c,0x79,0x89,
  0x79,0x87,0x79,0x86,0x79,0x84,0x79,0x01,0x7a,0x7f,0x00,0x7f,0x7f,0x00,0x01,0x05,
  0x84,0x05,0x86,0x05,0x87,0x05,0x89,0x05,0x8c,0x05,0x0e,0x06,0x0f,0x06,0x11,0x06,
  0x14,0x06,0x16,0x06,0x97,0x06,0x99,0x06,0x9c,0x06,0x1d,0x07,0x1f,0x07,0x21,0x07,
  0x24,0x07,0xa5,0x07,0xa7,0x07,0xa9,0x07,0x2c,0x08,0x2d,0x08,0xaf,0x08,0xb1,0x08,
  0x34,0x09,0x35,0x09,0x37,0x09,0xb9,0x09,0x3c,0x0a,0x3d,0x0a,0xbf,0x0a,0xc1,0x0a,
  0x44,0x0b,0xc5,0x0b,0x47,0x0c,0x49,0x0c,0x4c,0x0d,0xcd,0x0d,0xcf,0x0d,0x50,0x0e,
  0x54,0x0f,0xd5,0x0f,0x57,0x10,0x59,0x11,0xdc,0x12,0x5d,0x13,0x5f,0x14,0x61,0x15,
  0x64,0x17,0x65,0x18,0xe7,0x19,0xe9,0x1a,0x6c,0x1e,0x6e,0x20,0x6f,0x22,0x71,0x24,
  0x74,0x29,0x76,0x2c,0xf7,0x2f,0xf9,0x32,0x7c,0x3a,0x7e,0x3e,0xfe,0x41,0xfd,0x45,
  0x79,0x4d,0x78,0x50,0xf6,0x53,0xf4,0x56,0xf1,0x5b,0xf0,0x5d,0x6e,0x60,0xec,0x61,
  0x69,0x65,0x67,0x66,0xe6,0x67,0xe4,0x68,0xe1,0x6a,0xdf,0x6b,0xde,0x6c,0x5c,0x6d,
  0xd9,0x6e,0xd7,0x6f,0x56,0x70,0xd4,0x70,0xd1,0x71,0x4f,0x72,0x4e,0x72,0xcc,0x72,
  0xc9,0x73,0xc7,0x73,0x46,0x74,0xc4,0x74,0x41,0x75,0x3f,0x75,0xbe,0x75,0xbc,0x75,
  0x39,0x76,0xb7,0x76,0xb6,0x76,0xb4,0x76,0x31,0x77,0x2f,0x77,0xae,0x77,0xac,0x77,
  0x29,0x78,0x27,0x78,0x26,0x78,0xa4,0x78,0xa1,0x78,0x9f,0x78,0x9e,0x78,0x1c,0x79,
  0x19,0x79,0x17,0x79,0x96,0x79,0x94,0x79,0x91,0x79,0x8f,0x79,0x8e,0x79,0x0c,0x7a,
  0x09,0x7a,0x08,0x7a,0x06,0x7a,0x04,0x7a,0x81,0x7a,0x7f,0x00,0x7f,0x7f,0x00,0x81,
  0x04,0x04,0x05,0x06,0x05,0x07,0x05,0x09,0x05,0x0c,0x05,0x0e,0x05,0x8f,0x05,0x91,
  0x05,0x94,0x05,0x96,0x05,0x97,0x05,0x19,0x06,0x1c,0x06,0x1e,0x06,0x1f,0x06,0xa1,
  0x06,0xa4,0x06,0xa6,0x06,0x27,0x07,0x29,0x07,0x2c,0x07,0xad,0x07,0xaf,0x07,0xb1,
  0x07,0x34,0x08,0x36,0x08,0xb7,0x08,0xb9,0x08,0x3c,0x09,0x3e,0x09,0xbf,0x09,0xc1,
  0x09,0x44,0x0a,0xc5,0x0a,0xc7,0x0a,0x49,0x0b,0xcc,0x0b,0x4e,0x0c,0xcf,0x0c,0x51,
  0x0d,0x54,0x0e,0xd5,0x0e,0x57,0x0f,0xd9,0x0f,0xdc,0x10,0xdd,0x11,0x5f,0x12,0x61,
  0x13,0x64,0x15,0x66,0x16,0xe7,0x17,0xe9,0x18,0x6c,0x1c,0xee,0x1d,0x6f,0x20,0x71,
  0x22,0xf4,0x27,0xf6,0x2a,0xf7,0x2d,0xf9,0x31,0xfc,0x39,0xfe,0x3d,0x7e,0x42,0x7d,
  0x46,0x79,0x4e,0x78,0x52,0x76,0x55,0x74,0x58,0xf1,0x5d,0x70,0x60,0x6e,0x62,0xec,
  0x63,0x69,0x67,0x67,0x68,0xe6,0x69,0xe4,0x6a,0xe1,0x6c,0xe0,0x6d,0x5e,0x6e,0x5c,
  0x6f,0x59,0x70,0xd7,0x70,0x56,0x71,0xd4,0x71,0xd1,0x72,0x4f,0x73,0xce,0x73,0x4c,
  0x74,0xc9,0x74,0x47,0x75,0x46,0x75,0xc4,0x75,0x41,0x76,0x3f,0x76,0xbe,0x76,0xbc,
  0x76,0x39,0x77,0x38,0x77,0xb6,0x77,0xb4,0x77,0x31,0x78,0x30,0x78,0x2e,0x78,0xac,
  0x78,0xa9,0x78,0xa8,0x78,0x26,0x79,0x24,0x79,0x21,0x79,0xa0,0x79,0x9e,0x79,0x9c,
  0x79,0x99,0x79,0x18,0x7a,0x16,0x7a,0x15,0x7a,0x11,0x7a,0x10,0x7a,0x8e,0x7a,0x8d,
  0x7a,0x89,0x7a,0x88,0x7a,0x86,0x7a,0x85,0x7a,0x01,0x7b,0x7f,0x00,0x7f,0x00,0x04,
  0x01,0x04,0x85,0x04,0x86,0x04,0x88,0x04,0x89,0x04,0x8c,0x04,0x8e,0x04,0x8f,0x04,
  0x11,0x05,0x14,0x05,0x16,0x05,0x17,0x05,0x19,0x05,0x9c,0x05,0x9e,0x05,0x9f,0x05,
  0xa1,0x05,0x24,0x06,0x26,0x06,0x28,0x06,0x29,0x06,0xac,0x06,0xae,0x06,0xaf,0x06,
  0x31,0x07,0x34,0x07,0xb6,0x07,0xb7,0x07,0xb9,0x07,0x3c,0x08,0x3e,0x08,0xbf,0x08,
  0xc1,0x08,0x44,0x09,0xc6,0x09,0xc7,0x09,0x49,0x0a,0xcc,0x0a,0x4e,0x0b,0x4f,0x0b,
  0xd1,0x0b,0xd4,0x0c,0x56,0x0d,0xd7,0x0d,0x59,0x0e,0x5c,0x0f,0x5e,0x10,0xdf,0x10,
  0xe1,0x11,0x64,0x13,0x66,0x14,0xe7,0x15,0xe9,0x16,0xec,0x19,0xee,0x1b,0xef,0x1d,
  0x71,0x20,0x74,0x25,0xf6,0x28,0x77,0x2c,0x79,0x30,0xfc,0x38,0xfe,0x3d,0x7e,0x42,
  0x7d,0x47,0xf9,0x4f,0xf8,0x53,0x76,0x57,0xf5,0x5a,0x71,0x60,0x70,0x62,0x6e,0x64,
  0x6d,0x66,0x69,0x69,0x68,0x6a,0xe6,0x6b,0xe5,0x6c,0x61,0x6e,0x60,0x6f,0xde,0x6f,
  0xdd,0x70,0xd9,0x71,0x58,0x72,0xd6,0x72,0x54,0x73,0x51,0x74,0xd0,0x74,0xce,0x74,
  0x4c,0x75,0xc9,0x75,0x48,0x76,0x46,0x76,0xc4,0x76,0x41,0x77,0x40,0x77,0xbe,0x77,
  0xbd,0x77,0x39,0x78,0x38,0x78,0x36,0x78,0xb5,0x78,0xb1,0x78,0x30,0x79,0x2e,0x79,
  0x2d,0x79,0xa9,0x79,0xa8,0x79,0xa6,0x79,0xa5,0x79,0x21,0x7a,0x20,0x7a,0x1e,0x7a,
  0x1d,0x7a,0x9a,0x7a,0x98,0x7a,0x96,0x7a,0x95,0x7a,0x91,0x7a,0x10,0x7b,0x0e,0x7b,
  0x0d,0x7b,0x0a,0x7b,0x08,0x7b,0x06,0x7b,0x05,0x7b,0x82,0x7b,0x80,0x7b,0x7f,0x00,
  0x03,0x01,0x03,0x05,0x03,0x06,0x03,0x88,0x03,0x89,0x03,0x8d,0x03,0x8e,0x03,0x90,
  0x03,0x91,0x03,0x95,0x03,0x16,0x04,0x18,0x04,0x19,0x04,0x1c,0x04,0x1e,0x04,0x20,
  0x04,0xa1,0x04,0xa4,0x04,0xa6,0x04,0xa8,0x04,0xa9,0x04,0x2d,0x05,0x2e,0x05,0x30,
  0x05,0x31,0x05,0xb4,0x05,0xb6,0x05,0xb8,0x05,0x39,0x06,0x3c,0x06,0x3e,0x06,0xbf,
  0x06,0xc1,0x06,0x44,0x07,0x46,0x07,0xc8,0x07,0xc9,0x07,0x4c,0x08,0xce,0x08,0xd0,
  0x08,0x51,0x09,0xd4,0x09,0x56,0x0a,0xd7,0x0a,0xd9,0x0a,0xdc,0x0b,0xde,0x0c,0x60,
  0x0d,0xe1,0x0d,0x64,0x0f,0x66,0x10,0x67,0x11,0x69,0x12,0xec,0x14,0xee,0x16,0x6f,
  0x18,0xf1,0x1a,0x74,0x20,0x76,0x23,0x78,0x27,0xf9,0x2b,0xfc,0x36,0xfe,0x3c,0x7e,
  0x43,0x7d,0x49,0x79,0x54,0xf8,0x58,0xf6,0x5c,0x75,0x60,0x72,0x65,0xf0,0x67,0x6e,
  0x69,0x6d,0x6b,0xe9,0x6d,0xe8,0x6e,0xe6,0x6f,0xe5,0x70,0x61,0x72,0xe0,0x72,0x5e,
  0x73,0x5d,0x74,0x59,0x75,0x58,0x75,0xd6,0x75,0x55,0x76,0xd1,0x76,0x50,0x77,0x4e,
  0x77,0xcd,0x77,0x4a,0x78,0x48,0x78,0xc6,0x78,0xc5,0x78,0x42,0x79,0x40,0x79,0xbe,
  0x79,0xbd,0x79,0xba,0x79,0x38,0x7a,0x36,0x7a,0x35,0x7a,0xb2,0x7a,0xb0,0x7a,0xae,
  0x7a,0xad,0x7a,0x2a,0x7b,0x28,0x7b,0x27,0x7b,0x25,0x7b,0x22,0x7b,0xa0,0x7b,0x9e,
  0x7b,0x9d,0x7b,0x9a,0x7b,0x98,0x7b,0x97,0x7b,0x15,0x7c,0x12,0x7c,0x10,0x7c,0x0f,
  0x7c,0x0d,0x7c,0x0a,0x7c,0x08,0x7c,0x87,0x7c,0x85,0x7c,0x82,0x7c,0x80,0x7c,0x7f,
  0x80,0x02,0x82,0x02,0x85,0x02,0x86,0x02,0x08,0x03,0x0a,0x03,0x0d,0x03,0x0e,0x03,
  0x10,0x03,0x12,0x03,0x15,0x03,0x16,0x03,0x18,0x03,0x9a,0x03,0x9d,0x03,0x9e,0x03,
  0xa0,0x03,0xa1,0x03,0xa5,0x03,0x26,0x04,0x28,0x04,0x29,0x04,0x2d,0x04,0x2e,0x04,
  0xb0,0x04,0xb1,0x04,0xb5,0x04,0xb6,0x04,0x38,0x05,0x39,0x05,0x3d,0x05,0x3e,0x05,
  0xc0,0x05,0xc1,0x05,0x44,0x06,0x46,0x06,0x48,0x06,0xc9,0x06,0x4c,0x07,0x4e,0x07,
  0xd0,0x07,0xd1,0x07,0x54,0x08,0xd6,0x08,0xd8,0x08,0x59,0x09,0x5c,0x0a,0xde,0x0a,
  0x60,0x0b,0xe1,0x0b,0x64,0x0d,0xe6,0x0d,0xe7,0x0e,0xe9,0x0f,0x6c,0x12,0xee,0x13,
  0x70,0x15,0x71,0x17,0xf4,0x1c,0x76,0x20,0x78,0x24,0xf9,0x28,0x7c,0x35,0x7e,0x3c,
  0xfe,0x43,0xfd,0x4a,0x79,0x57,0xf8,0x5b,0x76,0x60,0x75,0x63,0xf2,0x68,0xf0,0x6a,
  0x6e,0x6c,0xed,0x6d,0x6a,0x70,0x68,0x71,0x66,0x72,0xe5,0x72,0x62,0x74,0xe0,0x74,
  0x5e,0x75,0xdd,0x75,0xda,0x76,0x58,0x77,0x56,0x77,0xd5,0x77,0x52,0x78,0x50,0x78,
  0xce,0x78,0xcd,0x78,0x4a,0x79,0xc8,0x79,0xc6,0x79,0xc5,0x79,0x42,0x7a,0x40,0x7a,
  0xbf,0x7a,0xbd,0x7a,0xba,0x7a,0xb8,0x7a,0x37,0x7b,0x35,0x7b,0x32,0x7b,0x30,0x7b,
  0xae,0x7b,0xad,0x7b,0xaa,0x7b,0xa8,0x7b,0xa7,0x7b,0x25,0x7c,0x22,0x7c,0x20,0x7c,
  0x1f,0x7c,0x1d,0x7c,0x1a,0x7c,0x98,0x7c,0x97,0x7c,0x95,0x7c,0x92,0x7c,0x90,0x7c,
  0x8f,0x7c,0x8d,0x7c,0x8a,0x7c,0x88,0x7c,0x07,0x7d,0x05,0x7d,0x02,0x7d,0x00,0x7d,
  0x7f,0x00,0x02,0x02,0x02,0x05,0x02,0x06,0x02,0x08,0x02,0x0a,0x02,0x8d,0x02,0x8e,
  0x02,0x90,0x02,0x92,0x02,0x95,0x02,0x96,0x02,0x98,0x02,0x9a,0x02,0x9d,0x02,0x1e,
  0x03,0x20,0x03,0x21,0x03,0x25,0x03,0x26,0x03,0x28,0x03,0x29,0x03,0xad,0x03,0xae,
  0x03,0xb0,0x03,0xb1,0x03,0xb5,0x03,0x36,0x04,0x38,0x04,0x39,0x04,0x3d,0x04,0xbe,
  0x04,0xc0,0x04,0xc1,0x04,0xc4,0x04,0x46,0x05,0x48,0x05,0x49,0x05,0xcc,0x05,0xce,
  0x05,0x50,0x06,0x51,0x06,0xd4,0x06,0x56,0x07,0x58,0x07,0xd9,0x07,0x5d,0x08,0xde,
  0x08,0x60,0x09,0xe1,0x09,0xe4,0x0a,0xe6,0x0b,0x68,0x0c,0x69,0x0d,0x6d,0x0f,0x6e,
  0x10,0x70,0x12,0xf1,0x13,0xf4,0x18,0xf6,0x1b,0x78,0x20,0x79,0x25,0xfc,0x32,0x7e,
  0x3b,0xfe,0x44,0x7d,0x4d,0xf9,0x5a,0x78,0x60,0x76,0x64,0x75,0x67,0x72,0x6c,0xf0,
  0x6d,0xee,0x6f,0xed,0x70,0xea,0x72,0xe8,0x73,0x66,0x74,0x65,0x75,0x62,0x76,0xe0,
  0x76,0x5e,0x77,0xdd,0x77,0x5a,0x78,0xd8,0x78,0xd6,0x78,0x55,0x79,0xd2,0x79,0xd0,
  0x79,0x4f,0x7a,0x4d,0x7a,0xca,0x7a,0xc8,0x7a,0xc6,0x7a,0x45,0x7b,0x42,0x7b,0x40,
  0x7b,0x3f,0x7b,0xbd,0x7b,0xba,0x7b,0xb8,0x7b,0xb7,0x7b,0x35,0x7c,0x32,0x7c,0x30,
  0x7c,0x2f,0x7c,0x2d,0x7c,0xaa,0x7c,0xa8,0x7c,0xa7,0x7c,0xa5,0x7c,0xa2,0x7c,0xa0,
  0x7c,0x9f,0x7c,0x1d,0x7d,0x1a,0x7d,0x18,0x7d,0x17,0x7d,0x15,0x7d,0x12,0x7d,0x10,
  0x7d,0x0f,0x7d,0x0d,0x7d,0x8a,0x7d,0x88,0x7d,0x87,0x7d,0x85,0x7d,0x82,0x7d,0x80,
  0x7d,0x7f,0x80,0x01,0x82,0x01,0x85,0x01,0x87,0x01,0x88,0x01,0x8a,0x01,0x8d,0x01,
  0x0f,0x02,0x10,0x02,0x12,0x02,0x15,0x02,0x17,0x02,0x18,0x02,0x1a,0x02,0x1d,0x02,
  0x1e,0x02,0x20,0x02,0x21,0x02,0xa5,0x02,0xa6,0x02,0xa8,0x02,0xaa,0x02,0xad,0x02,
  0xae,0x02,0xb0,0x02,0xb2,0x02,0x35,0x03,0x36,0x03,0x38,0x03,0x3a,0x03,0x3d,0x03,
  0xbe,0x03,0xc0,0x03,0xc1,0x03,0xc5,0x03,0x46,0x04,0x48,0x04,0x49,0x04,0xcd,0x04,
  0xce,0x04,0xd0,0x04,0xd1,0x04,0x55,0x05,0xd6,0x05,0xd8,0x05,0x59,0x06,0xdd,0x06,
  0xde,0x06,0x60,0x07,0xe1,0x07,0xe4,0x08,0x66,0x09,0xe8,0x09,0x69,0x0a,0x6d,0x0c,
  0x6e,0x0d,0x70,0x0e,0xf1,0x0f,0x74,0x14,0x76,0x17,0xf8,0x1a,0x79,0x20,0xfc,0x2f,
  0x7e,0x3a,0xfe,0x45,0x7d,0x50,0x79,0x60,0x78,0x65,0xf6,0x68,0xf5,0x6b,0x72,0x70,
  0xf0,0x71,0xef,0x72,0xed,0x73,0xea,0x75,0x68,0x76,0xe6,0x76,0x65,0x77,0x62,0x78,
  0xe0,0x78,0x5e,0x79,0x5d,0x79,0xda,0x79,0x58,0x7a,0x56,0x7a,0xd5,0x7a,0x52,0x7b,
  0x50,0x7b,0x4f,0x7b,0x4d,0x7b,0xca,0x7b,0xc8,0x7b,0xc7,0x7b,0x45,0x7c,0x42,0x7c,
  0x40,0x7c,0x3f,0x7c,0xbd,0x7c,0xba,0x7c,0xb8,0x7c,0xb7,0x7c,0xb5,0x7c,0x32,0x7d,
  0x30,0x7d,0x2f,0x7d,0x2d,0x7d,0x2a,0x7d,0x28,0x7d,0x27,0x7d,0x25,0x7d,0xa2,0x7d,
  0xa0,0x7d,0x9f,0x7d,0x9d,0x7d,0x9a,0x7d,0x98,0x7d,0x97,0x7d,0x95,0x7d,0x92,0x7d,
  0x90,0x7d,0x8f,0x7d,0x0d,0x7e,0x0a,0x7e,0x09,0x7e,0x07,0x7e,0x05,0x7e,0x02,0x7e,
  0x01,0x7e,0x7f,0x80,0x00,0x82,0x00,0x85,0x00,0x87,0x00,0x88,0x00,0x8a,0x00,0x8d,
  0x00,0x8f,0x00,0x90,0x00,0x92,0x00,0x95,0x00,0x97,0x00,0x98,0x00,0x9a,0x00,0x9d,
  0x00,0x1f,0x01,0x20,0x01,0x22,0x01,0x25,0x01,0x27,0x01,0x28,0x01,0x2a,0x01,0x2d,
  0x01,0x2e,0x01,0x30,0x01,0x32,0x01,0x35,0x01,0x36,0x01,0x38,0x01,0x3a,0x01,0x3d,
  0x01,0xbe,0x01,0xc0,0x01,0xc2,0x01,0xc5,0x01,0xc6,0x01,0xc8,0x01,0xca,0x01,0xcd,
  0x01,0x4e,0x02,0x50,0x02,0x51,0x02,0x55,0x02,0x56,0x02,0x58,0x02,0xd9,0x02,0xdd,
  0x02,0xde,0x02,0x60,0x03,0x61,0x03,0xe5,0x03,0xe6,0x03,0x68,0x04,0xe9,0x04,0x6d,
  0x05,0xee,0x05,0x70,0x06,0x71,0x07,0x74,0x09,0xf6,0x0a,0x78,0x0d,0x79,0x10,0x7c,
  0x20,0xfe,0x32,0x7e,0x4d,0x7d,0x60,0xf9,0x6f,0xf8,0x72,0x76,0x75,0xf5,0x76,0xf2,
  0x78,0xf0,0x79,0x6f,0x7a,0xed,0x7a,0x6a,0x7b,0xe8,0x7b,0x67,0x7c,0x65,0x7c,0xe2,
  0x7c,0xe0,0x7c,0x5e,0x7d,0x5d,0x7d,0x5a,0x7d,0xd8,0x7d,0xd6,0x7d,0xd5,0x7d,0xd2,
  0x7d,0xd0,0x7d,0xcf,0x7d,0x4d,0x7e,0x4a,0x7e,0x48,0x7e,0x47,0x7e,0x45,0x7e,0x42,
  0x7e,0x40,0x7e,0x3f,0x7e,0xbd,0x7e,0xba,0x7e,0xb8,0x7e,0xb7,0x7e,0xb5,0x7e,0xb2,
  0x7e,0xb0,0x7e,0xaf,0x7e,0xad,0x7e,0xaa,0x7e,0xa9,0x7e,0xa7,0x7e,0xa5,0x7e,0xa2,
  0x7e,0xa1,0x7e,0x9f,0x7e,0x1d,0x7f,0x1a,0x7f,0x18,0x7f,0x17,0x7f,0x15,0x7f,0x12,
  0x7f,0x10,0x7f,0x0f,0x7f,0x0d,0x7f,0x0a,0x7f,0x09,0x7f,0x07,0x7f,0x06,0x7f,0x02,
  0x7f,0x01,0x7f,0x7f,0x00,0x00,0x02,0x00,0x05,0x00,0x07,0x00,0x08,0x00,0x0a,0x00,
  0x0d,0x00,0x0f,0x00,0x10,0x00,0x12,0x00,0x15,0x00,0x17,0x00,0x18,0x00,0x1a,0x00,
  0x1d,0x00,0x1f,0x00,0x20,0x00,0x22,0x00,0x25,0x00,0x27,0x00,0x28,0x00,0x2a,0x00,
  0x2d,0x00,0x2e,0x00,0x30,0x00,0x32,0x00,0x35,0x00,0x36,0x00,0x38,0x00,0x3a,0x00,
  0x3d,0x00,0xbe,0x00,0xc0,0x00,0xc2,0x00,0xc5,0x00,0xc6,0x00,0xc8,0x00,0xca,0x00,
  0xcd,0x00,0xce,0x00,0xd0,0x00,0xd1,0x00,0xd5,0x00,0xd6,0x00,0xd8,0x00,0xd9,0x00,
  0xdd,0x00,0xde,0x00,0x60,0x01,0x61,0x01,0x65,0x01,0x66,0x01,0x68,0x01,0xe9,0x01,
  0xed,0x01,0xee,0x01,0x70,0x02,0x71,0x02,0x74,0x03,0xf6,0x03,0xf8,0x04,0xf9,0x05,
  0x7c,0x0d,0x7e,0x20,0x7e,0x60,0xfd,0x72,0x7a,0x7a,0x78,0x7b,0x76,0x7c,0xf5,0x7c,
  0xf2,0x7d,0xf0,0x7d,0x6f,0x7e,0x6d,0x7e,0x6a,0x7e,0xe8,0x7e,0xe7,0x7e,0xe5,0x7e,
  0xe2,0x7e,0xe0,0x7e,0x5f,0x7f,0x5d,0x7f,0x5a,0x7f,0x58,0x7f,0x56,0x7f,0x55,0x7f,
  0x52,0x7f,0x50,0x7f,0x4f,0x7f,0x4d,0x7f,0x4a,0x7f,0x48,0x7f,0x47,0x7f,0x45,0x7f,
  0x42,0x7f,0x40,0x7f,0x3f,0x7f,0xbd,0x7f,0xba,0x7f,0xb8,0x7f,0xb7,0x7f,0xb5,0x7f,
  0xb2,0x7f,0xb0,0x7f,0xaf,0x7f,0xad,0x7f,0xaa,0x7f,0xa9,0x7f,0xa7,0x7f,0xa5,0x7f,
  0xa2,0x7f,0xa1,0x7f,0x9f,0x7f,0x9d,0x7f,0x9a,0x7f,0x99,0x7f,0x97,0x7f,0x95,0x7f,
  0x92,0x7f,0x91,0x7f,0x8f,0x7f,0x8d,0x7f,0x8a,0x7f,0x89,0x7f,0x87,0x7f,0x86,0x7f,
  0x82,0x7f,0x81,0x7f,0x7f,0x80,0xff,0x82,0xff,0x85,0xff,0x87,0xff,0x88,0xff,0x8a,
  0xff,0x8d,0xff,0x8f,0xff,0x90,0xff,0x92,0xff,0x95,0xff,0x97,0xff,0x98,0xff,0x9a,
  0xff,0x9d,0xff,0x9f,0xff,0xa0,0xff,0xa2,0xff,0xa5,0xff,0xa7,0xff,0xa8,0xff,0xaa,
  0xff,0xad,0xff,0xae,0xff,0xb0,0xff,0xb2,0xff,0xb5,0xff,0xb6,0xff,0xb8,0xff,0xba,
  0xff,0xbd,0xff,0x3e,0xff,0x40,0xff,0x42,0xff,0x45,0xff,0x46,0xff,0x48,0xff,0x4a,
  0xff,0x4d,0xff,0x4e,0xff,0x50,0xff,0x51,0xff,0x55,0xff,0x56,0xff,0x58,0xff,0x59,
  0xff,0x5d,0xff,0x5e,0xff,0xe0,0xfe,0xe1,0xfe,0xe5,0xfe,0xe6,0xfe,0xe8,0xfe,0x69,
  0xfe,0x6d,0xfe,0x6e,0xfe,0xf0,0xfd,0xf1,0xfd,0xf4,0xfc,0x76,0xfc,0x78,0xfb,0x79,
  0xfa,0xfc,0xf2,0x7e,0xe0,0x7e,0xa0,0x7d,0x8d,0xfa,0x85,0xf8,0x84,0xf6,0x83,0x75,
  0x83,0x72,0x82,0x70,0x82,0xef,0x81,0xed,0x81,0xea,0x81,0x68,0x81,0x67,0x81,0x65,
  0x81,0x62,0x81,0x60,0x81,0xdf,0x80,0xdd,0x80,0xda,0x80,0xd8,0x80,0xd6,0x80,0xd5,
  0x80,0xd2,0x80,0xd0,0x80,0xcf,0x80,0xcd,0x80,0xca,0x80,0xc8,0x80,0xc7,0x80,0xc5,
  0x80,0xc2,0x80,0xc0,0x80,0xbf,0x80,0x3d,0x80,0x3a,0x80,0x38,0x80,0x37,0x80,0x35,
  0x80,0x32,0x80,0x30,0x80,0x2f,0x80,0x2d,0x80,0x2a,0x80,0x29,0x80,0x27,0x80,0x25,
  0x80,0x22,0x80,0x21,0x80,0x1f,0x80,0x1d,0x80,0x1a,0x80,0x19,0x80,0x17,0x80,0x15,
  0x80,0x12,0x80,0x10,0x80,0x0f,0x80,0x0d,0x80,0x0a,0x80,0x09,0x80,0x07,0x80,0x06,
  0x80,0x02,0x80,0x01,0x80,0x7f,0x00,0xff,0x02,0xff,0x05,0xff,0x07,0xff,0x08,0xff,
  0x0a,0xff,0x0d,0xff,0x0f,0xff,0x10,0xff,0x12,0xff,0x15,0xff,0x17,0xff,0x18,0xff,
  0x1a,0xff,0x1d,0xff,0x9f,0xfe,0xa0,0xfe,0xa2,0xfe,0xa5,0xfe,0xa7,0xfe,0xa8,0xfe,
  0xaa,0xfe,0xad,0xfe,0xae,0xfe,0xb0,0xfe,0xb2,0xfe,0xb5,0xfe,0xb6,0xfe,0xb8,0xfe,
  0xba,0xfe,0xbd,0xfe,0x3e,0xfe,0x40,0xfe,0x42,0xfe,0x45,0xfe,0x46,0xfe,0x48,0xfe,
  0x4a,0xfe,0x4d,0xfe,0xce,0xfd,0xd0,0xfd,0xd1,0xfd,0xd5,0xfd,0xd6,0xfd,0xd8,0xfd,
  0x59,0xfd,0x5d,0xfd,0x5e,0xfd,0xe0,0xfc,0xe1,0xfc,0x65,0xfc,0x66,0xfc,0xe8,0xfb,
  0x69,0xfb,0xed,0xfa,0x6e,0xfa,0xf0,0xf9,0xf1,0xf8,0xf4,0xf6,0x76,0xf5,0xf8,0xf2,
  0xf9,0xef,0x7c,0xe0,0x7e,0xcd,0xfe,0xb2,0x7d,0xa0,0x79,0x90,0x78,0x8d,0xf6,0x8a,
  0x75,0x89,0x72,0x87,0x70,0x86,0xef,0x85,0x6d,0x85,0xea,0x84,0x68,0x84,0xe7,0x83,
  0xe5,0x83,0x62,0x83,0x60,0x83,0xdf,0x82,0xdd,0x82,0xda,0x82,0x58,0x82,0x56,0x82,
  0x55,0x82,0x52,0x82,0x50,0x82,0x4f,0x82,0xcd,0x81,0xca,0x81,0xc8,0x81,0xc7,0x81,
  0xc5,0x81,0xc2,0x81,0xc0,0x81,0xbf,0x81,0x3d,0x81,0x3a,0x81,0x38,0x81,0x37,0x81,
  0x35,0x81,0x32,0x81,0x30,0x81,0x2f,0x81,0x2d,0x81,0x2a,0x81,0x29,0x81,0x27,0x81,
  0x25,0x81,0x22,0x81,0x21,0x81,0x1f,0x81,0x9d,0x80,0x9a,0x80,0x99,0x80,0x97,0x80,
  0x95,0x80,0x92,0x80,0x90,0x80,0x8f,0x80,0x8d,0x80,0x8a,0x80,0x89,0x80,0x87,0x80,
  0x86,0x80,0x82,0x80,0x81,0x80,0x7f,0x00,0xfe,0x02,0xfe,0x05,0xfe,0x07,0xfe,0x08,
  0xfe,0x0a,0xfe,0x0d,0xfe,0x8f,0xfd,0x90,0xfd,0x92,0xfd,0x95,0xfd,0x97,0xfd,0x98,
  0xfd,0x9a,0xfd,0x9d,0xfd,0x9e,0xfd,0xa0,0xfd,0xa2,0xfd,0x25,0xfd,0x26,0xfd,0x28,
  0xfd,0x2a,0xfd,0x2d,0xfd,0x2e,0xfd,0x30,0xfd,0x32,0xfd,0xb5,0xfc,0xb6,0xfc,0xb8,
  0xfc,0xba,0xfc,0xbd,0xfc,0x3e,0xfc,0x40,0xfc,0x41,0xfc,0x45,0xfc,0xc6,0xfb,0xc8,
  0xfb,0xc9,0xfb,0x4d,0xfb,0x4e,0xfb,0x50,0xfb,0x51,0xfb,0xd5,0xfa,0x56,0xfa,0x58,
  0xfa,0xd9,0xf9,0x5d,0xf9,0x5e,0xf9,0xe0,0xf8,0x61,0xf8,0x65,0xf7,0xe6,0xf6,0x68,
  0xf6,0xe9,0xf5,0xed,0xf3,0xee,0xf2,0xf0,0xf1,0x71,0xf0,0xf4,0xeb,0xf6,0xe8,0x78,
  0xe5,0x79,0xe0,0x7c,0xd0,0xfe,0xc5,0x7e,0xba,0xfd,0xaf,0x79,0xa0,0xf8,0x9a,0x76,
  0x97,0x75,0x94,0xf2,0x8f,0x70,0x8e,0x6f,0x8d,0x6d,0x8c,0x6a,0x8a,0xe8,0x89,0x66,
  0x89,0xe5,0x88,0xe2,0x87,0x60,0x87,0xde,0x86,0xdd,0x86,0x5a,0x86,0xd8,0x85,0xd6,
  0x85,0x55,0x85,0xd2,0x84,0xd0,0x84,0xcf,0x84,0xcd,0x84,0x4a,0x84,0x48,0x84,0x47,
  0x84,0xc5,0x83,0xc2,0x83,0xc0,0x83,0xbf,0x83,0x3d,0x83,0x3a,0x83,0x38,0x83,0x37,
  0x83,0x35,0x83,0xb2,0x82,0xb0,0x82,0xaf,0x82,0xad,0x82,0xaa,0x82,0xa8,0x82,0xa7,
  0x82,0xa5,0x82,0x22,0x82,0x20,0x82,0x1f,0x82,0x1d,0x82,0x1a,0x82,0x18,0x82,0x17,
  0x82,0x15,0x82,0x12,0x82,0x10,0x82,0x0f,0x82,0x8d,0x81,0x8a,0x81,0x89,0x81,0x87,
  0x81,0x85,0x81,0x82,0x81,0x81,0x81,0x7f,0x80,0xfd,0x82,0xfd,0x85,0xfd,0x86,0xfd,
  0x88,0xfd,0x8a,0xfd,0x0d,0xfd,0x0e,0xfd,0x10,0xfd,0x12,0xfd,0x15,0xfd,0x16,0xfd,
  0x18,0xfd,0x1a,0xfd,0x1d,0xfd,0x9e,0xfc,0xa0,0xfc,0xa1,0xfc,0xa5,0xfc,0xa6,0xfc,
  0xa8,0xfc,0xa9,0xfc,0x2d,0xfc,0x2e,0xfc,0x30,0xfc,0x31,0xfc,0x35,0xfc,0xb6,0xfb,
  0xb8,0xfb,0xba,0xfb,0xbd,0xfb,0x3e,0xfb,0x40,0xfb,0x41,0xfb,0x44,0xfb,0xc6,0xfa,
  0xc8,0xfa,0xc9,0xfa,0x4c,0xfa,0x4e,0xfa,0xd0,0xf9,0xd1,0xf9,0x55,0xf9,0xd6,0xf8,
  0xd8,0xf8,0x59,0xf8,0xdd,0xf7,0x5e,0xf7,0xe0,0xf6,0x61,0xf6,0x64,0xf5,0x66,0xf4,
  0xe8,0xf3,0xe9,0xf2,0xed,0xf0,0xee,0xef,0xf0,0xed,0x71,0xec,0x74,0xe7,0x76,0xe4,
  0x78,0xe0,0xf9,0xda,0x7c,0xcd,0xfe,0xc4,0x7e,0xbb,0xfd,0xb2,0x79,0xa5,0x78,0xa0,
  0xf6,0x9b,0xf5,0x98,0xf2,0x93,0x70,0x92,0x6e,0x90,0x6d,0x8f,0x6a,0x8d,0x68,0x8c,
  0xe6,0x8b,0xe5,0x8a,0xe2,0x89,0x60,0x89,0xde,0x88,0x5d,0x88,0xda,0x87,0x58,0x87,
  0x56,0x87,0xd5,0x86,0x52,0x86,0x50,0x86,0xcf,0x85,0xcd,0x85,0x4a,0x85,0x48,0x85,
  0x47,0x85,0xc5,0x84,0xc2,0x84,0xc0,0x84,0xbf,0x84,0x3d,0x84,0x3a,0x84,0x38,0x84,
  0x37,0x84,0xb5,0x83,0xb2,0x83,0xb0,0x83,0xaf,0x83,0xad,0x83,0x2a,0x83,0x28,0x83,
  0x27,0x83,0x25,0x83,0x22,0x83,0x20,0x83,0x1f,0x83,0x9d,0x82,0x9a,0x82,0x98,0x82,
  0x97,0x82,0x95,0x82,0x92,0x82,0x90,0x82,0x8f,0x82,0x8d,0x82,0x0a,0x82,0x09,0x82,
  0x07,0x82,0x05,0x82,0x02,0x82,0x00,0x82,0x7f,0x00,0xfd,0x02,0xfd,0x05,0xfd,0x06,
  0xfd,0x88,0xfc,0x8a,0xfc,0x8d,0xfc,0x8e,0xfc,0x90,0xfc,0x92,0xfc,0x95,0xfc,0x96,
  0xfc,0x98,0xfc,0x1a,0xfc,0x1d,0xfc,0x1e,0xfc,0x20,0xfc,0x21,0xfc,0x25,0xfc,0xa6,
  0xfb,0xa8,0xfb,0xa9,0xfb,0xad,0xfb,0xae,0xfb,0x30,0xfb,0x31,0xfb,0x35,0xfb,0x36,
  0xfb,0xb8,0xfa,0xb9,0xfa,0xbd,0xfa,0xbe,0xfa,0x40,0xfa,0x41,0xfa,0xc4,0xf9,0xc6,
  0xf9,0xc8,0xf9,0x49,0xf9,0xcc,0xf8,0xce,0xf8,0x50,0xf8,0x51,0xf8,0xd4,0xf7,0x56,
  0xf7,0x58,0xf7,0xd9,0xf6,0xdd,0xf5,0x5e,0xf5,0xe0,0xf4,0x61,0xf4,0xe4,0xf2,0x66,
  0xf2,0x67,0xf1,0x69,0xf0,0xec,0xed,0x6e,0xec,0xf0,0xea,0xf1,0xe8,0x74,0xe3,0x76,
  0xe0,0xf8,0xdb,0x79,0xd7,0xfc,0xca,0xfe,0xc3,0x7e,0xbc,0x7d,0xb5,0xf9,0xa8,0x78,
  0xa4,0x76,0xa0,0xf5,0x9c,0x72,0x97,0x70,0x95,0xee,0x93,0x6d,0x92,0xea,0x8f,0xe8,
  0x8e,0xe6,0x8d,0x65,0x8d,0xe2,0x8b,0x60,0x8b,0xde,0x8a,0x5d,0x8a,0x5a,0x89,0xd8,
  0x88,0xd6,0x88,0x55,0x88,0xd2,0x87,0xd0,0x87,0x4e,0x87,0x4d,0x87,0xca,0x86,0x48,
  0x86,0x46,0x86,0x45,0x86,0xc2,0x85,0xc0,0x85,0x3f,0x85,0x3d,0x85,0x3a,0x85,0x38,
  0x85,0xb7,0x84,0xb5,0x84,0xb2,0x84,0xb0,0x84,0x2f,0x84,0x2d,0x84,0x2a,0x84,0x28,
  0x84,0x27,0x84,0xa5,0x83,0xa2,0x83,0xa0,0x83,0x9f,0x83,0x9d,0x83,0x9a,0x83,0x18,
  0x83,0x17,0x83,0x15,0x83,0x12,0x83,0x10,0x83,0x0f,0x83,0x0d,0x83,0x0a,0x83,0x08,
  0x83,0x87,0x82,0x85,0x82,0x82,0x82,0x80,0x82,0x7f,0x80,0xfc,0x81,0xfc,0x85,0xfc,
  0x86,0xfc,0x08,0xfc,0x0a,0xfc,0x0d,0xfc,0x0e,0xfc,0x10,0xfc,0x11,0xfc,0x15,0xfc,
  0x96,0xfb,0x98,0xfb,0x99,0xfb,0x9c,0xfb,0x9e,0xfb,0xa0,0xfb,0x21,0xfb,0x24,0xfb,
  0x26,0xfb,0x28,0xfb,0x29,0xfb,0xad,0xfa,0xae,0xfa,0xb0,0xfa,0xb1,0xfa,0x34,0xfa,
  0x36,0xfa,0x38,0xfa,0xb9,0xf9,0xbc,0xf9,0xbe,0xf9,0x40,0xf9,0x41,0xf9,0xc4,0xf8,
  0xc6,0xf8,0x48,0xf8,0x49,0xf8,0xcc,0xf7,0x4e,0xf7,0x50,0xf7,0xd1,0xf6,0x54,0xf6,
  0xd6,0xf5,0x57,0xf5,0x59,0xf5,0x5c,0xf4,0x5e,0xf3,0xe0,0xf2,0x61,0xf2,0xe4,0xf0,
  0xe6,0xef,0xe7,0xee,0xe9,0xed,0x6c,0xeb,0x6e,0xe9,0xef,0xe7,0x71,0xe5,0x74,0xe0,
  0xf6,0xdc,0xf8,0xd8,0x79,0xd4,0x7c,0xc9,0x7e,0xc3,0xfe,0xbc,0xfd,0xb6,0xf9,0xab,
  0x78,0xa7,0x76,0xa3,0x75,0xa0,0xf2,0x9a,0x70,0x98,0xee,0x96,0xed,0x94,0x69,0x92,
  0x68,0x91,0x66,0x90,0x65,0x8f,0xe2,0x8d,0x60,0x8d,0xde,0x8c,0xdd,0x8b,0xd9,0x8a,
  0xd8,0x8a,0x56,0x8a,0xd5,0x89,0x51,0x89,0xd0,0x88,0xce,0x88,0x4d,0x88,0xca,0x87,
  0xc8,0x87,0x46,0x87,0x45,0x87,0xc2,0x86,0xc0,0x86,0x3e,0x86,0x3d,0x86,0x3a,0x86,
  0xb8,0x85,0xb6,0x85,0xb5,0x85,0x32,0x85,0x30,0x85,0x2e,0x85,0x2d,0x85,0xaa,0x84,
  0xa8,0x84,0xa7,0x84,0xa5,0x84,0xa2,0x84,0x20,0x84,0x1f,0x84,0x1d,0x84,0x1a,0x84,
  0x18,0x84,0x17,0x84,0x95,0x83,0x92,0x83,0x90,0x83,0x8f,0x83,0x8d,0x83,0x8a,0x83,
  0x88,0x83,0x07,0x83,0x05,0x83,0x02,0x83,0x00,0x83,0x7f,0x80,0xfb,0x81,0xfb,0x05,
  0xfb,0x06,0xfb,0x08,0xfb,0x09,0xfb,0x0c,0xfb,0x0e,0xfb,0x0f,0xfb,0x91,0xfa,0x94,
  0xfa,0x96,0xfa,0x98,0xfa,0x99,0xfa,0x1c,0xfa,0x1e,0xfa,0x20,0xfa,0x21,0xfa,0xa4,
  0xf9,0xa6,0xf9,0xa8,0xf9,0xa9,0xf9,0x2c,0xf9,0x2e,0xf9,0x2f,0xf9,0xb1,0xf8,0xb4,
  0xf8,0x36,0xf8,0x37,0xf8,0x39,0xf8,0xbc,0xf7,0xbe,0xf7,0x3f,0xf7,0x41,0xf7,0xc4,
  0xf6,0x46,0xf6,0x47,0xf6,0xc9,0xf5,0x4c,0xf5,0xce,0xf4,0xcf,0xf4,0x51,0xf4,0x54,
  0xf3,0xd6,0xf2,0x57,0xf2,0xd9,0xf1,0xdc,0xf0,0xde,0xef,0x5f,0xef,0x61,0xee,0xe4,
  0xec,0xe6,0xeb,0x67,0xea,0x69,0xe9,0x6c,0xe6,0x6e,0xe4,0x6f,0xe2,0x71,0xe0,0xf4,
  0xda,0x76,0xd7,0xf8,0xd3,0xf9,0xcf,0x7c,0xc7,0x7e,0xc2,0xfe,0xbd,0xfd,0xb8,0x79,
  0xb0,0x78,0xac,0xf6,0xa8,0x75,0xa5,0x71,0xa0,0xf0,0x9d,0xee,0x9b,0xed,0x99,0xe9,
  0x96,0xe8,0x95,0x66,0x94,0x65,0x93,0xe1,0x91,0xe0,0x90,0x5e,0x90,0x5d,0x8f,0x59,
  0x8e,0xd8,0x8d,0x56,0x8d,0xd5,0x8c,0xd1,0x8b,0x50,0x8b,0x4e,0x8b,0xcc,0x8a,0x49,
  0x8a,0xc8,0x89,0xc6,0x89,0x44,0x89,0xc1,0x88,0xc0,0x88,0x3e,0x88,0x3d,0x88,0xb9,
  0x87,0xb8,0x87,0xb6,0x87,0x35,0x87,0x31,0x87,0xb0,0x86,0xae,0x86,0xad,0x86,0x29,
  0x86,0x28,0x86,0x26,0x86,0x25,0x86,0xa1,0x85,0xa0,0x85,0x9e,0x85,0x9d,0x85,0x1a,
  0x85,0x18,0x85,0x16,0x85,0x15,0x85,0x12,0x85,0x90,0x84,0x8e,0x84,0x8d,0x84,0x8a,
  0x84,0x88,0x84,0x86,0x84,0x85,0x84,0x02,0x84,0x00,0x84,0x7f,0x7f,0x00,0x01,0xfb,
  0x84,0xfa,0x86,0xfa,0x87,0xfa,0x89,0xfa,0x8c,0xfa,0x8e,0xfa,0x0f,0xfa,0x11,0xfa,
  0x14,0xfa,0x16,0xfa,0x17,0xfa,0x99,0xf9,0x9c,0xf9,0x9e,0xf9,0x9f,0xf9,0x21,0xf9,
  0x24,0xf9,0x26,0xf9,0xa7,0xf8,0xa9,0xf8,0xac,0xf8,0x2e,0xf8,0x2f,0xf8,0x31,0xf8,
  0xb4,0xf7,0xb6,0xf7,0x37,0xf7,0x39,0xf7,0xbc,0xf6,0xbe,0xf6,0x3f,0xf6,0x41,0xf6,
  0xc4,0xf5,0x46,0xf5,0x47,0xf5,0xc9,0xf4,0x4c,0xf4,0xce,0xf3,0x4f,0xf3,0xd1,0xf2,
  0xd4,0xf1,0x55,0xf1,0xd7,0xf0,0x59,0xf0,0x5c,0xef,0x5e,0xee,0xdf,0xed,0xe1,0xec,
  0xe4,0xea,0xe6,0xe9,0x67,0xe8,0x69,0xe7,0xec,0xe3,0x6e,0xe2,0x6f,0xe0,0xf1,0xdd,
  0x74,0xd8,0x76,0xd5,0x77,0xd2,0x79,0xce,0x7c,0xc6,0x7e,0xc2,0xfe,0xbd,0xfd,0xb9,
  0xf9,0xb1,0xf8,0xad,0xf6,0xaa,0xf4,0xa7,0x71,0xa2,0x70,0xa0,0xee,0x9d,0x6d,0x9c,
  0xe9,0x98,0xe7,0x97,0x66,0x96,0x64,0x95,0x61,0x93,0x60,0x92,0xde,0x91,0xdc,0x90,
  0xd9,0x8f,0x57,0x8f,0xd6,0x8e,0x54,0x8e,0x51,0x8d,0xd0,0x8c,0x4e,0x8c,0xcc,0x8b,
  0x49,0x8b,0xc7,0x8a,0xc6,0x8a,0x44,0x8a,0xc1,0x89,0xbf,0x89,0x3e,0x89,0x3c,0x89,
  0xb9,0x88,0xb8,0x88,0x36,0x88,0x34,0x88,0xb1,0x87,0xb0,0x87,0xae,0x87,0x2c,0x87,
  0x29,0x87,0x28,0x87,0xa6,0x86,0xa4,0x86,0xa1,0x86,0x20,0x86,0x1e,0x86,0x1c,0x86,
  0x19,0x86,0x98,0x85,0x96,0x85,0x95,0x85,0x91,0x85,0x90,0x85,0x0e,0x85,0x0d,0x85,
  0x09,0x85,0x08,0x85,0x06,0x85,0x05,0x85,0x81,0x84,0x7f,0x00,0x7f,0x7f,0x00,0x81,
  0xfa,0x04,0xfa,0x06,0xfa,0x07,0xfa,0x09,0xfa,0x0c,0xfa,0x8e,0xf9,0x8f,0xf9,0x91,
  0xf9,0x94,0xf9,0x96,0xf9,0x17,0xf9,0x19,0xf9,0x1c,0xf9,0x9e,0xf8,0x9f,0xf8,0xa1,
  0xf8,0xa4,0xf8,0x26,0xf8,0x27,0xf8,0x29,0xf8,0xac,0xf7,0xad,0xf7,0x2f,0xf7,0x31,
  0xf7,0xb4,0xf6,0xb5,0xf6,0xb7,0xf6,0x39,0xf6,0xbc,0xf5,0xbd,0xf5,0x3f,0xf5,0x41,
  0xf5,0xc4,0xf4,0x45,0xf4,0xc7,0xf3,0xc9,0xf3,0xcc,0xf2,0x4d,0xf2,0x4f,0xf2,0xd0,
  0xf1,0xd4,0xf0,0x55,0xf0,0xd7,0xef,0xd9,0xee,0x5c,0xed,0xdd,0xec,0xdf,0xeb,0xe1,
  0xea,0xe4,0xe8,0xe5,0xe7,0x67,0xe6,0x69,0xe5,0xec,0xe1,0x6e,0xe0,0xef,0xdd,0xf1,
  0xdb,0xf4,0xd6,0xf6,0xd3,0x77,0xd0,0x79,0xcd,0xfc,0xc5,0xfe,0xc1,0x7e,0xbe,0x7d,
  0xba,0xf9,0xb2,0xf8,0xaf,0x76,0xac,0x74,0xa9,0x71,0xa4,0x70,0xa2,0x6e,0xa0,0x6c,
  0x9e,0xe9,0x9a,0xe7,0x99,0x66,0x98,0x64,0x97,0x61,0x95,0x5f,0x94,0x5e,0x93,0xdc,
  0x92,0x59,0x91,0x57,0x90,0xd6,0x8f,0x54,0x8f,0x51,0x8e,0xcf,0x8d,0xce,0x8d,0x4c,
  0x8d,0x49,0x8c,0x47,0x8c,0xc6,0x8b,0x44,0x8b,0xc1,0x8a,0xbf,0x8a,0x3e,0x8a,0x3c,
  0x8a,0xb9,0x89,0x37,0x89,0x36,0x89,0x34,0x89,0xb1,0x88,0xaf,0x88,0x2e,0x88,0x2c,
  0x88,0xa9,0x87,0xa8,0x87,0xa6,0x87,0x24,0x87,0x21,0x87,0x1f,0x87,0x1e,0x87,0x9c,
  0x86,0x99,0x86,0x97,0x86,0x16,0x86,0x14,0x86,0x11,0x86,0x0f,0x86,0x0e,0x86,0x8c,
  0x85,0x89,0x85,0x88,0x85,0x86,0x85,0x84,0x85,0x01,0x85,0x7f,0x00,0x7f,0x7f,0x00,
  0x01,0xfa,0x84,0xf9,0x85,0xf9,0x87,0xf9,0x89,0xf9,0x8c,0xf9,0x0d,0xf9,0x0f,0xf9,
  0x11,0xf9,0x14,0xf9,0x95,0xf8,0x97,0xf8,0x99,0xf8,0x1c,0xf8,0x1d,0xf8,0x1f,0xf8,
  0x20,0xf8,0xa4,0xf7,0xa5,0xf7,0xa7,0xf7,0x28,0xf7,0x2c,0xf7,0xad,0xf6,0xaf,0xf6,
  0xb0,0xf6,0x34,0xf6,0xb5,0xf5,0xb7,0xf5,0x39,0xf5,0xbc,0xf4,0xbd,0xf4,0x3f,0xf4,
  0x40,0xf4,0xc4,0xf3,0x45,0xf3,0xc7,0xf2,0xc9,0xf2,0xcc,0xf1,0x4d,0xf1,0xcf,0xf0,
  0x50,0xf0,0x54,0xef,0xd5,0xee,0x57,0xee,0x58,0xed,0xdc,0xeb,0x5d,0xeb,0x5f,0xea,
  0x61,0xe9,0x64,0xe7,0xe5,0xe5,0xe7,0xe4,0x69,0xe3,0x6c,0xe0,0x6e,0xde,0x6f,0xdc,
  0xf1,0xd9,0xf4,0xd4,0x76,0xd2,0x77,0xcf,0x79,0xcc,0x7c,0xc5,0xfe,0xc1,0x7e,0xbe,
  0xfd,0xba,0xf9,0xb3,0xf8,0xb0,0xf6,0xad,0x74,0xab,0x71,0xa6,0xef,0xa3,0xee,0xa1,
  0x6c,0xa0,0xe9,0x9c,0x67,0x9b,0x66,0x9a,0xe4,0x98,0xe1,0x96,0xdf,0x95,0xde,0x94,
  0x5c,0x94,0xd9,0x92,0xd7,0x91,0x55,0x91,0xd4,0x90,0xd1,0x8f,0x4f,0x8f,0xce,0x8e,
  0x4c,0x8e,0x49,0x8d,0x47,0x8d,0xc6,0x8c,0x44,0x8c,0xc1,0x8b,0xbf,0x8b,0x3e,0x8b,
  0x3c,0x8b,0xb9,0x8a,0x37,0x8a,0x36,0x8a,0xb4,0x89,0x31,0x89,0x2f,0x89,0x2e,0x89,
  0xac,0x88,0xa9,0x88,0x27,0x88,0x26,0x88,0x24,0x88,0xa1,0x87,0x9f,0x87,0x9e,0x87,
  0x9c,0x87,0x19,0x87,0x17,0x87,0x16,0x87,0x94,0x86,0x91,0x86,0x8f,0x86,0x8e,0x86,
  0x0c,0x86,0x09,0x86,0x07,0x86,0x06,0x86,0x04,0x86,0x81,0x85,0x7f,0x00,0x7f,0x7f,
  0x00,0x00,0xf9,0x83,0xf8,0x85,0xf8,0x87,0xf8,0x88,0xf8,0x0b,0xf8,0x0d,0xf8,0x0e,
  0xf8,0x10,0xf8,0x93,0xf7,0x95,0xf7,0x96,0xf7,0x18,0xf7,0x1b,0xf7,0x1d,0xf7,0x9e,
  0xf6,0xa0,0xf6,0x23,0xf6,0x25,0xf6,0x26,0xf6,0xa8,0xf5,0xab,0xf5,0x2d,0xf5,0x2e,
  0xf5,0xb0,0xf4,0x33,0xf4,0x35,0xf4,0xb6,0xf3,0xb8,0xf3,0x3b,0xf3,0xbd,0xf2,0xbe,
  0xf2,0x40,0xf2,0xc3,0xf1,0x45,0xf1,0xc6,0xf0,0x48,0xf0,0xcb,0xef,0x4d,0xef,0xce,
  0xee,0xd0,0xed,0xd3,0xec,0x55,0xec,0x56,0xeb,0xd8,0xea,0x5b,0xe9,0x5d,0xe8,0x5f,
  0xe7,0x60,0xe6,0x63,0xe4,0xe5,0xe2,0x67,0xe1,0x68,0xe0,0xec,0xdc,0xed,0xda,0xef,
  0xd8,0xf1,0xd6,0x74,0xd2,0xf6,0xcf,0x77,0xcd,0x79,0xca,0xfc,0xc4,0xfe,0xc1,0x7e,
  0xbe,0x7d,0xbb,0xf9,0xb5,0xf8,0xb2,0x76,0xb0,0xf4,0xad,0x71,0xa9,0x6f,0xa7,0x6e,
  0xa5,0x6c,0xa3,0x69,0xa0,0xe7,0x9e,0x65,0x9d,0xe4,0x9b,0xe1,0x99,0xdf,0x98,0xdd,
  0x97,0xdc,0x96,0x58,0x95,0xd7,0x94,0xd5,0x93,0x54,0x93,0x50,0x92,0x4f,0x91,0xcd,
  0x90,0x4b,0x90,0xc8,0x8f,0x47,0x8f,0xc5,0x8e,0x43,0x8e,0xc0,0x8d,0x3f,0x8d,0x3d,
  0x8d,0xbc,0x8c,0x38,0x8c,0x37,0x8c,0xb5,0x8b,0xb4,0x8b,0x30,0x8b,0xaf,0x8a,0xad,
  0x8a,0x2c,0x8a,0x28,0x8a,0xa7,0x89,0xa5,0x89,0xa4,0x89,0x20,0x89,0x1f,0x89,0x9d,
  0x88,0x9c,0x88,0x98,0x88,0x17,0x88,0x15,0x88,0x14,0x88,0x90,0x87,0x8f,0x87,0x8d,
  0x87,0x8c,0x87,0x09,0x87,0x07,0x87,0x05,0x87,0x04,0x87,0x81,0x86,0x7f,0x00,0x7f,
  0x7f,0x00,0x80,0xf8,0x03,0xf8,0x05,0xf8,0x06,0xf8,0x08,0xf8,0x8b,0xf7,0x8d,0xf7,
  0x8e,0xf7,0x90,0xf7,0x13,0xf7,0x15,0xf7,0x96,0xf6,0x98,0xf6,0x9b,0xf6,0x1c,0xf6,
  0x1e,0xf6,0x20,0xf6,0xa3,0xf5,0xa4,0xf5,0x26,0xf5,0x28,0xf5,0xab,0xf4,0xac,0xf4,
  0x2e,0xf4,0x30,0xf4,0xb3,0xf3,0x34,0xf3,0x36,0xf3,0xb8,0xf2,0x3b,0xf2,0xbc,0xf1,
  0xbe,0xf1,0x40,0xf1,0xc3,0xf0,0x44,0xf0,0xc6,0xef,0x48,0xef,0x4b,0xee,0xcc,0xed,
  0x4e,0xed,0xd0,0xec,0xd3,0xeb,0xd4,0xea,0x56,0xea,0x58,0xe9,0xdb,0xe7,0xdd,0xe6,
  0xde,0xe5,0xe0,0xe4,0xe3,0xe2,0x65,0xe1,0x66,0xe0,0xe8,0xde,0x6b,0xdb,0xed,0xd9,
  0xef,0xd7,0xf0,0xd5,0x74,0xd1,0xf5,0xce,0x77,0xcc,0xf9,0xc9,0x7c,0xc4,0x7e,0xc1,
  0xfe,0xbe,0xfd,0xbb,0x79,0xb6,0xf7,0xb3,0x76,0xb1,0xf4,0xae,0x71,0xaa,0x6f,0xa8,
  0x6d,0xa6,0xec,0xa4,0x68,0xa1,0x67,0xa0,0xe5,0x9e,0x63,0x9d,0x60,0x9b,0x5f,0x9a,
  0x5d,0x99,0x5b,0x98,0xd8,0x96,0xd6,0x95,0x55,0x95,0x53,0x94,0x50,0x93,0xce,0x92,
  0x4d,0x92,0xcb,0x91,0xc8,0x90,0x46,0x90,0xc5,0x8f,0x43,0x8f,0xc0,0x8e,0x3e,0x8e,
  0x3d,0x8e,0xbb,0x8d,0x38,0x8d,0xb6,0x8c,0xb5,0x8c,0x33,0x8c,0xb0,0x8b,0xae,0x8b,
  0x2d,0x8b,0x2b,0x8b,0xa8,0x8a,0xa6,0x8a,0x25,0x8a,0x23,0x8a,0xa0,0x89,0x9e,0x89,
  0x9d,0x89,0x1b,0x89,0x18,0x89,0x16,0x89,0x95,0x88,0x93,0x88,0x10,0x88,0x0e,0x88,
  0x0d,0x88,0x0b,0x88,0x88,0x87,0x87,0x87,0x85,0x87,0x83,0x87,0x00,0x87,0x7f,0x00,
  0x81,0x7f,0x00,0x7b,0x83,0xf7,0x84,0xf7,0x86,0xf7,0x88,0xf7,0x0b,0xf7,0x0c,0xf7,
  0x0e,0xf7,0x8f,0xf6,0x93,0xf6,0x94,0xf6,0x16,0xf6,0x17,0xf6,0x9a,0xf5,0x9c,0xf5,
  0x9e,0xf5,0x1f,0xf5,0x23,0xf5,0xa4,0xf4,0xa6,0xf4,0xa7,0xf4,0x2b,0xf4,0xac,0xf3,
  0xae,0xf3,0x2f,0xf3,0xb2,0xf2,0xb4,0xf2,0x36,0xf2,0x37,0xf2,0x3b,0xf1,0x3c,0xf1,
  0xbe,0xf0,0x3f,0xf0,0xc2,0xef,0x44,0xef,0xc6,0xee,0x47,0xee,0x4a,0xed,0xcc,0xec,
  0x4e,0xec,0xcf,0xeb,0x53,0xea,0xd4,0xe9,0x56,0xe9,0x57,0xe8,0xdb,0xe6,0xdc,0xe5,
  0xde,0xe4,0xe0,0xe3,0x63,0xe1,0x65,0xe0,0xe6,0xde,0x68,0xdd,0x6b,0xda,0x6d,0xd8,
  0x6e,0xd6,0x70,0xd4,0x73,0xd0,0xf5,0xcd,0xf7,0xcb,0x78,0xc9,0xfc,0xc3,0x7e,0xc1,
  0xfe,0xbe,0x7c,0xbc,0xf9,0xb6,0x77,0xb4,0x76,0xb2,0xf4,0xaf,0xf1,0xab,0xef,0xa9,
  0xed,0xa7,0xec,0xa5,0xe8,0xa2,0x66,0xa1,0x65,0xa0,0xe3,0x9e,0x60,0x9c,0x5e,0x9b,
  0x5d,0x9a,0x5b,0x99,0xd8,0x97,0xd6,0x96,0x54,0x96,0xd3,0x95,0x50,0x94,0xce,0x93,
  0x4d,0x93,0xcb,0x92,0xc8,0x91,0x46,0x91,0xc4,0x90,0x43,0x90,0xc0,0x8f,0x3e,0x8f,
  0xbd,0x8e,0xbb,0x8e,0xb8,0x8d,0xb6,0x8d,0x34,0x8d,0x33,0x8d,0xb0,0x8c,0x2e,0x8c,
  0x2c,0x8c,0xab,0x8b,0x28,0x8b,0x26,0x8b,0x25,0x8b,0xa3,0x8a,0xa0,0x8a,0x1e,0x8a,
  0x1d,0x8a,0x1b,0x8a,0x98,0x89,0x96,0x89,0x15,0x89,0x13,0x89,0x10,0x89,0x8e,0x88,
  0x8d,0x88,0x8b,0x88,0x08,0x88,0x06,0x88,0x05,0x88,0x03,0x88,0x81,0x7f,0x00,0x81,
  0x7f,0x00,0x7b,0x03,0xf7,0x04,0xf7,0x06,0xf7,0x07,0xf7,0x8a,0xf6,0x8c,0xf6,0x8e,
  0xf6,0x0f,0xf6,0x12,0xf6,0x94,0xf5,0x96,0xf5,0x97,0xf5,0x1a,0xf5,0x1c,0xf5,0x9e,
  0xf4,0x9f,0xf4,0x22,0xf4,0x24,0xf4,0x26,0xf4,0xa7,0xf3,0x2a,0xf3,0x2c,0xf3,0xae,
  0xf2,0xaf,0xf2,0x32,0xf2,0xb4,0xf1,0xb6,0xf1,0x37,0xf1,0xba,0xf0,0x3c,0xf0,0xbd,
  0xef,0xbf,0xef,0xc2,0xee,0x44,0xee,0xc5,0xed,0x47,0xed,0x4a,0xec,0xcc,0xeb,0x4e,
  0xeb,0xcf,0xea,0x52,0xe9,0xd4,0xe8,0xd6,0xe7,0x57,0xe7,0x5b,0xe5,0x5c,0xe4,0x5e,
  0xe3,0x5f,0xe2,0x63,0xe0,0xe4,0xde,0x66,0xdd,0xe8,0xdb,0xeb,0xd8,0x6d,0xd7,0x6e,
  0xd5,0x70,0xd3,0x73,0xcf,0x75,0xcd,0xf7,0xca,0xf8,0xc8,0xfc,0xc3,0x7e,0xc1,0xfe,
  0xbe,0x7c,0xbc,0x79,0xb7,0x77,0xb5,0xf6,0xb2,0xf4,0xb0,0xf0,0xac,0xef,0xaa,0xed,
  0xa8,0x6b,0xa7,0x68,0xa4,0xe6,0xa2,0x65,0xa1,0x63,0xa0,0xe0,0x9d,0xde,0x9c,0xdc,
  0x9b,0xdb,0x9a,0xd8,0x98,0x56,0x98,0x54,0x97,0xd3,0x96,0x4f,0x95,0xce,0x94,0x4c,
  0x94,0xcb,0x93,0xc8,0x92,0x46,0x92,0xc4,0x91,0x43,0x91,0x3f,0x90,0x3e,0x90,0xbc,
  0x8f,0x3b,0x8f,0xb8,0x8e,0x36,0x8e,0x34,0x8e,0xb3,0x8d,0x2f,0x8d,0x2e,0x8d,0xac,
  0x8c,0xab,0x8c,0x27,0x8c,0xa6,0x8b,0xa4,0x8b,0xa3,0x8b,0x1f,0x8b,0x1e,0x8b,0x9c,
  0x8a,0x9b,0x8a,0x18,0x8a,0x16,0x8a,0x14,0x8a,0x93,0x89,0x90,0x89,0x0e,0x89,0x0c,
  0x89,0x0b,0x89,0x88,0x88,0x86,0x88,0x84,0x88,0x83,0x88,0x81,0x7f,0x00,0x81,0x7f,
  0x00,0x7b,0x02,0xf6,0x03,0xf6,0x05,0xf6,0x87,0xf5,0x8a,0xf5,0x8b,0xf5,0x0d,0xf5,
  0x0e,0xf5,0x92,0xf4,0x93,0xf4,0x95,0xf4,0x16,0xf4,0x19,0xf4,0x9b,0xf3,0x9d,0xf3,
  0x9e,0xf3,0x21,0xf3,0xa3,0xf2,0xa5,0xf2,0x26,0xf2,0xaa,0xf1,0xab,0xf1,0x2d,0xf1,
  0x2e,0xf1,0xb1,0xf0,0x33,0xf0,0xb5,0xef,0xb6,0xef,0xba,0xee,0xbb,0xee,0x3d,0xee,
  0xbe,0xed,0xc1,0xec,0x43,0xec,0xc5,0xeb,0x46,0xeb,0x49,0xea,0xcb,0xe9,0x4d,0xe9,
  0xce,0xe8,0x52,0xe7,0x53,0xe6,0xd5,0xe5,0xd6,0xe4,0x5a,0xe3,0x5b,0xe2,0x5d,0xe1,
  0x5f,0xe0,0xe2,0xdd,0x64,0xdc,0x65,0xdb,0xe7,0xd9,0xeb,0xd6,0x6c,0xd5,0x6e,0xd3,
  0xf0,0xd1,0xf3,0xcd,0xf5,0xcb,0xf6,0xc9,0xf8,0xc7,0x7c,0xc3,0x7e,0xc1,0xfe,0xbe,
  0xfc,0xbc,0x79,0xb8,0x77,0xb6,0x75,0xb4,0x73,0xb2,0x70,0xae,0xee,0xac,0xed,0xaa,
  0x6b,0xa9,0x67,0xa6,0xe6,0xa4,0xe4,0xa3,0x62,0xa2,0x5f,0xa0,0xde,0x9e,0xdc,0x9d,
  0xda,0x9c,0x57,0x9b,0x55,0x9a,0xd4,0x99,0xd2,0x98,0x4f,0x97,0xcd,0x96,0x4c,0x96,
  0xca,0x95,0xc7,0x94,0x45,0x94,0xc3,0x93,0x42,0x93,0x3f,0x92,0xbd,0x91,0x3b,0x91,
  0x3a,0x91,0x37,0x90,0x35,0x90,0xb3,0x8f,0x32,0x8f,0xaf,0x8e,0xad,0x8e,0x2b,0x8e,
  0x2a,0x8e,0xa7,0x8d,0x25,0x8d,0x24,0x8d,0xa2,0x8c,0x1f,0x8c,0x1d,0x8c,0x1c,0x8c,
  0x9a,0x8b,0x97,0x8b,0x15,0x8b,0x14,0x8b,0x12,0x8b,0x8f,0x8a,0x8d,0x8a,0x0c,0x8a,
  0x0a,0x8a,0x07,0x8a,0x85,0x89,0x84,0x89,0x82,0x89,0x81,0x7f,0x00,0x81,0x7f,0x00,
  0x7b,0x82,0xf5,0x83,0xf5,0x85,0xf5,0x06,0xf5,0x09,0xf5,0x0b,0xf5,0x8c,0xf4,0x8e,
  0xf4,0x11,0xf4,0x13,0xf4,0x14,0xf4,0x96,0xf3,0x19,0xf3,0x1b,0xf3,0x1c,0xf3,0x9e,
  0xf2,0x21,0xf2,0x23,0xf2,0x24,0xf2,0xa6,0xf1,0x29,0xf1,0xab,0xf0,0xac,0xf0,0x2e,
  0xf0,0xb1,0xef,0xb3,0xef,0x34,0xef,0xb6,0xee,0x39,0xee,0xbb,0xed,0x3c,0xed,0xbe,
  0xec,0x41,0xec,0xc3,0xeb,0x44,0xeb,0xc6,0xea,0x49,0xe9,0xcb,0xe8,0x4d,0xe8,0xce,
  0xe7,0x51,0xe6,0x53,0xe5,0xd5,0xe4,0xd6,0xe3,0xda,0xe1,0x5b,0xe1,0x5d,0xe0,0xdf,
  0xde,0xe2,0xdc,0x63,0xdb,0x65,0xda,0xe7,0xd8,0xea,0xd5,0x6c,0xd4,0x6e,0xd2,0xef,
  0xd0,0x73,0xcd,0x75,0xcb,0x76,0xc9,0x78,0xc7,0x7c,0xc3,0x7e,0xc1,0xfe,0xbe,0xfc,
  0xbc,0xf8,0xb8,0xf7,0xb6,0xf5,0xb4,0xf3,0xb2,0x70,0xaf,0xee,0xad,0xec,0xab,0x6b,
  0xaa,0x67,0xa7,0xe5,0xa5,0xe4,0xa4,0x62,0xa3,0x5f,0xa1,0x5d,0xa0,0xdc,0x9e,0x5a,
  0x9e,0x57,0x9c,0x55,0x9b,0xd3,0x9a,0xd2,0x99,0x4e,0x98,0xcd,0x97,0x4b,0x97,0xca,
  0x96,0x47,0x95,0xc5,0x94,0x43,0x94,0xc1,0x93,0x3e,0x93,0xbd,0x92,0x3b,0x92,0xba,
  0x91,0x36,0x91,0xb5,0x90,0x33,0x90,0x32,0x90,0xae,0x8f,0x2d,0x8f,0x2b,0x8f,0xaa,
  0x8e,0x26,0x8e,0xa5,0x8d,0xa3,0x8d,0xa2,0x8d,0x1e,0x8d,0x9d,0x8c,0x9b,0x8c,0x9a,
  0x8c,0x17,0x8c,0x95,0x8b,0x93,0x8b,0x92,0x8b,0x0e,0x8b,0x0d,0x8b,0x8b,0x8a,0x8a,
  0x8a,0x87,0x8a,0x05,0x8a,0x03,0x8a,0x02,0x8a,0x81,0x7f,0x00,0x81,0x7f,0x00,0x7b,
  0x01,0xf5,0x02,0xf5,0x04,0xf5,0x86,0xf4,0x89,0xf4,0x0a,0xf4,0x0c,0xf4,0x0e,0xf4,
  0x91,0xf3,0x92,0xf3,0x14,0xf3,0x16,0xf3,0x99,0xf2,0x9a,0xf2,0x1c,0xf2,0x1d,0xf2,
  0xa1,0xf1,0xa2,0xf1,0x24,0xf1,0x25,0xf1,0xa9,0xf0,0x2a,0xf0,0x2c,0xf0,0xad,0xef,
  0x31,0xef,0xb2,0xee,0x34,0xee,0x35,0xee,0x39,0xed,0xba,0xec,0x3c,0xec,0x3d,0xec,
  0x41,0xeb,0xc2,0xea,0x44,0xea,0xc6,0xe9,0x49,0xe8,0xca,0xe7,0x4c,0xe7,0xcd,0xe6,
  0x51,0xe5,0x52,0xe4,0xd4,0xe3,0xd6,0xe2,0xd9,0xe0,0x5b,0xe0,0xdc,0xde,0xde,0xdd,
  0xe1,0xdb,0x63,0xda,0x65,0xd9,0xe6,0xd7,0xea,0xd4,0x6c,0xd3,0xed,0xd1,0x6f,0xd0,
  0xf2,0xcc,0xf4,0xca,0xf6,0xc8,0xf8,0xc6,0xfc,0xc2,0xfe,0xc0,0x7e,0xbf,0x7c,0xbd,
  0x78,0xb9,0x77,0xb7,0x75,0xb5,0x73,0xb3,0xef,0xaf,0x6e,0xae,0xec,0xac,0x6a,0xab,
  0x67,0xa8,0xe5,0xa6,0xe3,0xa5,0x62,0xa4,0x5e,0xa2,0x5d,0xa1,0x5b,0xa0,0x59,0x9f,
  0x56,0x9d,0x54,0x9c,0xd3,0x9b,0xd1,0x9a,0x4e,0x99,0xcc,0x98,0x4b,0x98,0xc9,0x97,
  0x46,0x96,0xc4,0x95,0x43,0x95,0xc1,0x94,0xbe,0x93,0xbc,0x93,0x3b,0x93,0xb9,0x92,
  0xb6,0x91,0xb4,0x91,0x33,0x91,0xb1,0x90,0x2e,0x90,0xac,0x8f,0xaa,0x8f,0x29,0x8f,
  0xa6,0x8e,0xa4,0x8e,0x23,0x8e,0x21,0x8e,0x9e,0x8d,0x9c,0x8d,0x1b,0x8d,0x19,0x8d,
  0x96,0x8c,0x94,0x8c,0x13,0x8c,0x11,0x8c,0x8e,0x8b,0x8c,0x8b,0x8b,0x8b,0x09,0x8b,
  0x06,0x8b,0x84,0x8a,0x83,0x8a,0x81,0x8a,0x81,0x7f,0x00,0x81,0x7f,0x00,0x7b,0x81,
  0xf4,0x82,0xf4,0x84,0xf4,0x05,0xf4,0x08,0xf4,0x8a,0xf3,0x8b,0xf3,0x8d,0xf3,0x10,
  0xf3,0x12,0xf3,0x93,0xf2,0x95,0xf2,0x18,0xf2,0x1a,0xf2,0x9b,0xf1,0x9d,0xf1,0x20,
  0xf1,0xa2,0xf0,0xa4,0xf0,0x25,0xf0,0xa8,0xef,0xaa,0xef,0x2b,0xef,0xad,0xee,0x30,
  0xee,0x32,0xee,0xb3,0xed,0x35,0xed,0xb8,0xec,0x3a,0xec,0xbb,0xeb,0x3d,0xeb,0x40,
  0xea,0xc2,0xe9,0x43,0xe9,0xc5,0xe8,0xc8,0xe7,0xca,0xe6,0x4c,0xe6,0xcd,0xe5,0x50,
  0xe4,0x52,0xe3,0xd4,0xe2,0xd5,0xe1,0x59,0xe0,0x5a,0xdf,0x5c,0xde,0xde,0xdc,0xe1,
  0xda,0x63,0xd9,0x64,0xd8,0xe6,0xd6,0x6a,0xd4,0xeb,0xd2,0xed,0xd0,0x6f,0xcf,0xf2,
  0xcb,0x74,0xca,0x76,0xc8,0xf8,0xc6,0xfc,0xc2,0xfe,0xc0,0x7e,0xbf,0x7c,0xbd,0x78,
  0xb9,0xf6,0xb7,0xf5,0xb5,0x73,0xb4,0xef,0xb0,0x6d,0xaf,0x6c,0xad,0xea,0xab,0x66,
  0xa9,0xe5,0xa7,0xe3,0xa6,0x61,0xa5,0x5e,0xa3,0xdc,0xa1,0xdb,0xa0,0x59,0xa0,0x56,
  0x9e,0x54,0x9d,0xd2,0x9c,0xd1,0x9b,0x4d,0x9a,0xcc,0x99,0x4a,0x99,0x49,0x98,0x46,
  0x97,0xc4,0x96,0x42,0x96,0xc0,0x95,0xbd,0x94,0x3c,0x94,0xba,0x93,0x39,0x93,0xb5,
  0x92,0x34,0x92,0xb2,0x91,0xb1,0x91,0x2d,0x91,0xac,0x90,0x2a,0x90,0x29,0x90,0xa5,
  0x8f,0x24,0x8f,0x22,0x8f,0xa1,0x8e,0x1d,0x8e,0x1c,0x8e,0x9a,0x8d,0x99,0x8d,0x16,
  0x8d,0x14,0x8d,0x92,0x8c,0x91,0x8c,0x0e,0x8c,0x0c,0x8c,0x0a,0x8c,0x89,0x8b,0x86,
  0x8b,0x04,0x8b,0x02,0x8b,0x01,0x8b,0x81,0x7f,0x00,0x82,0x7f,0x00,0x79,0x81,0xf3,
  0x83,0xf3,0x04,0xf3,0x07,0xf3,0x89,0xf2,0x8b,0xf2,0x8c,0xf2,0x0f,0xf2,0x91,0xf1,
  0x93,0xf1,0x94,0xf1,0x17,0xf1,0x99,0xf0,0x9b,0xf0,0x1c,0xf0,0x9f,0xef,0xa1,0xef,
  0x23,0xef,0x24,0xef,0xa7,0xee,0x29,0xee,0xaa,0xed,0xac,0xed,0xaf,0xec,0xb1,0xec,
  0x32,0xec,0xb4,0xeb,0x37,0xeb,0xb9,0xea,0x3a,0xea,0xbc,0xe9,0xbf,0xe8,0x41,0xe8,
  0xc2,0xe7,0x44,0xe7,0xc7,0xe5,0x49,0xe5,0xcb,0xe4,0xcc,0xe3,0x4f,0xe2,0xd1,0xe1,
  0xd3,0xe0,0x54,0xe0,0x58,0xde,0x59,0xdd,0x5b,0xdc,0x5d,0xdb,0xe0,0xd8,0xe2,0xd7,
  0xe3,0xd6,0x65,0xd5,0xe9,0xd2,0x6a,0xd1,0xec,0xcf,0x6e,0xce,0xf1,0xca,0x74,0xc9,
  0xf5,0xc7,0x77,0xc6,0xfb,0xc2,0xfe,0xc0,0x7e,0xbf,0x7c,0xbd,0xf8,0xb9,0x76,0xb8,
  0xf4,0xb6,0x72,0xb5,0xee,0xb1,0x6c,0xb0,0xeb,0xae,0x69,0xad,0xe6,0xaa,0x64,0xa9,
  0x62,0xa8,0x60,0xa7,0xdd,0xa4,0xdb,0xa3,0xda,0xa2,0xd8,0xa1,0x55,0xa0,0x53,0x9f,
  0x51,0x9e,0xd0,0x9d,0x4c,0x9c,0x4b,0x9b,0xc9,0x9a,0x48,0x9a,0xc5,0x98,0x43,0x98,
  0xc1,0x97,0x3f,0x97,0x3c,0x96,0xbb,0x95,0x39,0x95,0xb8,0x94,0x34,0x94,0xb3,0x93,
  0x31,0x93,0x30,0x93,0x2c,0x92,0x2b,0x92,0xa9,0x91,0x28,0x91,0xa4,0x90,0xa3,0x90,
  0x21,0x90,0x20,0x90,0x9c,0x8f,0x1b,0x8f,0x19,0x8f,0x98,0x8e,0x15,0x8e,0x13,0x8e,
  0x11,0x8e,0x90,0x8d,0x0d,0x8d,0x0b,0x8d,0x09,0x8d,0x88,0x8c,0x85,0x8c,0x03,0x8c,
  0x01,0x8c,0x82,0x7f,0x00,0x82,0x7f,0x00,0x79,0x01,0xf3,0x02,0xf3,0x84,0xf2,0x87,
  0xf2,0x09,0xf2,0x0a,0xf2,0x0c,0xf2,0x8f,0xf1,0x11,0xf1,0x12,0xf1,0x94,0xf0,0x97,
  0xf0,0x19,0xf0,0x1a,0xf0,0x9c,0xef,0x1f,0xef,0x21,0xef,0xa2,0xee,0xa4,0xee,0xa7,
  0xed,0xa8,0xed,0x2a,0xed,0xac,0xec,0x2f,0xec,0xb0,0xeb,0x32,0xeb,0x34,0xeb,0x37,
  0xea,0xb8,0xe9,0x3a,0xe9,0xbc,0xe8,0xbf,0xe7,0x40,0xe7,0xc2,0xe6,0x44,0xe6,0x47,
  0xe5,0x49,0xe4,0xca,0xe3,0x4c,0xe3,0xcf,0xe1,0xd1,0xe0,0x52,0xe0,0x54,0xdf,0x57,
  0xdd,0x59,0xdc,0x5b,0xdb,0x5c,0xda,0x60,0xd8,0xe1,0xd6,0xe3,0xd5,0xe5,0xd4,0xe8,
  0xd1,0x6a,0xd0,0x6c,0xcf,0xee,0xcd,0xf1,0xca,0xf3,0xc8,0x75,0xc7,0xf7,0xc5,0x7b,
  0xc2,0xfe,0xc0,0x7e,0xbf,0xfc,0xbd,0x77,0xba,0xf6,0xb8,0x74,0xb7,0x72,0xb5,0x6e,
  0xb2,0xec,0xb0,0xeb,0xaf,0x69,0xae,0x65,0xab,0x63,0xaa,0x62,0xa9,0xe0,0xa7,0xdd,
  0xa5,0xdb,0xa4,0xd9,0xa3,0xd8,0xa2,0xd4,0xa0,0x53,0xa0,0x51,0x9f,0x4f,0x9e,0xcc,
  0x9c,0x4b,0x9c,0xc9,0x9b,0xc7,0x9a,0xc4,0x99,0x42,0x99,0xc1,0x98,0x3f,0x98,0x3c,
  0x97,0xba,0x96,0x39,0x96,0xb7,0x95,0xb4,0x94,0xb2,0x94,0x31,0x94,0xaf,0x93,0x2c,
  0x93,0xaa,0x92,0x29,0x92,0x27,0x92,0x24,0x91,0x23,0x91,0xa1,0x90,0x9f,0x90,0x1c,
  0x90,0x9b,0x8f,0x99,0x8f,0x17,0x8f,0x14,0x8f,0x93,0x8e,0x91,0x8e,0x0f,0x8e,0x8c,
  0x8d,0x8b,0x8d,0x89,0x8d,0x07,0x8d,0x04,0x8d,0x83,0x8c,0x81,0x8c,0x82,0x7f,0x00,
  0x82,0x7f,0x00,0x79,0x80,0xf2,0x82,0xf2,0x03,0xf2,0x06,0xf2,0x88,0xf1,0x89,0xf1,
  0x0b,0xf1,0x0e,0xf1,0x90,0xf0,0x91,0xf0,0x13,0xf0,0x96,0xef,0x98,0xef,0x99,0xef,
  0x1b,0xef,0x9e,0xee,0x20,0xee,0x21,0xee,0xa3,0xed,0x26,0xed,0xa8,0xec,0xa9,0xec,
  0x2b,0xec,0xae,0xeb,0x30,0xeb,0xb1,0xea,0x33,0xea,0xb6,0xe9,0x38,0xe9,0xb9,0xe8,
  0x3b,0xe8,0x3e,0xe7,0xc0,0xe6,0x41,0xe6,0x43,0xe5,0x46,0xe4,0xc8,0xe3,0xc9,0xe2,
  0x4b,0xe2,0xce,0xe0,0x50,0xe0,0x52,0xdf,0x53,0xde,0xd7,0xdc,0xd8,0xdb,0xda,0xda,
  0xdc,0xd9,0x5f,0xd7,0x61,0xd6,0x62,0xd5,0xe4,0xd3,0x68,0xd1,0xe9,0xcf,0xeb,0xce,
  0x6d,0xcd,0x71,0xca,0xf3,0xc8,0x75,0xc7,0xf7,0xc5,0x7b,0xc2,0xfe,0xc0,0x7e,0xbf,
  0xfb,0xbd,0x77,0xba,0xf5,0xb8,0x73,0xb7,0xf1,0xb5,0xee,0xb2,0x6c,0xb1,0x6a,0xb0,
  0xe8,0xae,0x65,0xac,0xe3,0xaa,0xe1,0xa9,0xdf,0xa8,0x5c,0xa6,0x5a,0xa5,0x59,0xa4,
  0x57,0xa3,0xd4,0xa1,0xd2,0xa0,0x50,0xa0,0x4f,0x9f,0xcb,0x9d,0x4a,0x9d,0x48,0x9c,
  0xc6,0x9b,0xc3,0x9a,0xc2,0x99,0x40,0x99,0xbe,0x98,0xbb,0x97,0x3a,0x97,0xb8,0x96,
  0x36,0x96,0xb3,0x95,0x32,0x95,0xb0,0x94,0x2e,0x94,0xab,0x93,0x2a,0x93,0x28,0x93,
  0xa7,0x92,0x23,0x92,0xa2,0x91,0xa0,0x91,0x1f,0x91,0x9b,0x90,0x1a,0x90,0x18,0x90,
  0x17,0x90,0x93,0x8f,0x12,0x8f,0x10,0x8f,0x8f,0x8e,0x8b,0x8e,0x0a,0x8e,0x08,0x8e,
  0x87,0x8d,0x84,0x8d,0x02,0x8d,0x00,0x8d,0x82,0x7f,0x00,0x83,0x7f,0x00,0x77,0x01,
  0xf2,0x83,0xf1,0x86,0xf1,0x08,0xf1,0x09,0xf1,0x8b,0xf0,0x8e,0xf0,0x0f,0xf0,0x11,
  0xf0,0x93,0xef,0x16,0xef,0x17,0xef,0x99,0xee,0x9a,0xee,0x1e,0xee,0x9f,0xed,0xa1,
  0xed,0x22,0xed,0xa6,0xec,0x27,0xec,0xa9,0xeb,0xaa,0xeb,0xae,0xea,0xaf,0xea,0x31,
  0xea,0xb2,0xe9,0xb6,0xe8,0x37,0xe8,0xb9,0xe7,0x3a,0xe7,0x3d,0xe6,0xbf,0xe5,0x41,
  0xe5,0xc2,0xe4,0xc6,0xe3,0xc7,0xe2,0x49,0xe2,0x4a,0xe1,0x4e,0xe0,0x4f,0xdf,0x51,
  0xde,0xd3,0xdd,0xd6,0xdb,0xd8,0xda,0xd9,0xd9,0xdb,0xd8,0xde,0xd6,0xe0,0xd5,0x62,
  0xd4,0x64,0xd3,0xe7,0xd0,0x69,0xcf,0x6b,0xce,0xed,0xcc,0xf0,0xc9,0x72,0xc8,0xf4,
  0xc6,0x76,0xc5,0x7b,0xc2,0xfe,0xc0,0x7e,0xbf,0xfb,0xbd,0xf7,0xba,0x75,0xb9,0xf3,
  0xb7,0x71,0xb6,0x6d,0xb3,0xeb,0xb1,0xe9,0xb0,0x68,0xaf,0xe4,0xac,0xe2,0xab,0x61,
  0xaa,0x5f,0xa9,0x5b,0xa7,0x5a,0xa6,0x58,0xa5,0x56,0xa4,0x53,0xa2,0xd1,0xa1,0xd0,
  0xa0,0x4e,0xa0,0xcb,0x9e,0xc9,0x9d,0x48,0x9d,0x46,0x9c,0x43,0x9b,0xc1,0x9a,0x3f,
  0x9a,0xbe,0x99,0xbb,0x98,0x39,0x98,0xb8,0x97,0x36,0x97,0x33,0x96,0xb1,0x95,0x2f,
  0x95,0x2e,0x95,0x2b,0x94,0x29,0x94,0xa7,0x93,0x26,0x93,0xa3,0x92,0x21,0x92,0x20,
  0x92,0x9e,0x91,0x1b,0x91,0x19,0x91,0x98,0x90,0x96,0x90,0x13,0x90,0x91,0x8f,0x90,
  0x8f,0x0e,0x8f,0x0b,0x8f,0x89,0x8e,0x88,0x8e,0x06,0x8e,0x03,0x8e,0x82,0x8d,0x83,
  0x7f,0x00,0x83,0x7f,0x00,0x77,0x00,0xf1,0x82,0xf0,0x85,0xf0,0x06,0xf0,0x08,0xf0,
  0x89,0xef,0x8d,0xef,0x0e,0xef,0x10,0xef,0x91,0xee,0x14,0xee,0x16,0xee,0x98,0xed,
  0x99,0xed,0x9c,0xec,0x9e,0xec,0x20,0xec,0x21,0xec,0x24,0xeb,0x26,0xeb,0xa7,0xea,
  0x29,0xea,0xac,0xe9,0x2e,0xe9,0xaf,0xe8,0x31,0xe8,0x34,0xe7,0x36,0xe7,0xb7,0xe6,
  0x39,0xe6,0xbc,0xe4,0x3e,0xe4,0xbf,0xe3,0x41,0xe3,0x44,0xe2,0x46,0xe1,0xc8,0xe0,
  0x49,0xe0,0xcc,0xde,0xce,0xdd,0xd0,0xdc,0x51,0xdc,0x55,0xda,0x56,0xd9,0x58,0xd8,
  0x5a,0xd7,0x5d,0xd5,0x5f,0xd4,0x60,0xd3,0x62,0xd2,0xe6,0xcf,0x68,0xce,0x69,0xcd,
  0xec,0xcb,0x6f,0xc9,0xf1,0xc7,0x73,0xc6,0xf5,0xc4,0x7a,0xc2,0xfd,0xc0,0x7e,0xbf,
  0xfb,0xbd,0x76,0xbb,0xf4,0xb9,0x72,0xb8,0xf0,0xb6,0x6c,0xb4,0xea,0xb2,0xe8,0xb1,
  0x66,0xb0,0xe3,0xad,0xe1,0xac,0xdf,0xab,0xde,0xaa,0xda,0xa8,0xd8,0xa7,0xd7,0xa6,
  0xd5,0xa5,0xd2,0xa3,0x50,0xa3,0x4e,0xa2,0x4d,0xa1,0x49,0xa0,0x48,0x9f,0xc6,0x9e,
  0xc5,0x9d,0xc1,0x9c,0x40,0x9c,0xbe,0x9b,0x3c,0x9b,0xb9,0x99,0x38,0x99,0xb6,0x98,
  0xb5,0x98,0xb1,0x97,0x30,0x97,0xae,0x96,0x2d,0x96,0xa9,0x95,0x28,0x95,0xa6,0x94,
  0xa5,0x94,0xa1,0x93,0xa0,0x93,0x1e,0x93,0x1d,0x93,0x19,0x92,0x18,0x92,0x96,0x91,
  0x95,0x91,0x12,0x91,0x90,0x90,0x8f,0x90,0x0d,0x90,0x0a,0x90,0x88,0x8f,0x87,0x8f,
  0x05,0x8f,0x02,0x8f,0x80,0x8e,0x83,0x7f,0x00,0x84,0x7f,0x00,0x75,0x01,0xf0,0x04,
  0xf0,0x86,0xef,0x87,0xef,0x09,0xef,0x8c,0xee,0x8e,0xee,0x8f,0xee,0x11,0xee,0x94,
  0xed,0x95,0xed,0x17,0xed,0x99,0xec,0x1c,0xec,0x1d,0xec,0x9f,0xeb,0x20,0xeb,0xa4,
  0xea,0x25,0xea,0x27,0xea,0xa8,0xe9,0xac,0xe8,0xad,0xe8,0x2f,0xe8,0xb0,0xe7,0xb4,
  0xe6,0x35,0xe6,0xb7,0xe5,0x38,0xe5,0x3b,0xe4,0xbd,0xe3,0x3f,0xe3,0xc0,0xe2,0x44,
  0xe1,0xc5,0xe0,0x47,0xe0,0x48,0xdf,0xcc,0xdd,0x4d,0xdd,0x4f,0xdc,0x51,0xdb,0xd4,
  0xd9,0xd6,0xd8,0xd7,0xd7,0xd9,0xd6,0xdd,0xd4,0xde,0xd3,0xe0,0xd2,0x62,0xd1,0x65,
  0xcf,0xe7,0xcd,0xe9,0xcc,0x6b,0xcb,0xef,0xc8,0xf1,0xc7,0x73,0xc6,0xf5,0xc4,0x7a,
  0xc2,0xfd,0xc0,0x7d,0xbf,0xfb,0xbd,0x75,0xbb,0xf3,0xb9,0x71,0xb8,0x6f,0xb7,0xeb,
  0xb4,0x69,0xb3,0x68,0xb2,0xe6,0xb0,0xe2,0xae,0x60,0xad,0x5f,0xac,0x5d,0xab,0x59,
  0xa9,0x58,0xa8,0x56,0xa7,0x54,0xa6,0xd1,0xa4,0xcf,0xa3,0xce,0xa2,0x4c,0xa2,0xc9,
  0xa0,0x47,0xa0,0x46,0x9f,0xc4,0x9e,0x41,0x9d,0xbf,0x9c,0x3e,0x9c,0xbc,0x9b,0xb9,
  0x9a,0x37,0x9a,0xb6,0x99,0x34,0x99,0x31,0x98,0xaf,0x97,0x2e,0x97,0x2c,0x97,0x29,
  0x96,0xa7,0x95,0xa6,0x95,0x24,0x95,0xa1,0x94,0x1f,0x94,0x9e,0x93,0x9c,0x93,0x19,
  0x93,0x97,0x92,0x16,0x92,0x14,0x92,0x91,0x91,0x0f,0x91,0x0e,0x91,0x0c,0x91,0x89,
  0x90,0x08,0x90,0x06,0x90,0x85,0x8f,0x81,0x8f,0x84,0x7f,0x00,0x84,0x7f,0x00,0x75,
  0x81,0xef,0x84,0xef,0x05,0xef,0x07,0xef,0x88,0xee,0x0c,0xee,0x0d,0xee,0x0f,0xee,
  0x90,0xed,0x13,0xed,0x95,0xec,0x97,0xec,0x18,0xec,0x9b,0xeb,0x9d,0xeb,0x1f,0xeb,
  0xa0,0xea,0x23,0xea,0xa5,0xe9,0xa6,0xe9,0x28,0xe9,0x2b,0xe8,0xad,0xe7,0xae,0xe7,
  0x30,0xe7,0x33,0xe6,0xb5,0xe5,0x36,0xe5,0xb8,0xe4,0xbb,0xe3,0x3d,0xe3,0xbe,0xe2,
  0xc0,0xe1,0xc3,0xe0,0x45,0xe0,0x46,0xdf,0xc8,0xde,0x4b,0xdd,0x4d,0xdc,0xcf,0xdb,
  0xd0,0xda,0x54,0xd9,0x55,0xd8,0x57,0xd7,0x59,0xd6,0x5c,0xd4,0x5e,0xd3,0x5f,0xd2,
  0xe1,0xd0,0xe5,0xce,0xe7,0xcd,0x68,0xcc,0x6a,0xcb,0xee,0xc8,0x70,0xc7,0xf2,0xc5,
  0xf5,0xc4,0x7a,0xc2,0xfd,0xc0,0x7d,0xbf,0xfb,0xbd,0x75,0xbb,0x73,0xba,0xf1,0xb8,
  0x6f,0xb7,0xeb,0xb4,0xe9,0xb3,0x67,0xb2,0x65,0xb1,0x62,0xaf,0xe0,0xad,0xde,0xac,
  0xdc,0xab,0xd9,0xa9,0xd7,0xa8,0xd5,0xa7,0xd4,0xa6,0x51,0xa5,0x4f,0xa4,0xcd,0xa3,
  0xcc,0xa2,0x48,0xa1,0xc7,0xa0,0x45,0xa0,0x43,0x9f,0x40,0x9e,0x3f,0x9d,0xbd,0x9c,
  0x3b,0x9c,0x38,0x9b,0xb7,0x9a,0x35,0x9a,0xb4,0x99,0xb0,0x98,0x2f,0x98,0x2d,0x98,
  0xab,0x97,0xa8,0x96,0x27,0x96,0x25,0x96,0xa4,0x95,0x20,0x95,0x9f,0x94,0x1d,0x94,
  0x1c,0x94,0x98,0x93,0x17,0x93,0x15,0x93,0x94,0x92,0x11,0x92,0x8f,0x91,0x8e,0x91,
  0x8c,0x91,0x09,0x91,0x87,0x90,0x86,0x90,0x04,0x90,0x01,0x90,0x84,0x7f,0x00,0x84,
  0x7f,0x00,0x75,0x80,0xef,0x03,0xef,0x84,0xee,0x86,0xee,0x07,0xee,0x8b,0xed,0x8c,
  0xed,0x0e,0xed,0x0f,0xed,0x92,0xec,0x14,0xec,0x16,0xec,0x97,0xeb,0x1a,0xeb,0x9c,
  0xea,0x9e,0xea,0x1f,0xea,0xa2,0xe9,0x24,0xe9,0xa5,0xe8,0xa7,0xe8,0xaa,0xe7,0x2c,
  0xe7,0xad,0xe6,0x2f,0xe6,0xb2,0xe5,0x34,0xe5,0xb5,0xe4,0x37,0xe4,0xba,0xe2,0x3c,
  0xe2,0xbd,0xe1,0x3f,0xe1,0x42,0xe0,0x44,0xdf,0xc5,0xde,0xc7,0xdd,0x4a,0xdc,0xcc,
  0xdb,0xcd,0xda,0x4f,0xda,0x53,0xd8,0xd4,0xd7,0xd6,0xd6,0xd8,0xd5,0xdb,0xd3,0xdd,
  0xd2,0xde,0xd1,0x60,0xd0,0x64,0xce,0x66,0xcd,0xe7,0xcb,0xe9,0xca,0x6d,0xc8,0x70,
  0xc7,0xf2,0xc5,0xf4,0xc4,0xf9,0xc1,0xfd,0xc0,0x7d,0xbf,0x7a,0xbe,0x74,0xbb,0x72,
  0xba,0xf0,0xb8,0xee,0xb7,0x6a,0xb5,0x68,0xb4,0xe6,0xb2,0xe4,0xb1,0xe1,0xaf,0x5f,
  0xae,0x5d,0xad,0x5b,0xac,0x58,0xaa,0x56,0xa9,0x54,0xa8,0xd3,0xa7,0xcf,0xa5,0x4e,
  0xa5,0x4c,0xa4,0xcb,0xa3,0x47,0xa2,0x46,0xa1,0xc4,0xa0,0x42,0xa0,0xbf,0x9e,0x3e,
  0x9e,0xbc,0x9d,0x3a,0x9d,0xb7,0x9b,0x36,0x9b,0xb4,0x9a,0x32,0x9a,0xaf,0x99,0x2e,
  0x99,0xac,0x98,0x2a,0x98,0x27,0x97,0x26,0x97,0xa4,0x96,0x23,0x96,0x9f,0x95,0x1e,
  0x95,0x1c,0x95,0x9b,0x94,0x17,0x94,0x96,0x93,0x94,0x93,0x13,0x93,0x90,0x92,0x8e,
  0x92,0x0d,0x92,0x0b,0x92,0x88,0x91,0x06,0x91,0x05,0x91,0x83,0x90,0x00,0x90,0x84,
  0x7f,0x00,0x85,0x7f,0x00,0x73,0x02,0xee,0x83,0xed,0x85,0xed,0x06,0xed,0x8a,0xec,
  0x8b,0xec,0x0d,0xec,0x0e,0xec,0x91,0xeb,0x13,0xeb,0x14,0xeb,0x96,0xea,0x19,0xea,
  0x9b,0xe9,0x9c,0xe9,0x1e,0xe9,0xa1,0xe8,0x23,0xe8,0xa4,0xe7,0x26,0xe7,0xa9,0xe6,
  0x2a,0xe6,0xac,0xe5,0x2e,0xe5,0x31,0xe4,0xb2,0xe3,0x34,0xe3,0xb6,0xe2,0xb9,0xe1,
  0x3a,0xe1,0xbc,0xe0,0x3e,0xe0,0xc1,0xde,0x42,0xde,0x44,0xdd,0xc5,0xdc,0x49,0xdb,
  0xca,0xda,0xcc,0xd9,0xce,0xd8,0x51,0xd7,0x53,0xd6,0x54,0xd5,0xd6,0xd4,0xd9,0xd2,
  0xdb,0xd1,0xdd,0xd0,0xdf,0xcf,0x62,0xcd,0x64,0xcc,0x66,0xcb,0x68,0xca,0xec,0xc7,
  0xee,0xc6,0x70,0xc5,0x73,0xc4,0xf9,0xc1,0xfc,0xc0,0x7d,0xbf,0x79,0xbe,0xf3,0xbb,
  0xf1,0xba,0x6f,0xb9,0x6c,0xb8,0xe8,0xb5,0xe6,0xb4,0xe5,0xb3,0xe3,0xb2,0x5f,0xb0,
  0x5d,0xaf,0x5c,0xae,0x5a,0xad,0x56,0xab,0xd5,0xaa,0xd3,0xa9,0xd1,0xa8,0x4e,0xa7,
  0x4c,0xa6,0x4b,0xa5,0xc9,0xa4,0x46,0xa3,0xc4,0xa2,0xc3,0xa1,0x41,0xa1,0x3e,0xa0,
  0x3c,0x9f,0xbb,0x9e,0x39,0x9e,0x36,0x9d,0xb4,0x9c,0x33,0x9c,0xb1,0x9b,0xae,0x9a,
  0x2c,0x9a,0xab,0x99,0x29,0x99,0xa6,0x98,0x25,0x98,0xa3,0x97,0x21,0x97,0x9e,0x96,
  0x1d,0x96,0x1b,0x96,0x9a,0x95,0x16,0x95,0x95,0x94,0x93,0x94,0x12,0x94,0x8f,0x93,
  0x8d,0x93,0x0c,0x93,0x0a,0x93,0x87,0x92,0x05,0x92,0x04,0x92,0x82,0x91,0x85,0x7f,
  0x00,0x85,0x7f,0x00,0x73,0x81,0xed,0x02,0xed,0x04,0xed,0x85,0xec,0x89,0xec,0x0a,
  0xec,0x8c,0xeb,0x8d,0xeb,0x10,0xeb,0x92,0xea,0x93,0xea,0x15,0xea,0x98,0xe9,0x1a,
  0xe9,0x1b,0xe9,0x9d,0xe8,0xa0,0xe7,0xa1,0xe7,0x23,0xe7,0xa5,0xe6,0xa8,0xe5,0xa9,
  0xe5,0x2b,0xe5,0xad,0xe4,0xb0,0xe3,0x31,0xe3,0xb3,0xe2,0x34,0xe2,0x37,0xe1,0xb9,
  0xe0,0x3b,0xe0,0x3c,0xdf,0x40,0xde,0x41,0xdd,0xc3,0xdc,0x44,0xdc,0xc8,0xda,0xc9,
  0xd9,0x4b,0xd9,0x4d,0xd8,0xd0,0xd6,0xd1,0xd5,0xd3,0xd4,0x55,0xd4,0x58,0xd2,0x5a,
  0xd1,0x5c,0xd0,0x5d,0xcf,0x61,0xcd,0x63,0xcc,0xe5,0xca,0xe7,0xc9,0xeb,0xc7,0x6d,
  0xc6,0x6f,0xc5,0x72,0xc4,0xf8,0xc1,0xfc,0xc0,0x7c,0xbf,0x78,0xbe,0xf2,0xbb,0xf0,
  0xba,0xee,0xb9,0x6b,0xb8,0x67,0xb6,0x65,0xb5,0xe3,0xb3,0xe2,0xb2,0xde,0xb0,0xdc,
  0xaf,0xda,0xae,0xd9,0xad,0xd5,0xab,0x54,0xab,0x52,0xaa,0x50,0xa9,0xcd,0xa7,0xcb,
  0xa6,0x4a,0xa6,0x48,0xa5,0xc5,0xa3,0x43,0xa3,0xc2,0xa2,0xc0,0xa1,0xbd,0xa0,0x3b,
  0xa0,0x3a,0x9f,0xb8,0x9e,0xb5,0x9d,0x33,0x9d,0xb2,0x9c,0x30,0x9c,0x2d,0x9b,0xab,
  0x9a,0x2a,0x9a,0x28,0x9a,0x25,0x99,0xa3,0x98,0x22,0x98,0x20,0x98,0x1d,0x97,0x9c,
  0x96,0x9a,0x96,0x18,0x96,0x95,0x95,0x14,0x95,0x12,0x95,0x91,0x94,0x0e,0x94,0x0c,
  0x94,0x8a,0x93,0x09,0x93,0x06,0x93,0x84,0x92,0x83,0x92,0x01,0x92,0x85,0x7f,0x00,
  0x85,0x7f,0x00,0x73,0x00,0xed,0x82,0xec,0x83,0xec,0x85,0xec,0x08,0xec,0x8a,0xeb,
  0x8b,0xeb,0x0d,0xeb,0x90,0xea,0x11,0xea,0x13,0xea,0x94,0xe9,0x17,0xe9,0x99,0xe8,
  0x1b,0xe8,0x1c,0xe8,0x1f,0xe7,0x21,0xe7,0xa2,0xe6,0x24,0xe6,0x27,0xe5,0x29,0xe5,
  0xaa,0xe4,0x2c,0xe4,0x2f,0xe3,0xb1,0xe2,0x32,0xe2,0xb4,0xe1,0xb7,0xe0,0x38,0xe0,
  0x3a,0xdf,0xbc,0xde,0xbf,0xdd,0xc0,0xdc,0x42,0xdc,0xc4,0xdb,0x47,0xda,0x48,0xd9,
  0xca,0xd8,0xcc,0xd7,0x4f,0xd6,0x51,0xd5,0x52,0xd4,0xd4,0xd3,0xd7,0xd1,0xd9,0xd0,
  0xdb,0xcf,0xdd,0xce,0xe0,0xcc,0xe2,0xcb,0xe4,0xca,0xe6,0xc9,0x6a,0xc7,0x6c,0xc6,
  0x6e,0xc5,0x71,0xc4,0xf7,0xc1,0xfc,0xc0,0x7c,0xbf,0x78,0xbe,0xf1,0xbb,0xef,0xba,
  0xed,0xb9,0xea,0xb8,0x66,0xb6,0x64,0xb5,0x62,0xb4,0x61,0xb3,0x5d,0xb1,0x5b,0xb0,
  0x59,0xaf,0x58,0xae,0x54,0xac,0xd3,0xab,0xd1,0xaa,0xcf,0xa9,0x4c,0xa8,0x4a,0xa7,
  0xc9,0xa6,0xc7,0xa5,0x44,0xa4,0xc2,0xa3,0x41,0xa3,0x3f,0xa2,0x3c,0xa1,0xba,0xa0,
  0x39,0xa0,0x37,0x9f,0x34,0x9e,0xb2,0x9d,0x31,0x9d,0xaf,0x9c,0xac,0x9b,0x2b,0x9b,
  0xa9,0x9a,0xa7,0x9a,0xa4,0x99,0x23,0x99,0xa1,0x98,0xa0,0x98,0x9c,0x97,0x9b,0x97,
  0x19,0x97,0x98,0x96,0x15,0x96,0x93,0x95,0x92,0x95,0x10,0x95,0x8d,0x94,0x0b,0x94,
  0x0a,0x94,0x88,0x93,0x05,0x93,0x03,0x93,0x02,0x93,0x81,0x92,0x85,0x7f,0x00,0x86,
  0x7f,0x00,0x71,0x81,0xec,0x02,0xec,0x04,0xec,0x87,0xeb,0x09,0xeb,0x0a,0xeb,0x8c,
  0xea,0x0f,0xea,0x90,0xe9,0x92,0xe9,0x13,0xe9,0x96,0xe8,0x18,0xe8,0x9a,0xe7,0x9b,
  0xe7,0x9e,0xe6,0xa0,0xe6,0x21,0xe6,0xa3,0xe5,0xa6,0xe4,0x28,0xe4,0x29,0xe4,0xab,
  0xe3,0xae,0xe2,0x2f,0xe2,0xb1,0xe1,0x33,0xe1,0x36,0xe0,0x37,0xdf,0xb9,0xde,0x3b,
  0xde,0x3e,0xdd,0x3f,0xdc,0xc1,0xdb,0x42,0xdb,0xc6,0xd9,0xc7,0xd8,0x49,0xd8,0x4a,
  0xd7,0xce,0xd5,0xcf,0xd4,0xd1,0xd3,0x53,0xd3,0x56,0xd1,0x58,0xd0,0x59,0xcf,0x5b,
  0xce,0x5f,0xcc,0x61,0xcb,0x63,0xca,0x65,0xc9,0x68,0xc7,0x6b,0xc6,0xed,0xc4,0xf0,
  0xc3,0xf6,0xc1,0xfb,0xc0,0x7c,0xbf,0x77,0xbe,0x70,0xbc,0x6e,0xbb,0xeb,0xb9,0xe9,
  0xb8,0xe5,0xb6,0xe3,0xb5,0xe1,0xb4,0xdf,0xb3,0xdc,0xb1,0xda,0xb0,0xd8,0xaf,0xd7,
  0xae,0xd3,0xac,0x52,0xac,0x50,0xab,0x4e,0xaa,0xcb,0xa8,0xc9,0xa7,0x48,0xa7,0x46,
  0xa6,0xc3,0xa4,0x41,0xa4,0xc0,0xa3,0xbe,0xa2,0xbb,0xa1,0x39,0xa1,0xb8,0xa0,0x36,
  0xa0,0xb3,0x9e,0x31,0x9e,0xb0,0x9d,0x2e,0x9d,0x2b,0x9c,0xaa,0x9b,0xa8,0x9b,0x26,
  0x9b,0x23,0x9a,0xa2,0x99,0x20,0x99,0x1f,0x99,0x1b,0x98,0x1a,0x98,0x98,0x97,0x17,
  0x97,0x94,0x96,0x12,0x96,0x11,0x96,0x8f,0x95,0x0c,0x95,0x8a,0x94,0x89,0x94,0x07,
  0x94,0x84,0x93,0x82,0x93,0x01,0x93,0x86,0x7f,0x00,0x87,0x7f,0x00,0x6f,0x01,0xeb,
  0x02,0xeb,0x86,0xea,0x07,0xea,0x08,0xea,0x8a,0xe9,0x0d,0xe9,0x8f,0xe8,0x90,0xe8,
  0x12,0xe8,0x95,0xe7,0x17,0xe7,0x98,0xe6,0x99,0xe6,0x9d,0xe5,0x1e,0xe5,0x20,0xe5,
  0xa1,0xe4,0xa4,0xe3,0x26,0xe3,0xa8,0xe2,0x29,0xe2,0xac,0xe1,0x2e,0xe1,0xaf,0xe0,
  0x31,0xe0,0xb4,0xde,0x36,0xde,0xb7,0xdd,0x39,0xdd,0xbc,0xdb,0x3d,0xdb,0xbf,0xda,
  0xc0,0xd9,0xc4,0xd8,0xc5,0xd7,0x47,0xd7,0x49,0xd6,0xcc,0xd4,0xcd,0xd3,0x4f,0xd3,
  0x51,0xd2,0x54,0xd0,0xd6,0xcf,0xd7,0xce,0xd9,0xcd,0xdd,0xcb,0xdf,0xca,0xe0,0xc9,
  0xe3,0xc8,0xe6,0xc6,0xe9,0xc5,0xeb,0xc4,0xed,0xc3,0xf4,0xc1,0xfa,0xc0,0x7a,0xbf,
  0x75,0xbe,0x6e,0xbc,0x6c,0xbb,0x69,0xba,0x67,0xb9,0x63,0xb7,0x61,0xb6,0x5f,0xb5,
  0x5d,0xb4,0x5a,0xb2,0x58,0xb1,0x56,0xb0,0xd4,0xaf,0xd1,0xad,0xd0,0xac,0x4e,0xac,
  0x4c,0xab,0xc9,0xa9,0xc7,0xa8,0x46,0xa8,0x44,0xa7,0x41,0xa6,0x3f,0xa5,0xbe,0xa4,
  0x3c,0xa4,0xb9,0xa2,0x37,0xa2,0xb6,0xa1,0x34,0xa1,0x31,0xa0,0x30,0x9f,0xae,0x9e,
  0x2d,0x9e,0xa9,0x9d,0x28,0x9d,0xa6,0x9c,0x25,0x9c,0x22,0x9b,0xa0,0x9a,0x9e,0x9a,
  0x1d,0x9a,0x1a,0x99,0x18,0x99,0x97,0x98,0x15,0x98,0x92,0x97,0x11,0x97,0x0f,0x97,
  0x8d,0x96,0x0a,0x96,0x89,0x95,0x87,0x95,0x06,0x95,0x83,0x94,0x81,0x94,0x87,0x7f,
  0x00,0x87,0x7f,0x00,0x6f,0x80,0xea,0x81,0xea,0x04,0xea,0x86,0xe9,0x87,0xe9,0x09,
  0xe9,0x8c,0xe8,0x0e,0xe8,0x0f,0xe8,0x91,0xe7,0x14,0xe7,0x95,0xe6,0x17,0xe6,0x18,
  0xe6,0x1c,0xe5,0x9d,0xe4,0x9f,0xe4,0x20,0xe4,0x23,0xe3,0xa5,0xe2,0x26,0xe2,0xa8,
  0xe1,0x2b,0xe1,0xad,0xe0,0x2e,0xe0,0x30,0xdf,0x33,0xde,0xb4,0xdd,0x36,0xdd,0xb8,
  0xdc,0x3b,0xdb,0xbc,0xda,0x3e,0xda,0x3f,0xd9,0x42,0xd8,0x44,0xd7,0xc6,0xd6,0xc7,
  0xd5,0x4b,0xd4,0xcc,0xd3,0xce,0xd2,0xcf,0xd1,0x53,0xd0,0x54,0xcf,0x56,0xce,0x58,
  0xcd,0xdb,0xcb,0xdd,0xca,0xdf,0xc9,0xe1,0xc8,0xe5,0xc6,0xe7,0xc5,0xea,0xc4,0xec,
  0xc3,0xf3,0xc1,0xf8,0xc0,0x79,0xbf,0x74,0xbe,0x6d,0xbc,0x6a,0xbb,0x68,0xba,0x65,
  0xb9,0x62,0xb7,0x5f,0xb6,0x5e,0xb5,0x5c,0xb4,0xd8,0xb2,0xd6,0xb1,0xd5,0xb0,0xd3,
  0xaf,0x50,0xae,0x4e,0xad,0x4c,0xac,0xcb,0xab,0x48,0xaa,0x46,0xa9,0xc4,0xa8,0xc3,
  0xa7,0xc0,0xa6,0xbe,0xa5,0x3d,0xa5,0xbb,0xa4,0x38,0xa3,0xb6,0xa2,0x35,0xa2,0xb3,
  0xa1,0xb0,0xa0,0x2e,0xa0,0x2d,0x9f,0xab,0x9e,0x28,0x9e,0xa7,0x9d,0x25,0x9d,0xa4,
  0x9c,0xa0,0x9b,0x1f,0x9b,0x1d,0x9b,0x9c,0x9a,0x99,0x99,0x97,0x99,0x16,0x99,0x94,
  0x98,0x11,0x98,0x8f,0x97,0x8e,0x97,0x0c,0x97,0x89,0x96,0x08,0x96,0x06,0x96,0x85,
  0x95,0x02,0x95,0x00,0x95,0x87,0x7f,0x00,0x88,0x7f,0x00,0x6d,0x00,0xea,0x84,0xe9,
  0x05,0xe9,0x07,0xe9,0x88,0xe8,0x0b,0xe8,0x8d,0xe7,0x8e,0xe7,0x10,0xe7,0x93,0xe6,
  0x15,0xe6,0x96,0xe5,0x97,0xe5,0x9b,0xe4,0x1c,0xe4,0x1e,0xe4,0x9f,0xe3,0xa2,0xe2,
  0x24,0xe2,0xa5,0xe1,0x27,0xe1,0x2a,0xe0,0x2c,0xe0,0x2d,0xdf,0xaf,0xde,0xb2,0xdd,
  0x33,0xdd,0xb5,0xdc,0x37,0xdc,0xba,0xda,0x3b,0xda,0xbd,0xd9,0xbe,0xd8,0xc1,0xd7,
  0xc3,0xd6,0x45,0xd6,0x46,0xd5,0xc9,0xd3,0x4b,0xd3,0x4d,0xd2,0x4e,0xd1,0xd2,0xcf,
  0xd3,0xce,0x55,0xce,0x57,0xcd,0x5a,0xcb,0x5c,0xca,0x5e,0xc9,0x60,0xc8,0x64,0xc6,
  0x66,0xc5,0xe8,0xc4,0xeb,0xc3,0xf1,0xc1,0xf7,0xc0,0x78,0xbf,0x72,0xbe,0x6b,0xbc,
  0x69,0xbb,0xe7,0xba,0xe4,0xb9,0xe0,0xb7,0xde,0xb6,0xdc,0xb5,0xdb,0xb4,0xd7,0xb2,
  0xd5,0xb1,0x54,0xb1,0x52,0xb0,0xcf,0xae,0xcd,0xad,0xcb,0xac,0x4a,0xac,0xc7,0xaa,
  0xc5,0xa9,0x43,0xa9,0x42,0xa8,0x3f,0xa7,0x3d,0xa6,0xbc,0xa5,0x3a,0xa5,0xb7,0xa3,
  0x35,0xa3,0xb4,0xa2,0x32,0xa2,0x2f,0xa1,0xad,0xa0,0x2c,0xa0,0xaa,0x9f,0xa7,0x9e,
  0x26,0x9e,0xa4,0x9d,0x23,0x9d,0x20,0x9c,0x9e,0x9b,0x9c,0x9b,0x1b,0x9b,0x18,0x9a,
  0x16,0x9a,0x95,0x99,0x13,0x99,0x90,0x98,0x0f,0x98,0x0d,0x98,0x8b,0x97,0x08,0x97,
  0x87,0x96,0x85,0x96,0x04,0x96,0x81,0x95,0x88,0x7f,0x00,0x89,0x7f,0x00,0x6b,0x03,
  0xe9,0x84,0xe8,0x86,0xe8,0x07,0xe8,0x8a,0xe7,0x8c,0xe7,0x0d,0xe7,0x8f,0xe6,0x12,
  0xe6,0x94,0xe5,0x15,0xe5,0x17,0xe5,0x1a,0xe4,0x9b,0xe3,0x9d,0xe3,0x1e,0xe3,0x21,
  0xe2,0xa3,0xe1,0x25,0xe1,0xa6,0xe0,0x29,0xe0,0xab,0xdf,0xac,0xde,0x2e,0xde,0x31,
  0xdd,0xb2,0xdc,0x34,0xdc,0xb5,0xdb,0x38,0xda,0xba,0xd9,0x3c,0xd9,0xbd,0xd8,0x40,
  0xd7,0x42,0xd6,0xc3,0xd5,0xc5,0xd4,0x48,0xd3,0xca,0xd2,0xcc,0xd1,0x4d,0xd1,0x50,
  0xcf,0xd2,0xce,0xd4,0xcd,0xd5,0xcc,0x59,0xcb,0x5b,0xca,0x5c,0xc9,0x5e,0xc8,0x62,
  0xc6,0x65,0xc5,0x67,0xc4,0x69,0xc3,0x70,0xc1,0x75,0xc0,0xf6,0xbf,0xf1,0xbe,0xea,
  0xbc,0xe7,0xbb,0xe5,0xba,0xe3,0xb9,0xdf,0xb7,0xdd,0xb6,0xdb,0xb5,0xd9,0xb4,0x56,
  0xb3,0x54,0xb2,0x52,0xb1,0xd1,0xb0,0xce,0xae,0x4c,0xae,0x4a,0xad,0xc9,0xac,0x45,
  0xab,0x44,0xaa,0xc2,0xa9,0xc1,0xa8,0x3d,0xa7,0xbc,0xa6,0x3a,0xa6,0xb9,0xa5,0x36,
  0xa4,0xb4,0xa3,0x33,0xa3,0xb1,0xa2,0xae,0xa1,0x2c,0xa1,0x2b,0xa0,0x29,0xa0,0x26,
  0x9f,0xa5,0x9e,0x23,0x9e,0xa2,0x9d,0x9f,0x9c,0x1d,0x9c,0x1c,0x9c,0x9a,0x9b,0x97,
  0x9a,0x96,0x9a,0x14,0x9a,0x92,0x99,0x0f,0x99,0x8e,0x98,0x0c,0x98,0x0b,0x98,0x88,
  0x97,0x06,0x97,0x05,0x97,0x83,0x96,0x89,0x7f,0x00,0x89,0x7f,0x00,0x6b,0x01,0xe8,
  0x02,0xe8,0x84,0xe7,0x85,0xe7,0x88,0xe6,0x8a,0xe6,0x0b,0xe6,0x8d,0xe5,0x10,0xe5,
  0x91,0xe4,0x93,0xe4,0x14,0xe4,0x18,0xe3,0x19,0xe3,0x9b,0xe2,0x1c,0xe2,0x1f,0xe1,
  0xa1,0xe0,0x22,0xe0,0x24,0xe0,0x27,0xdf,0xa8,0xde,0x2a,0xde,0xab,0xdd,0x2e,0xdc,
  0xb0,0xdb,0x31,0xdb,0xb3,0xda,0xb6,0xd9,0xb8,0xd8,0x39,0xd8,0xbb,0xd7,0x3e,0xd6,
  0xbf,0xd5,0xc1,0xd4,0x42,0xd4,0xc6,0xd2,0xc7,0xd1,0x49,0xd1,0x4a,0xd0,0xce,0xce,
  0xcf,0xcd,0x51,0xcd,0x52,0xcc,0xd6,0xca,0xd8,0xc9,0xd9,0xc8,0xdb,0xc7,0x5f,0xc6,
  0x61,0xc5,0x63,0xc4,0x65,0xc3,0x6c,0xc1,0x71,0xc0,0xf1,0xbf,0xec,0xbe,0xe6,0xbc,
  0xe4,0xbb,0xe2,0xba,0xdf,0xb9,0x5c,0xb8,0x5a,0xb7,0x58,0xb6,0x56,0xb5,0xd3,0xb3,
  0xd1,0xb2,0x50,0xb2,0x4e,0xb1,0xcb,0xaf,0xc9,0xae,0x47,0xae,0x46,0xad,0xc3,0xab,
  0x41,0xab,0x40,0xaa,0xbe,0xa9,0x3b,0xa8,0xba,0xa7,0x38,0xa7,0x36,0xa6,0x33,0xa5,
  0xb2,0xa4,0x30,0xa4,0xaf,0xa3,0x2c,0xa2,0xaa,0xa1,0x29,0xa1,0xa7,0xa0,0x24,0xa0,
  0xa3,0x9f,0x21,0x9f,0x9f,0x9e,0x9c,0x9d,0x1b,0x9d,0x99,0x9c,0x98,0x9c,0x95,0x9b,
  0x13,0x9b,0x12,0x9b,0x90,0x9a,0x0d,0x9a,0x8c,0x99,0x0a,0x99,0x09,0x99,0x06,0x98,
  0x04,0x98,0x83,0x97,0x81,0x97,0x89,0x7f,0x00,0x8a,0x7f,0x00,0x69,0x81,0xe7,0x03,
  0xe7,0x04,0xe7,0x07,0xe6,0x09,0xe6,0x8a,0xe5,0x8c,0xe5,0x8f,0xe4,0x11,0xe4,0x12,
  0xe4,0x93,0xe3,0x97,0xe2,0x98,0xe2,0x1a,0xe2,0x9b,0xe1,0x9e,0xe0,0x20,0xe0,0x21,
  0xe0,0xa3,0xdf,0xa6,0xde,0x27,0xde,0xa9,0xdd,0x2a,0xdd,0xad,0xdb,0x2f,0xdb,0xb0,
  0xda,0x32,0xda,0x35,0xd9,0x36,0xd8,0xb8,0xd7,0x39,0xd7,0xbd,0xd5,0x3e,0xd5,0xc0,
  0xd4,0xc1,0xd3,0x44,0xd2,0xc6,0xd1,0xc7,0xd0,0x49,0xd0,0x4c,0xce,0xce,0xcd,0xcf,
  0xcc,0x51,0xcc,0x54,0xca,0x56,0xc9,0xd8,0xc8,0xda,0xc7,0xdd,0xc5,0x5f,0xc5,0x61,
  0xc4,0x64,0xc3,0x6a,0xc1,0x6e,0xc0,0xef,0xbf,0xea,0xbe,0xe4,0xbc,0xe2,0xbb,0xe0,
  0xba,0x5e,0xba,0x5a,0xb8,0x58,0xb7,0xd6,0xb6,0xd5,0xb5,0xd1,0xb3,0x50,0xb3,0x4e,
  0xb2,0xcd,0xb1,0xc9,0xaf,0x48,0xaf,0x46,0xae,0xc5,0xad,0x42,0xac,0x40,0xab,0xbe,
  0xaa,0x3d,0xaa,0xba,0xa8,0x38,0xa8,0xb7,0xa7,0xb5,0xa6,0xb2,0xa5,0x31,0xa5,0xaf,
  0xa4,0x2e,0xa4,0xab,0xa2,0x29,0xa2,0xa8,0xa1,0x26,0xa1,0x23,0xa0,0x22,0xa0,0xa0,
  0x9f,0x1e,0x9f,0x1b,0x9e,0x9a,0x9d,0x18,0x9d,0x17,0x9d,0x14,0x9c,0x92,0x9b,0x91,
  0x9b,0x0f,0x9b,0x0c,0x9a,0x0b,0x9a,0x89,0x99,0x88,0x99,0x85,0x98,0x83,0x98,0x02,
  0x98,0x8a,0x7f,0x00,0x8a,0x7f,0x00,0x69,0x00,0xe7,0x82,0xe6,0x83,0xe6,0x06,0xe6,
  0x88,0xe5,0x09,0xe5,0x0b,0xe5,0x0e,0xe4,0x0f,0xe4,0x91,0xe3,0x12,0xe3,0x95,0xe2,
  0x17,0xe2,0x98,0xe1,0x1a,0xe1,0x1d,0xe0,0x1e,0xe0,0xa0,0xdf,0x21,0xdf,0x24,0xde,
  0xa6,0xdd,0x27,0xdd,0xa9,0xdc,0xac,0xdb,0xad,0xda,0x2f,0xda,0xb0,0xd9,0xb3,0xd8,
  0x35,0xd8,0x37,0xd7,0xb8,0xd6,0x3b,0xd5,0xbc,0xd4,0x3e,0xd4,0x40,0xd3,0xc3,0xd1,
  0x44,0xd1,0x46,0xd0,0xc7,0xcf,0x4a,0xce,0x4c,0xcd,0xcd,0xcc,0xcf,0xcb,0x52,0xca,
  0x54,0xc9,0x56,0xc8,0xd8,0xc7,0xdb,0xc5,0xdd,0xc4,0x5f,0xc4,0x61,0xc3,0x67,0xc1,
  0x6b,0xc0,0xec,0xbf,0xe8,0xbe,0xe2,0xbc,0xe0,0xbb,0x5e,0xbb,0x5b,0xba,0x58,0xb8,
  0xd6,0xb7,0xd5,0xb6,0xd3,0xb5,0x4f,0xb4,0x4e,0xb3,0xcc,0xb2,0xcb,0xb1,0x48,0xb0,
  0xc6,0xaf,0xc5,0xae,0x43,0xae,0xc0,0xac,0xbe,0xab,0x3d,0xab,0xbb,0xaa,0x38,0xa9,
  0xb7,0xa8,0xb5,0xa7,0x34,0xa7,0x31,0xa6,0xaf,0xa5,0x2e,0xa5,0x2c,0xa4,0x29,0xa3,
  0xa8,0xa2,0x26,0xa2,0xa5,0xa1,0xa2,0xa0,0x20,0xa0,0x1f,0xa0,0x9d,0x9f,0x9a,0x9e,
  0x19,0x9e,0x97,0x9d,0x16,0x9d,0x93,0x9c,0x11,0x9c,0x90,0x9b,0x8e,0x9b,0x8b,0x9a,
  0x8a,0x9a,0x08,0x9a,0x86,0x99,0x03,0x99,0x02,0x99,0x81,0x98,0x8a,0x7f,0x00,0x8b,
  0x7f,0x00,0x67,0x81,0xe6,0x02,0xe6,0x85,0xe5,0x07,0xe5,0x88,0xe4,0x8a,0xe4,0x8d,
  0xe3,0x8e,0xe3,0x10,0xe3,0x91,0xe2,0x14,0xe2,0x96,0xe1,0x17,0xe1,0x99,0xe0,0x1c,
  0xe0,0x9d,0xdf,0x1f,0xdf,0xa0,0xde,0xa3,0xdd,0x25,0xdd,0xa6,0xdc,0x28,0xdc,0x2b,
  0xdb,0xac,0xda,0x2e,0xda,0x2f,0xd9,0x32,0xd8,0xb4,0xd7,0x35,0xd7,0x37,0xd6,0x3a,
  0xd5,0x3b,0xd4,0xbd,0xd3,0x3e,0xd3,0xc1,0xd1,0xc3,0xd0,0x44,0xd0,0x46,0xcf,0xc9,
  0xcd,0x4a,0xcd,0x4c,0xcc,0xce,0xcb,0xd1,0xc9,0x53,0xc9,0x54,0xc8,0x56,0xc7,0xd9,
  0xc5,0xdb,0xc4,0xdd,0xc3,0x5f,0xc3,0x65,0xc1,0x69,0xc0,0xe9,0xbf,0xe5,0xbe,0xe0,
  0xbc,0x5e,0xbc,0x5c,0xbb,0x5a,0xba,0xd6,0xb8,0xd4,0xb7,0xd3,0xb6,0x51,0xb6,0x4e,
  0xb4,0xcc,0xb3,0xcb,0xb2,0x49,0xb2,0xc6,0xb0,0xc5,0xaf,0x43,0xaf,0x42,0xae,0xbf,
  0xac,0x3d,0xac,0xbc,0xab,0xba,0xaa,0xb7,0xa9,0xb6,0xa8,0x34,0xa8,0xb3,0xa7,0xb0,
  0xa6,0xae,0xa5,0x2d,0xa5,0xab,0xa4,0xa8,0xa3,0x27,0xa3,0xa5,0xa2,0x24,0xa2,0x21,
  0xa1,0x9f,0xa0,0x1e,0xa0,0x1c,0xa0,0x19,0x9f,0x98,0x9e,0x16,0x9e,0x95,0x9d,0x12,
  0x9d,0x90,0x9c,0x0f,0x9c,0x0d,0x9c,0x0a,0x9b,0x09,0x9b,0x87,0x9a,0x05,0x9a,0x83,
  0x99,0x01,0x99,0x8b,0x7f,0x00,0x8c,0x7f,0x00,0x65,0x00,0xe5,0x83,0xe4,0x04,0xe4,
  0x06,0xe4,0x87,0xe3,0x0a,0xe3,0x8c,0xe2,0x0d,0xe2,0x8f,0xe1,0x12,0xe1,0x93,0xe0,
  0x15,0xe0,0x16,0xe0,0x19,0xdf,0x9b,0xde,0x1c,0xde,0x9e,0xdd,0xa1,0xdc,0x22,0xdc,
  0xa3,0xdb,0x25,0xdb,0x28,0xda,0xa9,0xd9,0x2b,0xd9,0xac,0xd8,0x2f,0xd7,0xb1,0xd6,
  0x32,0xd6,0xb4,0xd5,0x37,0xd4,0xb8,0xd3,0x3a,0xd3,0x3b,0xd2,0x3e,0xd1,0x3f,0xd0,
  0xc1,0xcf,0xc3,0xce,0x45,0xcd,0xc7,0xcc,0xc8,0xcb,0x4a,0xcb,0x4d,0xc9,0xcf,0xc8,
  0xd0,0xc7,0x52,0xc7,0x55,0xc5,0xd7,0xc4,0xd9,0xc3,0xdb,0xc2,0x60,0xc1,0x63,0xc0,
  0xe3,0xbf,0xe0,0xbe,0x5b,0xbd,0x59,0xbc,0x57,0xbb,0xd5,0xba,0xd2,0xb8,0x50,0xb8,
  0x4f,0xb7,0xcd,0xb6,0xca,0xb4,0x49,0xb4,0x47,0xb3,0xc6,0xb2,0x43,0xb1,0x41,0xb0,
  0xc0,0xaf,0xbe,0xae,0xbb,0xad,0xba,0xac,0x38,0xac,0xb7,0xab,0x34,0xaa,0xb3,0xa9,
  0x31,0xa9,0xb0,0xa8,0x2d,0xa7,0xab,0xa6,0x2a,0xa6,0xa8,0xa5,0xa5,0xa4,0x24,0xa4,
  0xa2,0xa3,0x21,0xa3,0x1e,0xa2,0x9d,0xa1,0x1b,0xa1,0x99,0xa0,0x17,0xa0,0x95,0x9f,
  0x14,0x9f,0x92,0x9e,0x0f,0x9e,0x8e,0x9d,0x0c,0x9d,0x8b,0x9c,0x08,0x9c,0x86,0x9b,
  0x85,0x9b,0x03,0x9b,0x80,0x9a,0x8c,0x7f,0x00,0x8d,0x7f,0x00,0x63,0x02,0xe4,0x03,
  0xe4,0x85,0xe3,0x06,0xe3,0x89,0xe2,0x0b,0xe2,0x8c,0xe1,0x8e,0xe1,0x91,0xe0,0x12,
  0xe0,0x14,0xe0,0x95,0xdf,0x98,0xde,0x1a,0xde,0x9b,0xdd,0x1d,0xdd,0x1f,0xdc,0xa1,
  0xdb,0x22,0xdb,0xa4,0xda,0xa7,0xd9,0x28,0xd9,0xaa,0xd8,0x2b,0xd8,0x2e,0xd7,0x2f,
  0xd6,0xb1,0xd5,0x32,0xd5,0x35,0xd4,0x37,0xd3,0xb8,0xd2,0x3a,0xd2,0xbd,0xd0,0xbe,
  0xcf,0x3f,0xcf,0xc1,0xce,0x44,0xcd,0x45,0xcc,0xc7,0xcb,0xc8,0xca,0x4b,0xc9,0xcd,
  0xc8,0xce,0xc7,0xd0,0xc6,0x53,0xc5,0xd5,0xc4,0xd7,0xc3,0xd8,0xc2,0x5d,0xc1,0x60,
  0xc0,0xe0,0xbf,0xde,0xbe,0x59,0xbd,0x57,0xbc,0x55,0xbb,0xd3,0xba,0x50,0xb9,0x4f,
  0xb8,0x4d,0xb7,0xcc,0xb6,0x49,0xb5,0x47,0xb4,0xc6,0xb3,0xc4,0xb2,0x41,0xb1,0xc0,
  0xb0,0x3e,0xb0,0x3d,0xaf,0xba,0xad,0x38,0xad,0xb7,0xac,0xb6,0xab,0xb3,0xaa,0x31,
  0xaa,0xb0,0xa9,0xae,0xa8,0xac,0xa7,0x2a,0xa7,0xa8,0xa6,0x27,0xa6,0x24,0xa5,0xa3,
  0xa4,0x21,0xa4,0xa0,0xa3,0x9d,0xa2,0x1b,0xa2,0x9a,0xa1,0x18,0xa1,0x15,0xa0,0x14,
  0xa0,0x92,0x9f,0x11,0x9f,0x0e,0x9e,0x0d,0x9e,0x8b,0x9d,0x0a,0x9d,0x87,0x9c,0x05,
  0x9c,0x84,0x9b,0x82,0x9b,0x8d,0x7f,0x00,0x8d,0x7f,0x00,0x63,0x80,0xe3,0x82,0xe3,
  0x03,0xe3,0x85,0xe2,0x08,0xe2,0x89,0xe1,0x8b,0xe1,0x0c,0xe1,0x0f,0xe0,0x11,0xe0,
  0x92,0xdf,0x14,0xdf,0x16,0xde,0x98,0xdd,0x1a,0xdd,0x9b,0xdc,0x1e,0xdc,0x9f,0xdb,
  0x21,0xdb,0xa2,0xda,0x25,0xd9,0xa7,0xd8,0x28,0xd8,0xa9,0xd7,0xac,0xd6,0x2e,0xd6,
  0xaf,0xd5,0xb1,0xd4,0xb3,0xd3,0x35,0xd3,0x36,0xd2,0xb8,0xd1,0x3b,0xd0,0xbc,0xcf,
  0x3d,0xcf,0x3f,0xce,0xc2,0xcc,0x43,0xcc,0x45,0xcb,0xc6,0xca,0x49,0xc9,0x4b,0xc8,
  0xcc,0xc7,0xcd,0xc6,0x51,0xc5,0x52,0xc4,0xd4,0xc3,0xd6,0xc2,0x5a,0xc1,0x5d,0xc0,
  0xdd,0xbf,0xda,0xbe,0x56,0xbd,0x54,0xbc,0xd3,0xbb,0xd1,0xba,0x4e,0xb9,0x4c,0xb8,
  0xcb,0xb7,0xc9,0xb6,0x46,0xb5,0xc5,0xb4,0xc4,0xb3,0x42,0xb3,0xbf,0xb1,0xbe,0xb0,
  0x3c,0xb0,0xbb,0xaf,0x38,0xae,0xb7,0xad,0xb5,0xac,0x34,0xac,0x31,0xab,0x30,0xaa,
  0xae,0xa9,0x2d,0xa9,0x2a,0xa8,0xa8,0xa7,0x27,0xa7,0xa5,0xa6,0x23,0xa5,0xa1,0xa4,
  0x20,0xa4,0x9e,0xa3,0x1b,0xa3,0x9a,0xa2,0x18,0xa2,0x97,0xa1,0x94,0xa0,0x12,0xa0,
  0x11,0xa0,0x90,0x9f,0x8d,0x9e,0x0b,0x9e,0x0a,0x9e,0x88,0x9d,0x05,0x9d,0x84,0x9c,
  0x02,0x9c,0x01,0x9c,0x8d,0x7f,0x00,0x8e,0x7f,0x00,0x61,0x01,0xe3,0x82,0xe2,0x84,
  0xe2,0x87,0xe1,0x88,0xe1,0x0a,0xe1,0x8b,0xe0,0x0e,0xe0,0x8f,0xdf,0x11,0xdf,0x92,
  0xde,0x95,0xdd,0x17,0xdd,0x18,0xdd,0x9a,0xdc,0x9d,0xdb,0x1e,0xdb,0x9f,0xda,0x21,
  0xda,0x24,0xd9,0xa5,0xd8,0x27,0xd8,0x28,0xd7,0x2b,0xd6,0xac,0xd5,0x2e,0xd5,0xaf,
  0xd4,0x32,0xd3,0xb3,0xd2,0x35,0xd2,0x36,0xd1,0x39,0xd0,0x3a,0xcf,0xbc,0xce,0x3d,
  0xce,0xc0,0xcc,0xc1,0xcb,0x43,0xcb,0x44,0xca,0xc7,0xc8,0x49,0xc8,0x4a,0xc7,0xcb,
  0xc6,0x4e,0xc5,0x50,0xc4,0xd2,0xc3,0xd3,0xc2,0x57,0xc1,0x5a,0xc0,0xda,0xbf,0xd8,
  0xbe,0x54,0xbd,0x52,0xbc,0xd1,0xbb,0xcf,0xba,0x4c,0xb9,0xca,0xb8,0xc9,0xb7,0x47,
  0xb7,0xc5,0xb5,0xc3,0xb4,0x42,0xb4,0x40,0xb3,0xbe,0xb1,0x3c,0xb1,0xbb,0xb0,0xb9,
  0xaf,0xb6,0xae,0xb5,0xad,0x34,0xad,0xb2,0xac,0x2f,0xab,0xae,0xaa,0x2d,0xaa,0xab,
  0xa9,0xa8,0xa8,0xa7,0xa7,0x25,0xa7,0xa4,0xa6,0xa1,0xa5,0x20,0xa5,0x9e,0xa4,0x1d,
  0xa4,0x1a,0xa3,0x99,0xa2,0x97,0xa2,0x16,0xa2,0x13,0xa1,0x91,0xa0,0x10,0xa0,0x0e,
  0xa0,0x0b,0x9f,0x8a,0x9e,0x09,0x9e,0x07,0x9e,0x04,0x9d,0x03,0x9d,0x81,0x9c,0x8e,
  0x7f,0x00,0x90,0x7f,0x00,0x5d,0x81,0xe1,0x04,0xe1,0x86,0xe0,0x07,0xe0,0x08,0xe0,
  0x0b,0xdf,0x8d,0xde,0x0e,0xde,0x10,0xde,0x12,0xdd,0x94,0xdc,0x15,0xdc,0x97,0xdb,
  0x9a,0xda,0x1b,0xda,0x9c,0xd9,0x1e,0xd9,0x20,0xd8,0xa2,0xd7,0x23,0xd7,0xa5,0xd6,
  0xa7,0xd5,0x29,0xd5,0xaa,0xd4,0xac,0xd3,0xae,0xd2,0x30,0xd2,0x31,0xd1,0xb2,0xd0,
  0xb5,0xcf,0xb6,0xce,0x38,0xce,0xb9,0xcd,0x3c,0xcc,0x3d,0xcb,0xbf,0xca,0x40,0xca,
  0xc3,0xc8,0xc4,0xc7,0x45,0xc7,0x47,0xc6,0xca,0xc4,0x4b,0xc4,0x4d,0xc3,0xce,0xc2,
  0x52,0xc1,0x53,0xc0,0xd4,0xbf,0xd2,0xbe,0x4f,0xbd,0xcd,0xbc,0xcc,0xbb,0x4a,0xbb,
  0xc7,0xb9,0xc6,0xb8,0x44,0xb8,0x43,0xb7,0xc0,0xb5,0x3f,0xb5,0xbe,0xb4,0xbc,0xb3,
  0x3a,0xb2,0xb8,0xb1,0x37,0xb1,0x36,0xb0,0x33,0xaf,0xb1,0xae,0xb0,0xad,0x2f,0xad,
  0x2c,0xac,0x2b,0xab,0xa9,0xaa,0x28,0xaa,0x25,0xa9,0xa4,0xa8,0x22,0xa8,0xa1,0xa7,
  0x9e,0xa6,0x1d,0xa6,0x9b,0xa5,0x1a,0xa5,0x17,0xa4,0x96,0xa3,0x14,0xa3,0x93,0xa2,
  0x90,0xa1,0x8e,0xa1,0x0d,0xa1,0x8c,0xa0,0x09,0xa0,0x87,0x9f,0x06,0x9f,0x84,0x9e,
  0x01,0x9e,0x90,0x7f,0x00,0x90,0x7f,0x00,0x5d,0x00,0xe1,0x83,0xe0,0x04,0xe0,0x06,
  0xe0,0x87,0xdf,0x8a,0xde,0x0b,0xde,0x0d,0xde,0x8e,0xdd,0x91,0xdc,0x13,0xdc,0x94,
  0xdb,0x15,0xdb,0x98,0xda,0x1a,0xda,0x9b,0xd9,0x1c,0xd9,0x1f,0xd8,0xa0,0xd7,0xa2,
  0xd6,0x23,0xd6,0x26,0xd5,0xa7,0xd4,0x29,0xd4,0xaa,0xd3,0x2d,0xd2,0xae,0xd1,0x2f,
  0xd1,0xb1,0xd0,0x34,0xcf,0xb5,0xce,0xb6,0xcd,0x37,0xcd,0xba,0xcb,0x3b,0xcb,0xbd,
  0xca,0xbe,0xc9,0x41,0xc8,0xc2,0xc7,0x43,0xc7,0x45,0xc6,0xc7,0xc4,0x49,0xc4,0x4a,
  0xc3,0xcc,0xc2,0x4f,0xc1,0x51,0xc0,0xd1,0xbf,0xcf,0xbe,0x4c,0xbd,0xcb,0xbc,0xc9,
  0xbb,0x48,0xbb,0xc5,0xb9,0xc4,0xb8,0x42,0xb8,0xc1,0xb7,0x3e,0xb6,0x3d,0xb5,0xbc,
  0xb4,0x3a,0xb4,0xb8,0xb2,0x36,0xb2,0x35,0xb1,0xb4,0xb0,0x31,0xaf,0xb0,0xae,0x2e,
  0xae,0xad,0xad,0x2a,0xac,0xa9,0xab,0x28,0xab,0xa6,0xaa,0xa4,0xa9,0x22,0xa9,0x21,
  0xa8,0x9f,0xa7,0x9d,0xa6,0x1b,0xa6,0x9a,0xa5,0x19,0xa5,0x96,0xa4,0x14,0xa4,0x93,
  0xa3,0x11,0xa3,0x0f,0xa2,0x8d,0xa1,0x8c,0xa1,0x0a,0xa1,0x07,0xa0,0x06,0xa0,0x85,
  0x9f,0x03,0x9f,0x80,0x9e,0x90,0x7f,0x00,0x91,0x7f,0x00,0x5b,0x02,0xe0,0x03,0xe0,
  0x85,0xdf,0x06,0xdf,0x09,0xde,0x0a,0xde,0x8c,0xdd,0x0d,0xdd,0x10,0xdc,0x91,0xdb,
  0x93,0xdb,0x14,0xdb,0x17,0xda,0x98,0xd9,0x19,0xd9,0x9b,0xd8,0x9e,0xd7,0x1f,0xd7,
  0xa0,0xd6,0x22,0xd6,0x24,0xd5,0x26,0xd4,0xa7,0xd3,0x28,0xd3,0x2b,0xd2,0xac,0xd1,
  0xae,0xd0,0x2f,0xd0,0x32,0xcf,0x33,0xce,0xb4,0xcd,0x36,0xcd,0xb8,0xcb,0x39,0xcb,
  0x3b,0xca,0xbc,0xc9,0x3f,0xc8,0xc0,0xc7,0xc1,0xc6,0x43,0xc6,0xc5,0xc4,0x47,0xc4,
  0x48,0xc3,0xc9,0xc2,0x4c,0xc1,0x4e,0xc0,0xce,0xbf,0xcc,0xbe,0x49,0xbd,0xc8,0xbc,
  0xc7,0xbb,0x45,0xbb,0xc3,0xb9,0x41,0xb9,0x40,0xb8,0xbf,0xb7,0x3c,0xb6,0xbb,0xb5,
  0xba,0xb4,0x38,0xb4,0xb6,0xb2,0x35,0xb2,0xb3,0xb1,0xb2,0xb0,0xaf,0xaf,0x2e,0xaf,
  0x2d,0xae,0xab,0xad,0xa9,0xac,0x27,0xac,0xa6,0xab,0xa5,0xaa,0xa2,0xa9,0x21,0xa9,
  0x9f,0xa8,0x1e,0xa8,0x1b,0xa7,0x9a,0xa6,0x18,0xa6,0x97,0xa5,0x94,0xa4,0x13,0xa4,
  0x11,0xa4,0x90,0xa3,0x8d,0xa2,0x0c,0xa2,0x8a,0xa1,0x89,0xa1,0x86,0xa0,0x05,0xa0,
  0x03,0xa0,0x82,0x9f,0x91,0x7f,0x00,0x91,0x7f,0x00,0x5b,0x00,0xe0,0x81,0xdf,0x03,
  0xdf,0x84,0xde,0x07,0xde,0x88,0xdd,0x0a,0xdd,0x8b,0xdc,0x0e,0xdc,0x8f,0xdb,0x11,
  0xdb,0x92,0xda,0x95,0xd9,0x16,0xd9,0x98,0xd8,0x19,0xd8,0x1c,0xd7,0x9d,0xd6,0x1e,
  0xd6,0xa0,0xd5,0xa2,0xd4,0x24,0xd4,0xa5,0xd3,0x26,0xd3,0xa9,0xd1,0x2a,0xd1,0xac,
  0xd0,0x2d,0xd0,0xaf,0xce,0x31,0xce,0xb2,0xcd,0xb3,0xcc,0xb6,0xcb,0xb7,0xca,0x38,
  0xca,0xba,0xc9,0x3c,0xc8,0x3d,0xc7,0xbe,0xc6,0x40,0xc6,0xc2,0xc4,0xc4,0xc3,0x45,
  0xc3,0xc6,0xc2,0x49,0xc1,0x4a,0xc0,0xca,0xbf,0xc9,0xbe,0x46,0xbd,0xc5,0xbc,0x44,
  0xbc,0x43,0xbb,0xc0,0xb9,0x3f,0xb9,0xbe,0xb8,0xbc,0xb7,0x3a,0xb6,0xb8,0xb5,0x37,
  0xb5,0x36,0xb4,0x34,0xb3,0x32,0xb2,0xb1,0xb1,0x30,0xb1,0xad,0xaf,0x2c,0xaf,0xaa,
  0xae,0x29,0xae,0xa7,0xac,0x25,0xac,0xa4,0xab,0x23,0xab,0x20,0xaa,0x9f,0xa9,0x1d,
  0xa9,0x9c,0xa8,0x99,0xa7,0x18,0xa7,0x97,0xa6,0x15,0xa6,0x13,0xa5,0x91,0xa4,0x10,
  0xa4,0x8e,0xa3,0x0c,0xa3,0x8a,0xa2,0x09,0xa2,0x87,0xa1,0x05,0xa1,0x83,0xa0,0x02,
  0xa0,0x00,0xa0,0x91,0x7f,0x00,0x93,0x7f,0x00,0x57,0x80,0xde,0x01,0xde,0x04,0xdd,
  0x05,0xdd,0x87,0xdc,0x08,0xdc,0x0b,0xdb,0x8c,0xda,0x0e,0xda,0x0f,0xda,0x12,0xd9,
  0x93,0xd8,0x14,0xd8,0x96,0xd7,0x98,0xd6,0x1a,0xd6,0x9b,0xd5,0x1c,0xd5,0x1f,0xd4,
  0xa0,0xd3,0x21,0xd3,0x22,0xd2,0x25,0xd1,0xa6,0xd0,0x28,0xd0,0xa9,0xcf,0x2b,0xce,
  0xac,0xcd,0x2e,0xcd,0x2f,0xcc,0x31,0xcb,0xb2,0xca,0xb4,0xc9,0x35,0xc9,0xb7,0xc7,
  0x38,0xc7,0xb9,0xc6,0xbb,0xc5,0xbd,0xc4,0xbe,0xc3,0x3f,0xc3,0x40,0xc2,0x43,0xc1,
  0x44,0xc0,0xc4,0xbf,0xc3,0xbe,0xc1,0xbd,0xc0,0xbc,0x3e,0xbc,0x3d,0xbb,0x3b,0xba,
  0x3a,0xb9,0xb9,0xb8,0x38,0xb8,0xb5,0xb6,0x34,0xb6,0x33,0xb5,0xb2,0xb4,0xaf,0xb3,
  0xae,0xb2,0x2d,0xb2,0xac,0xb1,0x29,0xb0,0xa8,0xaf,0x27,0xaf,0xa5,0xae,0xa3,0xad,
  0xa2,0xac,0x20,0xac,0x9f,0xab,0x9c,0xaa,0x1b,0xaa,0x9a,0xa9,0x18,0xa9,0x16,0xa8,
  0x94,0xa7,0x13,0xa7,0x92,0xa6,0x8f,0xa5,0x8e,0xa5,0x0c,0xa5,0x8b,0xa4,0x88,0xa3,
  0x07,0xa3,0x86,0xa2,0x84,0xa2,0x81,0xa1,0x00,0xa1,0x93,0x7f,0x00,0x95,0x7f,0x00,
  0x53,0x03,0xdd,0x84,0xdc,0x05,0xdc,0x87,0xdb,0x09,0xdb,0x8b,0xda,0x0c,0xda,0x8d,
  0xd9,0x90,0xd8,0x11,0xd8,0x93,0xd7,0x14,0xd7,0x16,0xd6,0x98,0xd5,0x19,0xd5,0x9b,
  0xd4,0x9d,0xd3,0x1e,0xd3,0xa0,0xd2,0x21,0xd2,0x23,0xd1,0x24,0xd0,0xa6,0xcf,0x27,
  0xcf,0x29,0xce,0xaa,0xcd,0xac,0xcc,0x2d,0xcc,0x2f,0xcb,0x30,0xca,0xb1,0xc9,0x33,
  0xc9,0xb5,0xc7,0x36,0xc7,0x37,0xc6,0xb8,0xc5,0x3a,0xc4,0xbc,0xc3,0x3d,0xc3,0x3e,
  0xc2,0x40,0xc1,0x41,0xc0,0xc1,0xbf,0xc0,0xbe,0xbe,0xbd,0xbd,0xbc,0x3c,0xbc,0xbb,
  0xbb,0x39,0xba,0xb7,0xb9,0xb6,0xb8,0x35,0xb8,0xb3,0xb6,0x32,0xb6,0xb1,0xb5,0xb0,
  0xb4,0xad,0xb3,0x2c,0xb3,0x2b,0xb2,0xaa,0xb1,0xa7,0xb0,0x26,0xb0,0xa5,0xaf,0xa4,
  0xae,0xa1,0xad,0x20,0xad,0x9f,0xac,0x1d,0xac,0x1b,0xab,0x99,0xaa,0x18,0xaa,0x97,
  0xa9,0x94,0xa8,0x13,0xa8,0x92,0xa7,0x10,0xa7,0x0e,0xa6,0x8c,0xa5,0x0b,0xa5,0x8a,
  0xa4,0x07,0xa4,0x86,0xa3,0x04,0xa3,0x83,0xa2,0x95,0x7f,0x00,0x95,0x7f,0x00,0x53,
  0x81,0xdc,0x02,0xdc,0x84,0xdb,0x85,0xdb,0x88,0xda,0x09,0xda,0x8b,0xd9,0x0c,0xd9,
  0x0f,0xd8,0x10,0xd8,0x91,0xd7,0x12,0xd7,0x15,0xd6,0x96,0xd5,0x17,0xd5,0x99,0xd4,
  0x9b,0xd3,0x1d,0xd3,0x1e,0xd2,0x9f,0xd1,0xa1,0xd0,0x23,0xd0,0xa4,0xcf,0x25,0xcf,
  0xa7,0xcd,0x28,0xcd,0xaa,0xcc,0x2b,0xcc,0xad,0xca,0x2e,0xca,0xaf,0xc9,0xb1,0xc8,
  0xb3,0xc7,0x34,0xc7,0x35,0xc6,0xb6,0xc5,0x38,0xc4,0xb9,0xc3,0x3a,0xc3,0x3b,0xc2,
  0x3d,0xc1,0x3e,0xc0,0xbe,0xbf,0xbd,0xbe,0xbb,0xbd,0xba,0xbc,0x39,0xbc,0xb8,0xbb,
  0x36,0xba,0xb5,0xb9,0xb4,0xb8,0x33,0xb8,0x31,0xb7,0x30,0xb6,0xaf,0xb5,0x2d,0xb5,
  0xab,0xb3,0x2a,0xb3,0xa9,0xb2,0x28,0xb2,0xa5,0xb0,0x24,0xb0,0xa3,0xaf,0x22,0xaf,
  0x1f,0xae,0x9e,0xad,0x9d,0xac,0x1c,0xac,0x19,0xab,0x98,0xaa,0x17,0xaa,0x95,0xa9,
  0x93,0xa8,0x11,0xa8,0x90,0xa7,0x8f,0xa7,0x8c,0xa6,0x0b,0xa6,0x89,0xa5,0x08,0xa5,
  0x05,0xa4,0x04,0xa4,0x83,0xa3,0x01,0xa3,0x95,0x7f,0x00,0x96,0x7f,0x00,0x51,0x01,
  0xdc,0x82,0xdb,0x03,0xdb,0x06,0xda,0x87,0xd9,0x89,0xd9,0x0a,0xd9,0x0d,0xd8,0x8e,
  0xd7,0x0f,0xd7,0x90,0xd6,0x93,0xd5,0x14,0xd5,0x95,0xd4,0x17,0xd4,0x19,0xd3,0x9a,
  0xd2,0x1c,0xd2,0x9d,0xd1,0x9f,0xd0,0x20,0xd0,0x21,0xcf,0xa3,0xce,0xa5,0xcd,0x26,
  0xcd,0xa7,0xcc,0xa8,0xcb,0xab,0xca,0x2c,0xca,0x2d,0xc9,0xae,0xc8,0xb0,0xc7,0xb1,
  0xc6,0x32,0xc6,0xb3,0xc5,0x35,0xc4,0xb6,0xc3,0xb7,0xc2,0x38,0xc2,0xba,0xc0,0x3b,
  0xc0,0xbb,0xbf,0x3a,0xbf,0xb8,0xbd,0x37,0xbd,0x36,0xbc,0xb5,0xbb,0x33,0xba,0xb2,
  0xb9,0x31,0xb9,0x30,0xb8,0x2e,0xb7,0xad,0xb6,0xac,0xb5,0x2b,0xb5,0x29,0xb4,0x28,
  0xb3,0xa6,0xb2,0x25,0xb2,0x23,0xb1,0xa2,0xb0,0xa0,0xaf,0x1f,0xaf,0x1d,0xae,0x9c,
  0xad,0x1b,0xad,0x99,0xac,0x97,0xab,0x16,0xab,0x94,0xaa,0x13,0xaa,0x11,0xa9,0x8f,
  0xa8,0x0e,0xa8,0x8d,0xa7,0x8a,0xa6,0x09,0xa6,0x08,0xa6,0x86,0xa5,0x84,0xa4,0x02,
  0xa4,0x81,0xa3,0x96,0x7f,0x00,0x98,0x7f,0x00,0x4d,0x80,0xda,0x83,0xd9,0x04,0xd9,
  0x85,0xd8,0x07,0xd8,0x89,0xd7,0x0a,0xd7,0x8c,0xd6,0x0d,0xd6,0x0f,0xd5,0x91,0xd4,
  0x12,0xd4,0x93,0xd3,0x95,0xd2,0x17,0xd2,0x98,0xd1,0x19,0xd1,0x1b,0xd0,0x9c,0xcf,
  0x1e,0xcf,0x1f,0xce,0x21,0xcd,0xa2,0xcc,0x23,0xcc,0xa4,0xcb,0x26,0xca,0xa7,0xc9,
  0x28,0xc9,0xa9,0xc8,0x2b,0xc7,0xac,0xc6,0x2d,0xc6,0x2e,0xc5,0x30,0xc4,0xb1,0xc3,
  0xb1,0xc2,0x32,0xc2,0xb4,0xc0,0x35,0xc0,0xb5,0xbf,0x34,0xbf,0xb2,0xbd,0x32,0xbd,
  0x31,0xbc,0xb0,0xbb,0xae,0xba,0xad,0xb9,0x2c,0xb9,0xac,0xb8,0x2a,0xb7,0xa8,0xb6,
  0x27,0xb6,0xa7,0xb5,0x24,0xb4,0xa3,0xb3,0x22,0xb3,0xa1,0xb2,0x9f,0xb1,0x9e,0xb0,
  0x1d,0xb0,0x9c,0xaf,0x99,0xae,0x18,0xae,0x97,0xad,0x16,0xad,0x13,0xac,0x92,0xab,
  0x11,0xab,0x90,0xaa,0x8d,0xa9,0x0c,0xa9,0x8b,0xa8,0x0a,0xa8,0x87,0xa7,0x06,0xa7,
  0x84,0xa6,0x03,0xa6,0x01,0xa5,0x98,0x7f,0x00,0x99,0x7f,0x00,0x4b,0x01,0xd9,0x02,
  0xd9,0x83,0xd8,0x05,0xd8,0x07,0xd7,0x88,0xd6,0x0a,0xd6,0x8b,0xd5,0x8d,0xd4,0x0e,
  0xd4,0x10,0xd4,0x91,0xd3,0x93,0xd2,0x94,0xd1,0x15,0xd1,0x97,0xd0,0x99,0xcf,0x1a,
  0xcf,0x9b,0xce,0x1c,0xce,0x1e,0xcd,0x9f,0xcc,0xa1,0xcb,0x22,0xcb,0x24,0xca,0xa5,
  0xc9,0x25,0xc9,0x27,0xc8,0x28,0xc7,0xa9,0xc6,0xaa,0xc5,0x2b,0xc5,0x2d,0xc4,0x2e,
  0xc3,0xae,0xc2,0x2f,0xc2,0xb0,0xc0,0x31,0xc0,0xb1,0xbf,0x31,0xbf,0xaf,0xbd,0x2f,
  0xbd,0xae,0xbc,0xad,0xbb,0xab,0xba,0x2a,0xba,0x2a,0xb9,0xa9,0xb8,0xa7,0xb7,0xa6,
  0xb6,0x25,0xb6,0xa4,0xb5,0xa2,0xb4,0x21,0xb4,0x20,0xb3,0x9f,0xb2,0x9c,0xb1,0x1b,
  0xb1,0x9a,0xb0,0x19,0xb0,0x17,0xaf,0x96,0xae,0x15,0xae,0x13,0xad,0x11,0xac,0x90,
  0xab,0x8f,0xab,0x0d,0xab,0x0b,0xaa,0x8a,0xa9,0x09,0xa9,0x87,0xa8,0x85,0xa7,0x04,
  0xa7,0x82,0xa6,0x81,0xa6,0x99,0x7f,0x00,0x9a,0x7f,0x00,0x49,0x80,0xd8,0x02,0xd8,
  0x83,0xd7,0x05,0xd7,0x87,0xd6,0x08,0xd6,0x89,0xd5,0x8b,0xd4,0x0d,0xd4,0x8e,0xd3,
  0x0f,0xd3,0x11,0xd2,0x93,0xd1,0x14,0xd1,0x95,0xd0,0x97,0xcf,0x18,0xcf,0x99,0xce,
  0x1a,0xce,0x9c,0xcc,0x1d,0xcc,0x9e,0xcb,0x1f,0xcb,0x21,0xca,0x22,0xc9,0xa3,0xc8,
  0x24,0xc8,0x26,0xc7,0x27,0xc6,0xa8,0xc5,0x29,0xc5,0x2a,0xc4,0x2b,0xc3,0xac,0xc2,
  0x2c,0xc2,0xae,0xc0,0x2e,0xc0,0xae,0xbf,0x2e,0xbf,0xac,0xbd,0x2c,0xbd,0xab,0xbc,
  0xaa,0xbb,0xa9,0xba,0x28,0xba,0xa7,0xb9,0xa6,0xb8,0xa4,0xb7,0x23,0xb7,0xa3,0xb6,
  0xa2,0xb5,0xa0,0xb4,0x1f,0xb4,0x9d,0xb3,0x1d,0xb3,0x9a,0xb1,0x19,0xb1,0x98,0xb0,
  0x17,0xb0,0x15,0xaf,0x94,0xae,0x13,0xae,0x92,0xad,0x8f,0xac,0x0e,0xac,0x8d,0xab,
  0x0c,0xab,0x09,0xaa,0x88,0xa9,0x07,0xa9,0x86,0xa8,0x03,0xa8,0x82,0xa7,0x01,0xa7,
  0x9a,0x7f,0x00,0x9c,0x7f,0x00,0x45,0x81,0xd7,0x84,0xd6,0x05,0xd6,0x86,0xd5,0x07,
  0xd5,0x0a,0xd4,0x8b,0xd3,0x0c,0xd3,0x0d,0xd3,0x0f,0xd2,0x91,0xd1,0x12,0xd1,0x13,
  0xd0,0x15,0xcf,0x96,0xce,0x17,0xce,0x98,0xcd,0x9a,0xcc,0x1b,0xcc,0x9c,0xcb,0x1d,
  0xcb,0x9f,0xc9,0x20,0xc9,0xa1,0xc8,0x22,0xc8,0xa4,0xc6,0x24,0xc6,0xa5,0xc5,0x26,
  0xc5,0xa7,0xc3,0x28,0xc3,0xa9,0xc2,0x29,0xc2,0xab,0xc0,0x2b,0xc0,0xab,0xbf,0x2b,
  0xbf,0xaa,0xbd,0x29,0xbd,0xa8,0xbc,0x28,0xbc,0xa6,0xba,0x25,0xba,0xa5,0xb9,0x24,
  0xb9,0xa2,0xb7,0x21,0xb7,0xa0,0xb6,0x1f,0xb6,0x9d,0xb4,0x1c,0xb4,0x9b,0xb3,0x1a,
  0xb3,0x18,0xb2,0x97,0xb1,0x16,0xb1,0x95,0xb0,0x93,0xaf,0x92,0xae,0x11,0xae,0x90,
  0xad,0x8d,0xac,0x8c,0xac,0x0b,0xac,0x8a,0xab,0x88,0xaa,0x06,0xaa,0x85,0xa9,0x04,
  0xa9,0x02,0xa8,0x9c,0x7f,0x00,0x9e,0x7f,0x00,0x41,0x81,0xd5,0x02,0xd5,0x83,0xd4,
  0x85,0xd3,0x07,0xd3,0x08,0xd3,0x89,0xd2,0x8b,0xd1,0x0c,0xd1,0x8d,0xd0,0x0e,0xd0,
  0x10,0xcf,0x91,0xce,0x92,0xcd,0x13,0xcd,0x15,0xcc,0x96,0xcb,0x17,0xcb,0x98,0xca,
  0x9a,0xc9,0x1b,0xc9,0x1c,0xc8,0x9c,0xc7,0x9e,0xc6,0x1f,0xc6,0x9f,0xc5,0x20,0xc5,
  0xa1,0xc3,0x22,0xc3,0xa3,0xc2,0x23,0xc2,0xa4,0xc0,0x25,0xc0,0xa5,0xbf,0x24,0xbf,
  0xa3,0xbd,0x23,0xbd,0xa2,0xbc,0x22,0xbc,0xa0,0xba,0x20,0xba,0x9f,0xb9,0x1e,0xb9,
  0x1d,0xb8,0x9c,0xb7,0x9b,0xb6,0x1a,0xb6,0x18,0xb5,0x98,0xb4,0x16,0xb4,0x96,0xb3,
  0x94,0xb2,0x13,0xb2,0x11,0xb1,0x91,0xb0,0x8e,0xaf,0x0d,0xaf,0x8c,0xae,0x0b,0xae,
  0x09,0xad,0x88,0xac,0x87,0xac,0x06,0xac,0x04,0xab,0x82,0xaa,0x01,0xaa,0x9e,0x7f,
  0x00,0x9f,0x7f,0x00,0x3f,0x00,0xd5,0x81,0xd4,0x83,0xd3,0x04,0xd3,0x85,0xd2,0x07,
  0xd2,0x09,0xd1,0x8a,0xd0,0x0b,0xd0,0x8c,0xcf,0x8e,0xce,0x0f,0xce,0x90,0xcd,0x11,
  0xcd,0x13,0xcc,0x94,0xcb,0x15,0xcb,0x95,0xca,0x17,0xc9,0x98,0xc8,0x19,0xc8,0x9a,
  0xc7,0x9b,0xc6,0x1c,0xc6,0x9c,0xc5,0x9d,0xc4,0x9e,0xc3,0x1f,0xc3,0x9f,0xc2,0x20,
  0xc2,0xa1,0xc0,0x21,0xc0,0xa1,0xbf,0x21,0xbf,0xa0,0xbd,0x20,0xbd,0x9f,0xbc,0x1e,
  0xbc,0x1d,0xbb,0x1d,0xba,0x9c,0xb9,0x1b,0xb9,0x1a,0xb8,0x99,0xb7,0x18,0xb7,0x97,
  0xb6,0x16,0xb5,0x95,0xb4,0x14,0xb4,0x93,0xb3,0x91,0xb2,0x10,0xb2,0x8f,0xb1,0x0e,
  0xb1,0x0c,0xb0,0x8b,0xaf,0x0a,0xaf,0x89,0xae,0x87,0xad,0x06,0xad,0x85,0xac,0x03,
  0xac,0x01,0xab,0x80,0xaa,0x9f,0x7f,0x00,0xa1,0x7f,0x00,0x3b,0x01,0xd3,0x02,0xd3,
  0x83,0xd2,0x05,0xd2,0x07,0xd1,0x88,0xd0,0x09,0xd0,0x8a,0xcf,0x8c,0xce,0x0d,0xce,
  0x8e,0xcd,0x0f,0xcd,0x10,0xcc,0x91,0xcb,0x92,0xca,0x13,0xca,0x15,0xc9,0x96,0xc8,
  0x16,0xc8,0x97,0xc7,0x99,0xc6,0x19,0xc6,0x1a,0xc5,0x9b,0xc4,0x9c,0xc3,0x1c,0xc3,
  0x9d,0xc2,0x1d,0xc2,0x9e,0xc0,0x1e,0xc0,0x9e,0xbf,0x1e,0xbf,0x9d,0xbd,0x1d,0xbd,
  0x9c,0xbc,0x1c,0xbc,0x1b,0xbb,0x9a,0xba,0x99,0xb9,0x19,0xb9,0x17,0xb8,0x96,0xb7,
  0x16,0xb7,0x95,0xb6,0x93,0xb5,0x12,0xb5,0x12,0xb4,0x91,0xb3,0x8f,0xb2,0x0e,0xb2,
  0x8d,0xb1,0x0c,0xb1,0x0a,0xb0,0x89,0xaf,0x08,0xaf,0x87,0xae,0x85,0xad,0x04,0xad,
  0x83,0xac,0x81,0xac,0xa1,0x7f,0x00,0xa2,0x7f,0x00,0x39,0x80,0xd2,0x01,0xd2,0x83,
  0xd1,0x85,0xd0,0x06,0xd0,0x87,0xcf,0x08,0xcf,0x0a,0xce,0x8a,0xcd,0x0b,0xcd,0x8c,
  0xcc,0x8e,0xcb,0x0f,0xcb,0x90,0xca,0x11,0xca,0x12,0xc9,0x93,0xc8,0x14,0xc8,0x95,
  0xc7,0x16,0xc6,0x97,0xc5,0x17,0xc5,0x98,0xc4,0x99,0xc3,0x19,0xc3,0x9a,0xc2,0x9a,
  0xc1,0x9b,0xc0,0x1b,0xc0,0x9b,0xbf,0x1b,0xbf,0x1a,0xbe,0x1a,0xbd,0x9a,0xbc,0x19,
  0xbc,0x18,0xbb,0x97,0xba,0x17,0xba,0x96,0xb9,0x15,0xb8,0x94,0xb7,0x13,0xb7,0x93,
  0xb6,0x91,0xb5,0x10,0xb5,0x8f,0xb4,0x0e,0xb4,0x0d,0xb3,0x8c,0xb2,0x0b,0xb2,0x8a,
  0xb1,0x88,0xb0,0x07,0xb0,0x86,0xaf,0x05,0xaf,0x03,0xae,0x82,0xad,0x01,0xad,0xa2,
  0x7f,0x00,0xa5,0x7f,0x00,0x33,0x00,0xd0,0x01,0xd0,0x82,0xcf,0x03,0xcf,0x05,0xce,
  0x86,0xcd,0x07,0xcd,0x87,0xcc,0x89,0xcb,0x0a,0xcb,0x8b,0xca,0x0c,0xca,0x8d,0xc8,
  0x0e,0xc8,0x8e,0xc7,0x0f,0xc7,0x10,0xc6,0x91,0xc5,0x11,0xc5,0x92,0xc4,0x93,0xc3,
  0x13,0xc3,0x14,0xc2,0x94,0xc1,0x95,0xc0,0x15,0xc0,0x95,0xbf,0x15,0xbf,0x14,0xbe,
  0x94,0xbd,0x94,0xbc,0x13,0xbc,0x12,0xbb,0x92,0xba,0x11,0xba,0x91,0xb9,0x8f,0xb8,
  0x0f,0xb8,0x8e,0xb7,0x0d,0xb7,0x8c,0xb5,0x0b,0xb5,0x8a,0xb4,0x09,0xb4,0x08,0xb3,
  0x87,0xb2,0x06,0xb2,0x85,0xb1,0x83,0xb0,0x02,0xb0,0x81,0xaf,0x80,0xaf,0xa5,0x7f,
  0x00,0xa8,0x7f,0x00,0x2d,0x81,0xce,0x83,0xcd,0x03,0xcd,0x84,0xcc,0x05,0xcc,0x07,
  0xcb,0x88,0xca,0x08,0xca,0x89,0xc9,0x8b,0xc8,0x0b,0xc8,0x8c,0xc7,0x0d,0xc7,0x0e,
  0xc6,0x8e,0xc5,0x0f,0xc5,0x8f,0xc4,0x90,0xc3,0x11,0xc3,0x11,0xc2,0x91,0xc1,0x92,
  0xc0,0x12,0xc0,0x92,0xbf,0x12,0xbf,0x11,0xbe,0x91,0xbd,0x91,0xbc,0x10,0xbc,0x0f,
  0xbb,0x8f,0xba,0x0e,0xba,0x8e,0xb9,0x8d,0xb8,0x0c,0xb8,0x8b,0xb7,0x0b,0xb7,0x09,
  0xb6,0x89,0xb5,0x08,0xb5,0x87,0xb4,0x85,0xb3,0x05,0xb3,0x84,0xb2,0x03,0xb2,0x01,
  0xb1,0xa8,0x7f,0x00,0xaa,0x7f,0x00,0x29,0x01,0xcd,0x82,0xcc,0x02,0xcc,0x04,0xcb,
  0x85,0xca,0x06,0xca,0x86,0xc9,0x88,0xc8,0x08,0xc8,0x89,0xc7,0x09,0xc7,0x0b,0xc6,
  0x8b,0xc5,0x0c,0xc5,0x8c,0xc4,0x0d,0xc3,0x8d,0xc2,0x0e,0xc2,0x8e,0xc1,0x8e,0xc0,
  0x0e,0xc0,0x8e,0xbf,0x0e,0xbf,0x0e,0xbe,0x8e,0xbd,0x0d,0xbd,0x8d,0xbc,0x0c,0xbb,
  0x8c,0xba,0x0b,0xba,0x8b,0xb9,0x8a,0xb8,0x09,0xb8,0x88,0xb7,0x08,0xb7,0x06,0xb6,
  0x86,0xb5,0x05,0xb5,0x84,0xb4,0x83,0xb3,0x02,0xb3,0x81,0xb2,0xaa,0x7f,0x00,0xad,
  0x7f,0x00,0x23,0x02,0xcb,0x82,0xca,0x03,0xca,0x84,0xc9,0x85,0xc8,0x06,0xc8,0x86,
  0xc7,0x07,0xc7,0x08,0xc6,0x89,0xc5,0x09,0xc5,0x89,0xc4,0x0a,0xc3,0x8a,0xc2,0x0b,
  0xc2,0x8b,0xc1,0x8b,0xc0,0x0c,0xc0,0x8c,0xbf,0x0b,0xbf,0x0b,0xbe,0x8b,0xbd,0x0b,
  0xbd,0x8a,0xbc,0x0a,0xbb,0x89,0xba,0x09,0xba,0x88,0xb9,0x87,0xb8,0x06,0xb8,0x86,
  0xb7,0x05,0xb7,0x04,0xb6,0x83,0xb5,0x02,0xb5,0x82,0xb4,0xad,0x7f,0x00,0xb3,0x7f,
  0x00,0x17,0x01,0xc7,0x81,0xc6,0x82,0xc5,0x03,0xc5,0x83,0xc4,0x03,0xc4,0x04,0xc3,
  0x84,0xc2,0x04,0xc2,0x85,0xc1,0x85,0xc0,0x05,0xc0,0x85,0xbf,0x05,0xbf,0x05,0xbe,
  0x85,0xbd,0x04,0xbd,0x84,0xbc,0x83,0xbb,0x03,0xbb,0x83,0xba,0x02,0xba,0x01,0xb9,
  0x81,0xb8,0xb3,0x7f,0x00,0xb8,0x7f,0x00,0x0d,0x01,0xc4,0x01,0xc3,0x81,0xc2,0x01,
  0xc2,0x82,0xc1,0x82,0xc0,0x02,0xc0,0x82,0xbf,0x02,0xbf,0x02,0xbe,0x81,0xbd,0x01,
  0xbd,0x81,0xbc,0x81,0xbb,0xb8,0x7f,0x00,
};

static const uint16_t lizard_polar_offsets[] = {
  0x0000,0x0023,0x005a,0x00a9,0x0104,0x0167,0x01d6,0x0251,0x02d0,0x0357,0x03e2,0x0475,
  0x0510,0x05af,0x0652,0x06fd,0x07ac,0x085b,0x0912,0x09d1,0x0a90,0x0b53,0x0c16,0x0ce1,
  0x0db0,0x0e7f,0x0f52,0x1029,0x1104,0x11df,0x12be,0x139d,0x1480,0x1567,0x164e,0x1739,
  0x1828,0x1917,0x1a06,0x1af9,0x1bec,0x1cdf,0x1dd6,0x1ecd,0x1fc8,0x20c3,0x21be,0x22bd,
  0x23bc,0x24bb,0x25ba,0x26b9,0x27b8,0x28b9,0x29ba,0x2abb,0x2bbc,0x2cbd,0x2dbe,0x2ebf,
  0x2fc0,0x30c1,0x31c2,0x32c3,0x33c4,0x34c5,0x35c6,0x36c7,0x37c8,0x38c9,0x39ca,0x3acb,
  0x3bcc,0x3ccd,0x3dce,0x3ecf,0x3fd0,0x40cf,0x41ce,0x42cd,0x43cc,0x44cb,0x45ca,0x46c5,
  0x47c0,0x48bb,0x49b2,0x4aa9,0x4b9c,0x4c8f,0x4d82,0x4e71,0x4f60,0x504f,0x513a,0x5221,
  0x5308,0x53eb,0x54ca,0x55a9,0x5684,0x575f,0x5836,0x5909,0x59d8,0x5aa7,0x5b72,0x5c35,
  0x5cf8,0x5db7,0x5e76,0x5f2d,0x5fdc,0x608b,0x6136,0x61d9,0x6278,0x6313,0x63a6,0x6431,
  0x64b8,0x6537,0x65b2,0x6621,0x6684,0x66df,0x672e,0x6765,0x6788,
};

static const PackedRows lizard_polar = {lizard_polar_data, lizard_polar_offsets, 128, 128, 2};

static const uint16_t goat_iris[] = {
  0x31e8,0x31e8,0x3a08,0x29a7,0x31a7,0x31c7,0x2966,0x2125,0x2986,0x2125,0x2165,0x2986,
  0x2966,0x2966,0x31a7,0x2145,0x2125,0x1904,0x2966,0x2966,0x31c7,0x2145,0x2986,0x2165,
  0x2145,0x2986,0x31e8,0x29a7,0x31e8,0x31e8,0x31c7,0x31e8,0x2986,0x29a7,0x31e8,0x31e8,
  0x31e8,0x31e8,0x31e8,0x31e8,0x31c7,0x3a08,0x3a08,0x31e8,0x31e8,0x31c7,0x31c7,0x31c7,
  0x31c7,0x31c7,0x31c7,0x31e8,0x31c7,0x29a7,0x31c7,0x3a08,0x31e8,0x3a08,0x31e8,0x31c7,
  0x31c7,0x31c7,0x31c7,0x31c7,0x3a29,0x3a49,0x29a7,0x29a7,0x31c7,0x31c7,0x31a7,0x31c7,
  0x29a7,0x2986,0x29a7,0x31a7,0x29a7,0x31c7,0x29a7,0x2986,0x2986,0x2986,0x2986,0x2986,
  0x29a7,0x31a7,0x31c7,0x29a7,0x2966,0x31c7,0x29a7,0x2986,0x2966,0x31c7,0x29a7,0x29a7,
  0x29a7,0x2145,0x2145,0x2165,0x2145,0x2145,0x2125,0x29a7,0x29a7,0x31c7,0x2966,0x2966,
  0x29a7,0x2966,0x2166,0x2986,0x2966,0x2966,0x2966,0x2986,0x2986,0x2986,0x29a7,0x31e8,
  0x3a29,0x3a08,0x31e8,0x3a08,0x3a08,0x1904,0x2145,0x2145,0x2966,0x31e8,0x3a08,0x31a7,
  0x2145,0x2166,0x2966,0x29a7,0x31c7,0x29a7,0x2986,0x29a7,0x2966,0x2986,0x29a7,0x31e8,
  0x2165,0x2966,0x2986,0x2986,0x29a7,0x29a7,0x2986,0x29a7,0x2986,0x2986,0x2165,0x31a7,
  0x2986,0x29a7,0x2966,0x2166,0x2966,0x31e8,0x29a7,0x2986,0x2145,0x2145,0x2125,0x2966,
  0x2986,0x31e8,0x3a09,0x31e8,0x31c7,0x31c7,0x2986,0x31a7,0x31c7,0x31e8,0x2986,0x2986,
  0x2986,0x1904,0x2966,0x31e8,0x29a7,0x29a7,0x2986,0x31c7,0x31c7,0x29a7,0x31c7,0x31c7,
  0x29a7,0x2986,0x2986,0x2125,0x2165,0x2145,0x2145,0x2166,0x2166,0x2125,0x2125,0x2966,
  0x2145,0x2166,0x2166,0x2966,0x2986,0x2125,0x2125,0x2966,0x2966,0x2966,0x2966,0x2966,
  0x2966,0x29a7,0x2986,0x2986,0x2125,0x2125,0x2145,0x2166,0x2966,0x29a7,0x29a7,0x31a7,
  0x29a7,0x29a7,0x2986,0x2986,0x2986,0x29a7,0x31a7,0x29a7,0x2966,0x31a7,0x2986,0x2986,
  0x2966,0x2966,0x2145,0x2145,0x2986,0x2966,0x2966,0x2966,0x2986,0x2986,0x2966,0x2166,
  0x2986,0x2986,0x2986,0x31c7,0x4aab,0x426a,0x4a8b,0x424a,0x426a,0x4aab,0x31e8,0x31c7,
  0x31c7,0x3a29,0x424a,0x3a09,0x3a49,0x3a29,0x31e8,0x31e8,0x31e8,0x2986,0x4249,0x426a,
  0x426a,0x3a49,0x3a29,0x3a29,0x3a49,0x3a49,0x4acc,0x4aab,0x52ec,0x4aab,0x4aab,0x426a,
  0x3a08,0x3a08,0x4aab,0x426a,0x426a,0x4aab,0x4aab,0x4a8b,0x4acc,0x4aab,0x424a,0x426a,
  0x428a,0x426a,0x426a,0x424a,0x4a8b,0x426a,0x426a,0x428b,0x4a8b,0x3a29,0x426a,0x426a,
  0x428b,0x426a,0x428b,0x428a,0x4a8b,0x4aab,0x4a8b,0x426a,0x426a,0x424a,0x426a,0x424a,
  0x424a,0x428a,0x426a,0x4249,0x424a,0x3a29,0x3a29,0x428a,0x424a,0x424a,0x3a49,0x3a49,
  0x3a08,0x3a09,0x3a29,0x3a29,0x3a29,0x4a8b,0x424a,0x3a29,0x3a08,0x3a29,0x3a08,0x3a29,
  0x31e8,0x426a,0x3a08,0x31e8,0x426a,0x424a,0x31e8,0x3a08,0x31c7,0x31c7,0x31e8,0x428a,
  0x428a,0x4aab,0x3a09,0x31c7,0x4aab,0x3a49,0x4aab,0x3a08,0x3a09,0x3a08,0x3a08,0x3a29,
  0x4acc,0x3a29,0x3a29,0x4acb,0x5b4e,0x530c,0x428b,0x530d,0x52ec,0x3a09,0x31e8,0x3a09,
  0x426a,0x4acb,0x4aab,0x428a,0x3a09,0x3a09,0x3a29,0x426a,0x4acc,0x4acb,0x426a,0x4a8b,
  0x426a,0x426a,0x428a,0x424a,0x31e8,0x3a08,0x3a29,0x3a49,0x424a,0x426a,0x426a,0x4aab,
  0x426a,0x3a29,0x3a29,0x4249,0x3a29,0x3a49,0x4aab,0x3a49,0x3a49,0x4249,0x3a29,0x3a49,
  0x3a08,0x3a08,0x3a09,0x426a,0x4aab,0x532d,0x5b6e,0x5b2d,0x530d,0x426a,0x424a,0x428a,
  0x5b4e,0x530d,0x4249,0x3a49,0x31c7,0x2166,0x3a09,0x4a8b,0x4a8b,0x3a49,0x3a29,0x4a8b,
  0x4a8b,0x31e8,0x4aab,0x52ec,0x3a49,0x3a08,0x3a08,0x3a08,0x3a29,0x31a7,0x31c7,0x31e8,
  0x3a08,0x2966,0x2986,0x31c7,0x31c7,0x31c7,0x3a09,0x3a29,0x3a09,0x3a08,0x31c7,0x3a08,
  0x3a29,0x426a,0x4aab,0x426a,0x426a,0x424a,0x426a,0x426a,0x3a49,0x3a29,0x3a08,0x3a29,
  0x3a29,0x428b,0x530d,0x52ec,0x426a,0x426a,0x3a29,0x3a29,0x426a,0x3a29,0x4aab,0x4aab,
  0x426a,0x426a,0x3a29,0x3a08,0x31c7,0x3a29,0x3a29,0x3a49,0x426a,0x3a29,0x3a49,0x426a,
  0x428a,0x424a,0x3a29,0x426a,0x4a8b,0x424a,0x426a,0x428a,0x532d,0x4acc,0x428a,0x52ec,
  0x532d,0x530c,0x530d,0x52ec,0x4aab,0x424a,0x4acc,0x4acc,0x4acb,0x4aab,0x4aab,0x4acb,
  0x4aab,0x426a,0x532d,0x5b6e,0x530c,0x530d,0x5b4e,0x638f,0x5b6e,0x530d,0x5b4e,0x6bf0,
  0x63b0,0x636e,0x5b6e,0x530d,0x4aab,0x530c,0x532d,0x530d,0x5b6e,0x5b4e,0x530c,0x52ec,
  0x532d,0x52ec,0x4acb,0x4acc,0x52ec,0x52ec,0x530d,0x530c,0x4acc,0x52ec,0x4acc,0x4acc,
  0x4acc,0x52ec,0x52ec,0x4acb,0x4acb,0x52ec,0x52ec,0x52ec,0x532d,0x52ec,0x4acb,0x52ec,
  0x532d,0x532d,0x52ec,0x52ec,0x52ec,0x530d,0x5b4e,0x530c,0x52ec,0x424a,0x4acb,0x5b4e,
  0x52ec,0x52ec,0x52ec,0x4acb,0x4acc,0x4acb,0x428a,0x4aab,0x4a8b,0x4aab,0x52ec,0x4aab,
  0x5b2d,0x4aab,0x4acb,0x428b,0x426a,0x532d,0x426a,0x4249,0x532d,0x4249,0x424a,0x3a29,
  0x3a08,0x424a,0x3a08,0x52ec,0x532d,0x63af,0x3a29,0x3a49,0x5b6e,0x530d,0x4a8b,0x428b,
  0x4aab,0x4aab,0x4aab,0x3a29,0x4acc,0x4acb,0x5b4e,0x63af,0x6c11,0x6bf0,0x532d,0x7c73,
  0x4acc,0x4aab,0x424a,0x4aab,0x4acc,0x638f,0x63b0,0x638f,0x3a49,0x426a,0x52ec,0x5b2d,
  0x6bd0,0x638f,0x63af,0x532d,0x5b2d,0x530d,0x52ec,0x4acb,0x428b,0x4aab,0x428a,0x4acc,
  0x4acb,0x52ec,0x638f,0x63af,0x5b4e,0x426a,0x3a49,0x530d,0x532d,0x4acb,0x4acc,0x4aab,
  0x52ec,0x6bf0,0x52ec,0x428b,0x52ec,0x4aab,0x52ec,0x5b4e,0x63af,0x6bf1,0x7431,0x5b6e,
  0x5b4e,0x530d,0x52ec,0x638f,0x7411,0x6bf0,0x530c,0x4acb,0x3a29,0x426a,0x4aab,0x532d,
  0x5b4e,0x52ec,0x52ec,0x530d,0x4aab,0x4acb,0x5b4e,0x638f,0x4aab,0x4249,0x424a,0x4249,
  0x52ec,0x3a49,0x3a08,0x424a,0x426a,0x428a,0x426a,0x426a,0x426a,0x424a,0x4a8b,0x4aab,
  0x426a,0x426a,0x31e8,0x4aab,0x52ec,0x428a,0x4aab,0x5b2d,0x530d,0x4249,0x4acc,0x52ec,
  0x4aab,0x426a,0x52ec,0x530d,0x426a,0x530c,0x5b4e,0x638f,0x532d,0x530d,0x428a,0x52ec,
  0x52ec,0x5b2d,0x638f,0x5b4e,0x532d,0x4acb,0x530d,0x4acb,0x4aab,0x52ec,0x52ec,0x4aab,
  0x52ec,0x52ec,0x4acc,0x4aab,0x52ec,0x52ec,0x530c,0x530c,0x5b2d,0x5b4e,0x638f,0x5b4e,
  0x638f,0x52ec,0x530d,0x638f,0x530d,0x6bd0,0x5b6e,0x638f,0x5b2d,0x532d,0x532d,0x5b4e,
  0x5b4e,0x532d,0x5b4e,0x5b4e,0x5b2d,0x530d,0x63b0,0x6bd0,0x638f,0x6bd0,0x6c11,0x6bf0,
  0x7c52,0x6c11,0x7431,0x84b3,0x84b3,0x7431,0x7431,0x63af,0x6bd0,0x7411,0x6bd0,0x6bd0,
  0x6bd0,0x636e,0x5b2d,0x638f,0x5b6e,0x532d,0x52ec,0x5b2d,0x636e,0x5b4e,0x5b2d,0x5b2d,
  0x5b2d,0x4acc,0x532d,0x530c,0x530d,0x5b2d,0x5b2d,0x532d,0x532d,0x530d,0x532d,0x5b2d,
  0x530d,0x52ec,0x530d,0x52ec,0x5b2d,0x530d,0x530d,0x530d,0x5b2d,0x5b6e,0x638f,0x636e,
  0x5b6e,0x530c,0x52ec,0x636e,0x638f,0x638f,0x638f,0x638f,0x636e,0x5b4e,0x5b2d,0x532d,
  0x5b2d,0x530d,0x530d,0x532d,0x5b4e,0x5b4e,0x532d,0x52ec,0x428a,0x532d,0x530d,0x4acb,
  0x5b4e,0x530c,0x4acb,0x4a8b,0x4aab,0x4acb,0x52ec,0x530c,0x638f,0x8cd4,0x2966,0x31e8,
  0x7411,0x532d,0x530d,0x530d,0x5b2d,0x52ec,0x52ec,0x530d,0x52ec,0x5b6e,0x7c72,0x84b3,
  0x84b3,0x84b3,0x8493,0x9515,0x4aab,0x4acb,0x426a,0x52ec,0x532d,0x8493,0x8cd4,0x63af,
  0x4acc,0x4acb,0x63af,0x6bd0,0x7431,0x7411,0x7c52,0x6bf0,0x638f,0x636e,0x5b6e,0x532d,
  0x5b2d,0x530d,0x5b2d,0x532d,0x6bd0,0x7432,0x8cd4,0x8493,0x6c11,0x6bd0,0x6bd0,0x63b0,
  0x63af,0x63af,0x5b2d,0x5b4e,0x6bd0,0x7411,0x532d,0x5b2d,0x638f,0x5b6e,0x52ec,0x6bf0,
  0x6c11,0x7c72,0x8493,0x7411,0x638f,0x532d,0x638f,0x6c11,0x8cb3,0x84b3,0x5b2d,0x638f,
  0x52ec,0x4acc,0x532d,0x638f,0x6bf0,0x6bf0,0x63af,0x6bd0,0x5b2d,0x530c,0x6bd0,0x6bd0,
  0x532d,0x52ec,0x4acc,0x530d,0x5b6e,0x52ec,0x426a,0x4acc,0x5b2d,0x52ec,0x52ec,0x532d,
  0x4acc,0x532d,0x4aab,0x530c,0x530d,0x52ec,0x426a,0x5b4e,0x5b2d,0x52ec,0x5b2d,0x63af,
  0x5b6e,0x52ec,0x532d,0x5b4e,0x532d,0x5b4e,0x5b4e,0x63af,0x530d,0x5b2d,0x6bf0,0x7431,
  0x63af,0x638f,0x638f,0x5b4e,0x5b2d,0x636e,0x63af,0x63af,0x52ec,0x5b2d,0x7c72,0x5b4e,
  0x5b2d,0x638f,0x5b6e,0x638f,0x63b0,0x6bf0,0x63af,0x63af,0x5b4e,0x638f,0x63af,0x638f,
  0x63b0,0x7411,0x7432,0x6bf0,0x7411,0x5b4e,0x5b2d,0x5b6e,0x636e,0x6bf0,0x63af,0x63af,
  0x63b0,0x6bd0,0x638f,0x7432,0x7411,0x6bd0,0x530d,0x6bd0,0x6bd0,0x6bf0,0x6c11,0x7432,
  0x8493,0x7411,0x7c73,0x7c52,0x7c72,0x7c72,0x7c73,0x8493,0x8493,0x7c52,0x7432,0x7432,
  0x6bf0,0x7411,0x6bd0,0x8493,0x7c72,0x7432,0x63af,0x7c72,0x7c72,0x638f,0x638f,0x7411,
  0x7411,0x63b0,0x6bf0,0x63af,0x638f,0x5b4e,0x5b6e,0x636e,0x5b4e,0x5b2d,0x5b2d,0x5b2d,
  0x5b2d,0x5b2d,0x5b2d,0x5b4e,0x530c,0x52ec,0x532d,0x5b4e,0x5b4e,0x5b2d,0x530d,0x52ec,
  0x5b2d,0x636e,0x636e,0x638f,0x5b6e,0x5b4e,0x5b6e,0x638f,0x63b0,0x63b0,0x63b0,0x5b6e,
  0x7411,0x5b4e,0x5b6e,0x5b2d,0x530d,0x636e,0x638f,0x638f,0x638f,0x8493,0x638f,0x52ec,
  0x52ec,0x638f,0x63af,0x5b2d,0x638f,0x530d,0x426a,0x5b4e,0x532d,0x52ec,0x532d,0x530d,
  0x7411,0x8cd4,0x3a29,0x63af,0x6bf0,0x63af,0x5b4e,0x6bd0,0x63af,0x530d,0x532d,0x636e,
  0x63af,0x6bf0,0x9515,0x9d55,0x8cf4,0x8cf4,0x9d35,0xb5f8,0x6bf0,0x5b2d,0x5b2d,0x532d,
  0x5b4e,0x8cd4,0x9515,0x7432,0x52ec,0x5b2d,0x6bd0,0x63af,0x7411,0x7432,0x7c52,0x6c11,
  0x5b6e,0x638f,0x638f,0x63af,0x6bd0,0x6c11,0x63b0,0x63b0,0x8cd4,0x8cd4,0x8cf4,0x8cd4,
  0x7c72,0x7411,0x7431,0x6bd0,0x63af,0x6bd0,0x6bd0,0x63af,0x7432,0x7432,0x638f,0x5b2d,
  0x6bd0,0x6bd0,0x31c7,0x6bd0,0x7431,0x9515,0x9514,0x7432,0x6bd0,0x530c,0x7411,0x6bf1,
  0x9515,0x9515,0x7c72,0x7431,0x5b4e,0x530c,0x4acc,0x6c11,0x7c52,0x8493,0x7452,0x638f,
  0x6bf0,0x6bf0,0x7c52,0x7c72,0x7c72,0x6bd0,0x6bd0,0x52ec,0x7431,0x6bd0,0x4aab,0x4aab,
  0x5b4e,0x5b2d,0x5b4e,0x5b4e,0x638f,0x6bd0,0x638f,0x5b2d,0x5b2d,0x5b2d,0x52ec,0x6bd0,
  0x6bd0,0x638f,0x638f,0x6bf1,0x6bd0,0x52ec,0x63af,0x6bd0,0x5b6e,0x6bf0,0x6bf0,0x7411,
  0x5b4e,0x7431,0x7c52,0x7c72,0x7432,0x5b4e,0x638f,0x6bd0,0x6c11,0x638f,0x638f,0x6bd0,
  0x5b4e,0x6bd0,0x638f,0x6bf1,0x6bf1,0x8493,0x7431,0x7432,0x6bd0,0x7411,0x63b0,0x7411,
  0x7411,0x6bf0,0x7431,0x6bf0,0x7432,0x84b3,0x8cd4,0x7c72,0x7411,0x530d,0x530c,0x5b6e,
  0x6bf0,0x84b3,0x63b0,0x7431,0x532d,0x52ec,0x5b6e,0x7c72,0x7c52,0x7431,0x6bd0,0x7452,
  0x63af,0x6bf0,0x7432,0x7c72,0x8493,0x8493,0x7c52,0x7c52,0x7c52,0x7c52,0x8493,0x7c72,
  0x7c52,0x8cb3,0x7c72,0x7431,0x7411,0x7431,0x636e,0x8cf4,0x7411,0x7452,0x638f,0x7431,
  0x7411,0x7411,0x6bd0,0x7411,0x6bf1,0x6bf0,0x6bd0,0x63af,0x7411,0x638f,0x6bd0,0x6bf0,
  0x532d,0x5b4e,0x5b4e,0x5b4e,0x5b4e,0x5b2d,0x52ec,0x5b2d,0x5b2d,0x52ec,0x5b4e,0x52ec,
  0x5b6e,0x5b4e,0x4a8b,0x52ec,0x5b6e,0x638f,0x63af,0x6c11,0x638f,0x638f,0x6bd0,0x6bf0,
  0x63af,0x6bd0,0x638f,0x638f,0x52ec,0x638f,0x638f,0x5b4e,0x5b4e,0x638f,0x6bd0,0x5b4e,
  0x5b6e,0x6bd0,0x63af,0x636e,0x530c,0x638f,0x8493,0x636e,0x63af,0x5b4e,0x5b2d,0x5b4e,
  0x636e,0x3a29,0x5b2d,0x4aab,0x8cd4,0x9514,0x5b4e,0x5b2d,0x63b0,0x63af,0x6bf0,0x6bf0,
  0x7c52,0x530d,0x52ec,0x638f,0x6bd0,0x6bf1,0x8cd4,0x8cf4,0x8cf4,0x9d35,0xa576,0xb5f8,
  0x8cd4,0x638f,0x638f,0x5b4e,0x6c11,0x7c52,0xa596,0x8cd4,0x4aab,0x6bd0,0x6c11,0x532d,
  0x7452,0x7c52,0x7c72,0x6bd0,0x6bd0,0x63b0,0x63af,0x638f,0x6bd0,0x7411,0x7411,0x7432,
  0x9515,0x9515,0x8cd4,0x84b3,0x7c73,0x7452,0x7411,0x6bd0,0x7411,0x7411,0x7411,0x6bf0,
  0x8493,0x84b3,0x8493,0x7432,0x7432,0x6bd0,0x6bd0,0x7431,0x7c72,0xa576,0xa576,0x8493,
  0x7431,0x5b4e,0x6bf0,0x7452,0x9d35,0x9d56,0x84b3,0x7c73,0x638f,0x428b,0x424a,0x7452,
  0x8cd4,0x8cd4,0x7c72,0x7411,0x7432,0x6bf1,0x7432,0x8493,0x8493,0x7411,0x5b2d,0x52ec,
  0x7c52,0x7432,0x52ec,0x4acb,0x63af,0x63b0,0x5b4e,0x532d,0x6bf0,0x6c11,0x6bd0,0x638f,
  0x636e,0x52ec,0x52ec,0x6bf1,0x7c72,0x7432,0x7c72,0x7c72,0x6bd0,0x5b2d,0x532d,0x6c11,
  0x7411,0x6c11,0x7431,0x7c52,0x6bf0,0x8493,0x94f4,0x8493,0x6bf0,0x530c,0x5b4e,0x6bf1,
  0x63af,0x6bf0,0x5b4e,0x5b6e,0x6bf1,0x7432,0x6bf0,0x7432,0x8493,0x8493,0x6bf0,0x7432,
  0x7c52,0x84b3,0x6bf0,0x8493,0x6bd0,0x7431,0x7c72,0x63af,0x8493,0x8493,0x9d35,0x6bf1,
  0x6bd0,0x52ec,0x5b2d,0x5b4e,0x638f,0x8493,0x6bd0,0x7411,0x636e,0x5b4e,0x530d,0x84b3,
  0x84b3,0x7c52,0x8493,0x6bf0,0x5b4e,0x8493,0x8493,0x84b3,0x84b3,0x8493,0x84b3,0x84b3,
  0x8cb3,0x8493,0x8cd4,0x8493,0x7432,0x8493,0x7c73,0x638f,0x7432,0x7431,0x6bd0,0x7432,
  0x7c52,0x7432,0x7452,0x7431,0x7452,0x6c11,0x7431,0x6bf1,0x6bf0,0x6bf0,0x6bf1,0x6bd0,
  0x6bd0,0x6bf0,0x63af,0x63b0,0x636e,0x63af,0x6bf0,0x6bd0,0x638f,0x4acc,0x5b2d,0x6bd0,
  0x532d,0x5b4e,0x52ec,0x52ec,0x5b6e,0x638f,0x5b6e,0x5b4e,0x5b4e,0x636e,0x638f,0x5b6e,
  0x5b4e,0x530d,0x638f,0x63af,0x7411,0x7411,0x5b4e,0x532d,0x636e,0x6bf0,0x5b4e,0x532d,
  0x4acb,0x63b0,0x6bd0,0x638f,0x636e,0x638f,0x638f,0x6bf0,0x638f,0x7411,0x8493,0x5b4e,
  0x7411,0x532d,0x4acc,0x530d,0x5b2d,0x5b2d,0x63b0,0x532d,0x7432,0x8493,0x7431,0x5b4e,
  0x7c72,0x6bf0,0x6bf1,0x7411,0x7411,0x530d,0x5b2d,0x6bf0,0x6bd0,0x7c52,0x8cd4,0x8cf4,
  0x9d35,0x9d35,0xadb7,0xad97,0x9515,0x7431,0x6bf1,0x63af,0x7452,0x9535,0x9d35,0x7c72,
  0x63af,0x6c11,0x7c72,0x6c11,0x7c72,0x7c72,0x7c72,0x6bd0,0x63af,0x63af,0x6bd0,0x6bd0,
  0x6bf0,0x7411,0x6bf0,0x7411,0x9514,0x8cf4,0x8cd4,0x8493,0x7411,0x7431,0x6bd0,0x638f,
  0x63b0,0x6bd0,0x7c72,0x7c72,0x9515,0x9d55,0x8cd4,0x84b3,0x7c52,0x6bf0,0x6bd0,0x7452,
  0x8493,0xa576,0xa597,0x84b3,0x7c72,0x5b4e,0x6bd0,0x6bd0,0x94f4,0x9d55,0x9d35,0x7c72,
  0x63af,0x4acc,0x426a,0x7411,0x8493,0x8493,0x84b3,0x6bf0,0x7411,0x6c11,0x5b2d,0x84b3,
  0x8cb3,0x7c52,0x6bd0,0x6bd0,0x6bd0,0x7431,0x638f,0x5b2d,0x6bd0,0x7432,0x7431,0x6bd0,
  0x63af,0x7431,0x8493,0x7411,0x6bd0,0x638f,0x5b2d,0x63af,0x7c52,0x6bf0,0x7432,0x6bf1,
  0x638f,0x52ec,0x530c,0x638f,0x7431,0x636e,0x7431,0x7432,0x8493,0x9d35,0xa576,0x8493,
  0x7c72,0x5b2d,0x5b4e,0x6bf0,0x6bf0,0x6bf1,0x63af,0x5b6e,0x6bf1,0x8493,0x7c72,0x84b3,
  0x8cd4,0x84b3,0x6bf0,0x63af,0x8493,0x7c73,0x7c52,0x7452,0x638f,0x7411,0x6bf0,0x6bf0,
  0x7c52,0x9d35,0x9d56,0x6bf0,0x6bf0,0x5b2d,0x5b6e,0x636e,0x7c52,0x84b3,0x9515,0x9514,
  0x638f,0x5b4e,0x5b6e,0x84b3,0x8493,0x84b3,0x8cd4,0x5b4e,0x532d,0x8493,0x8493,0x8cf4,
  0x8cb3,0x8cb3,0x9515,0x84b3,0x8cd4,0x84b3,0x8cd4,0x8493,0x7431,0x7452,0x7c72,0x638f,
  0x7431,0x7432,0x7c52,0x8cd4,0x7c52,0x7c52,0x7c52,0x7c52,0x7431,0x7c52,0x7c72,0x7431,
  0x7411,0x6bf0,0x7431,0x7c72,0x6bf0,0x7411,0x7431,0x6bf0,0x5b4e,0x63af,0x6bf0,0x7431,
  0x7411,0x532d,0x532d,0x5b6e,0x5b4e,0x636e,0x530c,0x5b4e,0x5b4e,0x63af,0x5b6e,0x5b6e,
  0x63af,0x530c,0x5b6e,0x8493,0x6bd0,0x4acb,0x63af,0x8493,0x6bf0,0x7c72,0x5b4e,0x63af,
  0x6bf1,0x7431,0x7c52,0x532d,0x530d,0x63af,0x5b2d,0x638f,0x6bd0,0x638f,0x636e,0x6bf0,
  0x5b4e,0x8493,0x8cd4,0x52ec,0x5b6e,0x638f,0x63b0,0x530d,0x638f,0x63af,0x63af,0x6bd0,
  0x6bf0,0x7c73,0x84b3,0x7452,0x7c72,0x7c52,0x7431,0x7c52,0x7c52,0x7411,0x6bf0,0x7411,
  0x7452,0x8493,0x94f4,0x9d35,0x9d35,0xadb7,0xadb7,0xa576,0x8cd4,0x7c72,0x7c72,0x84b3,
  0x8cf4,0x9515,0x94f4,0x8493,0x6bd0,0x7431,0x8cf4,0x8cb3,0x8cb3,0x7c52,0x7c52,0x6bf0,
  0x5b6e,0x6bf1,0x7c72,0x7432,0x6bf0,0x7432,0x63b0,0x8493,0x9515,0xa596,0x7c73,0x7432,
  0x6c11,0x7411,0x7452,0x6bf0,0x6bd0,0x6bd0,0x84b3,0x6c11,0xa596,0x9d35,0x9d56,0x9515,
  0x7452,0x63b0,0x5b4e,0x532d,0x7411,0xadb7,0xcebb,0x9535,0x8493,0x63b0,0x6bd0,0x638f,
  0x9515,0x9d35,0x8cd4,0x7411,0x7411,0x636e,0x530d,0x7c73,0x84b3,0x8cd4,0x8cd4,0x7431,
  0x7431,0x6bd0,0x636e,0x8cd4,0x8493,0x7c72,0x7411,0x6bf0,0x7c72,0x8493,0x7c52,0x6bd0,
  0x7c52,0x7431,0x7411,0x63af,0x6bf1,0x8493,0x8cb3,0x8cb3,0x63af,0x63af,0x638f,0x5b6e,
  0x7432,0x8cf4,0x7c72,0x63af,0x63af,0x532d,0x4acb,0x63af,0x6bf0,0x638f,0x7432,0x8493,
  0x8493,0x8493,0x94f4,0x8493,0x7452,0x63af,0x6bd0,0x7431,0x8493,0x8493,0x636e,0x63af,
  0x638f,0x7431,0x84b3,0x8cb3,0x8cd4,0x8cd4,0x8493,0x7452,0x7c52,0x8493,0x7c72,0x7431,
  0x6bd0,0x6bf0,0x7c72,0x7431,0x84b3,0xb5f8,0xadd7,0x6bf0,0x7411,0x638f,0x63b0,0x6bd0,
  0x7431,0x8cd4,0x9d35,0x9d56,0x6bf0,0x638f,0x63af,0x8493,0x8493,0x8cb3,0x94f4,0x5b4e,
  0x4acc,0x8493,0x9d56,0x9d56,0x8cd4,0x8cd4,0x9d35,0x8cf4,0x8cd4,0x8493,0x8cd4,0x8493,
  0x7c72,0x7c72,0x8493,0x7c52,0x6bf0,0x7c52,0x8cd4,0x9515,0x8493,0x7452,0x8cd4,0x7c73,
  0x7431,0x8cf4,0x9d35,0x7c72,0x6bf0,0x7452,0x7452,0x7c72,0x7411,0x6bf1,0x7c72,0x7411,
  0x6bd0,0x6bd0,0x6bd0,0x84b3,0x7c72,0x63af,0x5b6e,0x530c,0x63af,0x638f,0x5b4e,0x5b2d,
  0x5b6e,0x6bd0,0x6bd0,0x638f,0x63af,0x63b0,0x63af,0x7411,0x6bf1,0x7c52,0x7432,0x8cb3,
  0x7432,0x7c73,0x6bf0,0x530d,0x7411,0x8493,0x8cd4,0x6bf0,0x7411,0x5b4e,0x5b4e,0x636e,
  0x63af,0x532d,0x6bf0,0x638f,0x7431,0x7c73,0x84b3,0x8493,0x638f,0x638f,0x638f,0x5b6e,
  0x638f,0x6bf0,0x63b0,0x7432,0x6bf0,0x8493,0x7c73,0x8493,0x8cd4,0x8493,0x7c72,0x8493,
  0x84b3,0x7431,0x7411,0x7c72,0x7c73,0x84b3,0x9d35,0x9d35,0x9d35,0xadb7,0xadb7,0x9d35,
  0x8cb3,0x7c72,0x8cf4,0x9515,0x9d56,0x9535,0x8cf4,0x84b3,0x7431,0x7c52,0xa596,0x9515,
  0x9515,0x84b3,0x7c72,0x7431,0x5b4e,0x7411,0x84b3,0x7432,0x8493,0x6c11,0x7431,0x7411,
  0x9d56,0xb5f8,0x7411,0x7431,0x7411,0x7c52,0x7c72,0x6bf0,0x7411,0x6bf0,0x7c52,0x94f4,
  0xa576,0xadb7,0xa576,0x9515,0x7c52,0x63af,0x4aab,0x428a,0x4249,0xbe18,0xb5f8,0x9d56,
  0x7c52,0x7411,0x6bf0,0x6bf1,0x9d35,0xa596,0x9d56,0x84b3,0x6c11,0x5b4e,0x63af,0x7c73,
  0x84b3,0x8cd4,0x8cd4,0x7c72,0x7432,0x7411,0x6c11,0x84b3,0x8cd4,0x7c72,0x6bf0,0x638f,
  0x7c73,0xa576,0x8cf4,0x63af,0x6bd0,0x7411,0x8cb3,0x7c72,0x7452,0x84b3,0x9d56,0x94f4,
  0x7c52,0x6bd0,0x63b0,0x6bf0,0x7c72,0xa596,0x9535,0x5b2d,0x6bf0,0x5b6e,0x5b4e,0x6c11,
  0x6bf0,0x7c52,0x7411,0x7c72,0x7431,0x9515,0x9d35,0x7c72,0x7411,0x6bd0,0x6bf0,0x8493,
  0x7c72,0x7c72,0x63af,0x636e,0x638f,0x6bf1,0x8cd4,0x8cf4,0x8cf4,0x8cd4,0x9514,0x7452,
  0x7432,0x8cb3,0x7c73,0x7432,0x6bd0,0x6bd0,0x84b3,0x8cb3,0x9515,0xb5d7,0xb5f8,0x8493,
  0x7c72,0x63af,0x6bf1,0x63af,0x8493,0x84b3,0xadb7,0xadd7,0x6bd0,0x7411,0x7431,0x8cd4,
  0x8cd4,0x8cd4,0x8cf4,0x63af,0x5b4e,0x84b3,0x9d35,0x9d56,0x8493,0x8cd4,0x9515,0x8cd4,
  0x7c73,0x7c72,0x7c73,0x7c73,0x7c72,0x7432,0x84b3,0x7432,0x7c52,0x8cd4,0x9d35,0x9514,
  0x8cf4,0x7c72,0x8cd4,0x84b3,0x7452,0x9d35,0x9515,0x8493,0x7411,0x7411,0x7c52,0x7c52,
  0x7452,0x7c72,0x7c52,0x7c72,0x6bf0,0x7411,0x6c11,0x9d35,0x84b3,0x7432,0x7431,0x5b4e,
  0x638f,0x638f,0x530d,0x31e8,0x5b4e,0x6bd0,0x7c52,0x6c11,0x7411,0x7452,0x7411,0x7431,
  0x6c11,0x6bd0,0x8493,0x8cf4,0x8493,0x8493,0x6bd0,0x636e,0x6bd0,0x7432,0x7c52,0x7c73,
  0x7c72,0x426a,0x4acb,0x638f,0x638f,0x638f,0x6c11,0x6bf1,0x636e,0x8493,0x8cd4,0x7c72,
  0x7411,0x63af,0x5b2d,0x638f,0x638f,0x638f,0x7c52,0x7c72,0x7c72,0x8cb3,0x7411,0x8493,
  0x94f4,0x8cf4,0x8cf4,0x9515,0x9515,0x84b3,0x7c73,0x7c52,0x8cd4,0x8cd4,0x9515,0x84b3,
  0x9d56,0xb5f8,0xadb7,0x8cf4,0x7c52,0x7452,0x8493,0x9515,0x9d35,0x9d56,0x9514,0x8493,
  0x7431,0x8493,0xa576,0xb618,0x9d35,0x8cb3,0x7c73,0x7431,0x7411,0x8493,0x84b3,0x7c72,
  0x7452,0x7432,0x7c72,0x7c72,0xad97,0xb5f8,0x6bf1,0x6bf0,0x6bd0,0x7c72,0x7c52,0x530d,
  0x7411,0x6bf0,0x6bf1,0x9515,0xa596,0xbe39,0x9515,0x8cd4,0x7431,0x5b4e,0x63af,0x636e,
  0x5b6e,0xadb7,0xb5f8,0x9d55,0x8cd4,0x6bd0,0x6bf0,0x7411,0xbe18,0xa596,0x9515,0x8cd4,
  0x7431,0x7411,0x6bf0,0x84b3,0x94f4,0x8cd4,0x8cd4,0x6bf0,0x6bd0,0x6bf0,0x7c73,0x84b3,
  0x7c72,0x7411,0x7c52,0x7452,0x7c52,0x94f4,0x7c73,0x63b0,0x63af,0x6bf0,0x6bf0,0x8493,
  0x6bf0,0x7c52,0x9515,0xa576,0x8cd4,0x5b2d,0x7c52,0x7c73,0x7c52,0xb5d8,0x9d56,0x6bd0,
  0x7411,0x63af,0x63af,0x7432,0x8cb3,0x7c73,0x8493,0x8cb3,0x6bd0,0x9515,0x9d55,0x7c73,
  0x7c73,0x6bf0,0x5b6e,0x8cd4,0x7c73,0x7c52,0x6bf0,0x6bd0,0x638f,0x7431,0x9535,0xadb7,
  0x9d55,0x84b3,0x8493,0x7452,0x7c73,0x8cf4,0x8cd4,0x8cd4,0x8cd4,0x84b3,0x8cd4,0x8cd4,
  0x8cf4,0x9d56,0xad97,0x8cd4,0x8cd4,0x6bd0,0x7411,0x63b0,0x84b3,0x8cd4,0xb5d8,0xadb7,
  0x7c72,0x6bd0,0x7452,0x8cd4,0x84b3,0x8cd4,0x9d35,0x6bf0,0x6bf0,0x8cf4,0x9515,0xadb7,
  0x8cd4,0x8cf4,0x9d35,0x84b3,0x7431,0x7432,0x7431,0x8cd4,0x8493,0x7411,0x8cd4,0x7c52,
  0x8cd4,0x9515,0xa576,0x84b3,0x8cd4,0x8cf4,0x9d35,0x94f4,0x8cd4,0x9d35,0x8cf4,0x7432,
  0x7411,0x7431,0x7432,0x7432,0x638f,0x63af,0x6bd0,0x7c72,0x7411,0x7c52,0x7c72,0xa576,
  0xadb7,0x7452,0x7c72,0x6c11,0x6bf0,0x6bf0,0x4aab,0x2166,0x7411,0x7c52,0x8493,0x7c52,
  0x7c72,0x7c52,0x8cb3,0x7411,0x6bd0,0x7432,0x8493,0x8cd4,0x7411,0x7c52,0x6bd0,0x5b6e,
  0x638f,0x63b0,0x8493,0x8493,0x6bd0,0x52ec,0x4acc,0x63af,0x6bd0,0x638f,0x7c73,0x8cd4,
  0x8cd4,0x94f4,0x9515,0x84b3,0x8493,0x6bf0,0x6bd0,0x63b0,0x7432,0x7411,0x7432,0x8493,
  0x8cd4,0x8cf4,0x8cf4,0xa576,0xa576,0x9d55,0x9d35,0xb5d8,0xad97,0x8cd4,0x8cd4,0x84b3,
  0x9515,0x9515,0x8493,0x7c52,0x9514,0xa576,0xbe39,0x9d56,0x6bd0,0x7431,0x7c52,0x9d56,
  0xa576,0xa576,0x9535,0x7c72,0x7c52,0x7c73,0xa597,0xce7a,0x9d35,0x8cd4,0x8493,0x7c52,
  0x7c73,0x8cd4,0x8cb3,0x7431,0x6bf0,0x7411,0x7432,0x8cd4,0xadb7,0xa597,0x8cd4,0x7c73,
  0x63af,0x6bd0,0x6bf0,0x5b6e,0x6bf0,0x7411,0x8493,0x8cf4,0xbe18,0xc659,0xadb7,0x8cd4,
  0x7431,0x63af,0x6bd0,0x7411,0x84b3,0xbe19,0xceba,0x8cf4,0x9d35,0x84b3,0x7411,0x84b3,
  0xbe18,0xb5d7,0x9d35,0x8cd4,0x7c72,0x7432,0x7411,0x9515,0xa576,0x9515,0x84b3,0x9515,
  0x8493,0x84b3,0x9515,0x84b3,0x8cf4,0x7431,0x5b4e,0x8cd4,0x9514,0x9515,0x8493,0x638f,
  0x6bd0,0x638f,0x6bf0,0x8cd4,0x7452,0x8493,0x9d56,0xadb7,0x94f4,0x7431,0x7c73,0x7c72,
  0x9535,0xbe39,0xadd7,0x5b4e,0x6bf0,0x6bd0,0x7c52,0x8cd4,0x8cd4,0x8cd4,0x8493,0x9515,
  0x8cd4,0x9d56,0xa576,0x84b3,0x84b3,0x6bd0,0x6bf1,0x9d55,0x8cb3,0x7431,0x6c11,0x6bd0,
  0x6c11,0x7c72,0xb5d8,0xb5d8,0x9d56,0x9514,0x8493,0x7c52,0x84b3,0x9515,0x9d35,0x9535,
  0x9515,0x8cd4,0x9535,0x7411,0x9515,0xa576,0xad97,0x9515,0x8cd4,0x7c72,0x7c52,0x7c52,
  0x8cb3,0x8cd4,0xb5f8,0xbe39,0x6bf0,0x6bf1,0x8493,0x94f4,0x8cf4,0x8cf4,0x8cf4,0x7c72,
  0x7431,0x9515,0xa576,0x9d55,0x9d35,0x9d35,0x9514,0x8cb3,0x7432,0x7411,0x7432,0x84b3,
  0x8cd4,0x7c52,0x8493,0x8cd4,0x9535,0xa596,0xad97,0x9514,0x9514,0x9d35,0xadb7,0x9514,
  0x9514,0xadb7,0x9d55,0x84b3,0x7452,0x7c72,0x6bf1,0x7431,0x52ec,0x63af,0x7411,0x7411,
  0x7432,0x8cd4,0x8cd4,0xad97,0xbe18,0x6bf0,0x7432,0x6bf0,0x6bd0,0x6bf1,0x5b4e,0x426a,
  0x7c52,0x7c72,0x84b3,0x8cd4,0x8cb3,0x84b3,0x8493,0x84b3,0x8cd4,0x94f4,0x8cd4,0x8cb3,
  0x7c72,0x84b3,0x7431,0x7431,0x63af,0x6bd0,0x94f4,0x84b3,0x7c72,0x7452,0x52ec,0x5b4e,
  0x8cd4,0x63af,0x84b3,0x9514,0x9d56,0xb5f8,0x9d55,0x9515,0x8cd4,0x7c73,0x8493,0x7411,
  0x7c72,0x63af,0x6c11,0x84b3,0x9d35,0x9d56,0xa597,0xadb7,0xadb7,0xa597,0xadb7,0xbe18,
  0xb618,0x9515,0x9514,0x9535,0x9d35,0xa596,0x6c11,0x7431,0x7431,0xad97,0xbe39,0xadd7,
  0x8493,0x6bd0,0x7c52,0x9d35,0xa576,0xa576,0xa576,0x8cd4,0x7c52,0x8cd4,0xb5f8,0xd6bb,
  0x9d35,0x9515,0x8493,0x8493,0x84b3,0x8cd4,0x8cd4,0x7c52,0x7432,0x7431,0x8493,0x9d56,
  0xadb7,0xadb7,0x84b3,0x7c72,0x31c7,0x638f,0x7431,0x5b4e,0x7431,0x8493,0x7c72,0x9514,
  0xb5f8,0xc67a,0xc67a,0x9d35,0x6bf0,0x6bf0,0x638f,0x8493,0x8cd4,0xce9a,0xce9a,0x9d56,
  0x9514,0x8493,0x84b3,0x6bf0,0xbe39,0xc67a,0x9535,0x7432,0x84b3,0x8493,0x7c72,0x8cd4,
  0xa576,0xad97,0x9d35,0x9d35,0x9d35,0x8cd4,0xa576,0x84b3,0x532d,0x6c11,0x5b2d,0x84b3,
  0x9d56,0x9535,0x94f4,0x638f,0x7432,0x63af,0x7452,0x9d35,0x7c52,0x8493,0xad97,0xb5f8,
  0x9514,0x9515,0x9515,0x94f4,0x9535,0xcebb,0xbe18,0x7c52,0x7c72,0x7432,0x8493,0x9d56,
  0xadb7,0x9535,0x9d35,0x9d35,0x9d56,0xb5f8,0xc659,0x8493,0x7c52,0x6bd0,0x6c11,0xa576,
  0x8cb3,0x84b3,0x7432,0x6bf0,0x63af,0x94f4,0xbe39,0xb5d7,0xadb7,0xadb7,0x8cd4,0x84b3,
  0x9515,0xa596,0x9d56,0xa576,0x9515,0x8cd4,0x8cd4,0x6c11,0xa576,0xad97,0xa597,0x9d35,
  0x9535,0x84b3,0x8493,0x7c73,0x8cd4,0x9d35,0xc659,0xadd7,0x8493,0x6bd0,0x7432,0x9515,
  0x9d35,0x9515,0x9d35,0x8cf4,0x84b3,0xa576,0xa596,0xa576,0x9515,0x9d56,0x9515,0x8cd4,
  0x7431,0x7411,0x7411,0x84b3,0x8cf4,0x84b3,0x8cb3,0x8cd4,0x9d56,0xa596,0xa576,0x9d56,
  0x9d35,0x9d56,0xa596,0xadb7,0x9515,0xadb7,0xadb7,0x9515,0x7c72,0x84b3,0x7c52,0x7c72,
  0x6c11,0x6bf0,0x7c72,0x7c72,0x7c52,0x8cd4,0x84b3,0xb5f8,0xb5f8,0x8cd4,0x7411,0x6c11,
  0x7c52,0x7c52,0x428a,0x52ec,0x7432,0x8493,0x8cd4,0x8493,0x8493,0x84b3,0x7c72,0x8cd4,
  0x9d35,0xadb7,0x9d56,0x9515,0x7c72,0x8493,0x7411,0x6bf0,0x638f,0x530d,0xa576,0x84b3,
  0x7c73,0x7c72,0x5b4e,0x63af,0x7431,0x6c11,0x7c73,0x8cd4,0x9d56,0xb618,0x9d35,0x9514,
  0x94f4,0x7c73,0x6bd0,0x6bf0,0x7c72,0x7411,0x6bf1,0x84b3,0x9d35,0xa596,0xb5f8,0xb5d8,
  0xb5d8,0xb5f8,0xb5f8,0xc67a,0xbe19,0xadb7,0xa596,0xa596,0xa597,0x9d35,0x6bd0,0x6bf0,
  0x84b3,0x9d35,0xc67a,0xbe19,0x7432,0x7c72,0x8493,0x9d55,0xa576,0xa596,0xa576,0x8cf4,
  0x7c73,0x9515,0xc67a,0xce9a,0xa576,0x9515,0x8cf4,0x8cd4,0x9d35,0x9d56,0x9515,0x7c52,
  0x7c73,0x8493,0x8cd4,0xadb7,0xc67a,0xa576,0x9514,0x7c52,0x532d,0x428a,0x5b4e,0x7432,
  0x84b3,0x8493,0x8493,0x8cd4,0xc659,0xc67a,0xb5d8,0x9515,0x638f,0x7431,0x5b4e,0x8cb3,
  0x9515,0xd6bb,0xd6db,0xadb7,0x9d56,0x7c72,0x8cd4,0x7431,0xc659,0xc67a,0xb5f8,0x9515,
  0x9515,0x8cd4,0x84b3,0x8cd4,0x9d35,0xb618,0xa576,0xa596,0xad97,0x9d35,0x9535,0x8493,
  0x29a7,0x426a,0x84b3,0x8493,0x9d56,0x9515,0x7c72,0x63b0,0x6bf0,0x7452,0x8cb3,0x9515,
  0x9515,0x8493,0xb5f8,0xadb7,0x8cb3,0x9d35,0xb5f8,0x9515,0xc659,0xc67a,0xadd7,0x9514,
  0x8493,0x7c52,0x84b3,0xa596,0xadb7,0x9d56,0x9d56,0xa596,0xadb7,0xcebb,0xbe18,0x7c52,
  0x7431,0x8493,0x8cd4,0xadb7,0x9d35,0x9515,0x6c11,0x6bd0,0x7452,0x9515,0xb5d7,0xa576,
  0x9d56,0xadb7,0x9d56,0x94f4,0xa576,0x9d55,0xb5d8,0xadb7,0x9515,0x8cd4,0x84b3,0x8cd4,
  0xadb7,0xadb7,0xadd7,0x9d56,0x9515,0x8cd4,0x8493,0x8493,0x9515,0xa596,0xb618,0xa576,
  0x7c52,0x7431,0x7452,0xa597,0x9d56,0xadb7,0xadb7,0xa576,0x9d35,0xa596,0xb5f8,0x9d55,
  0xa576,0x9d56,0x9d55,0x9d56,0x7452,0x6bf1,0x7411,0x8cb3,0x9535,0x9d55,0x8cf4,0x94f4,
  0xa576,0xb5d7,0xadb7,0xa576,0x9d56,0xadb7,0x9d35,0xa576,0xa596,0xadb7,0xbe18,0x9515,
  0x9515,0x94f4,0x9514,0x9515,0x7c72,0x6bf0,0x7c72,0x84b3,0x84b3,0x8cf4,0x9535,0xb5f8,
  0xb5d8,0x9515,0x8cd4,0x7c73,0x8cd4,0x8cd4,0x4aab,0x638f,0x7c52,0x7c72,0x8493,0x84b3,
  0x7c52,0x8cf4,0x7c72,0x8cd4,0xa576,0xa576,0xb5d7,0x9515,0x84b3,0x84b3,0x7411,0x6bd0,
  0x638f,0x5b4e,0x8cf4,0x8cd4,0x8493,0x7c72,0x8493,0x6bd0,0x6bf0,0x6c11,0x7c72,0x84b3,
  0xa576,0xb5f8,0xadd7,0xa576,0x84b3,0x84b3,0x7452,0x63b0,0x7432,0x7431,0x8cd4,0x9d55,
  0x9d56,0xadb7,0xc659,0xbe18,0xbe39,0xb618,0xbe18,0xce9a,0xb5d7,0xadd7,0xadd7,0xb5f8,
  0xc659,0x8cf4,0x6bd0,0x6c11,0x9515,0x9d56,0xce7a,0xdf1c,0x6bd0,0x8493,0x9514,0xadb7,
  0xadb7,0xb5f8,0xadb7,0x9514,0x9d35,0x9d55,0xce9a,0xbe39,0x9d35,0x9515,0x9515,0x9d35,
  0xa576,0xa576,0x9d35,0x7c73,0x8cd4,0x9515,0xadd7,0xbe39,0xce9a,0xb5f8,0x9d35,0x8cb3,
  0x6bd0,0x6bf0,0x424a,0x9514,0x9515,0x9515,0x8cd4,0x9535,0xbe39,0xc67a,0xb5f8,0x9d55,
  0x84b3,0x7411,0x7431,0x7c73,0x8cd4,0xce9a,0xd6bb,0xadb7,0x8cf4,0x8493,0x9514,0x9d35,
  0xb5f8,0xc659,0xb5d7,0x7c72,0x7c52,0x7431,0x638f,0x7c72,0xadb7,0x8cd4,0xb5f8,0xb5d7,
  0xb618,0xadb7,0x94f4,0x8cd4,0x5b2d,0x52ec,0x8493,0x84b3,0x9535,0x9d56,0x8cd4,0x636e,
  0x6bf0,0x8493,0x9514,0x9d35,0x84b3,0x84b3,0x9d35,0x9535,0x9d56,0x9d56,0x7c73,0xadb7,
  0xce9a,0xce7a,0xa596,0x8cd4,0x8cf4,0x7c72,0x8cf4,0xa596,0xbe18,0xadb7,0xadb7,0xb5d7,
  0xb5d8,0xc659,0xadb7,0x8493,0x7c52,0x7c72,0x8cd4,0xadb7,0x9d56,0x9515,0x7c52,0x6bf0,
  0x8cd4,0x9d35,0xbe39,0xadb7,0xadb7,0xb5d8,0xadb7,0xa576,0xa576,0xb618,0xadd7,0xa596,
  0x8cd4,0x9535,0x8cd4,0x7432,0xadd7,0xb5f8,0xbe18,0xb5f8,0xa576,0x8cd4,0x8cd4,0x7c52,
  0x9514,0xb5f8,0xb5f8,0xa576,0x6bf0,0x8493,0x7452,0xa597,0xb5f8,0xa596,0xb5d8,0xadb7,
  0x9d56,0xa597,0xbe18,0xadd7,0xa576,0x9d56,0xa596,0xa576,0x84b3,0x6bd0,0x7411,0x8cd4,
  0x9d35,0xa576,0x9d35,0x9d35,0xadb7,0xb5f8,0xadb7,0xadd7,0x9d55,0x9d55,0x8cd4,0x9d55,
  0xa576,0xb5f8,0xb5f8,0x9d56,0x9d56,0x9d35,0x9515,0x8cd4,0x7c72,0x7411,0x8cd4,0x8cf4,
  0x7c72,0xa597,0x9d55,0xc67a,0xce9a,0xb618,0x8cd4,0x8cd4,0x8cd4,0x84b3,0x4acc,0x638f,
  0x8493,0x8cd4,0x8cd4,0x8cf4,0x8cf4,0x9d56,0x8493,0x8cf4,0xa576,0xadb7,0xadb7,0xb5f8,
  0x9515,0x8cd4,0x7432,0x6bd0,0x5b4e,0x5b4e,0x7411,0x84b3,0x8cd4,0x9535,0xa576,0x7c52,
  0x7411,0x6bd0,0x7c72,0x8cf4,0xa576,0xb5f8,0xa576,0x8cf4,0x8493,0x7432,0x6bd0,0x63af,
  0x7c52,0x7432,0x94f4,0x9d35,0xadb7,0xb5d7,0xbe39,0xc659,0xc659,0xbe19,0xc659,0xc659,
  0xb5f8,0xb5f8,0xb5f8,0xbe19,0xc67a,0x9515,0x7431,0x7411,0x8493,0x8cd4,0xce9a,0xce7a,
  0x8cd4,0x9515,0xb5f8,0xa597,0xa596,0xce7a,0xb5d7,0xa596,0xadb7,0xa596,0xc659,0xa597,
  0x9515,0x8cf4,0x9535,0xad97,0xadb7,0xad97,0xa576,0x84b3,0x94f4,0x9d56,0xb5f8,0xce9a,
  0xd6db,0xa576,0x9515,0x8493,0x6bf0,0x5b6e,0x63af,0x7c72,0x84b3,0x9d35,0xa576,0x8cf4,
  0xadb7,0xb618,0xa597,0x8493,0x9515,0x84b3,0x8493,0x8493,0xa576,0xbe39,0xce9a,0xadd7,
  0x9d35,0x8cd4,0x8cd4,0x84b3,0xa576,0xb618,0xb5d7,0x9d35,0x7c72,0x7411,0x6bd0,0x6bf0,
  0x8cf4,0x9d35,0xadb7,0xbe39,0xb5f8,0xa596,0x7c52,0x84b3,0x5b2d,0x636e,0x84b3,0x8cd4,
  0x9d56,0x9d55,0x8cd4,0x6bd0,0x6bd0,0x7c72,0x9515,0xa576,0x84b3,0x8cf4,0x9515,0x9514,
  0xadb7,0x9d56,0x7c52,0xbe39,0xceba,0xbe19,0xa576,0x8cf4,0x8cd4,0x8493,0x9515,0xa596,
  0xbe18,0xa576,0xadb7,0xb5f8,0xc659,0xb5f8,0xb5f8,0x7c52,0x7c73,0x7c72,0x8cb3,0xbe19,
  0x9515,0x8cd4,0x7c52,0x7431,0x8cf4,0x9d55,0xb5f8,0xadb7,0xb5f8,0xbe18,0xb5f8,0xb5f8,
  0xb5d7,0xb5f8,0xa596,0x9d35,0x9515,0x9d35,0x8cd4,0x9515,0xb5f8,0xb5f8,0xc659,0xadd7,
  0xb5d7,0x9535,0x9515,0x84b3,0x9515,0xbe18,0xbe39,0x9d35,0x8cd4,0x7c72,0x7c72,0x9d55,
  0xb5f8,0xc659,0xb5f8,0xadb7,0xa576,0xa597,0xb618,0xb5f8,0xadb7,0xadb7,0x9d56,0x9d35,
  0x8cb3,0x6bd0,0x7432,0x8cd4,0x9515,0xa596,0xadb7,0xa576,0xbe39,0xbe39,0xbe39,0xb5f8,
  0xad97,0x9d56,0x9514,0x9d55,0xadb7,0xb5f8,0xbe18,0xb5f8,0xadb7,0xadb7,0x9515,0x8cd4,
  0x84b3,0x8493,0x8cd4,0x8cf4,0x9d35,0xa597,0xb5f8,0xbe39,0xbe39,0xb5f8,0xadd7,0x8cb3,
  0x9515,0x9d35,0x63af,0x7431,0x8493,0x8cd4,0x9515,0x9535,0x94f4,0x9d56,0x9515,0xa576,
  0xadb7,0xbe39,0xb5f8,0xadb7,0x9d35,0x8cf4,0x8493,0x7432,0x7c52,0x6bf0,0x530c,0x8cd4,
  0x9514,0x9d55,0x9d35,0x8493,0x7c52,0x6bf1,0x8cb3,0x9d56,0xadb7,0xb5f8,0x9d56,0x8cf4,
  0x8493,0x6bf0,0x6bf0,0x6bd0,0x7c52,0x8493,0x9515,0x9d35,0xa596,0xadb7,0xadb7,0xb5f8,
  0xce7a,0xb618,0xce9a,0xc659,0xb5f8,0xb5d8,0xadb7,0xbe18,0xc659,0x9535,0x7c72,0x7c52,
  0x7c52,0x9515,0xc659,0xdefb,0x9d56,0xbe18,0xbe39,0xadb7,0xa597,0xbe18,0xb5f8,0xa576,
  0xb5f8,0xb5f8,0xb5d8,0x9d35,0x8493,0x84b3,0x9d55,0xb5d7,0xa597,0xa596,0xa576,0xa576,
  0x9d35,0x8cf4,0xadd7,0xbe39,0xd6db,0xadb7,0x8cd4,0x7c72,0x6bd0,0x4aab,0x5b4e,0x7c52,
  0x8493,0x84b3,0xbe39,0xa597,0xb5f8,0xb5d8,0x7432,0x8493,0xb5f8,0x9535,0x8cd4,0x9d56,
  0xadb7,0xbe39,0xbe18,0xa576,0x9d35,0x9d35,0x8cf4,0x6bf1,0xadb7,0xbe39,0xb5f8,0x8cf4,
  0x8493,0x7c72,0x63af,0x63af,0x8cb3,0x8cd4,0xad97,0xce7a,0xb5d7,0xbe18,0x8493,0x7411,
  0x7c52,0x5b4e,0x8cd4,0x9515,0xadb7,0xa576,0x9515,0x7c52,0x6bf0,0x7c72,0x9515,0xb5f8,
  0x8cd4,0x9535,0x9514,0x8cf4,0xadd7,0xb5f8,0xb5f8,0xceba,0xce9a,0xbe39,0xa576,0x9514,
  0x8cd4,0x8cb3,0x8cb3,0x9535,0xbe18,0xb5f8,0xb5f8,0xc659,0xc67a,0xb5f8,0xadd7,0x8493,
  0x8493,0x7452,0x8cb3,0xa596,0x9d56,0x8cf4,0x7431,0x7c52,0x94f4,0xa576,0xbe18,0xbe39,
  0xbe39,0xbe18,0xadb7,0xb5f8,0xadb7,0xadb7,0xadb7,0xa596,0x9d56,0xa576,0xa596,0xad97,
  0xadb7,0xa576,0xadb7,0xb5f8,0xadb7,0xb5f8,0xb5f8,0x84b3,0xadb7,0xce9a,0xb5d7,0x8cd4,
  0x84b3,0x8493,0x8cb3,0xadb7,0xbe19,0xc67a,0xbe39,0xb5d8,0xadb7,0xadb7,0xb5f8,0xbe39,
  0xb5f8,0xb5d7,0x9d55,0x9515,0x8493,0x6bd0,0x7411,0x84b3,0x9514,0xadb7,0xa596,0xa597,
  0xc67a,0xce7a,0xc659,0xbe39,0xadb7,0xa576,0x9d35,0x9d55,0x9d56,0xadb7,0xb5f8,0xb5d7,
  0xc659,0xb5f8,0x9d35,0x9515,0x9515,0x84b3,0x9515,0x9d35,0x9515,0xadb7,0xa596,0xbe39,
  0xbe19,0xadb7,0xadb7,0x9d55,0x9515,0x8cd4,0x7c52,0x7c52,0x8cd4,0x9515,0x9d56,0x9d55,
  0x9d35,0xb5f8,0x9d55,0xa576,0xb5f8,0xbe18,0xb5f8,0xadb7,0x9d56,0x8cf4,0x84b3,0x7c52,
  0x7432,0x7432,0x7431,0x8cf4,0x9515,0x9d56,0x9515,0x84b3,0x8493,0x8493,0x8cd4,0xb5f8,
  0xad97,0x9d56,0xadb7,0xa576,0x84b3,0x7411,0x7411,0x7431,0x7452,0x8cf4,0x9515,0xa576,
  0xb5f8,0xb618,0xadb7,0xb618,0xc67a,0xc659,0xc67a,0xbe19,0xb5f8,0xadb7,0xb5f8,0xc67a,
  0xbe39,0xadb7,0x7c73,0x7452,0x9515,0x9d35,0xce9a,0xef7d,0xb5f8,0xbe18,0xce9a,0xad97,
  0xadb7,0xbe18,0xbe18,0xbe39,0xb5f8,0xb5d8,0xa596,0x8cf4,0x8cb3,0x8493,0xa576,0xb5d7,
  0xadb7,0xa597,0xadb7,0x9d56,0x9d35,0x84b3,0xadb7,0xb618,0xd6bb,0xce9a,0x9515,0x84b3,
  0x4acc,0x5b4e,0x638f,0x6c11,0x84b3,0x8cd4,0xa576,0xb5f8,0xce7a,0xbe39,0xb618,0xadb7,
  0xadd7,0xa597,0x94f4,0xa576,0xadb7,0xb5f8,0xa576,0x8cd4,0x8493,0x9514,0x9d35,0x8cf4,
  0x94f4,0xb5f8,0xadb7,0x8cf4,0x6bf0,0x7c72,0x6bd0,0x63af,0x7431,0x94f4,0x9d35,0xbe18,
  0xadb7,0xad97,0x9515,0x6c11,0x8cd4,0x84b3,0x9d56,0xadb7,0xb5f8,0xadb7,0x9515,0x7c72,
  0x8493,0x8493,0x7c52,0x9d56,0x94f4,0x8cd4,0x9515,0x8cf4,0xa596,0xbe39,0xce7a,0xc67a,
  0xc67a,0xb5f8,0xadb7,0x9515,0x8cd4,0x7c72,0x7c73,0x8cd4,0xadb7,0xb5f8,0xc659,0xce7a,
  0xce7a,0xb5f8,0xa596,0x8cd4,0x8cd4,0x7c73,0x8cd4,0x9d56,0xa576,0x9d35,0x8493,0x8cd4,
  0x9d56,0xa596,0xbe39,0xc67a,0xce7a,0xc659,0xb618,0xadb7,0xadb7,0x9d56,0xa597,0xb5f8,
  0xa576,0xa596,0xb5d8,0xadb7,0xa576,0x8cf4,0x9515,0x9d56,0xadb7,0xc659,0xd6bb,0xadb7,
  0xce9a,0xce9a,0xb5f8,0x8cf4,0x7c52,0x7c72,0x7c72,0xadb7,0xce9a,0xc659,0xc659,0xadb7,
  0xadb7,0xb5d7,0xbe18,0xa576,0xb5f8,0xb5f8,0x9d35,0x9514,0x7c72,0x7411,0x7432,0x84b3,
  0x9515,0xa576,0xadb7,0xb5f8,0xce9a,0xce9a,0xc67a,0xadd7,0xadb7,0x9d56,0x9515,0x8493,
  0x9d35,0xadd7,0xb5f8,0xbe39,0xbe19,0xb5d8,0xa576,0x9d56,0x9515,0x8cf4,0x8cd4,0x8cd4,
  0xa596,0xa596,0xadb7,0xb5f8,0xbe18,0xb618,0xb5f8,0xa576,0x9535,0x8cd4,0x84b3,0x84b3,
  0x8cd4,0x9515,0x9d55,0xa596,0xa576,0x9d56,0x9515,0xb5f8,0xbe39,0xc659,0xbe18,0xbe39,
  0xa597,0xa596,0x9515,0x8cb3,0x8493,0x7c52,0x8cd4,0x8cd4,0x9514,0xa576,0xa576,0x84b3,
  0x8493,0x8cf4,0xa576,0xbe18,0xc659,0xb618,0xadb7,0xad97,0x84b3,0x7452,0x6bd0,0x8493,
  0x8493,0x9515,0x9515,0x9d55,0xbe18,0xbe39,0xb5f8,0xbe39,0xce7a,0xce9a,0xc659,0xc659,
  0xb5f8,0xadb7,0xadb7,0xbe39,0xbe39,0xa576,0x7c73,0x8493,0x84b3,0x84b3,0xd6bb,0xce9a,
  0xadd7,0xad97,0xa597,0xadb7,0xb5d7,0xbe18,0xbe39,0xbe19,0xa596,0xadb7,0x8cd4,0x84b3,
  0x6bf0,0x8cd4,0xadb7,0xb5d8,0xa576,0xb5d7,0xb5d7,0x9515,0x8cd4,0x84b3,0xadb7,0xbe18,
  0xbe39,0xbe18,0x9535,0x84b3,0x63af,0x532d,0x52ec,0x7c52,0x8cd4,0x8cd4,0x84b3,0xadb7,
  0xce7a,0xc67a,0xbe18,0xb5f8,0xadb7,0xb5f8,0xa576,0xa576,0xa576,0xadb7,0x9d35,0x9515,
  0x8cd4,0x8493,0x8cf4,0x9d56,0x9514,0xb5d8,0xadb7,0x9535,0x7431,0x6bd0,0x63af,0x530d,
  0x7411,0x8493,0x84b3,0xbe18,0xb5f8,0x9d35,0x9515,0x8cd4,0x8cd4,0x8cf4,0xbe39,0xb5f8,
  0xadd7,0xad97,0x9d35,0x94f4,0x9514,0x8cd4,0x8cd4,0x9d56,0x8493,0x8cb3,0x8cd4,0x8cd4,
  0xbe39,0xce9a,0xcebb,0xc67a,0xc659,0xadb7,0xb5d8,0x9d35,0x7432,0x6bd0,0x7431,0x8493,
  0x9d35,0xa596,0xce9a,0xce7a,0xce9a,0xbe39,0xad97,0x8cf4,0x8cd4,0x8cd4,0x8cd4,0x9d35,
  0x9515,0x94f4,0x8cd4,0x8cf4,0xa576,0xadb7,0xc659,0xc659,0xc659,0xbe39,0xadd7,0xa597,
  0xad97,0x9515,0x9d35,0x9d35,0xa596,0xadd7,0xb5f8,0xadb7,0x9515,0x8cd4,0x8cd4,0x9515,
  0x9d56,0xb5f8,0xc67a,0xce9a,0xdf1c,0xdf1c,0xb618,0x9514,0x7411,0x7c73,0x8cd4,0xbe19,
  0xce7a,0xc67a,0xc659,0xb5f8,0xadb7,0xb5f8,0xbe18,0xb5f8,0xb5f8,0xb5f8,0x9535,0x8cd4,
  0x8cb3,0x6bf1,0x7c52,0x8493,0x8cd4,0x9d56,0xa576,0xbe19,0xce9a,0xce9a,0xc659,0xb5f8,
  0x9d56,0x9535,0x8cd4,0x8cd4,0x9514,0xadb7,0xb5f8,0xbe18,0xbe39,0xb5d8,0xa576,0xa576,
  0x9d56,0x9d35,0x94f4,0x9515,0x9d56,0xadb7,0xb5d8,0xbe18,0xbe39,0xbe18,0xb5d8,0xa576,
  0xa576,0xa576,0x94f4,0x9515,0x9515,0x9d35,0x9d35,0x9d56,0xa576,0xadb7,0xa576,0xb5f8,
  0xbe39,0xc659,0xce9a,0xc659,0xb5f8,0xa596,0x9d35,0x8cf4,0x8493,0x8cf4,0x9515,0x9514,
  0x9514,0xa576,0x9d35,0x8cd4,0x8cf4,0x9d35,0xa596,0xbe18,0xce9a,0xce7a,0xb5d7,0xa596,
  0x8cd4,0x8493,0x8493,0x8cd4,0x8cd4,0x9515,0x9515,0xa596,0xb5f8,0xbe39,0xc659,0xc659,
  0xc67a,0xc659,0xbe39,0xbe39,0xce7a,0xb5f8,0xb5f8,0xa596,0xa576,0x8cf4,0x8493,0x7c72,
  0x8cb3,0x9515,0xce7a,0xc67a,0xadb7,0xa576,0xa576,0x9d56,0xb618,0xbe19,0xb5f8,0xadd7,
  0x9d56,0x9515,0x8cf4,0x8493,0x84b3,0x8cd4,0xa597,0x9d56,0x9d55,0xa597,0xa576,0x8493,
  0x7c73,0x9515,0xa596,0xb5f8,0xadb7,0xad97,0xa576,0x9535,0x7432,0x63af,0x5b2d,0x7431,
  0x7c72,0x8cd4,0x8cd4,0x9d35,0xbe39,0xce7a,0xbe39,0xbe19,0xadb7,0xa576,0x9515,0x9535,
  0xa576,0xb5d8,0x6c11,0x84b3,0x9d35,0x84b3,0x8cd4,0x9d55,0x9d35,0xa596,0xa576,0x9514,
  0x7c52,0x6bf0,0x5b4e,0x52ec,0x5b4e,0x8493,0x8cf4,0xa597,0xc659,0xadb7,0x9515,0x7c72,
  0x7c52,0x8cd4,0xadd7,0xadb7,0xa596,0xa597,0xa596,0xa576,0x9d56,0x94f4,0x9d56,0xa576,
  0x84b3,0x7c72,0x8cd4,0xa597,0xce9a,0xcebb,0xce9a,0xbe39,0xb618,0xad97,0xa597,0xadb7,
  0x94f4,0x7432,0x7411,0x8493,0x8cd4,0xad97,0xc67a,0xbe39,0xc67a,0xadb7,0x9d56,0x9515,
  0x9d56,0x8cd4,0x9d35,0x8cf4,0x8cd4,0x8cd4,0x9515,0x9d35,0xa576,0xb618,0xcebb,0xc67a,
  0xc67a,0xb618,0xb5d7,0x9535,0x9d56,0x9515,0x84b3,0x9535,0xad97,0xb5d7,0xb5f8,0xadb7,
  0x9515,0x8cd4,0x8cb3,0x9d56,0x8cf4,0xbe18,0xbe18,0xbe39,0xdefc,0xe73c,0xbe18,0x9d35,
  0x7c73,0x7c72,0x9535,0xb5d8,0xc659,0xce7a,0xc67a,0xb5f8,0xadb7,0xbe18,0xce9a,0xd6db,
  0xbe18,0xb5d7,0x8cf4,0x9515,0x8cd4,0x7c73,0x7411,0x7c72,0x8cb3,0x9d55,0xa576,0xbe19,
  0xceba,0xce7a,0xc659,0xadd7,0x9d56,0x9515,0x8cd4,0x7c73,0x8cd4,0xadb7,0xb5f8,0xbe39,
  0xbe39,0xb5f8,0x9d56,0x9d35,0x9d35,0x9515,0x9535,0x9d35,0x9515,0x9d35,0xadb7,0xadb7,
  0xb5f8,0xb5d7,0xa596,0xad97,0x9d55,0x9d56,0x9d55,0x9515,0x9515,0x9d35,0xa576,0xa576,
  0xa576,0x9d56,0xa576,0xb5f8,0xbe19,0xceba,0xd6db,0xc659,0xb5f8,0xa596,0x9d35,0x9514,
  0x9515,0x9d35,0xadb7,0x9d56,0x9d55,0xa576,0x9d56,0x8cd4,0x94f4,0x9515,0xb618,0xbe39,
  0xd6db,0xd6db,0xc659,0xc659,0xadd7,0x9515,0x9535,0x9515,0x9515,0x9d35,0x9d55,0xb5f8,
  0xbe18,0xb618,0xc659,0xbe39,0xbe19,0xadd7,0xbe19,0xadd7,0xadb7,0xb618,0xb5f8,0xa576,
  0x9d35,0x9514,0x7c73,0x6bd0,0x9d35,0xa596,0xc659,0xc659,0xadb7,0xa597,0xa576,0xa576,
  0xa597,0xb5d7,0xb5d8,0x9d56,0x9514,0x9515,0x9514,0x8cd4,0x8cd4,0x9d35,0x9d56,0xa576,
  0xa576,0x9515,0x8cd4,0x84b3,0x7c52,0x9514,0x9d56,0xa596,0xadb7,0xa597,0xa576,0x9d55,
  0x7c72,0x6bd0,0x4aab,0x636e,0x6bf0,0x7c72,0x9515,0xa597,0xb5f8,0xbe19,0xb5f8,0xb5f8,
  0x9d35,0x9515,0x9515,0x94f4,0xa576,0x9d35,0x7431,0x8cd4,0x8493,0x8493,0x8493,0x94f4,
  0x9d56,0xa576,0xad97,0x9515,0x7452,0x6bf0,0x5b4e,0x532d,0x638f,0x84b3,0x8cb3,0x9515,
  0xc659,0xb5d8,0x9515,0x7432,0x6bf0,0x84b3,0x9514,0x9535,0x8cd4,0xa596,0xb5d7,0xa596,
  0xa576,0xa576,0x9d56,0x8cd4,0x7c72,0x7432,0x8cd4,0xa576,0xbe39,0xc659,0xc659,0xb5f8,
  0xa596,0xa597,0xadb7,0xb5f8,0xa596,0x8cd4,0x8493,0x7c73,0x94f4,0x9515,0xb5f8,0xb5d8,
  0xb5f8,0xb5f8,0x9d56,0xa576,0x84b3,0x9d35,0xa576,0x8cd4,0x8493,0x8493,0x9d35,0xa576,
  0xb5f8,0xb5f8,0xc659,0xce7a,0xce9a,0xc659,0xbe18,0xadb7,0xa597,0x9515,0x9515,0x9d35,
  0xadb7,0xb5f8,0xad97,0x9d35,0x9d55,0x8cf4,0x8cd4,0x8cd4,0x9515,0xb5d8,0xb5f8,0xc659,
  0xce9a,0xd6db,0xce9a,0x9535,0x8cd4,0x8cb3,0x9515,0xa596,0xadb7,0xc659,0xce9a,0xbe19,
  0xb5d7,0xc67a,0xc67a,0xc67a,0xbe18,0xa576,0x9514,0x8cd4,0x8cd4,0x84b3,0x8493,0x7c52,
  0x7431,0xa576,0xa596,0xb5f8,0xc67a,0xc659,0xbe39,0xbe18,0x9d56,0x94f4,0x9514,0x8493,
  0x94f4,0xa597,0xb5f8,0xb5f8,0xbe18,0xb5f8,0xa576,0x9d35,0x8cd4,0x84b3,0x84b3,0x8cd4,
  0x9d55,0x9d56,0xadb7,0xbe18,0xbe19,0xc67a,0xbe39,0xadb7,0x9d56,0x9d35,0x9514,0x8cf4,
  0x9515,0x9d35,0x9d55,0xa576,0xa596,0xadb7,0xa576,0xad97,0xb5f8,0xbe18,0xb5f8,0xce7a,
  0xa597,0xa576,0x9d56,0x9d35,0x9d56,0x9d35,0xa576,0x9535,0x9515,0xa576,0x9d35,0x9515,
  0x8cf4,0x9d56,0xb5f8,0xc659,0xd6db,0xce9a,0xc659,0xc67a,0xbe19,0xadb7,0x9d56,0x9d56,
  0x9d56,0x9d55,0xa576,0xbe18,0xbe39,0xbe39,0xbe18,0xb5f8,0xadb7,0xa576,0xa596,0x9d56,
  0x9d56,0xadb7,0xadb7,0x9515,0x8cd4,0x8cd4,0x84b3,0x7411,0x9514,0x9515,0xadb7,0xb5f8,
  0xadb7,0x9d56,0x9535,0x9d55,0xa576,0xadb7,0xa576,0x8cd4,0x84b3,0x8493,0x84b3,0x8cd4,
  0x8cd4,0x8493,0x9515,0xadb7,0xadb7,0x8cb3,0x7452,0x7c72,0x84b3,0x9d56,0xadb7,0xb5d7,
  0xb5f8,0x9d56,0x9515,0x94f4,0x6bd0,0x6bd0,0x5b2d,0x5b6e,0x7431,0x8cd4,0x8cf4,0xadb7,
  0xadb7,0xa576,0xadb7,0xa596,0xa576,0xa596,0x8cd4,0x7432,0x84b3,0x7c72,0x7c72,0x8cd4,
  0x9515,0x9515,0x8493,0x9535,0x9d35,0x9515,0x9d56,0x94f4,0x7c73,0x63af,0x63af,0x52ec,
  0x636e,0x7411,0x7431,0xadd7,0xbe39,0xceba,0xa596,0x9514,0x7c52,0x7411,0x7c72,0x9514,
  0x84b3,0xa597,0xb5f8,0xadb7,0xadb7,0x9515,0x8cd4,0x6bf0,0x6bf0,0x7411,0x8cd4,0xa576,
  0xadd7,0xb5d7,0xb5f8,0xb5d7,0xb5d8,0xadb7,0xb618,0xadd7,0xa597,0x7c72,0x7c73,0x8493,
  0x8cb3,0x9515,0xa596,0xad97,0xb5f8,0xa576,0x9d56,0x9515,0x9d55,0x8cb3,0x8cd4,0x8493,
  0x7c72,0x7c72,0x8cd4,0x9515,0xb5d8,0xbe18,0xc659,0xce7a,0xc67a,0xc67a,0xc67a,0xb618,
  0xa576,0x8cf4,0x8cf4,0x8cd4,0xadb7,0xb5f8,0xa596,0x8cb3,0x8cd4,0x8cd4,0x8cd4,0x8cf4,
  0xa597,0xb618,0xbe18,0xc659,0xcebb,0xd6db,0xcebb,0xb5d7,0x8cf4,0x84b3,0x9514,0xad97,
  0xadb7,0xa596,0xa597,0xb5f8,0xb618,0xbe18,0xb618,0xadb7,0xb5f8,0xad97,0x8493,0x84b3,
  0x84b3,0x8cb3,0x8cb3,0x84b3,0x8493,0x9535,0xa576,0xb5f8,0xbe19,0xbe19,0xb618,0xb5f8,
  0xad97,0x9d35,0x8cf4,0x8cd4,0x8cd4,0x9d56,0xa576,0xbe19,0xbe39,0xadd7,0x9d55,0x9515,
  0x8cd4,0x8cb3,0x8493,0x8cd4,0x9d56,0xa576,0xad97,0xbe19,0xc659,0xc659,0xceba,0xadd7,
  0xa576,0x9d35,0x94f4,0x8cd4,0x8cf4,0x9515,0xa576,0xa576,0xa576,0xa576,0xa576,0xb5f8,
  0xb5f8,0xbe39,0xbe39,0xc659,0xbe39,0xbe18,0xa596,0x9d35,0x8cd4,0x8cb3,0x9515,0x9515,
  0xa597,0x9d56,0x9535,0x9d35,0x9d35,0x9d56,0xb5f8,0xbe39,0xc67a,0xbe39,0xc659,0xbe39,
  0xb5f8,0xadd7,0xa597,0xa576,0x9d56,0x9d35,0x9d56,0xadb7,0xbe18,0xbe18,0xadb7,0xa596,
  0x9d55,0x9d35,0x9515,0xad97,0xa576,0xa596,0x9d35,0x84b3,0x7c72,0x7c52,0x7c52,0x7411,
  0x7c72,0x8cd4,0xad97,0xadb7,0x9515,0x9515,0x9515,0x9515,0x9515,0x8cf4,0x8cf4,0x8493,
  0x7c72,0x7c52,0x8493,0x84b3,0x8493,0x7c72,0x9514,0xadb7,0x9d55,0x7c73,0x7432,0x7c52,
  0x84b3,0x94f4,0xb5f8,0xadd7,0xadb7,0x9d56,0x9515,0x9535,0x7c73,0x532d,0x5b2d,0x63af,
  0x7431,0x9d35,0x9d55,0x9535,0xadb7,0x9d56,0x9515,0x9d35,0x9515,0xa576,0x63b0,0x63b0,
  0x6bf0,0x7c72,0x7411,0x7c72,0x8cf4,0xa596,0x8cd4,0x84b3,0x84b3,0x8cd4,0x9d56,0x9d35,
  0x8cb3,0x7452,0x63af,0x424a,0x638f,0x638f,0x6bd0,0x9515,0xbe39,0xbe18,0xadb7,0x9d56,
  0x8cb3,0x84b3,0x8cd4,0x9d56,0x9515,0xb5d7,0xadd7,0xadd7,0xadb7,0x9d35,0x7432,0x6bd0,
  0x63af,0x63af,0x9d55,0xa596,0xa596,0x9d56,0xa576,0xa596,0xa576,0xadb7,0xb5f8,0xadb7,
  0x9d56,0x8cd4,0x8cd4,0x9d56,0x9d56,0x94f4,0x9d56,0xa596,0xb5f8,0x9535,0x84b3,0x9515,
  0x9514,0x8cf4,0x9535,0x8cb3,0x7c72,0x7c72,0x8493,0x8cf4,0x9d35,0xa576,0xb5f8,0xc659,
  0xc659,0xc659,0xc67a,0xadb7,0x9d35,0x8cd4,0x9514,0x9d55,0xa596,0xa596,0x8cf4,0x7c52,
  0x7c72,0x8cd4,0x8cf4,0x9515,0x84b3,0xa596,0xb5d8,0xc659,0xdf1c,0xd6db,0xa596,0xa576,
  0x9d55,0x8493,0x94f4,0xadb7,0xadb7,0x9d55,0xadb7,0xb5d7,0xb5f8,0xb618,0x9d56,0x9515,
  0x8cd4,0x9d55,0x8cd4,0x8493,0x7c52,0x8493,0xa596,0x8cd4,0x8cd4,0x9515,0xa596,0xb5d7,
  0xbe18,0xbe18,0xb5f8,0xb5f8,0xb5d7,0x9d56,0x94f4,0x84b3,0x8cd4,0x9514,0x9d35,0xb5d7,
  0xb5f8,0xadd7,0x9514,0x94f4,0x84b3,0x84b3,0x8cd4,0x8cd4,0x9d56,0xb5f8,0xa576,0xadd7,
  0xb618,0xc67a,0xc67a,0xb5f8,0xa596,0x9d56,0x9514,0x8cf4,0x9515,0x9d35,0x9d56,0xa597,
  0xa576,0xa576,0xa597,0xadb7,0xa597,0xb5f8,0xbe18,0xbe39,0xbe18,0xb5f8,0x94f4,0x8493,
  0x8493,0x8493,0x84b3,0x9d35,0xad97,0x9d56,0x9515,0x9d35,0x9d56,0x9d56,0xa576,0xb5d7,
  0xc659,0xbe39,0xb5f8,0xb5f8,0xb5d8,0xadb7,0xa576,0x9d56,0x9d56,0x9d35,0x9d56,0xa576,
  0xb5f8,0xb5f8,0xa576,0x9515,0x9d35,0x8cd4,0x8cd4,0xa576,0xa596,0xa576,0x9515,0x7c73,
  0x7c72,0x7411,0x7411,0x6bf1,0x6bf0,0x7411,0x9d35,0x9d35,0x8cd4,0x9515,0x94f4,0x84b3,
  0x94f4,0x84b3,0x8493,0x8493,0x8493,0x7c72,0x7c52,0x7411,0x7432,0x7c73,0x84b3,0x8493,
  0x8cf4,0x7c52,0x6bf0,0x8cb3,0x84b3,0x8cd4,0x9d56,0xadb7,0x9535,0x8cb3,0x8cd4,0x8cd4,
  0x7c73,0x638f,0x5b2d,0x7432,0x8cf4,0x8cd4,0x9d56,0x8cf4,0x9d56,0x9515,0x84b3,0x8cb3,
  0x8493,0x7c72,0x7c72,0x7411,0x7432,0x8493,0x8cf4,0x63af,0x8493,0xa597,0x9535,0x84b3,
  0x8cd4,0x8cb3,0x9d56,0x9d35,0x7432,0x6bd0,0x638f,0x5b4e,0x7411,0x7c72,0x7431,0x9d56,
  0xb5f8,0xadd7,0x9d55,0x9515,0x7c72,0x8cd4,0x9d35,0x9d56,0xa576,0xb5d7,0xadb7,0xa597,
  0xa576,0x8cb3,0x6bf0,0x6bd0,0x7411,0x7c52,0x9d56,0xa576,0x9d35,0x9514,0x8cd4,0xa576,
  0xa596,0xa596,0xa576,0x9d35,0x9514,0x9515,0x9d35,0x9d35,0x9d56,0x9515,0x9d55,0xa597,
  0xadb7,0x9515,0x8cb3,0x84b3,0x8cd4,0x8cf4,0x9514,0x7c72,0x8493,0x7c73,0x8cd4,0x8cd4,
  0xa576,0xa576,0xadb7,0xb618,0xc659,0xb5f8,0xadb7,0x9d35,0x94f4,0x8493,0x8cb3,0x84b3,
  0x8cd4,0x8cd4,0x7c52,0x6bf1,0x6bf1,0x9515,0x8cf4,0x8cd4,0x8493,0x8cf4,0xa576,0xb5f8,
  0xbe18,0xadb7,0x8cd4,0x8cd4,0x7c72,0x8493,0x94f4,0x9d35,0x8cf4,0x9d35,0xad97,0xadb7,
  0xb5f8,0x9d35,0x9d55,0x9d55,0x7c72,0x8cb3,0x9515,0x8493,0x7c52,0x7c72,0x8493,0x8cd4,
  0x8cd4,0x9514,0x9515,0xa596,0xb618,0xbe39,0xb5d7,0xb618,0x9d56,0x8cf4,0x8cf4,0x8cd4,
  0x8cd4,0x8cf4,0x9514,0xa576,0xadb7,0xb5d7,0x9515,0x8cd4,0x84b3,0x84b3,0x84b3,0x8cb3,
  0x9515,0x9d56,0xa576,0xa596,0xadb7,0xbe18,0xbe39,0xb5d7,0xa596,0xa576,0x9d55,0x9d35,
  0x9515,0x9d35,0xa576,0x9d56,0x9d35,0x9d56,0x9d56,0x9d35,0xa596,0xadb7,0xb5d8,0xbe19,
  0xbe18,0xb5d8,0x9514,0x8493,0x6bf1,0x6bf0,0x6c11,0x8cf4,0xa576,0xa576,0x9d35,0x9d56,
  0x9d56,0x9d56,0x9515,0x9535,0xadd7,0xb5f8,0xadb7,0xa596,0x9d56,0xadb7,0x9d55,0x9d35,
  0x9d56,0x9535,0x9515,0x9d55,0xadb7,0xadd7,0x9d35,0x9514,0x8cd4,0x8493,0x94f4,0x9d55,
  0x9d56,0x9d35,0x8cd4,0x7c72,0x7431,0x6bd0,0x63b0,0x6bd0,0x7432,0x8493,0x9d35,0x9515,
  0x84b3,0x8cd4,0x84b3,0x8cd4,0x8cd4,0x84b3,0x8493,0x7431,0x8493,0x7c72,0x6bd0,0x63af,
  0x8493,0x8cb3,0x8cf4,0x6bf0,0x6bf0,0x8493,0x7452,0x7411,0x6bf1,0x8cd4,0x9d56,0xa596,
  0x84b3,0x7c72,0x7431,0x7c52,0x7452,0x6c11,0x6bd0,0x638f,0x7411,0x8493,0x8493,0x84b3,
  0x9d35,0x8cd4,0x7c72,0x7411,0x6bd0,0x7432,0x6bd0,0x7c72,0x84b3,0x7411,0x7431,0x7c72,
  0x84b3,0xa596,0x9515,0x8493,0x8493,0x8493,0x8cd4,0x8cb3,0x6bf0,0x6bd0,0x6bd0,0x638f,
  0x7c52,0x9d35,0x9d55,0x9d55,0x9d56,0x9d35,0x9514,0x8cb3,0x84b3,0x7431,0x8cf4,0x9d56,
  0x9d35,0xa576,0x9d35,0xa576,0x9d35,0x8cb3,0x7c72,0x8493,0x7c52,0x8493,0x9d56,0x9d56,
  0x9515,0x84b3,0x9d56,0x9d35,0x9514,0xa576,0x9d56,0x8cd4,0x94f4,0x94f4,0x8cf4,0x9515,
  0x9535,0x9d56,0x9d35,0xa596,0xad97,0x8cd4,0x8493,0x7c52,0x8493,0x9515,0x8cd4,0x7c52,
  0x8493,0x8493,0x8cd4,0x8cd4,0x9d55,0x9d56,0xa596,0xbe39,0xadb7,0xb5d8,0xa597,0x8cf4,
  0x8cd4,0x8cb3,0x8493,0x7c72,0x7431,0x7c52,0x6c11,0x638f,0x638f,0x8493,0x8493,0x8cb3,
  0x84b3,0xa576,0xadb7,0xb5d7,0xa576,0x9d35,0x8cf4,0x7c72,0x7432,0x7c72,0x8493,0x7c52,
  0x8493,0x9515,0x9d35,0x9d35,0xa576,0xa597,0xa576,0x9d55,0x8cf4,0x84b3,0x84b3,0x7c72,
  0x7c52,0x8493,0x7c72,0x8493,0x8cd4,0x94f4,0x8cd4,0x9d56,0xadb7,0xb5f8,0xadb7,0xadb7,
  0x9515,0x8cd4,0x8cd4,0x8cd4,0x8cd4,0x9515,0x9d35,0x9d56,0xa576,0xad97,0x8cf4,0x8cb3,
  0x7c52,0x8493,0x84b3,0x84b3,0x8cd4,0x9535,0xa576,0xa596,0xad97,0xb5f8,0xb5f8,0xadb7,
  0x9535,0x8cf4,0x8cd4,0x8cd4,0x8cb3,0x8cd4,0x94f4,0x8cf4,0x8cd4,0x9514,0x94f4,0x8cf4,
  0x9515,0x9515,0x9d55,0xadb7,0xb5d8,0xadb7,0x8cd4,0x8493,0x6bf0,0x638f,0x5b6e,0x84b3,
  0x9d35,0x9d35,0x9515,0x9515,0x9514,0x9515,0x8cd4,0x9515,0xadb7,0xadb7,0x9d56,0x9515,
  0x8cf4,0x9d35,0x94f4,0x7c73,0x7431,0x7411,0x7432,0x9514,0xa576,0xa596,0x9514,0x8cd4,
  0x8cd4,0x8cd4,0x94f4,0x9515,0x8cd4,0x84b3,0x8493,0x7432,0x7432,0x63af,0x5b6e,0x63af,
  0x84b3,0x9514,0x9d35,0x8cd4,0x7452,0x7c73,0x7431,0x7c72,0x7452,0x7431,0x7c73,0x7432,
  0x7c72,0x8493,0x6bf0,0x7c52,0x8cd4,0x9d35,0x9d35,0x84b3,0x7c52,0x7431,0x7432,0x7c73,
  0x8493,0x84b3,0x9515,0x9d35,0x8493,0x7c72,0x7c52,0x7c52,0x8493,0x7432,0x7452,0x7432,
  0x7411,0x7411,0x7c72,0x8cd4,0x8cf4,0x8cd4,0x7431,0x6bf0,0x7431,0x7432,0x7411,0x6bf1,
  0x6c11,0x5b4e,0x424a,0x7432,0x9d35,0x9d56,0x9515,0x84b3,0x7431,0x7432,0x8493,0x7c52,
  0x63af,0x63af,0x638f,0x5b4e,0x638f,0x8cf4,0x9515,0x9d35,0x9514,0x9514,0x8493,0x7411,
  0x7452,0x7431,0x6bd0,0x8493,0x9535,0x84b3,0x8cd4,0x8cf4,0x8cd4,0x8cf4,0x8cd4,0x84b3,
  0x8493,0x8cd4,0xa596,0xa576,0x8cf4,0x8cf4,0x9535,0x8cd4,0x8cd4,0x9d56,0xa576,0x9515,
  0x8cd4,0x8cd4,0x8cd4,0x84b3,0x84b3,0x8cd4,0xa576,0xa597,0xa576,0x8cd4,0x7432,0x7432,
  0x7431,0x8cb3,0x8493,0x7c72,0x84b3,0x8cd4,0x8cd4,0x8cf4,0x9d35,0xa576,0xb5f8,0x9d56,
  0x8cf4,0x7c72,0x8cd4,0x8cd4,0x8493,0x7c73,0x7452,0x7432,0x6bf0,0x638f,0x7431,0x7411,
  0x6bd0,0x7c52,0x7c72,0x84b3,0x8493,0x9515,0xa576,0xa596,0x9515,0x8cd4,0x8cd4,0x8493,
  0x8493,0x7c52,0x7432,0x7c72,0x8cb3,0x8493,0x84b3,0x84b3,0x8cd4,0x9d55,0x9514,0x9514,
  0x8cd4,0x8cd4,0x84b3,0x84b3,0x7431,0x7c52,0x7c52,0x7c72,0x8493,0x84b3,0x8cd4,0x9d35,
  0xadb7,0xb5f8,0xad97,0x9d56,0x8cd4,0x8cb3,0x8493,0x8cd4,0x8493,0x8cd4,0x8cf4,0x9515,
  0x9514,0xa576,0x9515,0x84b3,0x7431,0x7411,0x84b3,0x8cd4,0x94f4,0x8cf4,0x9515,0x9515,
  0x9d35,0xad97,0xadb7,0xa576,0x8cd4,0x84b3,0x8493,0x84b3,0x7c72,0x7c52,0x7452,0x7c72,
  0x8cd4,0x8cf4,0x8cb3,0x7c73,0x7c72,0x8493,0x84b3,0xa576,0xa576,0x9d56,0x8493,0x7432,
  0x6bd0,0x636e,0x5b2d,0x7452,0x84b3,0x8cf4,0x8cb3,0x8493,0x7c72,0x84b3,0x9515,0x9d56,
  0xa596,0xa576,0x9515,0x8cf4,0x8493,0x7432,0x7411,0x63af,0x63af,0x6c11,0x7432,0x8cd4,
  0x9d35,0x9d56,0x8cd4,0x84b3,0x8493,0x84b3,0x8cd4,0x8493,0x7c52,0x7c52,0x7c52,0x7431,
  0x6bf1,0x5b6e,0x636e,0x6bf0,0x8cd4,0x9515,0x8cd4,0x8493,0x6bd0,0x7411,0x638f,0x7431,
  0x6c11,0x7432,0x7431,0x6bf0,0x7411,0x6bf0,0x7432,0x6bf1,0x84b3,0x9d35,0x9514,0x7c72,
  0x7431,0x6bf1,0x7411,0x7c52,0x7411,0x7c52,0x8493,0x8cd4,0x8cb3,0x7431,0x6bf0,0x7452,
  0x7411,0x63af,0x7411,0x6bf0,0x6bd0,0x7431,0x8493,0x9514,0x94f4,0x84b3,0x7431,0x7411,
  0x7411,0x7431,0x7432,0x638f,0x636e,0x5b2d,0x63af,0x7c72,0x94f4,0x9d35,0x8cf4,0x84b3,
  0x5b2d,0x638f,0x6bd0,0x7411,0x6bd0,0x6bd0,0x638f,0x5b4e,0x5b4e,0x7c72,0x8cd4,0x84b3,
  0x7c52,0x7c52,0x6bf1,0x6bd0,0x6bd0,0x6bd0,0x6bd0,0x7411,0x7c73,0x7432,0x6bf0,0x6c11,
  0x7431,0x84b3,0x8493,0x7c73,0x7c72,0x8cb3,0x9d56,0x9d35,0x84b3,0x8cb3,0x8cb3,0x8cd4,
  0x8cd4,0x9535,0x9d35,0x8cd4,0x84b3,0x7c72,0x7c72,0x7c52,0x7c72,0x8cd4,0xa576,0xa576,
  0x9515,0x7c72,0x7432,0x638f,0x532d,0x532d,0x638f,0x8493,0x7432,0x7432,0x7c52,0x8cd4,
  0x9d55,0xa576,0x9d56,0x8493,0x7c72,0x7c72,0x7c72,0x8493,0x8493,0x7c52,0x84b3,0x84b3,
  0x7c52,0x7431,0x7c52,0x7431,0x6bd0,0x6bd0,0x7c52,0x7c73,0x6c11,0x8493,0x8cf4,0x9515,
  0x8cb3,0x8493,0x7431,0x7431,0x6bd0,0x6bd0,0x638f,0x63af,0x6bf0,0x638f,0x6bf1,0x7432,
  0x8493,0x8cf4,0x9514,0x8cf4,0x8cf4,0x8cd4,0x7c72,0x7c72,0x7432,0x6bd0,0x6bf0,0x6bf0,
  0x63af,0x7431,0x7432,0x8cd4,0x9515,0x9d35,0x9d35,0x9535,0x84b3,0x7c72,0x6bd0,0x6bd0,
  0x7411,0x84b3,0x8493,0x8493,0x84b3,0x9515,0x84b3,0x7431,0x638f,0x6bd0,0x7411,0x7411,
  0x7432,0x7431,0x7452,0x7c72,0x84b3,0x9515,0x9d35,0x8cf4,0x7c52,0x7432,0x7411,0x6bd0,
  0x6bd0,0x6bf0,0x6bf1,0x7431,0x8493,0x8cd4,0x84b3,0x7411,0x6bd0,0x6bd0,0x7411,0x8cb3,
  0x94f4,0x8cd4,0x7c72,0x7452,0x6bd0,0x638f,0x5b4e,0x63af,0x7411,0x84b3,0x84b3,0x7c72,
  0x7c52,0x7432,0x7c72,0x8493,0x8cd4,0x8cd4,0x9514,0x8493,0x7411,0x63b0,0x636e,0x638f,
  0x5b6e,0x6bf0,0x7431,0x84b3,0x8cd4,0x84b3,0x7432,0x7411,0x7c52,0x8493,0x8493,0x7452,
  0x7411,0x63b0,0x638f,0x63af,0x5b6e,0x532d,0x5b2d,0x636e,0x7c72,0x8cb3,0x84b3,0x7c72,
  0x63af,0x638f,0x638f,0x6bf0,0x6bf1,0x63af,0x63af,0x638f,0x6bd0,0x6bd0,0x636e,0x6bd0,
  0x8493,0x84b3,0x7452,0x63af,0x63af,0x638f,0x638f,0x63b0,0x7411,0x6bd0,0x7c52,0x8493,
  0x7c72,0x7432,0x638f,0x638f,0x6bf0,0x63af,0x638f,0x52ec,0x530d,0x6bd0,0x7431,0x8cb3,
  0x8cb3,0x8493,0x6bd0,0x6bf0,0x6bd0,0x6bf1,0x63b0,0x5b4e,0x5b2d,0x532d,0x532d,0x7432,
  0x8493,0x9515,0x8cd4,0x7c72,0x638f,0x5b2d,0x530d,0x638f,0x5b6e,0x638f,0x5b6e,0x4acc,
  0x4acc,0x5b2d,0x6bd0,0x84b3,0x84b3,0x7432,0x5b4e,0x530c,0x5b2d,0x52ec,0x5b2d,0x5b4e,
  0x5b2d,0x638f,0x6bf0,0x6bf0,0x6c11,0x7c52,0x7c52,0x7411,0x7c52,0x8493,0x9515,0x94f4,
  0x7c73,0x7c72,0x7c52,0x8493,0x84b3,0x8cd4,0x8cd4,0x8cb3,0x8493,0x6bf0,0x6bf0,0x6bd0,
  0x7431,0x7c73,0x94f4,0x9514,0x84b3,0x7c52,0x63b0,0x4acb,0x426a,0x5b2d,0x638f,0x63af,
  0x63af,0x6bf0,0x7432,0x7c52,0x94f4,0x9515,0x8cf4,0x7c52,0x7411,0x6bf0,0x7411,0x7c52,
  0x7c52,0x7c72,0x8cd4,0x8cd4,0x7c72,0x7c52,0x6bd0,0x6bd0,0x6bd0,0x7411,0x6c11,0x6bd0,
  0x638f,0x6bd0,0x7c72,0x8493,0x7432,0x6bd0,0x4aab,0x5b2d,0x530d,0x530d,0x530d,0x52ec,
  0x532d,0x5b4e,0x5b6e,0x6bd0,0x6bf0,0x84b3,0x8cd4,0x8cd4,0x7c73,0x7c52,0x63af,0x63af,
  0x6bd0,0x6bd0,0x63af,0x638f,0x638f,0x6bf0,0x7411,0x7432,0x84b3,0x8cd4,0x8cf4,0x8cd4,
  0x7c72,0x7431,0x63af,0x532d,0x530d,0x6bd0,0x7432,0x7c72,0x8493,0x7c52,0x6bf1,0x638f,
  0x5b4e,0x638f,0x638f,0x63af,0x6bd0,0x6bd0,0x63af,0x638f,0x6bf0,0x84b3,0x8cb3,0x8493,
  0x638f,0x638f,0x5b2d,0x530d,0x4acc,0x4acb,0x5b4e,0x5b6e,0x6bd0,0x63af,0x638f,0x5b2d,
  0x5b4e,0x63af,0x6bf0,0x7c72,0x8cb3,0x8493,0x6bf0,0x6c11,0x63b0,0x636e,0x5b2d,0x530d,
  0x5b4e,0x6bd0,0x63b0,0x638f,0x63af,0x6bd0,0x638f,0x63af,0x6bf0,0x7431,0x7431,0x7431,
  0x6bd0,0x638f,0x638f,0x638f,0x638f,0x638f,0x63af,0x7c72,0x7431,0x6bd0,0x638f,0x63af,
  0x6bf1,0x6bd0,0x63b0,0x638f,0x5b4e,0x638f,0x5b4e,0x5b2d,0x5b4e,0x530c,0x52ec,0x530c,
  0x5b4e,0x638f,0x7411,0x6bf0,0x63af,0x530d,0x532d,0x5b4e,0x52ec,0x4aab,0x4aab,0x4aab,
  0x530d,0x5b2d,0x52ec,0x636e,0x7431,0x7431,0x6bd0,0x5b4e,0x5b4e,0x5b4e,0x5b2d,0x5b2d,
  0x532d,0x638f,0x6bd0,0x7411,0x7431,0x6bd0,0x5b4e,0x530d,0x5b4e,0x4acc,0x4aab,0x4aab,
  0x4aab,0x532d,0x5b2d,0x7411,0x7c52,0x7411,0x5b4e,0x5b4e,0x5b4e,0x5b4e,0x532d,0x5b4e,
  0x532d,0x426a,0x532d,0x6bf0,0x7c52,0x84b3,0x7431,0x63af,0x5b2d,0x530d,0x5b4e,0x5b6e,
  0x5b2d,0x52ec,0x4acc,0x52ec,0x4aab,0x4acc,0x5b4e,0x7452,0x7c73,0x7452,0x52ec,0x4acb,
  0x4acb,0x4acb,0x52ec,0x52ec,0x52ec,0x4acb,0x5b4e,0x6bf0,0x6c11,0x63af,0x6bd0,0x6bd0,
  0x7411,0x7c52,0x8493,0x7c73,0x6bd0,0x5b4e,0x6bd0,0x7c52,0x7c52,0x7c72,0x7c52,0x8493,
  0x7c72,0x63b0,0x636e,0x636e,0x638f,0x6bd0,0x8493,0x84b3,0x7c52,0x5b4e,0x532d,0x426a,
  0x3a49,0x424a,0x4249,0x426a,0x4acb,0x530c,0x530c,0x638f,0x7c73,0x84b3,0x8493,0x63b0,
  0x5b6e,0x638f,0x63af,0x6bf0,0x6bd0,0x6bf0,0x7c72,0x7c72,0x6bf0,0x638f,0x636e,0x5b2d,
  0x5b4e,0x5b4e,0x5b2d,0x636e,0x52ec,0x5b6e,0x63af,0x6bf0,0x63af,0x5b2d,0x4acb,0x4acc,
  0x52ec,0x4acc,0x4acc,0x4aab,0x4aab,0x426a,0x4aab,0x5b2d,0x636e,0x6bd0,0x7411,0x7411,
  0x6bf0,0x63af,0x5b4e,0x5b4e,0x5b6e,0x636e,0x5b2d,0x532d,0x530d,0x5b6e,0x636e,0x63af,
  0x7431,0x7c52,0x7c72,0x7c52,0x6bf0,0x638f,0x5b2d,0x530c,0x52ec,0x5b4e,0x5b4e,0x6bd0,
  0x63af,0x6bf0,0x424a,0x4aab,0x5b6e,0x63af,0x5b6e,0x5b4e,0x5b2d,0x5b4e,0x5b4e,0x530d,
  0x638f,0x7411,0x7c52,0x7c52,0x638f,0x532d,0x4a8b,0x4aab,0x428a,0x4aab,0x52ec,0x52ec,
  0x52ec,0x530c,0x4aab,0x428b,0x52ec,0x4acc,0x52ec,0x636e,0x6bf0,0x6bd0,0x5b4e,0x5b4e,
  0x636e,0x532d,0x52ec,0x4acb,0x52ec,0x530d,0x530d,0x52ec,0x5b2d,0x5b4e,0x5b2d,0x5b2d,
  0x52ec,0x52ec,0x530d,0x5b6e,0x52ec,0x5b4e,0x5b4e,0x532d,0x5b4e,0x638f,0x638f,0x63b0,
  0x638f,0x636e,0x530d,0x530d,0x52ec,0x532d,0x5b2d,0x52ec,0x4aab,0x4aab,0x4aab,0x424a,
  0x426a,0x426a,0x426a,0x426a,0x424a,0x428a,0x4acb,0x530c,0x5b4e,0x5b2d,0x530c,0x52ec,
  0x4acb,0x428b,0x424a,0x4aab,0x4a8b,0x4a8b,0x52ec,0x530d,0x6bf0,0x6bf0,0x63af,0x532d,
  0x52ec,0x4acb,0x4acb,0x428a,0x4aab,0x530d,0x638f,0x63b0,0x6bd0,0x63b0,0x5b6e,0x52ec,
  0x426a,0x4aab,0x428a,0x3a08,0x4249,0x4a8b,0x4acb,0x63af,0x6bd0,0x638f,0x52ec,0x52ec,
  0x4aab,0x4aab,0x4a8b,0x428b,0x426a,0x3a49,0x3a29,0x5b2d,0x63af,0x7432,0x63af,0x5b4e,
  0x4aab,0x426a,0x4a8b,0x4aab,0x4acb,0x426a,0x3a49,0x4249,0x3a49,0x4a8b,0x52ec,0x638f,
  0x63af,0x5b4e,0x426a,0x3a49,0x424a,0x31c7,0x4acb,0x4aab,0x3a49,0x3a49,0x426a,0x5b6e,
  0x638f,0x5b6e,0x5b6e,0x5b4e,0x5b4e,0x5b2d,0x52ec,0x52ec,0x52ec,0x4acb,0x532d,0x6bd0,
  0x6bf0,0x6bf0,0x6bf0,0x638f,0x638f,0x5b4e,0x530c,0x52ec,0x52ec,0x636e,0x7432,0x7432,
  0x63af,0x4aab,0x3a29,0x3a49,0x3a08,0x29a7,0x3a08,0x31e8,0x31c7,0x424a,0x426a,0x4acc,
  0x6bd0,0x7411,0x6bf0,0x532d,0x4acb,0x3a29,0x4aab,0x52ec,0x52ec,0x530d,0x5b4e,0x5b4e,
  0x530d,0x530c,0x4a8b,0x4aab,0x52ec,0x52ec,0x4acb,0x4aab,0x3a08,0x3a49,0x4aab,0x52ec,
  0x4aab,0x4acb,0x426a,0x3a29,0x426a,0x426a,0x426a,0x426a,0x426a,0x31e8,0x31e8,0x3a29,
  0x4249,0x4acc,0x5b4e,0x5b4e,0x530d,0x4acb,0x426a,0x4a8b,0x4aab,0x4acb,0x4aab,0x4a8b,
  0x4aab,0x4acc,0x52ec,0x4acb,0x530d,0x5b4e,0x638f,0x638f,0x5b6e,0x5b2d,0x4a8b,0x4a8b,
  0x428a,0x4aab,0x4aab,0x4acc,0x4acb,0x4aab,0x4aab,0x428b,0x4aab,0x4a8b,0x424a,0x426a,
  0x4aab,0x424a,0x426a,0x426a,0x4aab,0x532d,0x5b2d,0x5b4e,0x52ec,0x4a8b,0x31e8,0x31c7,
  0x3a08,0x3a29,0x426a,0x4a8b,0x426a,0x426a,0x4aab,0x4aab,0x428b,0x426a,0x426a,0x428b,
  0x52ec,0x52ec,0x428b,0x4aab,0x4acb,0x4aab,0x4a8b,0x428a,0x4aab,0x4aab,0x426a,0x4a8b,
  0x4acb,0x4249,0x428b,0x424a,0x424a,0x424a,0x4acb,0x4aab,0x4249,0x428a,0x4aab,0x4aab,
  0x4acb,0x4a8b,0x426a,0x3a49,0x3a49,0x3a29,0x3a08,0x4249,0x31c7,0x2986,0x2966,0x29a7,
  0x31c7,0x31c7,0x31c7,0x2966,0x31c7,0x31a7,0x31a7,0x29a7,0x31e8,0x3a08,0x31e8,0x3a29,
  0x426a,0x4aab,0x4a8b,0x4aab,0x4acb,0x426a,0x3a49,0x426a,0x4aab,0x4aab,0x4acc,0x52ec,
  0x52ec,0x532d,0x52ec,0x428a,0x424a,0x4249,0x426a,0x31e8,0x31e8,0x31e8,0x424a,0x426a,
  0x426a,0x428b,0x4aab,0x4a8b,0x424a,0x3a09,0x31e8,0x31a7,0x2986,0x31c7,0x31c7,0x426a,
  0x4acb,0x4aab,0x3a09,0x31e8,0x3a08,0x3a08,0x31a7,0x29a7,0x29a7,0x31c7,0x31e8,0x428b,
  0x530c,0x638f,0x530c,0x4aab,0x31e8,0x31e8,0x31e8,0x31e8,0x31e8,0x3a09,0x3a29,0x3a08,
  0x31e8,0x29a7,0x31c7,0x31e8,0x3a08,0x3a29,0x3a08,0x31c7,0x424a,0x3a08,0x3a08,0x31e8,
  0x31e8,0x29a7,0x31c7,0x3a29,0x428a,0x428a,0x4aab,0x4acb,0x4aab,0x426a,0x3a49,0x3a49,
  0x428b,0x4249,0x4a8b,0x530d,0x5b2d,0x532d,0x530c,0x426a,0x428b,0x424a,0x428b,0x428a,
  0x4a8b,0x4acc,0x638f,0x638f,0x4acc,0x29a7,0x2966,0x2986,0x2966,0x31c7,0x31a7,0x2966,
  0x2986,0x29a7,0x3a08,0x3a49,0x4acb,0x52ec,0x530d,0x424a,0x31c7,0x29a7,0x29a7,0x31e8,
  0x31c7,0x29a7,0x29a7,0x2966,0x2966,0x2986,0x3a08,0x3a08,0x3a29,0x3a08,0x31c7,0x31c7,
  0x2986,0x2966,0x29a7,0x29a7,0x2966,0x2145,0x10c3,0x18e3,0x2125,0x2966,0x31a7,0x31a7,
  0x29a7,0x2165,0x2166,0x29a7,0x31a7,0x31c7,0x3a09,0x3a08,0x31a7,0x29a7,0x29a7,0x31c7,
  0x31e8,0x29a7,0x2986,0x31c7,0x31c7,0x31e8,0x31e8,0x31a7,0x31c7,0x31e8,0x3a49,0x3a29,
  0x4249,0x3a29,0x29a7,0x29a7,0x31c7,0x31c7,0x3a08,0x3a08,0x31e8,0x3a08,0x31c7,0x31e8,
  0x3a08,0x3a08,0x31c7,0x31c7,0x31c7,0x29a7,0x2986,0x2986,0x31c7,0x31e8,0x3a08,0x3a08,
  0x31c7,0x31c7,0x2986,0x29a7,0x2966,0x31a7,0x3a08,0x3a08,0x3a08,0x31e8,0x31e8,0x31a7,
  0x31a7,0x31a7,0x31c7,0x31e8,0x31e8,0x31c7,0x29a7,0x31a7,0x2986,0x31c7,0x3a08,0x31c7,
  0x29a7,0x29a7,0x31c7,0x31a7,0x31c7,0x31c7,0x2986,0x29a7,0x2966,0x2165,0x2966,0x29a7,
  0x29a7,0x31a7,0x31c7,0x29a7,0x29a7,0x2165,0x1904,0x18e4,0x18c3,0x18e4,0x2125,0x2125,
  0x1904,0x18c3,0x18e4,0x2125,0x2145,0x2125,0x2986,0x2145,0x2166,0x2124,0x2125,0x18e3,
  0x29a7,0x2986,0x31e8,0x31c7,0x31c7,0x3a08,0x31c7,0x31c7,0x31c7,0x31e8,0x31c7,0x2986,
  0x31c7,0x3a08,0x3a09,0x3a29,0x3a29,0x3a49,0x31c7,0x2966,0x31e8,0x3a08,0x31c7,0x2966,
  0x2145,0x2165,0x2145,0x2145,0x2145,0x2986,0x31c7,0x31c7,0x2966,0x2124,0x2125,0x18e3,
  0x10c3,0x18e4,0x18e3,0x18e3,0x18e3,0x18e4,0x1904,0x1904,0x10a3,0x10c3,0x1904,0x1924,
  0x1924,0x2124,0x2124,0x2145,0x2986,0x31c7,0x31c7,0x2966,0x2125,0x2125,0x2966,0x2966,
  0x2166,0x2125,0x2124,0x2145,0x2124,0x1904,0x1904,0x1924,0x2125,0x2124,0x2986,0x2986,
  0x2125,0x1924,0x2165,0x2145,0x2166,0x2966,0x2986,0x29a7,0x29a7,0x31c7,0x31e8,0x31c7,
  0x31c7,0x29a7,0x2986,0x2986,0x29a7,0x31c7,0x31e8,0x3a29,0x3a29,0x3a29,0x3a09,0x31e8,
  0x31e8,0x31c7,0x31e8,0x31e8,0x31e8,0x3a09,0x426a,0x424a,0x29a7,0x10c3,0x10c3,0x1904,
  0x2125,0x2145,0x2145,0x18e4,0x18e4,0x18e4,0x18e4,0x18e4,0x2125,0x2145,0x2125,0x18e4,
  0x18e4,0x10c3,0x18e4,0x2125,0x1904,0x1904,0x2145,0x1924,0x18c3,0x18e3,0x2966,0x2966,
  0x2986,0x2145,0x2145,0x2966,0x0841,0x0841,0x0841,0x0841,0x0841,0x0841,0x0020,0x0041,
  0x0020,0x0841,0x1082,0x0862,0x0841,0x0041,0x0841,0x0841,0x0841,0x0041,0x0841,0x0841,
  0x0841,0x0861,0x1082,0x10a2,0x0882,0x0841,0x0862,0x1082,0x1082,0x1082,0x1082,0x1082,
  0x0882,0x1082,0x1082,0x1082,0x10a2,0x10a2,0x1082,0x10a2,0x0882,0x0882,0x0882,0x10a3,
  0x10a2,0x0882,0x0861,0x0862,0x10a2,0x10a2,0x1082,0x0882,0x0882,0x0882,0x0882,0x0882,
  0x0882,0x10a2,0x1082,0x10a2,0x10a2,0x1082,0x0882,0x0882,0x0841,0x0861,0x0882,0x10a2,
  0x10a2,0x10a2,0x0882,0x0862,0x0862,0x0861,0x0861,0x0861,0x0861,0x0882,0x0861,0x0841,
  0x0841,0x0841,0x0862,0x0882,0x0862,0x0841,0x0841,0x0841,0x0841,0x0841,0x0841,0x0841,
  0x0041,0x0841,0x0841,0x0841,0x0861,0x0841,0x0041,0x0041,0x0020,0x0020,0x0020,0x0000,
  0x0841,0x0841,0x0841,0x0841,0x0841,0x0841,0x0041,0x0861,0x0841,0x0841,0x0861,0x0841,
  0x0861,0x0841,0x0000,0x0000,0x0841,0x0882,0x1082,0x1082,0x0882,0x0861,0x0841,0x0861,
  0x0882,0x1082,0x0882,0x0841,0x0862,0x1082,0x18c3,0x10a3,0x1082,0x0882,0x0841,0x0841,
  0x0862,0x0882,0x1082,0x0882,0x0862,0x0861,0x0861,0x0841,0x0861,0x0882,0x0862,0x0861,
  0x0861,0x0841,0x0841,0x0020,0x0841,0x0841,0x0041,0x0020,0x0041,0x0041,0x0041,0x0020,
  0x0020,0x0020,0x0020,0x0041,0x0841,0x0841,0x0041,0x0020,0x0020,0x0882,0x0882,0x0862,
  0x0841,0x0041,0x0841,0x0841,0x0841,0x0862,0x0862,0x0841,0x0841,0x0041,0x0841,0x0041,
  0x0841,0x0861,0x0862,0x0841,0x0862,0x0841,0x0841,0x0041,0x0841,0x0862,0x0882,0x0882,
  0x0882,0x0882,0x0882,0x1082,0x1082,0x10a2,0x0882,0x0862,0x0841,0x0882,0x10c3,0x10a3,
  0x10a3,0x10a2,0x1082,0x0861,0x0861,0x1082,0x10c3,0x10a2,0x10a3,0x10c3,0x10a3,0x1082,
  0x0020,0x0841,0x0841,0x0041,0x0041,0x0841,0x0841,0x0041,0x0841,0x0020,0x0841,0x0841,
  0x0020,0x0000,0x0841,0x0861,0x0841,0x0020,0x0020,0x0041,0x0041,0x0861,0x0841,0x0020,
  0x0020,0x0020,0x0841,0x0841,0x0041,0x0841,0x0041,0x0841,
};

static const uint8_t goat_polar_data[] = {
  0xb7,0x7f,0x00,0x0f,0x00,0x3b,0x80,0x3b,0x00,0x3c,0x01,0x3d,0x81,0x3d,0x01,0x3e,
  0x01,0x3f,0x81,0x3f,0x01,0x40,0x81,0x40,0x81,0x41,0x01,0x42,0x80,0x42,0x80,0x43,
  0x00,0x44,0x80,0x44,0xb7,0x7f,0x00,0xb1,0x7f,0x00,0x1b,0x00,0x37,0x80,0x37,0x81,
  0x38,0x01,0x39,0x81,0x39,0x02,0x3a,0x02,0x3b,0x82,0x3b,0x02,0x3c,0x02,0x3d,0x82,
  0x3d,0x02,0x3e,0x02,0x3f,0x82,0x3f,0x02,0x40,0x82,0x40,0x82,0x41,0x02,0x42,0x82,
  0x42,0x82,0x43,0x02,0x44,0x82,0x44,0x81,0x45,0x01,0x46,0x81,0x46,0x01,0x47,0x00,
  0x48,0x80,0x48,0xb1,0x7f,0x00,0xad,0x7f,0x00,0x23,0x80,0x34,0x01,0x35,0x81,0x35,
  0x81,0x36,0x02,0x37,0x82,0x37,0x03,0x38,0x03,0x39,0x83,0x39,0x04,0x3a,0x04,0x3b,
  0x84,0x3b,0x04,0x3c,0x04,0x3d,0x84,0x3d,0x04,0x3e,0x04,0x3f,0x84,0x3f,0x04,0x40,
  0x84,0x40,0x84,0x41,0x04,0x42,0x84,0x42,0x84,0x43,0x04,0x44,0x84,0x44,0x83,0x45,
  0x03,0x46,0x83,0x46,0x82,0x47,0x02,0x48,0x82,0x48,0x01,0x49,0x01,0x4a,0x80,0x4a,
  0x00,0x4b,0xad,0x7f,0x00,0xaa,0x7f,0x00,0x29,0x80,0x32,0x01,0x33,0x81,0x33,0x82,
  0x34,0x02,0x35,0x83,0x35,0x04,0x36,0x04,0x37,0x84,0x37,0x05,0x38,0x85,0x38,0x85,
  0x39,0x06,0x3a,0x86,0x3a,0x86,0x3b,0x06,0x3c,0x86,0x3c,0x86,0x3d,0x07,0x3e,0x87,
  0x3e,0x87,0x3f,0x07,0x40,0x06,0x41,0x86,0x41,0x06,0x42,0x06,0x43,0x86,0x43,0x06,
  0x44,0x06,0x45,0x85,0x45,0x05,0x46,0x05,0x47,0x84,0x47,0x04,0x48,0x84,0x48,0x83,
  0x49,0x03,0x4a,0x82,0x4a,0x02,0x4b,0x01,0x4c,0x80,0x4c,0x00,0x4d,0xaa,0x7f,0x00,
  0xa7,0x7f,0x00,0x2f,0x80,0x30,0x01,0x31,0x81,0x31,0x02,0x32,0x03,0x33,0x83,0x33,
  0x04,0x34,0x85,0x34,0x85,0x35,0x06,0x36,0x86,0x36,0x86,0x37,0x07,0x38,0x87,0x38,
  0x87,0x39,0x08,0x3a,0x88,0x3a,0x88,0x3b,0x08,0x3c,0x88,0x3c,0x88,0x3d,0x08,0x3e,
  0x88,0x3e,0x88,0x3f,0x08,0x40,0x08,0x41,0x88,0x41,0x08,0x42,0x08,0x43,0x88,0x43,
  0x08,0x44,0x07,0x45,0x87,0x45,0x07,0x46,0x07,0x47,0x86,0x47,0x06,0x48,0x05,0x49,
  0x85,0x49,0x04,0x4a,0x04,0x4b,0x83,0x4b,0x03,0x4c,0x82,0x4c,0x82,0x4d,0x01,0x4e,
  0x81,0x4e,0x00,0x4f,0xa7,0x7f,0x00,0xa5,0x7f,0x00,0x33,0x00,0x2f,0x81,0x2f,0x02,
  0x30,0x03,0x31,0x84,0x31,0x04,0x32,0x85,0x32,0x86,0x33,0x06,0x34,0x87,0x34,0x07,
  0x35,0x08,0x36,0x88,0x36,0x09,0x37,0x09,0x38,0x89,0x38,0x09,0x39,0x0a,0x3a,0x8a,
  0x3a,0x0a,0x3b,0x0a,0x3c,0x8a,0x3c,0x8a,0x3d,0x0a,0x3e,0x8a,0x3e,0x8a,0x3f,0x0a,
  0x40,0x0a,0x41,0x8a,0x41,0x0a,0x42,0x0a,0x43,0x8a,0x43,0x89,0x44,0x09,0x45,0x89,
  0x45,0x89,0x46,0x09,0x47,0x88,0x47,0x88,0x48,0x07,0x49,0x87,0x49,0x86,0x4a,0x06,
  0x4b,0x85,0x4b,0x05,0x4c,0x04,0x4d,0x84,0x4d,0x03,0x4e,0x82,0x4e,0x82,0x4f,0x01,
  0x50,0x80,0x50,0xa5,0x7f,0x00,0xa3,0x7f,0x00,0x37,0x81,0x2d,0x01,0x2e,0x83,0x2e,
  0x83,0x2f,0x04,0x30,0x85,0x30,0x06,0x31,0x06,0x32,0x87,0x32,0x08,0x33,0x88,0x33,
  0x89,0x34,0x09,0x35,0x8a,0x35,0x8a,0x36,0x0b,0x37,0x8b,0x37,0x8b,0x38,0x0b,0x39,
  0x0c,0x3a,0x8c,0x3a,0x0c,0x3b,0x0c,0x3c,0x8c,0x3c,0x8c,0x3d,0x0c,0x3e,0x8c,0x3e,
  0x8c,0x3f,0x0c,0x40,0x0c,0x41,0x8c,0x41,0x0c,0x42,0x0c,0x43,0x8c,0x43,0x8c,0x44,
  0x0b,0x45,0x8b,0x45,0x8b,0x46,0x0a,0x47,0x0a,0x48,0x8a,0x48,0x09,0x49,0x09,0x4a,
  0x88,0x4a,0x08,0x4b,0x07,0x4c,0x87,0x4c,0x06,0x4d,0x86,0x4d,0x85,0x4e,0x04,0x4f,
  0x83,0x4f,0x03,0x50,0x02,0x51,0x81,0x51,0x00,0x52,0xa3,0x7f,0x00,0xa1,0x7f,0x00,
  0x3b,0x01,0x2c,0x82,0x2c,0x83,0x2d,0x04,0x2e,0x84,0x2e,0x05,0x2f,0x86,0x2f,0x87,
  0x30,0x08,0x31,0x89,0x31,0x09,0x32,0x0a,0x33,0x8a,0x33,0x0b,0x34,0x0b,0x35,0x8c,
  0x35,0x0c,0x36,0x0d,0x37,0x8d,0x37,0x8d,0x38,0x0e,0x39,0x8e,0x39,0x8e,0x3a,0x0e,
  0x3b,0x0e,0x3c,0x8e,0x3c,0x0f,0x3d,0x0f,0x3e,0x8f,0x3e,0x8f,0x3f,0x0f,0x40,0x0e,
  0x41,0x8e,0x41,0x8e,0x42,0x0e,0x43,0x8e,0x43,0x8e,0x44,0x0d,0x45,0x0d,0x46,0x8d,
  0x46,0x0c,0x47,0x0c,0x48,0x8c,0x48,0x8b,0x49,0x0b,0x4a,0x8a,0x4a,0x8a,0x4b,0x09,
  0x4c,0x89,0x4c,0x88,0x4d,0x07,0x4e,0x87,0x4e,0x06,0x4f,0x05,0x50,0x84,0x50,0x04,
  0x51,0x83,0x51,0x02,0x52,0x01,0x53,0x80,0x53,0xa1,0x7f,0x00,0x9f,0x7f,0x00,0x3f,
  0x81,0x2a,0x81,0x2b,0x03,0x2c,0x84,0x2c,0x05,0x2d,0x86,0x2d,0x07,0x2e,0x08,0x2f,
  0x88,0x2f,0x09,0x30,0x8a,0x30,0x8b,0x31,0x0b,0x32,0x8c,0x32,0x8c,0x33,0x0d,0x34,
  0x8d,0x34,0x8e,0x35,0x0e,0x36,0x8f,0x36,0x8f,0x37,0x0f,0x38,0x10,0x39,0x90,0x39,
  0x90,0x3a,0x10,0x3b,0x90,0x3b,0x90,0x3c,0x10,0x3d,0x10,0x3e,0x90,0x3e,0x90,0x3f,
  0x10,0x40,0x10,0x41,0x90,0x41,0x90,0x42,0x10,0x43,0x10,0x44,0x8f,0x44,0x0f,0x45,
  0x0f,0x46,0x8f,0x46,0x8e,0x47,0x0e,0x48,0x0e,0x49,0x8d,0x49,0x0d,0x4a,0x0c,0x4b,
  0x8c,0x4b,0x0b,0x4c,0x0a,0x4d,0x8a,0x4d,0x09,0x4e,0x09,0x4f,0x88,0x4f,0x07,0x50,
  0x86,0x50,0x86,0x51,0x05,0x52,0x84,0x52,0x03,0x53,0x82,0x53,0x01,0x54,0x00,0x55,
  0x9f,0x7f,0x00,0x9d,0x7f,0x00,0x43,0x80,0x29,0x01,0x2a,0x82,0x2a,0x04,0x2b,0x85,
  0x2b,0x06,0x2c,0x87,0x2c,0x88,0x2d,0x09,0x2e,0x8a,0x2e,0x0b,0x2f,0x0b,0x30,0x8c,
  0x30,0x0d,0x31,0x0d,0x32,0x8e,0x32,0x0f,0x33,0x0f,0x34,0x8f,0x34,0x10,0x35,0x10,
  0x36,0x91,0x36,0x91,0x37,0x12,0x38,0x92,0x38,0x92,0x39,0x12,0x3a,0x12,0x3b,0x92,
  0x3b,0x92,0x3c,0x12,0x3d,0x12,0x3e,0x92,0x3e,0x92,0x3f,0x12,0x40,0x12,0x41,0x92,
  0x41,0x92,0x42,0x12,0x43,0x12,0x44,0x92,0x44,0x91,0x45,0x11,0x46,0x11,0x47,0x90,
  0x47,0x10,0x48,0x0f,0x49,0x8f,0x49,0x8f,0x4a,0x0e,0x4b,0x8e,0x4b,0x8d,0x4c,0x0c,
  0x4d,0x8c,0x4d,0x8b,0x4e,0x0b,0x4f,0x8a,0x4f,0x89,0x50,0x08,0x51,0x87,0x51,0x07,
  0x52,0x06,0x53,0x85,0x53,0x04,0x54,0x83,0x54,0x02,0x55,0x81,0x55,0x00,0x56,0x9d,
  0x7f,0x00,0x9c,0x7f,0x00,0x45,0x81,0x28,0x02,0x29,0x83,0x29,0x04,0x2a,0x86,0x2a,
  0x07,0x2b,0x08,0x2c,0x89,0x2c,0x0a,0x2d,0x8b,0x2d,0x8c,0x2e,0x0c,0x2f,0x8d,0x2f,
  0x0e,0x30,0x0f,0x31,0x8f,0x31,0x10,0x32,0x10,0x33,0x91,0x33,0x92,0x34,0x12,0x35,
  0x92,0x35,0x93,0x36,0x13,0x37,0x13,0x38,0x94,0x38,0x94,0x39,0x14,0x3a,0x14,0x3b,
  0x94,0x3b,0x94,0x3c,0x14,0x3d,0x14,0x3e,0x94,0x3e,0x94,0x3f,0x14,0x40,0x14,0x41,
  0x94,0x41,0x94,0x42,0x14,0x43,0x13,0x44,0x93,0x44,0x93,0x45,0x13,0x46,0x12,0x47,
  0x92,0x47,0x92,0x48,0x11,0x49,0x11,0x4a,0x90,0x4a,0x10,0x4b,0x0f,0x4c,0x8f,0x4c,
  0x8e,0x4d,0x0e,0x4e,0x8d,0x4e,0x8c,0x4f,0x0c,0x50,0x8b,0x50,0x0a,0x51,0x09,0x52,
  0x88,0x52,0x07,0x53,0x87,0x53,0x86,0x54,0x05,0x55,0x84,0x55,0x03,0x56,0x81,0x56,
  0x00,0x57,0x9c,0x7f,0x00,0x9a,0x7f,0x00,0x49,0x00,0x27,0x81,0x27,0x03,0x28,0x84,
  0x28,0x05,0x29,0x86,0x29,0x88,0x2a,0x09,0x2b,0x8a,0x2b,0x0b,0x2c,0x8c,0x2c,0x8d,
  0x2d,0x0e,0x2e,0x8f,0x2e,0x8f,0x2f,0x10,0x30,0x91,0x30,0x91,0x31,0x12,0x32,0x92,
  0x32,0x93,0x33,0x14,0x34,0x14,0x35,0x94,0x35,0x15,0x36,0x15,0x37,0x95,0x37,0x95,
  0x38,0x16,0x39,0x16,0x3a,0x96,0x3a,0x96,0x3b,0x96,0x3c,0x16,0x3d,0x16,0x3e,0x96,
  0x3e,0x96,0x3f,0x16,0x40,0x16,0x41,0x96,0x41,0x96,0x42,0x16,0x43,0x15,0x44,0x15,
  0x45,0x95,0x45,0x95,0x46,0x14,0x47,0x14,0x48,0x93,0x48,0x93,0x49,0x13,0x4a,0x92,
  0x4a,0x92,0x4b,0x11,0x4c,0x11,0x4d,0x90,0x4d,0x0f,0x4e,0x0f,0x4f,0x8e,0x4f,0x0d,
  0x50,0x0d,0x51,0x8c,0x51,0x0b,0x52,0x0a,0x53,0x89,0x53,0x08,0x54,0x87,0x54,0x06,
  0x55,0x05,0x56,0x84,0x56,0x03,0x57,0x82,0x57,0x01,0x58,0x80,0x58,0x9a,0x7f,0x00,
  0x99,0x7f,0x00,0x4b,0x01,0x26,0x82,0x26,0x04,0x27,0x85,0x27,0x86,0x28,0x07,0x29,
  0x89,0x29,0x0a,0x2a,0x8b,0x2a,0x0c,0x2b,0x0d,0x2c,0x8e,0x2c,0x0f,0x2d,0x90,0x2d,
  0x91,0x2e,0x12,0x2f,0x92,0x2f,0x93,0x30,0x13,0x31,0x94,0x31,0x95,0x32,0x15,0x33,
  0x15,0x34,0x96,0x34,0x96,0x35,0x17,0x36,0x17,0x37,0x97,0x37,0x98,0x38,0x18,0x39,
  0x18,0x3a,0x98,0x3a,0x98,0x3b,0x18,0x3c,0x18,0x3d,0x18,0x3e,0x98,0x3e,0x98,0x3f,
  0x18,0x40,0x18,0x41,0x98,0x41,0x98,0x42,0x98,0x43,0x17,0x44,0x17,0x45,0x97,0x45,
  0x97,0x46,0x16,0x47,0x16,0x48,0x95,0x48,0x95,0x49,0x15,0x4a,0x14,0x4b,0x94,0x4b,
  0x93,0x4c,0x12,0x4d,0x12,0x4e,0x91,0x4e,0x11,0x4f,0x10,0x50,0x8f,0x50,0x0f,0x51,
  0x0e,0x52,0x8d,0x52,0x0c,0x53,0x8b,0x53,0x8a,0x54,0x09,0x55,0x88,0x55,0x07,0x56,
  0x86,0x56,0x05,0x57,0x04,0x58,0x83,0x58,0x02,0x59,0x80,0x59,0x99,0x7f,0x00,0x98,
  0x7f,0x00,0x4d,0x01,0x25,0x83,0x25,0x84,0x26,0x05,0x27,0x87,0x27,0x08,0x28,0x8a,
  0x28,0x0b,0x29,0x8c,0x29,0x0d,0x2a,0x0e,0x2b,0x8f,0x2b,0x10,0x2c,0x91,0x2c,0x92,
  0x2d,0x13,0x2e,0x94,0x2e,0x94,0x2f,0x15,0x30,0x96,0x30,0x96,0x31,0x17,0x32,0x17,
  0x33,0x98,0x33,0x98,0x34,0x18,0x35,0x19,0x36,0x99,0x36,0x99,0x37,0x1a,0x38,0x1a,
  0x39,0x9a,0x39,0x9a,0x3a,0x9a,0x3b,0x1a,0x3c,0x1a,0x3d,0x9a,0x3d,0x9a,0x3e,0x9a,
  0x3f,0x1a,0x40,0x1a,0x41,0x1a,0x42,0x9a,0x42,0x99,0x43,0x19,0x44,0x19,0x45,0x19,
  0x46,0x98,0x46,0x98,0x47,0x18,0x48,0x17,0x49,0x97,0x49,0x96,0x4a,0x16,0x4b,0x15,
  0x4c,0x95,0x4c,0x94,0x4d,0x14,0x4e,0x13,0x4f,0x92,0x4f,0x12,0x50,0x11,0x51,0x90,
  0x51,0x0f,0x52,0x0f,0x53,0x8e,0x53,0x0d,0x54,0x8c,0x54,0x8b,0x55,0x0a,0x56,0x89,
  0x56,0x08,0x57,0x87,0x57,0x06,0x58,0x84,0x58,0x03,0x59,0x02,0x5a,0x81,0x5a,0x98,
  0x7f,0x00,0x96,0x7f,0x00,0x51,0x00,0x24,0x82,0x24,0x03,0x25,0x85,0x25,0x06,0x26,
  0x88,0x26,0x09,0x27,0x8a,0x27,0x0c,0x28,0x8d,0x28,0x8e,0x29,0x0f,0x2a,0x90,0x2a,
  0x12,0x2b,0x92,0x2b,0x93,0x2c,0x14,0x2d,0x95,0x2d,0x96,0x2e,0x16,0x2f,0x17,0x30,
  0x98,0x30,0x18,0x31,0x19,0x32,0x99,0x32,0x9a,0x33,0x1a,0x34,0x1b,0x35,0x9b,0x35,
  0x9b,0x36,0x1b,0x37,0x1c,0x38,0x1c,0x39,0x9c,0x39,0x9c,0x3a,0x1c,0x3b,0x1c,0x3c,
  0x1c,0x3d,0x9c,0x3d,0x9c,0x3e,0x9c,0x3f,0x1c,0x40,0x1c,0x41,0x1c,0x42,0x9c,0x42,
  0x9b,0x43,0x9b,0x44,0x1b,0x45,0x1b,0x46,0x9a,0x46,0x9a,0x47,0x9a,0x48,0x19,0x49,
  0x19,0x4a,0x98,0x4a,0x98,0x4b,0x17,0x4c,0x17,0x4d,0x96,0x4d,0x96,0x4e,0x15,0x4f,
  0x95,0x4f,0x94,0x50,0x13,0x51,0x12,0x52,0x92,0x52,0x11,0x53,0x10,0x54,0x8f,0x54,
  0x0e,0x55,0x8d,0x55,0x0c,0x56,0x0b,0x57,0x8a,0x57,0x09,0x58,0x88,0x58,0x06,0x59,
  0x85,0x59,0x04,0x5a,0x83,0x5a,0x01,0x5b,0x80,0x5b,0x96,0x7f,0x00,0x95,0x7f,0x00,
  0x53,0x00,0x23,0x82,0x23,0x04,0x24,0x85,0x24,0x07,0x25,0x88,0x25,0x0a,0x26,0x8b,
  0x26,0x0d,0x27,0x8e,0x27,0x8f,0x28,0x10,0x29,0x91,0x29,0x12,0x2a,0x94,0x2a,0x94,
  0x2b,0x15,0x2c,0x96,0x2c,0x97,0x2d,0x18,0x2e,0x99,0x2e,0x99,0x2f,0x1a,0x30,0x1a,
  0x31,0x9b,0x31,0x9b,0x32,0x1c,0x33,0x1c,0x34,0x9d,0x34,0x9d,0x35,0x9d,0x36,0x1e,
  0x37,0x1e,0x38,0x9e,0x38,0x9e,0x39,0x9e,0x3a,0x1e,0x3b,0x1e,0x3c,0x1e,0x3d,0x9e,
  0x3d,0x9e,0x3e,0x9e,0x3f,0x1e,0x40,0x1e,0x41,0x1e,0x42,0x9e,0x42,0x9d,0x43,0x9d,
  0x44,0x1d,0x45,0x1d,0x46,0x1c,0x47,0x9c,0x47,0x9c,0x48,0x1b,0x49,0x1b,0x4a,0x1a,
  0x4b,0x9a,0x4b,0x99,0x4c,0x19,0x4d,0x18,0x4e,0x98,0x4e,0x97,0x4f,0x16,0x50,0x16,
  0x51,0x95,0x51,0x14,0x52,0x13,0x53,0x92,0x53,0x12,0x54,0x11,0x55,0x90,0x55,0x0f,
  0x56,0x8e,0x56,0x0d,0x57,0x0c,0x58,0x8a,0x58,0x09,0x59,0x88,0x59,0x07,0x5a,0x86,
  0x5a,0x04,0x5b,0x83,0x5b,0x01,0x5c,0x80,0x5c,0x95,0x7f,0x00,0x94,0x7f,0x00,0x55,
  0x01,0x22,0x82,0x22,0x04,0x23,0x86,0x23,0x07,0x24,0x89,0x24,0x0a,0x25,0x8c,0x25,
  0x0d,0x26,0x8f,0x26,0x90,0x27,0x11,0x28,0x92,0x28,0x14,0x29,0x95,0x29,0x96,0x2a,
  0x17,0x2b,0x98,0x2b,0x98,0x2c,0x19,0x2d,0x9a,0x2d,0x9b,0x2e,0x1b,0x2f,0x1c,0x30,
  0x9c,0x30,0x9d,0x31,0x1e,0x32,0x1e,0x33,0x9e,0x33,0x9f,0x34,0x9f,0x35,0x1f,0x36,
  0x1f,0x37,0xa0,0x37,0xa0,0x38,0xa0,0x39,0x20,0x3a,0x20,0x3b,0x20,0x3c,0x20,0x3d,
  0xa0,0x3d,0xa0,0x3e,0xa0,0x3f,0x20,0x40,0x20,0x41,0x20,0x42,0x9f,0x42,0x9f,0x43,
  0x9f,0x44,0x9f,0x45,0x1f,0x46,0x1e,0x47,0x1e,0x48,0x9e,0x48,0x9d,0x49,0x1d,0x4a,
  0x1c,0x4b,0x1c,0x4c,0x9b,0x4c,0x9b,0x4d,0x1a,0x4e,0x1a,0x4f,0x99,0x4f,0x98,0x50,
  0x18,0x51,0x17,0x52,0x96,0x52,0x15,0x53,0x15,0x54,0x94,0x54,0x13,0x55,0x12,0x56,
  0x91,0x56,0x10,0x57,0x8f,0x57,0x0e,0x58,0x0c,0x59,0x8b,0x59,0x0a,0x5a,0x89,0x5a,
  0x07,0x5b,0x86,0x5b,0x05,0x5c,0x83,0x5c,0x02,0x5d,0x80,0x5d,0x94,0x7f,0x00,0x93,
  0x7f,0x00,0x57,0x01,0x21,0x83,0x21,0x04,0x22,0x86,0x22,0x08,0x23,0x89,0x23,0x0b,
  0x24,0x8c,0x24,0x0e,0x25,0x8f,0x25,0x91,0x26,0x12,0x27,0x93,0x27,0x14,0x28,0x96,
  0x28,0x97,0x29,0x18,0x2a,0x99,0x2a,0x9a,0x2b,0x1a,0x2c,0x9b,0x2c,0x9c,0x2d,0x1d,
  0x2e,0x1e,0x2f,0x9e,0x2f,0x9f,0x30,0x1f,0x31,0x20,0x32,0xa0,0x32,0xa0,0x33,0x21,
  0x34,0x21,0x35,0x21,0x36,0xa2,0x36,0xa2,0x37,0xa2,0x38,0x22,0x39,0x22,0x3a,0x22,
  0x3b,0x22,0x3c,0xa2,0x3c,0xa2,0x3d,0xa2,0x3e,0xa2,0x3f,0x22,0x40,0x22,0x41,0x22,
  0x42,0x22,0x43,0xa1,0x43,0xa1,0x44,0xa1,0x45,0xa0,0x46,0x20,0x47,0x20,0x48,0x1f,
  0x49,0x9f,0x49,0x9f,0x4a,0x9e,0x4b,0x1e,0x4c,0x1d,0x4d,0x9d,0x4d,0x9c,0x4e,0x1b,
  0x4f,0x1b,0x50,0x9a,0x50,0x99,0x51,0x19,0x52,0x18,0x53,0x97,0x53,0x16,0x54,0x15,
  0x55,0x95,0x55,0x13,0x56,0x12,0x57,0x91,0x57,0x10,0x58,0x8f,0x58,0x0e,0x59,0x0d,
  0x5a,0x8c,0x5a,0x0a,0x5b,0x89,0x5b,0x08,0x5c,0x86,0x5c,0x05,0x5d,0x83,0x5d,0x02,
  0x5e,0x81,0x5e,0x93,0x7f,0x00,0x92,0x7f,0x00,0x59,0x01,0x20,0x83,0x20,0x05,0x21,
  0x86,0x21,0x08,0x22,0x8a,0x22,0x0c,0x23,0x8d,0x23,0x0f,0x24,0x10,0x25,0x92,0x25,
  0x13,0x26,0x94,0x26,0x15,0x27,0x97,0x27,0x98,0x28,0x19,0x29,0x9a,0x29,0x9b,0x2a,
  0x1c,0x2b,0x9d,0x2b,0x9e,0x2c,0x1e,0x2d,0x1f,0x2e,0x9f,0x2e,0xa0,0x2f,0x21,0x30,
  0x21,0x31,0xa2,0x31,0xa2,0x32,0x23,0x33,0x23,0x34,0x23,0x35,0xa3,0x35,0xa4,0x36,
  0xa4,0x37,0x24,0x38,0x24,0x39,0x24,0x3a,0x24,0x3b,0xa4,0x3b,0xa4,0x3c,0xa4,0x3d,
  0xa4,0x3e,0xa4,0x3f,0x24,0x40,0x24,0x41,0x24,0x42,0x23,0x43,0x23,0x44,0xa3,0x44,
  0xa3,0x45,0xa3,0x46,0xa2,0x47,0x22,0x48,0x22,0x49,0x21,0x4a,0xa1,0x4a,0xa0,0x4b,
  0xa0,0x4c,0x1f,0x4d,0x1f,0x4e,0x9e,0x4e,0x9d,0x4f,0x1d,0x50,0x1c,0x51,0x9b,0x51,
  0x9b,0x52,0x1a,0x53,0x19,0x54,0x98,0x54,0x17,0x55,0x16,0x56,0x95,0x56,0x14,0x57,
  0x13,0x58,0x92,0x58,0x11,0x59,0x90,0x59,0x0f,0x5a,0x8e,0x5a,0x8c,0x5b,0x0b,0x5c,
  0x8a,0x5c,0x08,0x5d,0x87,0x5d,0x05,0x5e,0x84,0x5e,0x02,0x5f,0x81,0x5f,0x92,0x7f,
  0x00,0x91,0x7f,0x00,0x5b,0x81,0x1f,0x03,0x20,0x05,0x20,0x86,0x20,0x08,0x21,0x8a,
  0x21,0x0c,0x22,0x8d,0x22,0x0f,0x23,0x11,0x24,0x92,0x24,0x14,0x25,0x95,0x25,0x16,
  0x26,0x98,0x26,0x99,0x27,0x1a,0x28,0x9b,0x28,0x1c,0x29,0x1d,0x2a,0x9e,0x2a,0x1f,
  0x2b,0x20,0x2c,0xa0,0x2c,0xa1,0x2d,0x22,0x2e,0x22,0x2f,0xa3,0x2f,0xa3,0x30,0xa4,
  0x31,0x24,0x32,0x25,0x33,0xa5,0x33,0xa5,0x34,0xa6,0x35,0xa6,0x36,0x26,0x37,0x26,
  0x38,0x26,0x39,0x26,0x3a,0xa6,0x3a,0xa6,0x3b,0xa6,0x3c,0xa6,0x3d,0xa6,0x3e,0xa6,
  0x3f,0x26,0x40,0x26,0x41,0x26,0x42,0x26,0x43,0x25,0x44,0x25,0x45,0xa5,0x45,0xa4,
  0x46,0xa4,0x47,0xa4,0x48,0x23,0x49,0x23,0x4a,0x23,0x4b,0x22,0x4c,0xa2,0x4c,0xa1,
  0x4d,0x20,0x4e,0x20,0x4f,0x1f,0x50,0x9f,0x50,0x9e,0x51,0x1d,0x52,0x1c,0x53,0x9c,
  0x53,0x9b,0x54,0x1a,0x55,0x99,0x55,0x98,0x56,0x17,0x57,0x96,0x57,0x15,0x58,0x14,
  0x59,0x93,0x59,0x12,0x5a,0x91,0x5a,0x0f,0x5b,0x8e,0x5b,0x8d,0x5c,0x0b,0x5d,0x8a,
  0x5d,0x08,0x5e,0x87,0x5e,0x05,0x5f,0x84,0x5f,0x02,0x60,0x01,0x60,0x91,0x7f,0x00,
  0x90,0x7f,0x00,0x5d,0x81,0x1e,0x03,0x1f,0x85,0x1f,0x07,0x20,0x09,0x20,0x8a,0x20,
  0x0c,0x21,0x8e,0x21,0x10,0x22,0x11,0x23,0x93,0x23,0x14,0x24,0x96,0x24,0x17,0x25,
  0x98,0x25,0x1a,0x26,0x1b,0x27,0x9c,0x27,0x1d,0x28,0x1e,0x29,0x9f,0x29,0x20,0x2a,
  0x21,0x2b,0xa2,0x2b,0xa3,0x2c,0x23,0x2d,0x24,0x2e,0xa4,0x2e,0xa5,0x2f,0x26,0x30,
  0x26,0x31,0x26,0x32,0xa7,0x32,0xa7,0x33,0xa7,0x34,0x27,0x35,0x28,0x36,0x28,0x37,
  0x28,0x38,0x28,0x39,0xa8,0x39,0xa8,0x3a,0xa8,0x3b,0xa8,0x3c,0xa8,0x3d,0xa8,0x3e,
  0xa8,0x3f,0x28,0x40,0x28,0x41,0x28,0x42,0x27,0x43,0x27,0x44,0x27,0x45,0x27,0x46,
  0xa7,0x46,0xa6,0x47,0xa6,0x48,0xa5,0x49,0xa5,0x4a,0x25,0x4b,0x24,0x4c,0x23,0x4d,
  0xa3,0x4d,0xa3,0x4e,0xa2,0x4f,0x21,0x50,0x20,0x51,0xa0,0x51,0x9f,0x52,0x1e,0x53,
  0x1e,0x54,0x9d,0x54,0x9c,0x55,0x1b,0x56,0x9a,0x56,0x99,0x57,0x18,0x58,0x97,0x58,
  0x96,0x59,0x15,0x5a,0x94,0x5a,0x12,0x5b,0x91,0x5b,0x10,0x5c,0x8f,0x5c,0x8d,0x5d,
  0x0c,0x5e,0x8a,0x5e,0x09,0x5f,0x87,0x5f,0x06,0x60,0x04,0x60,0x82,0x60,0x01,0x61,
  0x90,0x7f,0x00,0x8f,0x7f,0x00,0x5f,0x81,0x1d,0x03,0x1e,0x85,0x1e,0x07,0x1f,0x89,
  0x1f,0x0a,0x20,0x0c,0x20,0x8e,0x20,0x10,0x21,0x12,0x22,0x93,0x22,0x15,0x23,0x96,
  0x23,0x18,0x24,0x99,0x24,0x1b,0x25,0x1c,0x26,0x9d,0x26,0x1e,0x27,0x9f,0x27,0xa0,
  0x28,0x21,0x29,0xa2,0x29,0xa3,0x2a,0x24,0x2b,0x24,0x2c,0xa5,0x2c,0xa6,0x2d,0x26,
  0x2e,0x27,0x2f,0x27,0x30,0xa8,0x30,0xa8,0x31,0xa9,0x32,0x29,0x33,0x29,0x34,0x2a,
  0x35,0x2a,0x36,0x2a,0x37,0xaa,0x37,0xaa,0x38,0xaa,0x39,0xaa,0x3a,0xaa,0x3b,0xaa,
  0x3c,0xaa,0x3d,0xaa,0x3e,0xaa,0x3f,0x2a,0x40,0x2a,0x41,0x2a,0x42,0x29,0x43,0x29,
  0x44,0x29,0x45,0x28,0x46,0x28,0x47,0x28,0x48,0xa7,0x48,0xa7,0x49,0xa7,0x4a,0xa6,
  0x4b,0xa6,0x4c,0x25,0x4d,0x25,0x4e,0x24,0x4f,0xa3,0x4f,0xa3,0x50,0xa2,0x51,0x22,
  0x52,0x21,0x53,0xa0,0x53,0x9f,0x54,0x1f,0x55,0x1e,0x56,0x9d,0x56,0x1c,0x57,0x1b,
  0x58,0x9a,0x58,0x19,0x59,0x98,0x59,0x97,0x5a,0x15,0x5b,0x94,0x5b,0x13,0x5c,0x92,
  0x5c,0x10,0x5d,0x8f,0x5d,0x8d,0x5e,0x0c,0x5f,0x8a,0x5f,0x09,0x60,0x07,0x60,0x85,
  0x60,0x04,0x61,0x82,0x61,0x00,0x62,0x8f,0x7f,0x00,0x8e,0x7f,0x00,0x61,0x80,0x1c,
  0x03,0x1d,0x84,0x1d,0x06,0x1e,0x88,0x1e,0x0a,0x1f,0x8c,0x1f,0x0e,0x20,0x10,0x20,
  0x12,0x21,0x93,0x21,0x15,0x22,0x97,0x22,0x18,0x23,0x9a,0x23,0x1b,0x24,0x9d,0x24,
  0x9e,0x25,0x1f,0x26,0xa0,0x26,0x21,0x27,0x22,0x28,0xa3,0x28,0xa4,0x29,0x25,0x2a,
  0x26,0x2b,0xa7,0x2b,0xa7,0x2c,0x28,0x2d,0x28,0x2e,0xa9,0x2e,0xaa,0x2f,0xaa,0x30,
  0x2a,0x31,0x2b,0x32,0x2b,0x33,0x2b,0x34,0xab,0x34,0xac,0x35,0xac,0x36,0xac,0x37,
  0xac,0x38,0xac,0x39,0xac,0x3a,0xac,0x3b,0xac,0x3c,0xac,0x3d,0xac,0x3e,0xac,0x3f,
  0x2c,0x40,0x2c,0x41,0x2b,0x42,0x2b,0x43,0x2b,0x44,0x2b,0x45,0x2b,0x46,0x2a,0x47,
  0x2a,0x48,0x29,0x49,0x29,0x4a,0x29,0x4b,0xa8,0x4b,0xa8,0x4c,0xa7,0x4d,0xa7,0x4e,
  0x26,0x4f,0x25,0x50,0x25,0x51,0xa4,0x51,0xa3,0x52,0x23,0x53,0x22,0x54,0xa1,0x54,
  0xa0,0x55,0x1f,0x56,0x1f,0x57,0x9e,0x57,0x9d,0x58,0x1c,0x59,0x9b,0x59,0x19,0x5a,
  0x18,0x5b,0x97,0x5b,0x16,0x5c,0x95,0x5c,0x13,0x5d,0x92,0x5d,0x11,0x5e,0x8f,0x5e,
  0x8e,0x5f,0x0c,0x60,0x0a,0x60,0x89,0x60,0x07,0x61,0x85,0x61,0x04,0x62,0x82,0x62,
  0x00,0x63,0x8e,0x7f,0x00,0x8d,0x7f,0x00,0x63,0x80,0x1b,0x02,0x1c,0x84,0x1c,0x06,
  0x1d,0x88,0x1d,0x0a,0x1e,0x8c,0x1e,0x0e,0x1f,0x90,0x1f,0x12,0x20,0x94,0x20,0x15,
  0x21,0x97,0x21,0x19,0x22,0x9a,0x22,0x1c,0x23,0x9d,0x23,0x1f,0x24,0x20,0x25,0xa1,
  0x25,0x23,0x26,0x23,0x27,0xa5,0x27,0x26,0x28,0x27,0x29,0xa7,0x29,0xa8,0x2a,0x29,
  0x2b,0x2a,0x2c,0xaa,0x2c,0xab,0x2d,0xab,0x2e,0x2c,0x2f,0x2c,0x30,0x2c,0x31,0xad,
  0x31,0xad,0x32,0xad,0x33,0xae,0x34,0xae,0x35,0xae,0x36,0xae,0x37,0xae,0x38,0xae,
  0x39,0xae,0x3a,0x2e,0x3b,0x2e,0x3c,0x2e,0x3d,0x2e,0x3e,0x2e,0x3f,0xae,0x40,0xae,
  0x41,0xae,0x42,0xad,0x43,0xad,0x44,0x2d,0x45,0x2c,0x46,0x2c,0x47,0x2c,0x48,0x2b,
  0x49,0x2b,0x4a,0x2b,0x4b,0x2a,0x4c,0x2a,0x4d,0x29,0x4e,0xa9,0x4e,0xa8,0x4f,0xa7,
  0x50,0x27,0x51,0x26,0x52,0x26,0x53,0xa5,0x53,0xa4,0x54,0x23,0x55,0x22,0x56,0xa2,
  0x56,0xa1,0x57,0x1f,0x58,0x9f,0x58,0x9e,0x59,0x1c,0x5a,0x9b,0x5a,0x9a,0x5b,0x19,
  0x5c,0x98,0x5c,0x16,0x5d,0x95,0x5d,0x14,0x5e,0x92,0x5e,0x11,0x5f,0x0f,0x60,0x0e,
  0x60,0x8c,0x60,0x0b,0x61,0x89,0x61,0x07,0x62,0x85,0x62,0x03,0x63,0x82,0x63,0x00,
  0x64,0x8d,0x7f,0x00,0x8d,0x7f,0x00,0x63,0x02,0x1b,0x84,0x1b,0x06,0x1c,0x88,0x1c,
  0x0a,0x1d,0x8c,0x1d,0x0e,0x1e,0x90,0x1e,0x92,0x1e,0x14,0x1f,0x15,0x20,0x97,0x20,
  0x19,0x21,0x9b,0x21,0x1c,0x22,0x9e,0x22,0x1f,0x23,0xa1,0x23,0xa2,0x24,0x23,0x25,
  0xa5,0x25,0xa6,0x26,0x27,0x27,0xa8,0x27,0xa9,0x28,0x29,0x29,0x2a,0x2a,0xab,0x2a,
  0xac,0x2b,0x2c,0x2c,0x2d,0x2d,0x2d,0x2e,0x2e,0x2f,0xae,0x2f,0xaf,0x30,0xaf,0x31,
  0xaf,0x32,0xb0,0x33,0x30,0x34,0x30,0x35,0x30,0x36,0x30,0x37,0x30,0x38,0x30,0x39,
  0x30,0x3a,0x30,0x3b,0x30,0x3c,0x30,0x3d,0x30,0x3e,0x30,0x3f,0xb0,0x40,0xb0,0x41,
  0xb0,0x42,0xaf,0x43,0xaf,0x44,0xaf,0x45,0xae,0x46,0xae,0x47,0xae,0x48,0xad,0x49,
  0xad,0x4a,0xac,0x4b,0x2c,0x4c,0x2c,0x4d,0x2b,0x4e,0x2b,0x4f,0x2a,0x50,0xa9,0x50,
  0xa9,0x51,0xa8,0x52,0xa7,0x53,0x27,0x54,0x26,0x55,0xa5,0x55,0xa4,0x56,0x23,0x57,
  0x22,0x58,0xa2,0x58,0x20,0x59,0x1f,0x5a,0x9e,0x5a,0x1d,0x5b,0x1c,0x5c,0x9b,0x5c,
  0x1a,0x5d,0x98,0x5d,0x17,0x5e,0x95,0x5e,0x14,0x5f,0x12,0x60,0x91,0x60,0x0f,0x61,
  0x0e,0x61,0x8c,0x61,0x0a,0x62,0x89,0x62,0x07,0x63,0x85,0x63,0x03,0x64,0x81,0x64,
  0x8d,0x7f,0x00,0x8c,0x7f,0x00,0x65,0x82,0x1a,0x84,0x1a,0x06,0x1b,0x88,0x1b,0x0a,
  0x1c,0x8c,0x1c,0x0e,0x1d,0x90,0x1d,0x92,0x1d,0x14,0x1e,0x96,0x1e,0x18,0x1f,0x19,
  0x20,0x9b,0x20,0x1d,0x21,0x9f,0x21,0x20,0x22,0xa2,0x22,0x23,0x23,0x24,0x24,0xa5,
  0x24,0x27,0x25,0x28,0x26,0xa9,0x26,0x2a,0x27,0x2b,0x28,0xac,0x28,0xac,0x29,0x2d,
  0x2a,0x2e,0x2b,0x2e,0x2c,0xaf,0x2c,0xb0,0x2d,0xb0,0x2e,0xb1,0x2f,0x31,0x30,0x31,
  0x31,0x31,0x32,0x31,0x33,0x32,0x34,0x32,0x35,0x32,0x36,0x32,0x37,0x32,0x38,0x32,
  0x39,0x32,0x3a,0x32,0x3b,0x32,0x3c,0x32,0x3d,0x32,0x3e,0x32,0x3f,0xb2,0x40,0xb2,
  0x41,0xb1,0x42,0xb1,0x43,0xb1,0x44,0xb1,0x45,0xb1,0x46,0xb0,0x47,0xb0,0x48,0xb0,
  0x49,0xaf,0x4a,0xaf,0x4b,0xae,0x4c,0xae,0x4d,0xad,0x4e,0xac,0x4f,0x2c,0x50,0x2b,
  0x51,0x2b,0x52,0x2a,0x53,0xa9,0x53,0xa9,0x54,0xa8,0x55,0x27,0x56,0x26,0x57,0xa5,
  0x57,0xa4,0x58,0x23,0x59,0xa2,0x59,0xa1,0x5a,0x20,0x5b,0x9f,0x5b,0x9e,0x5c,0x1d,
  0x5d,0x9b,0x5d,0x1a,0x5e,0x99,0x5e,0x17,0x5f,0x16,0x60,0x94,0x60,0x13,0x61,0x91,
  0x61,0x0f,0x62,0x0e,0x62,0x8c,0x62,0x0a,0x63,0x88,0x63,0x07,0x64,0x85,0x64,0x03,
  0x65,0x01,0x65,0x8c,0x7f,0x00,0x8b,0x7f,0x00,0x67,0x81,0x19,0x03,0x1a,0x05,0x1a,
  0x87,0x1a,0x0a,0x1b,0x8c,0x1b,0x0e,0x1c,0x90,0x1c,0x92,0x1c,0x14,0x1d,0x96,0x1d,
  0x18,0x1e,0x99,0x1e,0x1b,0x1f,0x1d,0x20,0x9f,0x20,0x20,0x21,0xa2,0x21,0x24,0x22,
  0xa5,0x22,0xa6,0x23,0x27,0x24,0xa9,0x24,0xaa,0x25,0x2b,0x26,0xac,0x26,0xad,0x27,
  0x2e,0x28,0x2f,0x29,0xaf,0x29,0xb0,0x2a,0xb1,0x2b,0x31,0x2c,0x32,0x2d,0x32,0x2e,
  0x32,0x2f,0x33,0x30,0xb3,0x30,0xb3,0x31,0xb4,0x32,0xb4,0x33,0xb4,0x34,0xb4,0x35,
  0xb4,0x36,0xb4,0x37,0x34,0x39,0x34,0x3a,0x34,0x3b,0x34,0x3c,0x34,0x3d,0x34,0x3e,
  0x34,0x3f,0xb4,0x40,0xb4,0x41,0xb3,0x42,0xb3,0x43,0xb3,0x44,0xb3,0x45,0xb2,0x46,
  0x32,0x48,0x32,0x49,0x31,0x4a,0x31,0x4b,0x31,0x4c,0x30,0x4d,0x30,0x4e,0x2f,0x4f,
  0xae,0x4f,0xae,0x50,0xad,0x51,0xac,0x52,0xac,0x53,0x2b,0x54,0x2b,0x55,0x2a,0x56,
  0xa9,0x56,0xa8,0x57,0x27,0x58,0x26,0x59,0xa5,0x59,0x24,0x5a,0x23,0x5b,0xa2,0x5b,
  0x21,0x5c,0x20,0x5d,0x9e,0x5d,0x1d,0x5e,0x9c,0x5e,0x1b,0x5f,0x19,0x60,0x98,0x60,
  0x16,0x61,0x95,0x61,0x13,0x62,0x91,0x62,0x10,0x63,0x0e,0x63,0x8c,0x63,0x0a,0x64,
  0x88,0x64,0x06,0x65,0x84,0x65,0x82,0x65,0x00,0x66,0x8b,0x7f,0x00,0x8a,0x7f,0x00,
  0x69,0x80,0x18,0x03,0x19,0x05,0x19,0x87,0x19,0x09,0x1a,0x8b,0x1a,0x0e,0x1b,0x90,
  0x1b,0x92,0x1b,0x14,0x1c,0x96,0x1c,0x18,0x1d,0x9a,0x1d,0x1c,0x1e,0x9d,0x1e,0x1f,
  0x1f,0x21,0x20,0xa3,0x20,0x24,0x21,0xa6,0x21,0x27,0x22,0xa8,0x22,0xaa,0x23,0x2b,
  0x24,0xac,0x24,0xad,0x25,0x2e,0x26,0x2f,0x27,0xb0,0x27,0xb1,0x28,0x31,0x29,0x32,
  0x2a,0x33,0x2b,0x33,0x2c,0xb4,0x2c,0xb4,0x2d,0xb5,0x2e,0xb5,0x2f,0xb5,0x30,0xb6,
  0x31,0xb6,0x32,0xb6,0x33,0xb6,0x34,0xb6,0x35,0xb7,0x36,0xb7,0x37,0xb7,0x38,0xb7,
  0x39,0x37,0x3b,0x37,0x3c,0x37,0x3d,0x36,0x3e,0x36,0x3f,0xb6,0x40,0xb6,0x41,0xb6,
  0x42,0xb6,0x43,0xb5,0x44,0x35,0x46,0x35,0x47,0x34,0x48,0x34,0x49,0x33,0x4a,0x33,
  0x4b,0x32,0x4c,0x32,0x4d,0x31,0x4e,0x31,0x4f,0x31,0x50,0x30,0x51,0x2f,0x52,0x2f,
  0x53,0xae,0x53,0xad,0x54,0xac,0x55,0xac,0x56,0x2b,0x57,0x2a,0x58,0xa9,0x58,0xa8,
  0x59,0x27,0x5a,0x26,0x5b,0xa5,0x5b,0x24,0x5c,0x23,0x5d,0xa2,0x5d,0x20,0x5e,0x9f,
  0x5e,0x1e,0x5f,0x1c,0x60,0x9b,0x60,0x19,0x61,0x98,0x61,0x16,0x62,0x94,0x62,0x13,
  0x63,0x91,0x63,0x0f,0x64,0x0e,0x64,0x8c,0x64,0x0a,0x65,0x88,0x65,0x06,0x66,0x84,
  0x66,0x82,0x66,0x00,0x67,0x8a,0x7f,0x00,0x8a,0x7f,0x00,0x69,0x02,0x18,0x84,0x18,
  0x86,0x18,0x09,0x19,0x8b,0x19,0x0d,0x1a,0x8f,0x1a,0x92,0x1a,0x14,0x1b,0x96,0x1b,
  0x18,0x1c,0x9a,0x1c,0x1b,0x1d,0x9d,0x1d,0x1f,0x1e,0xa1,0x1e,0x23,0x1f,0x25,0x20,
  0xa6,0x20,0x28,0x21,0xa9,0x21,0x2b,0x22,0x2c,0x23,0xad,0x23,0x2e,0x24,0x30,0x25,
  0xb0,0x25,0xb1,0x26,0x32,0x27,0x33,0x28,0xb4,0x28,0xb4,0x29,0xb5,0x2a,0xb6,0x2b,
  0x36,0x2c,0x36,0x2d,0x37,0x2e,0x37,0x2f,0x37,0x30,0x38,0x31,0x38,0x32,0x38,0x33,
  0x38,0x34,0x38,0x35,0x38,0x36,0xb8,0x37,0xb8,0x38,0xb8,0x39,0xb8,0x3a,0xb8,0x3b,
  0x38,0x3d,0x38,0x3e,0x38,0x3f,0xb8,0x40,0xb8,0x41,0xb7,0x42,0x37,0x44,0x37,0x45,
  0x37,0x46,0x37,0x47,0x36,0x48,0xb6,0x49,0xb5,0x4a,0xb5,0x4b,0xb5,0x4c,0xb4,0x4d,
  0xb3,0x4e,0xb3,0x4f,0xb2,0x50,0xb2,0x51,0xb1,0x52,0xb1,0x53,0x30,0x54,0x2f,0x55,
  0x2e,0x56,0x2d,0x57,0xad,0x57,0xac,0x58,0x2b,0x59,0x2a,0x5a,0xa9,0x5a,0xa8,0x5b,
  0x27,0x5c,0xa6,0x5c,0xa5,0x5d,0x23,0x5e,0xa2,0x5e,0x21,0x5f,0x1f,0x60,0x9e,0x60,
  0x1d,0x61,0x9b,0x61,0x19,0x62,0x98,0x62,0x16,0x63,0x95,0x63,0x13,0x64,0x91,0x64,
  0x0f,0x65,0x0d,0x65,0x8b,0x65,0x09,0x66,0x87,0x66,0x05,0x67,0x03,0x67,0x81,0x67,
  0x8a,0x7f,0x00,0x89,0x7f,0x00,0x6b,0x01,0x17,0x83,0x17,0x06,0x18,0x08,0x18,0x8a,
  0x18,0x0d,0x19,0x8f,0x19,0x11,0x1a,0x13,0x1a,0x95,0x1a,0x18,0x1b,0x99,0x1b,0x1c,
  0x1c,0x9e,0x1c,0x1f,0x1d,0xa1,0x1d,0x23,0x1e,0xa5,0x1e,0x27,0x1f,0x28,0x20,0xaa,
  0x20,0x2c,0x21,0xad,0x21,0xae,0x22,0x30,0x23,0xb1,0x23,0xb2,0x24,0x33,0x25,0x34,
  0x26,0xb4,0x26,0xb5,0x27,0x36,0x28,0x37,0x29,0x37,0x2a,0x37,0x2b,0xb8,0x2b,0xb8,
  0x2c,0xb9,0x2d,0xb9,0x2e,0xba,0x2f,0xba,0x30,0xba,0x31,0xba,0x32,0xba,0x33,0x3b,
  0x35,0x3b,0x36,0x3b,0x37,0x3b,0x38,0xbb,0x39,0xbb,0x3a,0xbb,0x3b,0x3b,0x3d,0x3a,
  0x3e,0x3a,0x3f,0xba,0x40,0xba,0x41,0xba,0x42,0x39,0x44,0x39,0x45,0x39,0x46,0xb8,
  0x47,0xb8,0x48,0xb8,0x49,0xb7,0x4a,0x37,0x4c,0x37,0x4d,0x36,0x4e,0x36,0x4f,0x35,
  0x50,0x34,0x51,0x34,0x52,0x33,0x53,0x32,0x54,0xb2,0x54,0xb1,0x55,0xb1,0x56,0xb0,
  0x57,0x2f,0x58,0x2e,0x59,0xad,0x59,0xac,0x5a,0x2b,0x5b,0x2a,0x5c,0xa9,0x5c,0x28,
  0x5d,0x27,0x5e,0xa6,0x5e,0x24,0x5f,0x23,0x60,0xa1,0x60,0x20,0x61,0x9e,0x61,0x1d,
  0x62,0x9b,0x62,0x1a,0x63,0x98,0x63,0x16,0x64,0x95,0x64,0x13,0x65,0x91,0x65,0x8f,
  0x65,0x0d,0x66,0x8b,0x66,0x09,0x67,0x87,0x67,0x85,0x67,0x03,0x68,0x81,0x68,0x89,
  0x7f,0x00,0x88,0x7f,0x00,0x6d,0x01,0x16,0x82,0x16,0x05,0x17,0x07,0x17,0x8a,0x17,
  0x0c,0x18,0x8e,0x18,0x11,0x19,0x13,0x19,0x95,0x19,0x17,0x1a,0x99,0x1a,0x1b,0x1b,
  0x9d,0x1b,0x1f,0x1c,0xa1,0x1c,0x23,0x1d,0xa5,0x1d,0x27,0x1e,0xa9,0x1e,0x2b,0x1f,
  0x2c,0x20,0xae,0x20,0x2f,0x21,0xb0,0x21,0xb2,0x22,0x33,0x23,0xb4,0x23,0xb5,0x24,
  0x36,0x25,0x37,0x26,0x37,0x27,0xb8,0x27,0xb9,0x28,0xb9,0x29,0xba,0x2a,0x3a,0x2b,
  0x3b,0x2c,0x3b,0x2d,0x3b,0x2e,0x3c,0x2f,0x3c,0x30,0x3c,0x31,0xbc,0x32,0xbd,0x33,
  0xbd,0x34,0xbd,0x35,0x3d,0x37,0x3d,0x38,0x3d,0x39,0xbd,0x3a,0xbd,0x3b,0xbd,0x3c,
  0x3c,0x3e,0x3c,0x3f,0xbc,0x40,0xbc,0x41,0x3c,0x43,0x3b,0x44,0x3b,0x45,0xbb,0x46,
  0xba,0x47,0xba,0x48,0x3a,0x4a,0x39,0x4b,0x39,0x4c,0x38,0x4d,0xb8,0x4e,0xb7,0x4f,
  0xb7,0x50,0xb6,0x51,0xb6,0x52,0xb5,0x53,0xb5,0x54,0x34,0x55,0x33,0x56,0x32,0x57,
  0x31,0x58,0xb1,0x58,0xb0,0x59,0xaf,0x5a,0x2e,0x5b,0x2d,0x5c,0xac,0x5c,0x2b,0x5d,
  0x2a,0x5e,0xa8,0x5e,0x27,0x5f,0x26,0x60,0xa5,0x60,0x23,0x61,0xa2,0x61,0x20,0x62,
  0x9f,0x62,0x1d,0x63,0x9b,0x63,0x19,0x64,0x98,0x64,0x16,0x65,0x94,0x65,0x12,0x66,
  0x90,0x66,0x8e,0x66,0x0c,0x67,0x8a,0x67,0x08,0x68,0x86,0x68,0x84,0x68,0x02,0x69,
  0x80,0x69,0x88,0x7f,0x00,0x88,0x7f,0x00,0x6d,0x82,0x15,0x04,0x16,0x87,0x16,0x89,
  0x16,0x0b,0x17,0x8e,0x17,0x10,0x18,0x12,0x18,0x95,0x18,0x17,0x19,0x99,0x19,0x1b,
  0x1a,0x9d,0x1a,0x1f,0x1b,0xa1,0x1b,0x23,0x1c,0xa5,0x1c,0x27,0x1d,0xa9,0x1d,0x2b,
  0x1e,0xac,0x1e,0x2e,0x1f,0x30,0x20,0xb1,0x20,0x32,0x21,0xb4,0x21,0xb5,0x22,0x36,
  0x23,0x37,0x24,0xb8,0x24,0xb9,0x25,0x3a,0x26,0x3a,0x27,0x3b,0x28,0x3c,0x29,0xbc,
  0x29,0xbd,0x2a,0xbd,0x2b,0xbd,0x2c,0xbe,0x2d,0xbe,0x2e,0xbe,0x2f,0x3f,0x31,0x3f,
  0x32,0x3f,0x33,0x3f,0x34,0xbf,0x35,0xbf,0x36,0xbf,0x37,0x3f,0x39,0x3f,0x3a,0xbf,
  0x3b,0xbf,0x3c,0x3f,0x3e,0x3f,0x3f,0xbe,0x40,0xbe,0x41,0x3e,0x43,0x3e,0x44,0xbd,
  0x45,0xbd,0x46,0x3d,0x48,0x3c,0x49,0x3c,0x4a,0xbb,0x4b,0xbb,0x4c,0xbb,0x4d,0xba,
  0x4e,0x39,0x50,0x39,0x51,0x38,0x52,0x38,0x53,0x37,0x54,0x37,0x55,0x36,0x56,0xb5,
  0x56,0xb4,0x57,0xb3,0x58,0xb3,0x59,0x32,0x5a,0x31,0x5b,0xb0,0x5b,0xaf,0x5c,0x2e,
  0x5d,0x2d,0x5e,0xab,0x5e,0x2a,0x5f,0x29,0x60,0xa8,0x60,0x27,0x61,0xa5,0x61,0x24,
  0x62,0xa2,0x62,0x20,0x63,0x9f,0x63,0x1d,0x64,0x9b,0x64,0x1a,0x65,0x98,0x65,0x16,
  0x66,0x94,0x66,0x12,0x67,0x90,0x67,0x8e,0x67,0x0c,0x68,0x8a,0x68,0x08,0x69,0x05,
  0x69,0x83,0x69,0x01,0x6a,0x88,0x7f,0x00,0x87,0x7f,0x00,0x6f,0x01,0x15,0x03,0x15,
  0x85,0x15,0x08,0x16,0x0a,0x16,0x8d,0x16,0x0f,0x17,0x11,0x17,0x94,0x17,0x16,0x18,
  0x98,0x18,0x1b,0x19,0x9d,0x19,0x9f,0x19,0x21,0x1a,0xa3,0x1a,0x25,0x1b,0xa7,0x1b,
  0x29,0x1c,0x2b,0x1d,0xad,0x1d,0x2f,0x1e,0xb0,0x1e,0x32,0x1f,0x33,0x20,0xb4,0x20,
  0x36,0x21,0x37,0x22,0xb8,0x22,0xb9,0x23,0x3a,0x24,0x3b,0x25,0xbc,0x25,0xbc,0x26,
  0xbd,0x27,0x3e,0x28,0x3e,0x29,0x3f,0x2a,0x3f,0x2b,0x3f,0x2c,0x40,0x2d,0x40,0x2e,
  0xc0,0x2f,0xc0,0x30,0xc0,0x31,0xc0,0x32,0x41,0x34,0x41,0x35,0x41,0x36,0xc1,0x37,
  0xc1,0x38,0x41,0x3a,0x40,0x3b,0xc0,0x3c,0x40,0x3e,0x40,0x3f,0xc0,0x40,0xc0,0x41,
  0x40,0x43,0xbf,0x44,0xbf,0x45,0x3f,0x47,0x3f,0x48,0xbe,0x49,0xbe,0x4a,0xbd,0x4b,
  0x3d,0x4d,0x3c,0x4e,0x3c,0x4f,0x3b,0x50,0xbb,0x51,0xba,0x52,0xba,0x53,0xb9,0x54,
  0xb8,0x55,0xb7,0x56,0xb7,0x57,0x36,0x58,0x35,0x59,0x35,0x5a,0xb4,0x5a,0xb3,0x5b,
  0x32,0x5c,0x31,0x5d,0xb0,0x5d,0xaf,0x5e,0x2d,0x5f,0x2c,0x60,0xab,0x60,0x2a,0x61,
  0xa8,0x61,0x27,0x62,0xa5,0x62,0xa4,0x63,0x22,0x64,0xa0,0x64,0x1f,0x65,0x9d,0x65,
  0x1b,0x66,0x19,0x66,0x97,0x66,0x15,0x67,0x93,0x67,0x11,0x68,0x8f,0x68,0x8d,0x68,
  0x0b,0x69,0x89,0x69,0x87,0x69,0x04,0x6a,0x82,0x6a,0x80,0x6a,0x87,0x7f,0x00,0x87,
  0x7f,0x00,0x6f,0x02,0x14,0x85,0x14,0x07,0x15,0x09,0x15,0x8c,0x15,0x0e,0x16,0x11,
  0x16,0x93,0x16,0x15,0x17,0x98,0x17,0x1a,0x18,0x1c,0x18,0x9f,0x18,0x21,0x19,0xa3,
  0x19,0x25,0x1a,0xa7,0x1a,0x29,0x1b,0xab,0x1b,0x2d,0x1c,0xaf,0x1c,0x31,0x1d,0x32,
  0x1e,0xb4,0x1e,0x35,0x1f,0x37,0x20,0xb8,0x20,0x39,0x21,0x3a,0x22,0xbb,0x22,0xbc,
  0x23,0x3d,0x24,0x3e,0x25,0x3f,0x26,0xbf,0x26,0xc0,0x27,0xc0,0x28,0xc1,0x29,0xc1,
  0x2a,0xc1,0x2b,0xc2,0x2c,0xc2,0x2d,0x42,0x2f,0x42,0x30,0x42,0x31,0x43,0x32,0xc3,
  0x33,0xc3,0x34,0x43,0x36,0x43,0x37,0xc3,0x38,0x43,0x3a,0x43,0x3b,0xc2,0x3c,0xc2,
  0x3d,0x42,0x3f,0xc2,0x40,0x42,0x42,0x41,0x43,0xc1,0x44,0xc1,0x45,0x41,0x47,0xc0,
  0x48,0xc0,0x49,0x40,0x4b,0x3f,0x4c,0xbf,0x4d,0xbf,0x4e,0xbe,0x4f,0xbd,0x50,0x3d,
  0x52,0x3c,0x53,0x3c,0x54,0x3b,0x55,0x3a,0x56,0x39,0x57,0x39,0x58,0x38,0x59,0xb7,
  0x59,0xb7,0x5a,0xb6,0x5b,0x35,0x5c,0x34,0x5d,0xb2,0x5d,0xb1,0x5e,0x30,0x5f,0x2f,
  0x60,0xae,0x60,0x2d,0x61,0xab,0x61,0xaa,0x62,0x28,0x63,0xa7,0x63,0x25,0x64,0xa4,
  0x64,0x22,0x65,0xa0,0x65,0x1f,0x66,0x9c,0x66,0x1b,0x67,0x99,0x67,0x97,0x67,0x15,
  0x68,0x93,0x68,0x11,0x69,0x8f,0x69,0x8c,0x69,0x0a,0x6a,0x88,0x6a,0x86,0x6a,0x04,
  0x6b,0x82,0x6b,0x87,0x7f,0x00,0x86,0x7f,0x00,0x71,0x81,0x13,0x83,0x13,0x06,0x14,
  0x88,0x14,0x8b,0x14,0x0d,0x15,0x90,0x15,0x92,0x15,0x15,0x16,0x97,0x16,0x19,0x17,
  0x1c,0x17,0x9e,0x17,0x20,0x18,0xa2,0x18,0x25,0x19,0xa7,0x19,0x29,0x1a,0xab,0x1a,
  0x2d,0x1b,0xaf,0x1b,0x31,0x1c,0xb3,0x1c,0x34,0x1d,0x36,0x1e,0xb7,0x1e,0x39,0x1f,
  0x3a,0x20,0xbb,0x20,0x3d,0x21,0x3e,0x22,0xbf,0x22,0xbf,0x23,0xc0,0x24,0x41,0x25,
  0x41,0x26,0x42,0x27,0x42,0x28,0x43,0x29,0x43,0x2a,0x44,0x2b,0x44,0x2c,0x44,0x2d,
  0xc4,0x2e,0xc5,0x2f,0xc5,0x30,0x45,0x32,0x45,0x33,0xc5,0x34,0xc5,0x35,0x45,0x37,
  0x45,0x38,0xc5,0x39,0x45,0x3b,0xc5,0x3c,0xc5,0x3d,0x44,0x3f,0xc4,0x40,0x44,0x42,
  0x44,0x43,0xc3,0x44,0x43,0x46,0xc3,0x47,0xc2,0x48,0x42,0x4a,0x42,0x4b,0xc1,0x4c,
  0xc1,0x4d,0x40,0x4f,0x40,0x50,0x3f,0x51,0xbf,0x52,0xbe,0x53,0xbe,0x54,0xbd,0x55,
  0xbc,0x56,0xbc,0x57,0xbb,0x58,0xba,0x59,0xb9,0x5a,0x38,0x5b,0x37,0x5c,0x37,0x5d,
  0xb6,0x5d,0xb5,0x5e,0x33,0x5f,0x32,0x60,0xb1,0x60,0x30,0x61,0xaf,0x61,0xad,0x62,
  0x2c,0x63,0xaa,0x63,0x29,0x64,0xa7,0x64,0x26,0x65,0xa4,0x65,0x22,0x66,0xa0,0x66,
  0x1e,0x67,0x9c,0x67,0x1a,0x68,0x98,0x68,0x96,0x68,0x14,0x69,0x92,0x69,0x10,0x6a,
  0x0e,0x6a,0x8c,0x6a,0x09,0x6b,0x07,0x6b,0x85,0x6b,0x03,0x6c,0x01,0x6c,0x86,0x7f,
  0x00,0x86,0x7f,0x00,0x71,0x02,0x13,0x05,0x13,0x87,0x13,0x8a,0x13,0x0c,0x14,0x8f,
  0x14,0x91,0x14,0x14,0x15,0x96,0x15,0x18,0x16,0x1b,0x16,0x9d,0x16,0x20,0x17,0xa2,
  0x17,0x24,0x18,0xa6,0x18,0xa9,0x18,0x2b,0x19,0xad,0x19,0x2f,0x1a,0x31,0x1b,0xb3,
  0x1b,0x35,0x1c,0xb6,0x1c,0x38,0x1d,0xb9,0x1d,0xbb,0x1e,0x3d,0x1f,0x3e,0x20,0xbf,
  0x20,0x40,0x21,0x41,0x22,0x41,0x23,0xc2,0x23,0xc3,0x24,0xc4,0x25,0xc4,0x26,0xc5,
  0x27,0xc5,0x28,0xc5,0x29,0xc6,0x2a,0xc6,0x2b,0xc6,0x2c,0xc7,0x2d,0x47,0x2f,0x47,
  0x30,0xc7,0x31,0xc7,0x32,0x47,0x34,0xc7,0x35,0xc7,0x36,0x47,0x38,0xc7,0x39,0x47,
  0x3b,0x47,0x3c,0xc7,0x3d,0x46,0x3f,0xc6,0x40,0x46,0x42,0xc6,0x43,0xc5,0x44,0x45,
  0x46,0xc5,0x47,0x44,0x49,0x44,0x4a,0xc4,0x4b,0x43,0x4d,0x43,0x4e,0xc2,0x4f,0xc2,
  0x50,0x41,0x52,0x41,0x53,0x40,0x54,0x40,0x55,0x3f,0x56,0x3e,0x57,0x3e,0x58,0x3d,
  0x59,0x3c,0x5a,0x3b,0x5b,0x3a,0x5c,0xb9,0x5c,0xb8,0x5d,0xb7,0x5e,0x37,0x5f,0x35,
  0x60,0xb4,0x60,0x33,0x61,0x32,0x62,0xb1,0x62,0x2f,0x63,0xae,0x63,0x2c,0x64,0xab,
  0x64,0xa9,0x65,0x27,0x66,0xa6,0x66,0x24,0x67,0x22,0x67,0xa0,0x67,0x1e,0x68,0x9c,
  0x68,0x1a,0x69,0x98,0x69,0x96,0x69,0x13,0x6a,0x91,0x6a,0x0f,0x6b,0x0d,0x6b,0x8a,
  0x6b,0x08,0x6c,0x06,0x6c,0x84,0x6c,0x81,0x6c,0x86,0x7f,0x00,0x85,0x7f,0x00,0x73,
  0x01,0x12,0x03,0x12,0x86,0x12,0x09,0x13,0x0b,0x13,0x8d,0x13,0x90,0x13,0x13,0x14,
  0x95,0x14,0x18,0x15,0x1a,0x15,0x9d,0x15,0x1f,0x16,0xa1,0x16,0xa4,0x16,0x26,0x17,
  0xa8,0x17,0x2b,0x18,0xad,0x18,0x2f,0x19,0xb1,0x19,0x33,0x1a,0xb5,0x1a,0x37,0x1b,
  0x38,0x1c,0xba,0x1c,0x3c,0x1d,0xbd,0x1d,0xbf,0x1e,0x40,0x1f,0x41,0x20,0xc2,0x20,
  0xc3,0x21,0x44,0x22,0x45,0x23,0x45,0x24,0xc6,0x24,0xc6,0x25,0xc7,0x26,0xc7,0x27,
  0xc8,0x28,0xc8,0x29,0x48,0x2b,0x49,0x2c,0x49,0x2d,0xc9,0x2e,0xc9,0x2f,0x49,0x31,
  0x49,0x32,0xc9,0x33,0x49,0x35,0xc9,0x36,0xc9,0x37,0x49,0x39,0xc9,0x3a,0x49,0x3c,
  0xc9,0x3d,0x49,0x3f,0xc8,0x40,0x48,0x42,0xc8,0x43,0x48,0x45,0xc7,0x46,0x47,0x48,
  0x47,0x49,0xc6,0x4a,0x46,0x4c,0xc5,0x4d,0xc5,0x4e,0x44,0x50,0x44,0x51,0xc3,0x52,
  0xc3,0x53,0xc2,0x54,0x42,0x56,0x41,0x57,0x40,0x58,0x40,0x59,0x3f,0x5a,0x3e,0x5b,
  0xbd,0x5b,0xbd,0x5c,0xbc,0x5d,0x3b,0x5e,0x39,0x5f,0x38,0x60,0xb7,0x60,0x36,0x61,
  0x35,0x62,0xb4,0x62,0x32,0x63,0xb1,0x63,0xb0,0x64,0x2e,0x65,0xac,0x65,0x2b,0x66,
  0xa9,0x66,0x27,0x67,0xa6,0x67,0x23,0x68,0xa2,0x68,0x20,0x69,0x1e,0x69,0x9b,0x69,
  0x19,0x6a,0x97,0x6a,0x95,0x6a,0x13,0x6b,0x90,0x6b,0x0e,0x6c,0x0c,0x6c,0x89,0x6c,
  0x87,0x6c,0x05,0x6d,0x83,0x6d,0x80,0x6d,0x85,0x7f,0x00,0x85,0x7f,0x00,0x73,0x82,
  0x11,0x85,0x11,0x07,0x12,0x0a,0x12,0x8c,0x12,0x0f,0x13,0x12,0x13,0x94,0x13,0x17,
  0x14,0x19,0x14,0x9c,0x14,0x1e,0x15,0x21,0x15,0xa3,0x15,0x26,0x16,0xa8,0x16,0x2a,
  0x17,0xac,0x17,0x2f,0x18,0xb1,0x18,0x33,0x19,0xb5,0x19,0x37,0x1a,0xb9,0x1a,0x3b,
  0x1b,0xbc,0x1b,0x3e,0x1c,0x3f,0x1d,0xc1,0x1d,0xc2,0x1e,0x43,0x1f,0x44,0x20,0xc5,
  0x20,0xc6,0x21,0x47,0x22,0x48,0x23,0x48,0x24,0x49,0x25,0x49,0x26,0x4a,0x27,0x4a,
  0x28,0x4a,0x29,0x4b,0x2a,0xcb,0x2b,0xcb,0x2c,0x4b,0x2e,0x4b,0x2f,0xcb,0x30,0xcb,
  0x31,0x4b,0x33,0xcb,0x34,0x4b,0x36,0xcb,0x37,0x4b,0x39,0xcb,0x3a,0x4b,0x3c,0xcb,
  0x3d,0x4b,0x3f,0xca,0x40,0x4a,0x42,0xca,0x43,0x4a,0x45,0xc9,0x46,0x49,0x48,0xc9,
  0x49,0x48,0x4b,0xc8,0x4c,0x47,0x4e,0x47,0x4f,0xc6,0x50,0xc6,0x51,0x45,0x53,0x45,
  0x54,0xc4,0x55,0xc4,0x56,0xc3,0x57,0xc2,0x58,0xc1,0x59,0xc1,0x5a,0xc0,0x5b,0xbf,
  0x5c,0xbf,0x5d,0x3e,0x5e,0x3d,0x5f,0x3c,0x60,0xba,0x60,0x39,0x61,0x38,0x62,0xb7,
  0x62,0xb6,0x63,0x34,0x64,0xb3,0x64,0x31,0x65,0xb0,0x65,0x2e,0x66,0xac,0x66,0x2b,
  0x67,0xa9,0x67,0x27,0x68,0xa5,0x68,0x23,0x69,0xa1,0x69,0x1f,0x6a,0x9d,0x6a,0x9b,
  0x6a,0x19,0x6b,0x96,0x6b,0x94,0x6b,0x12,0x6c,0x90,0x6c,0x8d,0x6c,0x0b,0x6d,0x89,
  0x6d,0x86,0x6d,0x04,0x6e,0x02,0x6e,0x85,0x7f,0x00,0x84,0x7f,0x00,0x75,0x81,0x10,
  0x03,0x11,0x06,0x11,0x89,0x11,0x8b,0x11,0x0e,0x12,0x10,0x12,0x93,0x12,0x16,0x13,
  0x18,0x13,0x9b,0x13,0x1d,0x14,0x20,0x14,0xa2,0x14,0x25,0x15,0xa7,0x15,0x2a,0x16,
  0x2c,0x16,0xae,0x16,0x31,0x17,0xb3,0x17,0x35,0x18,0xb7,0x18,0x39,0x19,0xbb,0x19,
  0xbd,0x1a,0x3f,0x1b,0xc0,0x1b,0x41,0x1c,0x43,0x1d,0xc4,0x1d,0x46,0x1e,0x47,0x1f,
  0x48,0x20,0xc8,0x20,0xc9,0x21,0xca,0x22,0x4b,0x23,0x4b,0x24,0x4c,0x25,0x4c,0x26,
  0x4c,0x27,0xcd,0x28,0xcd,0x29,0xcd,0x2a,0x4d,0x2c,0x4e,0x2d,0xce,0x2e,0x4e,0x30,
  0x4e,0x31,0xce,0x32,0x4e,0x34,0xce,0x35,0x4e,0x37,0xce,0x38,0x4d,0x3a,0x4d,0x3c,
  0xcd,0x3d,0x4d,0x3f,0xcd,0x40,0x4c,0x42,0xcc,0x43,0xcc,0x45,0x4c,0x47,0xcb,0x48,
  0x4b,0x4a,0xcb,0x4b,0x4a,0x4d,0xca,0x4e,0xc9,0x4f,0x49,0x51,0xc8,0x52,0xc8,0x53,
  0x47,0x55,0x46,0x56,0x46,0x57,0xc5,0x58,0xc4,0x59,0xc4,0x5a,0xc3,0x5b,0xc2,0x5c,
  0x41,0x5d,0x40,0x5e,0x3f,0x5f,0x3f,0x60,0xbe,0x60,0xbd,0x61,0x3b,0x62,0xba,0x62,
  0xb9,0x63,0x37,0x64,0xb6,0x64,0x35,0x65,0x33,0x66,0xb2,0x66,0x30,0x67,0xae,0x67,
  0x2c,0x68,0xab,0x68,0x29,0x69,0xa7,0x69,0xa5,0x69,0x23,0x6a,0xa1,0x6a,0x1f,0x6b,
  0x9c,0x6b,0x9a,0x6b,0x18,0x6c,0x95,0x6c,0x93,0x6c,0x11,0x6d,0x8e,0x6d,0x8c,0x6d,
  0x0a,0x6e,0x07,0x6e,0x85,0x6e,0x83,0x6e,0x00,0x6f,0x84,0x7f,0x00,0x84,0x7f,0x00,
  0x75,0x02,0x10,0x04,0x10,0x87,0x10,0x8a,0x10,0x0d,0x11,0x0f,0x11,0x92,0x11,0x14,
  0x12,0x17,0x12,0x9a,0x12,0x1c,0x13,0x1f,0x13,0xa1,0x13,0x24,0x14,0xa6,0x14,0xa9,
  0x14,0x2b,0x15,0xad,0x15,0x30,0x16,0xb2,0x16,0x35,0x17,0xb7,0x17,0x39,0x18,0xbb,
  0x18,0x3d,0x19,0xbf,0x19,0x41,0x1a,0xc2,0x1a,0xc4,0x1b,0x45,0x1c,0xc7,0x1c,0xc8,
  0x1d,0x49,0x1e,0x4a,0x1f,0x4b,0x20,0xcc,0x20,0xcc,0x21,0xcd,0x22,0xcd,0x23,0xce,
  0x24,0xce,0x25,0xcf,0x26,0xcf,0x27,0x4f,0x29,0x4f,0x2a,0x4f,0x2b,0xd0,0x2c,0x50,
  0x2e,0xd0,0x2f,0xd0,0x30,0x50,0x32,0xd0,0x33,0x50,0x35,0x50,0x37,0xd0,0x38,0x4f,
  0x3a,0xcf,0x3b,0xcf,0x3d,0x4f,0x3f,0xcf,0x40,0x4f,0x42,0x4e,0x44,0xce,0x45,0x4e,
  0x47,0xcd,0x48,0xcd,0x4a,0x4d,0x4c,0xcc,0x4d,0x4c,0x4f,0x4b,0x50,0xcb,0x51,0x4a,
  0x53,0xca,0x54,0xc9,0x55,0xc8,0x56,0x48,0x58,0x47,0x59,0x46,0x5a,0x46,0x5b,0x45,
  0x5c,0x44,0x5d,0x43,0x5e,0x42,0x5f,0x41,0x60,0xc0,0x60,0xbf,0x61,0x3f,0x62,0x3d,
  0x63,0xbc,0x63,0x3b,0x64,0x39,0x65,0xb8,0x65,0x37,0x66,0xb5,0x66,0x33,0x67,0xb2,
  0x67,0x30,0x68,0xae,0x68,0x2c,0x69,0xaa,0x69,0x28,0x6a,0xa6,0x6a,0x24,0x6b,0x22,
  0x6b,0xa0,0x6b,0x1e,0x6c,0x9b,0x6c,0x99,0x6c,0x17,0x6d,0x94,0x6d,0x92,0x6d,0x10,
  0x6e,0x8d,0x6e,0x8b,0x6e,0x09,0x6f,0x06,0x6f,0x84,0x6f,0x81,0x6f,0x84,0x7f,0x00,
  0x83,0x7f,0x00,0x77,0x00,0x0f,0x83,0x0f,0x86,0x0f,0x08,0x10,0x0b,0x10,0x8e,0x10,
  0x90,0x10,0x13,0x11,0x16,0x11,0x98,0x11,0x1b,0x12,0x1d,0x12,0xa0,0x12,0x23,0x13,
  0x26,0x13,0xa8,0x13,0x2b,0x14,0xad,0x14,0xaf,0x14,0x32,0x15,0xb4,0x15,0x36,0x16,
  0xb9,0x16,0x3b,0x17,0xbd,0x17,0x3f,0x18,0xc1,0x18,0xc3,0x19,0x44,0x1a,0xc6,0x1a,
  0x48,0x1b,0x49,0x1c,0xca,0x1c,0xcb,0x1d,0x4c,0x1e,0x4d,0x1f,0x4e,0x20,0xcf,0x20,
  0xcf,0x21,0xd0,0x22,0xd0,0x23,0xd1,0x24,0xd1,0x25,0x51,0x27,0x51,0x28,0x52,0x29,
  0xd2,0x2a,0x52,0x2c,0x52,0x2d,0xd2,0x2e,0x52,0x30,0xd2,0x31,0x52,0x33,0x52,0x35,
  0xd2,0x36,0x52,0x38,0xd2,0x39,0xd2,0x3b,0x51,0x3d,0x51,0x3f,0xd1,0x40,0xd1,0x42,
  0x50,0x44,0x50,0x46,0xd0,0x47,0x4f,0x49,0xcf,0x4a,0xcf,0x4c,0x4e,0x4e,0xce,0x4f,
  0x4d,0x51,0xcd,0x52,0xcc,0x53,0x4c,0x55,0xcb,0x56,0xcb,0x57,0xca,0x58,0x49,0x5a,
  0x49,0x5b,0x48,0x5c,0x47,0x5d,0x46,0x5e,0x45,0x5f,0x45,0x60,0xc3,0x60,0xc3,0x61,
  0x41,0x62,0x40,0x63,0xbf,0x63,0xbe,0x64,0x3d,0x65,0xbb,0x65,0x3a,0x66,0x38,0x67,
  0xb7,0x67,0x36,0x68,0xb4,0x68,0x32,0x69,0xb0,0x69,0x2e,0x6a,0xac,0x6a,0x2a,0x6b,
  0x28,0x6b,0xa6,0x6b,0x24,0x6c,0xa2,0x6c,0x9f,0x6c,0x1d,0x6d,0x9a,0x6d,0x98,0x6d,
  0x16,0x6e,0x93,0x6e,0x91,0x6e,0x0f,0x6f,0x0c,0x6f,0x8a,0x6f,0x87,0x6f,0x05,0x70,
  0x02,0x70,0x80,0x70,0x83,0x7f,0x00,0x83,0x7f,0x00,0x77,0x81,0x0e,0x84,0x0e,0x07,
  0x0f,0x09,0x0f,0x8c,0x0f,0x8f,0x0f,0x11,0x10,0x14,0x10,0x97,0x10,0x1a,0x11,0x1c,
  0x11,0x9f,0x11,0x22,0x12,0x24,0x12,0xa7,0x12,0x29,0x13,0x2c,0x13,0xae,0x13,0x31,
  0x14,0xb3,0x14,0x36,0x15,0xb8,0x15,0x3a,0x16,0xbd,0x16,0x3f,0x17,0xc1,0x17,0x43,
  0x18,0xc5,0x18,0x46,0x19,0xc8,0x19,0xca,0x1a,0x4b,0x1b,0xcc,0x1b,0xce,0x1c,0x4f,
  0x1d,0x4f,0x1e,0x50,0x1f,0x51,0x20,0xd1,0x20,0xd2,0x21,0xd2,0x22,0xd3,0x23,0x53,
  0x25,0x53,0x26,0x54,0x27,0xd4,0x28,0xd4,0x29,0x54,0x2b,0xd4,0x2c,0x54,0x2e,0xd4,
  0x2f,0x54,0x31,0xd4,0x32,0xd4,0x34,0x54,0x36,0xd4,0x37,0xd4,0x39,0x54,0x3b,0x53,
  0x3d,0x53,0x3f,0xd3,0x40,0xd3,0x42,0xd2,0x44,0x52,0x46,0x52,0x48,0xd2,0x49,0x51,
  0x4b,0x51,0x4d,0xd0,0x4e,0x50,0x50,0xcf,0x51,0x4f,0x53,0xce,0x54,0x4e,0x56,0x4d,
  0x57,0xcd,0x58,0xcc,0x59,0xcb,0x5a,0x4b,0x5c,0x4a,0x5d,0x49,0x5e,0x48,0x5f,0x47,
  0x60,0xc7,0x60,0xc6,0x61,0xc5,0x62,0x43,0x63,0x42,0x64,0xc1,0x64,0x40,0x65,0x3f,
  0x66,0xbd,0x66,0x3c,0x67,0xba,0x67,0x39,0x68,0xb7,0x68,0x36,0x69,0xb4,0x69,0x32,
  0x6a,0xb0,0x6a,0x2e,0x6b,0xac,0x6b,0x29,0x6c,0xa7,0x6c,0xa5,0x6c,0x23,0x6d,0xa0,
  0x6d,0x9e,0x6d,0x1c,0x6e,0x99,0x6e,0x97,0x6e,0x15,0x6f,0x92,0x6f,0x90,0x6f,0x0d,
  0x70,0x0b,0x70,0x88,0x70,0x86,0x70,0x03,0x71,0x01,0x71,0x83,0x7f,0x00,0x83,0x7f,
  0x00,0x77,0x02,0x0e,0x05,0x0e,0x88,0x0e,0x8b,0x0e,0x0d,0x0f,0x10,0x0f,0x93,0x0f,
  0x95,0x0f,0x18,0x10,0x1b,0x10,0x9e,0x10,0x20,0x11,0x23,0x11,0xa6,0x11,0xa8,0x11,
  0x2b,0x12,0xae,0x12,0x30,0x13,0x32,0x13,0xb5,0x13,0x38,0x14,0xba,0x14,0x3c,0x15,
  0xbf,0x15,0x41,0x16,0xc3,0x16,0x45,0x17,0xc7,0x17,0x49,0x18,0x4a,0x19,0xcc,0x19,
  0x4d,0x1a,0x4f,0x1b,0xd0,0x1b,0xd1,0x1c,0x52,0x1d,0x53,0x1e,0x53,0x1f,0x54,0x20,
  0xd4,0x20,0xd5,0x21,0x55,0x23,0x55,0x24,0x56,0x25,0xd6,0x26,0xd6,0x27,0x56,0x29,
  0xd6,0x2a,0xd6,0x2b,0x56,0x2d,0x56,0x2f,0xd6,0x30,0x56,0x32,0x56,0x34,0xd6,0x35,
  0xd6,0x37,0x56,0x39,0x56,0x3b,0x56,0x3d,0x55,0x3f,0xd5,0x40,0xd5,0x42,0xd5,0x44,
  0xd4,0x46,0x54,0x48,0x54,0x4a,0xd3,0x4b,0xd3,0x4d,0x52,0x4f,0xd2,0x50,0xd2,0x52,
  0x51,0x54,0x51,0x55,0xd0,0x56,0x4f,0x58,0x4f,0x59,0xce,0x5a,0xce,0x5b,0xcd,0x5c,
  0x4c,0x5e,0x4b,0x5f,0x4b,0x60,0xca,0x60,0xc9,0x61,0xc8,0x62,0x47,0x63,0x46,0x64,
  0xc4,0x64,0xc3,0x65,0x42,0x66,0xc0,0x66,0xbf,0x67,0x3e,0x68,0xbd,0x68,0x3b,0x69,
  0xb9,0x69,0x37,0x6a,0xb6,0x6a,0x33,0x6b,0xb1,0x6b,0x2f,0x6c,0xad,0x6c,0xab,0x6c,
  0x29,0x6d,0xa7,0x6d,0x24,0x6e,0x22,0x6e,0x9f,0x6e,0x9d,0x6e,0x1b,0x6f,0x98,0x6f,
  0x96,0x6f,0x13,0x70,0x11,0x70,0x8f,0x70,0x8c,0x70,0x09,0x71,0x07,0x71,0x84,0x71,
  0x82,0x71,0x83,0x7f,0x00,0x82,0x7f,0x00,0x79,0x01,0x0d,0x83,0x0d,0x86,0x0d,0x89,
  0x0d,0x0c,0x0e,0x0e,0x0e,0x91,0x0e,0x94,0x0e,0x16,0x0f,0x19,0x0f,0x9c,0x0f,0x9f,
  0x0f,0x21,0x10,0xa4,0x10,0xa7,0x10,0x2a,0x11,0xac,0x11,0xaf,0x11,0x31,0x12,0xb4,
  0x12,0x37,0x13,0xb9,0x13,0xbc,0x13,0x3e,0x14,0xc0,0x14,0x43,0x15,0xc5,0x15,0x47,
  0x16,0xc9,0x16,0xcb,0x17,0x4c,0x18,0xce,0x18,0x50,0x19,0x51,0x1a,0xd2,0x1a,0xd3,
  0x1b,0x54,0x1c,0x55,0x1d,0x55,0x1e,0x56,0x1f,0x56,0x20,0x57,0x21,0x57,0x22,0x58,
  0x23,0x58,0x24,0xd8,0x25,0xd8,0x26,0x59,0x28,0xd9,0x29,0x59,0x2b,0xd9,0x2c,0x59,
  0x2e,0xd9,0x2f,0xd9,0x31,0x59,0x33,0x59,0x35,0x58,0x37,0x58,0x39,0x58,0x3b,0x58,
  0x3d,0x57,0x3f,0xd7,0x40,0xd7,0x42,0xd7,0x44,0xd6,0x46,0xd6,0x48,0xd6,0x4a,0xd5,
  0x4c,0x55,0x4e,0x54,0x50,0xd4,0x51,0x54,0x53,0xd3,0x54,0x53,0x56,0xd2,0x57,0x51,
  0x59,0x51,0x5a,0xd0,0x5b,0xcf,0x5c,0xcf,0x5d,0xce,0x5e,0x4d,0x60,0xcc,0x60,0xcb,
  0x61,0xcb,0x62,0xca,0x63,0x49,0x64,0x47,0x65,0xc6,0x65,0xc5,0x66,0x44,0x67,0xc2,
  0x67,0x41,0x68,0x40,0x69,0xbe,0x69,0x3d,0x6a,0xbb,0x6a,0x39,0x6b,0xb7,0x6b,0x35,
  0x6c,0x33,0x6c,0xb1,0x6c,0x2e,0x6d,0xac,0x6d,0x2a,0x6e,0x28,0x6e,0xa6,0x6e,0x23,
  0x6f,0x21,0x6f,0x9e,0x6f,0x1c,0x70,0x19,0x70,0x97,0x70,0x94,0x70,0x12,0x71,0x0f,
  0x71,0x8d,0x71,0x8a,0x71,0x08,0x72,0x05,0x72,0x03,0x72,0x80,0x72,0x82,0x7f,0x00,
  0x82,0x7f,0x00,0x79,0x81,0x0c,0x84,0x0c,0x07,0x0d,0x0a,0x0d,0x8d,0x0d,0x8f,0x0d,
  0x92,0x0d,0x15,0x0e,0x17,0x0e,0x9a,0x0e,0x1d,0x0f,0x20,0x0f,0xa3,0x0f,0xa6,0x0f,
  0x28,0x10,0x2b,0x10,0xae,0x10,0x30,0x11,0xb3,0x11,0xb6,0x11,0x38,0x12,0xbb,0x12,
  0x3e,0x13,0xc0,0x13,0xc2,0x13,0x45,0x14,0xc7,0x14,0x49,0x15,0x4b,0x16,0xcd,0x16,
  0x4f,0x17,0xd0,0x17,0x52,0x18,0x53,0x19,0xd4,0x19,0xd5,0x1a,0x56,0x1b,0x57,0x1c,
  0x58,0x1d,0x58,0x1e,0xd9,0x1e,0x59,0x20,0x5a,0x21,0x5a,0x22,0x5a,0x23,0xda,0x24,
  0xdb,0x25,0x5b,0x27,0xdb,0x28,0x5b,0x2a,0xdb,0x2b,0xdb,0x2d,0x5b,0x2f,0x5b,0x31,
  0xdb,0x32,0xdb,0x34,0xdb,0x36,0xda,0x38,0xda,0x3a,0xda,0x3c,0xda,0x3e,0x5a,0x41,
  0x59,0x43,0x59,0x45,0x59,0x47,0x58,0x49,0x58,0x4b,0x57,0x4d,0xd7,0x4e,0xd6,0x50,
  0x56,0x52,0x56,0x54,0xd5,0x55,0x55,0x57,0xd4,0x58,0x53,0x5a,0x53,0x5b,0xd2,0x5c,
  0xd1,0x5d,0xd1,0x5e,0x50,0x60,0x4f,0x61,0xce,0x61,0xce,0x62,0xcd,0x63,0xcc,0x64,
  0x4b,0x65,0x4a,0x66,0xc8,0x66,0xc7,0x67,0x46,0x68,0xc4,0x68,0x43,0x69,0xc1,0x69,
  0xc0,0x6a,0x3e,0x6b,0xbd,0x6b,0x3b,0x6c,0x38,0x6c,0xb7,0x6c,0x34,0x6d,0xb2,0x6d,
  0x30,0x6e,0x2e,0x6e,0xac,0x6e,0x29,0x6f,0xa7,0x6f,0xa4,0x6f,0x22,0x70,0x1f,0x70,
  0x9d,0x70,0x9a,0x70,0x18,0x71,0x95,0x71,0x93,0x71,0x10,0x72,0x0e,0x72,0x0b,0x72,
  0x89,0x72,0x86,0x72,0x03,0x73,0x01,0x73,0x82,0x7f,0x00,0x82,0x7f,0x00,0x79,0x02,
  0x0c,0x05,0x0c,0x08,0x0c,0x8b,0x0c,0x8e,0x0c,0x10,0x0d,0x13,0x0d,0x96,0x0d,0x99,
  0x0d,0x1c,0x0e,0x1e,0x0e,0xa1,0x0e,0xa4,0x0e,0x27,0x0f,0x29,0x0f,0xac,0x0f,0x2f,
  0x10,0x32,0x10,0xb5,0x10,0x37,0x11,0x3a,0x11,0xbc,0x11,0x3f,0x12,0xc1,0x12,0x44,
  0x13,0xc7,0x13,0x49,0x14,0xcb,0x14,0x4d,0x15,0xcf,0x15,0x51,0x16,0xd3,0x16,0x54,
  0x17,0x55,0x18,0xd7,0x18,0xd8,0x19,0x59,0x1a,0x5a,0x1b,0x5a,0x1c,0xdb,0x1c,0xdb,
  0x1d,0xdc,0x1e,0x5c,0x20,0x5c,0x21,0x5d,0x22,0xdd,0x23,0xdd,0x24,0x5d,0x26,0xdd,
  0x27,0x5d,0x29,0xdd,0x2a,0xdd,0x2c,0x5d,0x2e,0x5d,0x30,0x5d,0x32,0x5d,0x34,0x5d,
  0x36,0x5d,0x38,0xdc,0x3a,0xdc,0x3c,0xdc,0x3e,0x5c,0x41,0x5c,0x43,0x5b,0x45,0xdb,
  0x47,0xdb,0x49,0xda,0x4b,0xda,0x4d,0xd9,0x4f,0xd9,0x51,0x59,0x53,0x58,0x55,0xd7,
  0x56,0x57,0x58,0xd6,0x59,0x56,0x5b,0x55,0x5c,0xd4,0x5d,0xd4,0x5e,0x53,0x60,0x52,
  0x61,0x51,0x62,0x51,0x63,0xd0,0x63,0xcf,0x64,0xce,0x65,0x4d,0x66,0x4c,0x67,0xcb,
  0x67,0xc9,0x68,0x48,0x69,0xc6,0x69,0x45,0x6a,0xc4,0x6a,0x42,0x6b,0xc0,0x6b,0x3e,
  0x6c,0xbd,0x6c,0x3a,0x6d,0xb8,0x6d,0x36,0x6e,0xb4,0x6e,0xb1,0x6e,0x2f,0x6f,0xad,
  0x6f,0xab,0x6f,0x28,0x70,0xa6,0x70,0xa3,0x70,0x20,0x71,0x1e,0x71,0x9c,0x71,0x99,
  0x71,0x16,0x72,0x14,0x72,0x92,0x72,0x8f,0x72,0x0c,0x73,0x0a,0x73,0x87,0x73,0x84,
  0x73,0x82,0x73,0x82,0x7f,0x00,0x81,0x7f,0x00,0x7b,0x00,0x0b,0x03,0x0b,0x86,0x0b,
  0x89,0x0b,0x0c,0x0c,0x0f,0x0c,0x11,0x0c,0x94,0x0c,0x97,0x0c,0x1a,0x0d,0x1c,0x0d,
  0x9f,0x0d,0xa2,0x0d,0x25,0x0e,0x28,0x0e,0xab,0x0e,0xae,0x0e,0x30,0x0f,0xb3,0x0f,
  0xb6,0x0f,0x38,0x10,0xbb,0x10,0xbe,0x10,0x41,0x11,0xc3,0x11,0x46,0x12,0xc8,0x12,
  0x4b,0x13,0xcd,0x13,0x4f,0x14,0xd1,0x14,0x53,0x15,0xd5,0x15,0x56,0x16,0x58,0x17,
  0xd9,0x17,0xda,0x18,0x5b,0x19,0x5c,0x1a,0xdc,0x1a,0xdd,0x1b,0xdd,0x1c,0xde,0x1d,
  0xde,0x1e,0x5e,0x20,0x5e,0x21,0x5f,0x22,0xdf,0x23,0x5f,0x25,0xdf,0x26,0x5f,0x28,
  0xdf,0x29,0xdf,0x2b,0xdf,0x2d,0xdf,0x2f,0xdf,0x31,0xdf,0x33,0xdf,0x35,0xde,0x37,
  0x5e,0x3a,0xde,0x3c,0xde,0x3e,0x5e,0x41,0x5e,0x43,0xdd,0x45,0x5d,0x48,0x5d,0x4a,
  0x5c,0x4c,0x5c,0x4e,0x5c,0x50,0x5b,0x52,0x5b,0x54,0x5a,0x56,0xda,0x57,0x59,0x59,
  0xd9,0x5a,0x58,0x5c,0xd7,0x5d,0xd6,0x5e,0x56,0x60,0x55,0x61,0x54,0x62,0x53,0x63,
  0x53,0x64,0x52,0x65,0xd1,0x65,0xd0,0x66,0x4f,0x67,0x4e,0x68,0xcd,0x68,0xcb,0x69,
  0x4a,0x6a,0xc8,0x6a,0x47,0x6b,0xc5,0x6b,0x44,0x6c,0xc2,0x6c,0x40,0x6d,0xbe,0x6d,
  0x3c,0x6e,0xba,0x6e,0x38,0x6f,0x35,0x6f,0xb3,0x6f,0x31,0x70,0x2f,0x70,0xac,0x70,
  0x2a,0x71,0x27,0x71,0xa4,0x71,0xa2,0x71,0x1f,0x72,0x1d,0x72,0x9a,0x72,0x97,0x72,
  0x15,0x73,0x12,0x73,0x90,0x73,0x8d,0x73,0x8a,0x73,0x08,0x74,0x05,0x74,0x82,0x74,
  0x80,0x74,0x81,0x7f,0x00,0x81,0x7f,0x00,0x7b,0x81,0x0a,0x84,0x0a,0x07,0x0b,0x0a,
  0x0b,0x0d,0x0b,0x90,0x0b,0x92,0x0b,0x95,0x0b,0x18,0x0c,0x1b,0x0c,0x9e,0x0c,0xa0,
  0x0c,0x23,0x0d,0x26,0x0d,0xa9,0x0d,0xac,0x0d,0x2f,0x0e,0x32,0x0e,0xb5,0x0e,0x37,
  0x0f,0x3a,0x0f,0xbd,0x0f,0x40,0x10,0x42,0x10,0xc5,0x10,0x48,0x11,0xca,0x11,0x4d,
  0x12,0xcf,0x12,0x52,0x13,0xd3,0x13,0x55,0x14,0xd7,0x14,0x59,0x15,0x5a,0x16,0xdc,
  0x16,0x5d,0x17,0x5d,0x18,0xde,0x18,0xdf,0x19,0xdf,0x1a,0xdf,0x1b,0xdf,0x1c,0xdf,
  0x1d,0xdf,0x1e,0x5f,0x20,0x60,0x21,0xe0,0x22,0x60,0x24,0xe0,0x25,0x60,0x27,0xe0,
  0x28,0xe0,0x2a,0xe0,0x2c,0xe0,0x2e,0xe0,0x30,0xe0,0x32,0x60,0x35,0x5f,0x37,0xdf,
  0x39,0x5f,0x3c,0xdf,0x3e,0x5f,0x41,0xdf,0x43,0x5f,0x46,0xdf,0x48,0xdf,0x4a,0x5e,
  0x4d,0x5e,0x4f,0x5e,0x51,0x5d,0x53,0x5d,0x55,0x5c,0x57,0xdc,0x58,0x5b,0x5a,0xdb,
  0x5b,0x5a,0x5d,0xda,0x5e,0x59,0x60,0x58,0x61,0x57,0x62,0x56,0x63,0x56,0x64,0x55,
  0x65,0x54,0x66,0x53,0x67,0xd2,0x67,0xd1,0x68,0x50,0x69,0xcf,0x69,0xcd,0x6a,0x4c,
  0x6b,0xcb,0x6b,0x49,0x6c,0xc8,0x6c,0x46,0x6d,0xc4,0x6d,0x42,0x6e,0xc0,0x6e,0x3e,
  0x6f,0xbc,0x6f,0xb9,0x6f,0x37,0x70,0xb4,0x70,0xb2,0x70,0x30,0x71,0xad,0x71,0xab,
  0x71,0x28,0x72,0x26,0x72,0xa3,0x72,0xa0,0x72,0x1e,0x73,0x1b,0x73,0x99,0x73,0x96,
  0x73,0x13,0x74,0x11,0x74,0x0e,0x74,0x8b,0x74,0x89,0x74,0x86,0x74,0x03,0x75,0x01,
  0x75,0x81,0x7f,0x00,0x81,0x7f,0x00,0x7b,0x02,0x0a,0x05,0x0a,0x08,0x0a,0x8a,0x0a,
  0x8d,0x0a,0x90,0x0a,0x13,0x0b,0x16,0x0b,0x19,0x0b,0x9c,0x0b,0x9f,0x0b,0x21,0x0c,
  0x24,0x0c,0xa7,0x0c,0xaa,0x0c,0x2d,0x0d,0x30,0x0d,0xb3,0x0d,0xb6,0x0d,0x39,0x0e,
  0xbb,0x0e,0xbf,0x0e,0x41,0x0f,0xc4,0x0f,0xc7,0x0f,0x4a,0x10,0xcc,0x10,0x4f,0x11,
  0xd1,0x11,0x53,0x12,0xd5,0x12,0x58,0x13,0xda,0x13,0x5b,0x14,0xdd,0x14,0xde,0x15,
  0x5f,0x16,0xdf,0x16,0xdf,0x17,0xe0,0x18,0x60,0x19,0x61,0x1a,0x61,0x1b,0x61,0x1c,
  0xe1,0x1d,0xe2,0x1e,0x62,0x20,0x62,0x21,0xe2,0x22,0x62,0x24,0xe2,0x25,0xe2,0x27,
  0xe2,0x29,0xe2,0x2b,0xe2,0x2d,0xe2,0x2f,0x62,0x32,0x62,0x34,0xe1,0x36,0x61,0x39,
  0x61,0x3c,0xe1,0x3e,0x61,0x41,0xe1,0x43,0xe0,0x46,0x60,0x49,0xe0,0x4b,0xe0,0x4d,
  0x5f,0x50,0x5f,0x52,0x5f,0x54,0x5f,0x56,0x5e,0x58,0x5e,0x5a,0xdd,0x5b,0x5d,0x5d,
  0xdc,0x5e,0x5c,0x60,0x5b,0x61,0x5a,0x62,0xda,0x63,0xd9,0x64,0xd8,0x65,0xd7,0x66,
  0x56,0x67,0x55,0x68,0x54,0x69,0xd3,0x69,0x52,0x6a,0x51,0x6b,0xcf,0x6b,0x4e,0x6c,
  0xcc,0x6c,0x4b,0x6d,0xc9,0x6d,0x48,0x6e,0xc6,0x6e,0x43,0x6f,0xc1,0x6f,0x3f,0x70,
  0x3d,0x70,0xbb,0x70,0x38,0x71,0x36,0x71,0xb3,0x71,0x31,0x72,0x2e,0x72,0xac,0x72,
  0xa9,0x72,0x27,0x73,0x24,0x73,0xa2,0x73,0x9f,0x73,0x1c,0x74,0x19,0x74,0x97,0x74,
  0x94,0x74,0x92,0x74,0x0f,0x75,0x0c,0x75,0x09,0x75,0x87,0x75,0x84,0x75,0x81,0x75,
  0x81,0x7f,0x00,0x81,0x7f,0x00,0x7b,0x03,0x09,0x85,0x09,0x88,0x09,0x8b,0x09,0x0e,
  0x0a,0x11,0x0a,0x14,0x0a,0x97,0x0a,0x9a,0x0a,0x9d,0x0a,0x20,0x0b,0x22,0x0b,0xa5,
  0x0b,0xa8,0x0b,0x2b,0x0c,0x2e,0x0c,0xb1,0x0c,0xb4,0x0c,0x37,0x0d,0x3a,0x0d,0xbd,
  0x0d,0x40,0x0e,0x42,0x0e,0xc5,0x0e,0x48,0x0f,0x4b,0x0f,0xce,0x0f,0x51,0x10,0xd3,
  0x10,0x56,0x11,0xd8,0x11,0x5a,0x12,0xdc,0x12,0x5d,0x13,0xdf,0x13,0x5f,0x14,0x60,
  0x15,0xe1,0x15,0xe2,0x16,0x62,0x17,0x62,0x18,0x63,0x19,0x63,0x1a,0x63,0x1b,0x63,
  0x1c,0x64,0x1d,0xe4,0x1e,0x64,0x20,0x64,0x21,0x64,0x23,0xe4,0x24,0x64,0x26,0x64,
  0x28,0x64,0x2a,0xe3,0x2c,0xe3,0x2e,0x63,0x31,0xe3,0x33,0x63,0x36,0x63,0x39,0xe2,
  0x3b,0xe2,0x3e,0x62,0x41,0x62,0x44,0xe2,0x46,0xe2,0x49,0x62,0x4c,0xe2,0x4e,0x61,
  0x51,0x61,0x53,0xe1,0x55,0xe0,0x57,0xe0,0x59,0x5f,0x5b,0xdf,0x5c,0xdf,0x5e,0x5e,
  0x60,0x5e,0x61,0xdd,0x62,0xdd,0x63,0xdc,0x64,0xdb,0x65,0xda,0x66,0xda,0x67,0xd8,
  0x68,0x57,0x69,0x56,0x6a,0xd5,0x6a,0xd4,0x6b,0x53,0x6c,0xd1,0x6c,0x50,0x6d,0xcf,
  0x6d,0x4d,0x6e,0xcb,0x6e,0x4a,0x6f,0xc8,0x6f,0x45,0x70,0xc3,0x70,0xc1,0x70,0x3f,
  0x71,0xbc,0x71,0xba,0x71,0x37,0x72,0xb5,0x72,0xb2,0x72,0x30,0x73,0x2d,0x73,0xab,
  0x73,0xa8,0x73,0x25,0x74,0x23,0x74,0xa0,0x74,0x9d,0x74,0x1a,0x75,0x18,0x75,0x15,
  0x75,0x92,0x75,0x90,0x75,0x8d,0x75,0x0a,0x76,0x07,0x76,0x05,0x76,0x82,0x76,0x81,
  0x7f,0x00,0x7f,0x7f,0x00,0x80,0x08,0x83,0x08,0x86,0x08,0x09,0x09,0x0c,0x09,0x0f,
  0x09,0x92,0x09,0x95,0x09,0x98,0x09,0x1a,0x0a,0x1d,0x0a,0x20,0x0a,0xa3,0x0a,0xa6,
  0x0a,0x29,0x0b,0x2c,0x0b,0xaf,0x0b,0xb2,0x0b,0x35,0x0c,0x38,0x0c,0xbb,0x0c,0xbe,
  0x0c,0x41,0x0d,0x44,0x0d,0xc7,0x0d,0x4a,0x0e,0x4d,0x0e,0xcf,0x0e,0x52,0x0f,0xd5,
  0x0f,0x58,0x10,0x5a,0x10,0xdc,0x10,0x5e,0x11,0x60,0x12,0xe1,0x12,0x62,0x13,0xe3,
  0x13,0xe3,0x14,0x64,0x15,0x65,0x16,0xe5,0x16,0xe5,0x17,0xe5,0x18,0xe6,0x19,0xe6,
  0x1a,0xe6,0x1b,0x66,0x1d,0xe6,0x1e,0x66,0x20,0xe6,0x21,0x66,0x23,0x66,0x25,0x66,
  0x27,0x66,0x29,0x66,0x2b,0xe6,0x2d,0x65,0x30,0xe5,0x32,0xe5,0x35,0xe5,0x38,0x65,
  0x3b,0x64,0x3e,0xe4,0x41,0xe4,0x44,0x63,0x47,0x63,0x4a,0x63,0x4d,0xe2,0x4f,0x62,
  0x52,0xe2,0x54,0xe2,0x56,0xe2,0x58,0xe2,0x5a,0xe1,0x5c,0x61,0x5e,0x61,0x60,0x60,
  0x61,0xe0,0x62,0x5f,0x64,0x5e,0x65,0x5e,0x66,0x5d,0x67,0x5c,0x68,0x5c,0x69,0xdb,
  0x69,0xda,0x6a,0x59,0x6b,0x57,0x6c,0xd6,0x6c,0x55,0x6d,0xd3,0x6d,0xd2,0x6e,0x50,
  0x6f,0xcf,0x6f,0xcd,0x6f,0x4b,0x70,0xc9,0x70,0x47,0x71,0xc5,0x71,0xc2,0x71,0x40,
  0x72,0xbe,0x72,0xbb,0x72,0x38,0x73,0x36,0x73,0xb4,0x73,0xb1,0x73,0x2e,0x74,0x2c,
  0x74,0xa9,0x74,0xa6,0x74,0x23,0x75,0x21,0x75,0x9e,0x75,0x9b,0x75,0x98,0x75,0x16,
  0x76,0x13,0x76,0x10,0x76,0x8e,0x76,0x8b,0x76,0x88,0x76,0x05,0x77,0x03,0x77,0x00,
  0x77,0x7f,0x00,0x7f,0x7f,0x00,0x01,0x08,0x04,0x08,0x07,0x08,0x0a,0x08,0x8d,0x08,
  0x90,0x08,0x93,0x08,0x15,0x09,0x18,0x09,0x1b,0x09,0x9e,0x09,0xa1,0x09,0xa4,0x09,
  0x27,0x0a,0x2a,0x0a,0x2d,0x0a,0xb0,0x0a,0xb3,0x0a,0x36,0x0b,0x39,0x0b,0xbc,0x0b,
  0xbf,0x0b,0x42,0x0c,0x45,0x0c,0xc8,0x0c,0x4b,0x0d,0x4e,0x0d,0xd1,0x0d,0x54,0x0e,
  0xd7,0x0e,0xda,0x0e,0x5c,0x0f,0xde,0x0f,0x60,0x10,0xe2,0x10,0x63,0x11,0xe4,0x11,
  0xe5,0x12,0x66,0x13,0xe7,0x13,0xe7,0x14,0x68,0x15,0x68,0x16,0x68,0x17,0x68,0x18,
  0x68,0x19,0x69,0x1a,0xe9,0x1b,0xe9,0x1c,0x69,0x1e,0x69,0x20,0xe9,0x21,0xe9,0x23,
  0xe8,0x25,0xe8,0x27,0xe8,0x29,0x68,0x2c,0x68,0x2f,0xe8,0x31,0xe7,0x34,0xe7,0x37,
  0x67,0x3b,0x67,0x3e,0xe6,0x41,0xe6,0x44,0x66,0x48,0x66,0x4b,0x65,0x4e,0xe5,0x50,
  0xe4,0x53,0x64,0x56,0x63,0x58,0x63,0x5a,0x63,0x5c,0x62,0x5e,0x62,0x60,0xe2,0x61,
  0x62,0x63,0x62,0x64,0xe1,0x65,0xe1,0x66,0xe0,0x67,0xdf,0x68,0xde,0x69,0xde,0x6a,
  0x5d,0x6b,0x5c,0x6c,0xdb,0x6c,0x5a,0x6d,0x59,0x6e,0xd7,0x6e,0x56,0x6f,0xd4,0x6f,
  0x53,0x70,0xd1,0x70,0x4f,0x71,0x4d,0x71,0xcb,0x71,0x49,0x72,0xc7,0x72,0xc4,0x72,
  0x42,0x73,0xbf,0x73,0xbd,0x73,0x3a,0x74,0x37,0x74,0xb5,0x74,0xb2,0x74,0x30,0x75,
  0x2d,0x75,0xaa,0x75,0xa7,0x75,0xa4,0x75,0x22,0x76,0x1f,0x76,0x1c,0x76,0x99,0x76,
  0x97,0x76,0x94,0x76,0x11,0x77,0x0e,0x77,0x0c,0x77,0x89,0x77,0x86,0x77,0x83,0x77,
  0x81,0x77,0x7f,0x00,0x7f,0x7f,0x00,0x01,0x07,0x84,0x07,0x87,0x07,0x8a,0x07,0x8d,
  0x07,0x10,0x08,0x13,0x08,0x16,0x08,0x19,0x08,0x9c,0x08,0x9f,0x08,0xa2,0x08,0x25,
  0x09,0x28,0x09,0x2b,0x09,0xae,0x09,0xb1,0x09,0x34,0x0a,0x37,0x0a,0xba,0x0a,0xbd,
  0x0a,0x40,0x0b,0x43,0x0b,0xc6,0x0b,0xca,0x0b,0x4d,0x0c,0x50,0x0c,0xd3,0x0c,0x56,
  0x0d,0x59,0x0d,0xdb,0x0d,0x5e,0x0e,0xdf,0x0e,0x62,0x0f,0xe4,0x0f,0x66,0x10,0xe7,
  0x10,0x68,0x11,0xe9,0x11,0xe9,0x12,0x6a,0x13,0x6a,0x14,0xea,0x14,0xeb,0x15,0xeb,
  0x16,0xeb,0x17,0xeb,0x18,0x6b,0x1a,0x6b,0x1b,0xeb,0x1c,0x6b,0x1e,0x6b,0x20,0xeb,
  0x21,0xeb,0x23,0x6b,0x26,0x6a,0x28,0x6a,0x2b,0xea,0x2d,0xea,0x30,0xea,0x33,0x69,
  0x37,0xe9,0x3a,0x69,0x3e,0xe9,0x41,0x68,0x45,0xe8,0x48,0x68,0x4c,0x67,0x4f,0x67,
  0x52,0xe6,0x54,0xe6,0x57,0xe6,0x59,0x65,0x5c,0x65,0x5e,0x64,0x60,0xe4,0x61,0x63,
  0x63,0xe3,0x64,0xe2,0x65,0x62,0x67,0x62,0x68,0x62,0x69,0x61,0x6a,0x60,0x6b,0xe0,
  0x6b,0xdf,0x6c,0x5e,0x6d,0x5d,0x6e,0xdc,0x6e,0x5b,0x6f,0xd9,0x6f,0x58,0x70,0xd6,
  0x70,0x54,0x71,0xd3,0x71,0x51,0x72,0xcf,0x72,0xcd,0x72,0x4a,0x73,0xc8,0x73,0xc6,
  0x73,0x43,0x74,0x40,0x74,0xbe,0x74,0xbb,0x74,0x38,0x75,0x36,0x75,0xb3,0x75,0xb1,
  0x75,0x2e,0x76,0x2b,0x76,0xa8,0x76,0xa5,0x76,0xa2,0x76,0x20,0x77,0x1d,0x77,0x1a,
  0x77,0x97,0x77,0x95,0x77,0x92,0x77,0x8f,0x77,0x0c,0x78,0x09,0x78,0x07,0x78,0x04,
  0x78,0x81,0x78,0x7f,0x00,0x7f,0x7f,0x00,0x82,0x06,0x85,0x06,0x08,0x07,0x0b,0x07,
  0x0e,0x07,0x11,0x07,0x14,0x07,0x97,0x07,0x9a,0x07,0x9c,0x07,0x1f,0x08,0x23,0x08,
  0x26,0x08,0xa9,0x08,0xac,0x08,0xaf,0x08,0x32,0x09,0x35,0x09,0x38,0x09,0xbb,0x09,
  0xbe,0x09,0x41,0x0a,0x44,0x0a,0xc8,0x0a,0xcb,0x0a,0x4e,0x0b,0x51,0x0b,0xd4,0x0b,
  0x57,0x0c,0x5a,0x0c,0xdd,0x0c,0x5f,0x0d,0xe1,0x0d,0xe4,0x0d,0x67,0x0e,0xe9,0x0e,
  0x6a,0x0f,0xeb,0x0f,0x6b,0x10,0x6c,0x11,0xec,0x11,0xed,0x12,0x6d,0x13,0x6d,0x14,
  0x6d,0x15,0x6d,0x16,0x6d,0x17,0x6d,0x18,0xed,0x19,0xed,0x1a,0x6d,0x1c,0x6d,0x1e,
  0x6d,0x20,0x6d,0x22,0x6d,0x24,0xed,0x26,0x6d,0x29,0x6d,0x2c,0xec,0x2f,0xec,0x32,
  0x6c,0x36,0x6c,0x3a,0x6b,0x3e,0xeb,0x41,0xeb,0x45,0xea,0x49,0x6a,0x4d,0x6a,0x50,
  0xe9,0x53,0xe9,0x56,0x69,0x59,0xe8,0x5b,0xe8,0x5d,0x67,0x60,0xe7,0x61,0xe6,0x63,
  0x66,0x65,0x65,0x66,0xe5,0x67,0xe4,0x68,0xe3,0x69,0xe3,0x6a,0xe2,0x6b,0xe2,0x6c,
  0x62,0x6d,0x61,0x6e,0xe0,0x6e,0xdf,0x6f,0x5e,0x70,0xdd,0x70,0x5c,0x71,0xda,0x71,
  0x59,0x72,0x57,0x72,0xd5,0x72,0x53,0x73,0xd1,0x73,0xcf,0x73,0x4c,0x74,0xca,0x74,
  0xc7,0x74,0x45,0x75,0x42,0x75,0xbf,0x75,0xbc,0x75,0x3a,0x76,0x37,0x76,0xb4,0x76,
  0xb2,0x76,0xaf,0x76,0x2c,0x77,0x29,0x77,0x26,0x77,0xa3,0x77,0xa1,0x77,0x9e,0x77,
  0x1b,0x78,0x18,0x78,0x15,0x78,0x92,0x78,0x90,0x78,0x8d,0x78,0x8a,0x78,0x87,0x78,
  0x04,0x79,0x01,0x79,0x7f,0x00,0x7f,0x7f,0x00,0x02,0x06,0x05,0x06,0x08,0x06,0x0b,
  0x06,0x8e,0x06,0x91,0x06,0x94,0x06,0x97,0x06,0x1a,0x07,0x1d,0x07,0x20,0x07,0x23,
  0x07,0xa6,0x07,0xa9,0x07,0xac,0x07,0x30,0x08,0x33,0x08,0x36,0x08,0xb9,0x08,0xbc,
  0x08,0xbf,0x08,0x42,0x09,0x45,0x09,0xc9,0x09,0xcc,0x09,0x4f,0x0a,0x52,0x0a,0xd5,
  0x0a,0xd9,0x0a,0x5c,0x0b,0xde,0x0b,0xe0,0x0b,0x63,0x0c,0xe6,0x0c,0x69,0x0d,0xeb,
  0x0d,0x6c,0x0e,0xed,0x0e,0x6e,0x0f,0xee,0x0f,0x6f,0x10,0xef,0x10,0xef,0x11,0x70,
  0x12,0x70,0x13,0x70,0x14,0x70,0x15,0x70,0x16,0xf0,0x17,0xf0,0x18,0x70,0x1a,0x70,
  0x1c,0xf0,0x1d,0x70,0x20,0x6f,0x22,0xef,0x24,0xef,0x27,0xef,0x2a,0xef,0x2d,0xee,
  0x31,0xee,0x35,0xee,0x39,0xee,0x3d,0x6d,0x42,0x6d,0x46,0x6d,0x4a,0x6c,0x4e,0x6c,
  0x52,0x6c,0x55,0x6b,0x58,0x6b,0x5b,0xea,0x5d,0x6a,0x60,0x69,0x62,0xe9,0x63,0xe8,
  0x65,0x68,0x67,0x67,0x68,0xe7,0x69,0xe6,0x6a,0xe5,0x6b,0xe5,0x6c,0xe4,0x6d,0x63,
  0x6e,0x62,0x6f,0xe2,0x6f,0x62,0x70,0xe1,0x70,0x60,0x71,0xdf,0x71,0x5d,0x72,0xdc,
  0x72,0x5b,0x73,0xd9,0x73,0x57,0x74,0x55,0x74,0xd2,0x74,0x50,0x75,0x4e,0x75,0xcb,
  0x75,0xc8,0x75,0x46,0x76,0x43,0x76,0xc0,0x76,0xbe,0x76,0x3b,0x77,0x38,0x77,0x35,
  0x77,0xb2,0x77,0xb0,0x77,0xad,0x77,0x2a,0x78,0x27,0x78,0x24,0x78,0xa1,0x78,0x9e,
  0x78,0x9b,0x78,0x99,0x78,0x16,0x79,0x13,0x79,0x10,0x79,0x0d,0x79,0x8a,0x79,0x88,
  0x79,0x85,0x79,0x82,0x79,0x7f,0x00,0x7f,0x7f,0x00,0x83,0x05,0x86,0x05,0x89,0x05,
  0x8c,0x05,0x8f,0x05,0x92,0x05,0x15,0x06,0x18,0x06,0x1b,0x06,0x1e,0x06,0xa1,0x06,
  0xa4,0x06,0xa7,0x06,0xaa,0x06,0x2d,0x07,0x30,0x07,0x33,0x07,0xb6,0x07,0xba,0x07,
  0xbd,0x07,0x40,0x08,0x43,0x08,0x46,0x08,0xca,0x08,0xcd,0x08,0x50,0x09,0x53,0x09,
  0xd6,0x09,0xda,0x09,0x5d,0x0a,0x5f,0x0a,0xe2,0x0a,0x65,0x0b,0x68,0x0b,0xeb,0x0b,
  0x6e,0x0c,0xef,0x0c,0x70,0x0d,0xf1,0x0d,0x71,0x0e,0xf2,0x0e,0x72,0x0f,0x72,0x10,
  0xf2,0x10,0xf2,0x11,0x72,0x12,0x73,0x13,0x73,0x14,0xf3,0x15,0xf2,0x16,0x72,0x18,
  0xf2,0x19,0xf2,0x1b,0xf2,0x1d,0x72,0x20,0xf2,0x22,0x72,0x25,0xf1,0x28,0x71,0x2c,
  0x71,0x30,0x71,0x34,0xf0,0x38,0xf0,0x3d,0x70,0x42,0x6f,0x47,0xef,0x4b,0xef,0x4f,
  0xee,0x53,0x6e,0x57,0xee,0x5a,0x6d,0x5d,0x6d,0x60,0x6c,0x62,0x6c,0x64,0x6b,0x66,
  0xeb,0x67,0x6a,0x69,0x6a,0x6a,0xe9,0x6b,0xe8,0x6c,0xe8,0x6d,0x67,0x6e,0x66,0x6f,
  0xe6,0x6f,0xe5,0x70,0x64,0x71,0xe3,0x71,0x62,0x72,0xe2,0x72,0x61,0x73,0xe0,0x73,
  0x5e,0x74,0xdc,0x74,0xdb,0x74,0x59,0x75,0xd6,0x75,0xd4,0x75,0x52,0x76,0x4f,0x76,
  0xcd,0x76,0xca,0x76,0x47,0x77,0x44,0x77,0xc1,0x77,0xbf,0x77,0xbc,0x77,0x39,0x78,
  0x36,0x78,0x33,0x78,0xb0,0x78,0xad,0x78,0xab,0x78,0x28,0x79,0x25,0x79,0x22,0x79,
  0x1f,0x79,0x9c,0x79,0x99,0x79,0x96,0x79,0x94,0x79,0x11,0x7a,0x0e,0x7a,0x0b,0x7a,
  0x08,0x7a,0x05,0x7a,0x02,0x7a,0x7f,0x00,0x7f,0x80,0x04,0x83,0x04,0x86,0x04,0x09,
  0x05,0x0c,0x05,0x0f,0x05,0x12,0x05,0x15,0x05,0x18,0x05,0x9b,0x05,0x9e,0x05,0xa1,
  0x05,0xa4,0x05,0x27,0x06,0x2a,0x06,0x2e,0x06,0x31,0x06,0xb4,0x06,0xb7,0x06,0xba,
  0x06,0xbe,0x06,0x40,0x07,0x44,0x07,0x47,0x07,0xca,0x07,0xce,0x07,0x51,0x08,0x54,
  0x08,0x58,0x08,0xdb,0x08,0xde,0x08,0x60,0x09,0xe3,0x09,0xe7,0x09,0x6a,0x0a,0x6d,
  0x0a,0xf0,0x0a,0x72,0x0b,0xf3,0x0b,0x73,0x0c,0xf4,0x0c,0x74,0x0d,0xf4,0x0d,0x74,
  0x0e,0xf4,0x0e,0xf5,0x0f,0x75,0x10,0x75,0x11,0x75,0x12,0x75,0x13,0xf5,0x14,0x75,
  0x16,0xf5,0x17,0x75,0x19,0x75,0x1b,0x75,0x1d,0x75,0x20,0xf4,0x22,0x74,0x26,0xf4,
  0x29,0x74,0x2e,0xf3,0x32,0xf3,0x37,0x73,0x3d,0xf2,0x42,0x72,0x48,0x72,0x4d,0xf1,
  0x51,0x71,0x56,0xf0,0x59,0x70,0x5d,0x70,0x60,0xef,0x62,0xef,0x64,0xee,0x66,0x6e,
  0x68,0xed,0x69,0x6d,0x6b,0xec,0x6c,0xec,0x6d,0xeb,0x6e,0xea,0x6f,0x6a,0x70,0x69,
  0x71,0xe8,0x71,0x67,0x72,0xe6,0x72,0x65,0x73,0xe4,0x73,0x63,0x74,0xe2,0x74,0x62,
  0x75,0xe0,0x75,0xde,0x75,0x5d,0x76,0x5b,0x76,0xd8,0x76,0x56,0x77,0x53,0x77,0xd1,
  0x77,0xce,0x77,0xcb,0x77,0x48,0x78,0x45,0x78,0xc3,0x78,0xc0,0x78,0xbd,0x78,0x3a,
  0x79,0x37,0x79,0x34,0x79,0x31,0x79,0xae,0x79,0xab,0x79,0xa8,0x79,0xa5,0x79,0x22,
  0x7a,0x1f,0x7a,0x1c,0x7a,0x1a,0x7a,0x97,0x7a,0x94,0x7a,0x91,0x7a,0x8e,0x7a,0x8b,
  0x7a,0x88,0x7a,0x05,0x7b,0x03,0x7b,0x00,0x7b,0x26,0x01,0x04,0x04,0x04,0x06,0x04,
  0x09,0x04,0x0c,0x04,0x8f,0x04,0x92,0x04,0x96,0x04,0x98,0x04,0x9c,0x04,0x9e,0x04,
  0x21,0x05,0x25,0x05,0x28,0x05,0x2b,0x05,0x2e,0x05,0xb1,0x05,0xb4,0x05,0xb8,0x05,
  0xbb,0x05,0x3e,0x06,0x41,0x06,0x44,0x06,0x48,0x06,0xcb,0x06,0xce,0x06,0xd2,0x06,
  0x55,0x07,0x59,0x07,0xdc,0x07,0xde,0x07,0x61,0x08,0x64,0x08,0xe8,0x08,0xec,0x08,
  0x6f,0x09,0x73,0x09,0xf5,0x09,0x75,0x0a,0x81,0xf6,0x0a,0x56,0x76,0x0b,0xf7,0x0b,
  0xf7,0x0c,0x77,0x0d,0xf7,0x0d,0x78,0x0e,0x78,0x0f,0x79,0x10,0x79,0x11,0x79,0x12,
  0xf9,0x13,0xf9,0x14,0xf9,0x16,0x79,0x18,0xf8,0x1a,0x78,0x1d,0x77,0x20,0x77,0x23,
  0x77,0x27,0xf7,0x2b,0x76,0x31,0xf6,0x36,0xf6,0x3c,0x75,0x43,0x75,0x49,0xf5,0x4e,
  0x74,0x54,0xf4,0x58,0xf3,0x5c,0x73,0x60,0xf2,0x62,0x72,0x65,0xf1,0x67,0x71,0x69,
  0x70,0x6b,0x70,0x6c,0xef,0x6d,0xef,0x6e,0xee,0x6f,0xed,0x70,0xed,0x71,0x6c,0x72,
  0xeb,0x72,0x6a,0x73,0x6a,0x74,0xe9,0x74,0x68,0x75,0x67,0x75,0xe6,0x75,0x64,0x76,
  0xe3,0x76,0xe2,0x76,0x61,0x77,0x5e,0x77,0xdc,0x77,0xda,0x77,0x58,0x78,0x55,0x78,
  0xd2,0x78,0xcf,0x78,0x4c,0x79,0x4a,0x79,0x46,0x79,0xc4,0x79,0xc0,0x79,0xbe,0x79,
  0xbb,0x79,0x38,0x7a,0x35,0x7a,0x32,0x7a,0x2f,0x7a,0xac,0x7a,0xa9,0x7a,0xa6,0x7a,
  0xa3,0x7a,0xa0,0x7a,0x1d,0x7b,0x1a,0x7b,0x17,0x7b,0x14,0x7b,0x11,0x7b,0x0f,0x7b,
  0x8c,0x7b,0x89,0x7b,0x86,0x7b,0x83,0x7b,0x80,0x7b,0x7f,0x81,0x03,0x84,0x03,0x87,
  0x03,0x8a,0x03,0x8d,0x03,0x90,0x03,0x93,0x03,0x96,0x03,0x19,0x04,0x1c,0x04,0x1f,
  0x04,0x22,0x04,0x25,0x04,0x28,0x04,0xab,0x04,0xae,0x04,0xb2,0x04,0xb5,0x04,0xb8,
  0x04,0x3b,0x05,0x3f,0x05,0x41,0x05,0x45,0x05,0x48,0x05,0xcc,0x05,0xcf,0x05,0xd2,
  0x05,0x56,0x06,0x5a,0x06,0x5d,0x06,0xdf,0x06,0xe2,0x06,0x66,0x07,0x69,0x07,0xed,
  0x07,0xf1,0x07,0x75,0x08,0x78,0x08,0xf8,0x08,0xf9,0x08,0x7a,0x09,0xfb,0x09,0x7c,
  0x0a,0xfd,0x0a,0x7e,0x0b,0xfe,0x0b,0x7e,0x0c,0x7e,0x0d,0xfe,0x0d,0xfe,0x0e,0xfe,
  0x0f,0xfe,0x10,0x7e,0x12,0xfe,0x13,0x7e,0x15,0x7e,0x17,0xfe,0x19,0xfe,0x1c,0x7e,
  0x20,0x7d,0x24,0xfd,0x28,0xfc,0x2e,0x7b,0x35,0x7a,0x3c,0xf8,0x43,0xf8,0x4a,0x77,
  0x51,0x77,0x57,0xf6,0x5b,0x76,0x60,0x76,0x63,0x75,0x66,0xf5,0x68,0xf4,0x6a,0x74,
  0x6c,0xf3,0x6d,0x72,0x6f,0x72,0x70,0x71,0x71,0x70,0x72,0xf0,0x72,0xef,0x73,0x6f,
  0x74,0xee,0x74,0x6d,0x75,0xec,0x75,0x6b,0x76,0xea,0x76,0x69,0x77,0x68,0x77,0xe7,
  0x77,0xe6,0x77,0x64,0x78,0x62,0x78,0xe1,0x78,0xde,0x78,0x5c,0x79,0x59,0x79,0xd6,
  0x79,0xd3,0x79,0xd1,0x79,0x4e,0x7a,0x4b,0x7a,0x48,0x7a,0xc5,0x7a,0xc1,0x7a,0xbf,
  0x7a,0xbc,0x7a,0xb9,0x7a,0x36,0x7b,0x33,0x7b,0x30,0x7b,0x2c,0x7b,0x2a,0x7b,0xa6,
  0x7b,0xa3,0x7b,0xa0,0x7b,0x9e,0x7b,0x9b,0x7b,0x98,0x7b,0x15,0x7c,0x12,0x7c,0x0f,
  0x7c,0x0c,0x7c,0x09,0x7c,0x06,0x7c,0x03,0x7c,0x01,0x7c,0x28,0x81,0x02,0x84,0x02,
  0x87,0x02,0x0a,0x03,0x0d,0x03,0x10,0x03,0x13,0x03,0x16,0x03,0x19,0x03,0x1c,0x03,
  0x1f,0x03,0x22,0x03,0xa5,0x03,0xa8,0x03,0xac,0x03,0xaf,0x03,0xb2,0x03,0xb5,0x03,
  0x38,0x04,0x3c,0x04,0x3f,0x04,0x42,0x04,0x45,0x04,0xc9,0x04,0xcc,0x04,0xcf,0x04,
  0xd3,0x04,0xd6,0x04,0x5a,0x05,0x5d,0x05,0x5f,0x05,0xe3,0x05,0xe6,0x05,0xea,0x05,
  0x6e,0x06,0x72,0x06,0xf7,0x06,0xfb,0x06,0x7d,0x07,0x7e,0x07,0xfe,0x07,0x81,0x7f,
  0x08,0x54,0xff,0x08,0x7f,0x09,0xff,0x09,0x7f,0x0a,0xff,0x0a,0xff,0x0b,0x7f,0x0c,
  0x7f,0x0d,0x7f,0x0e,0x7f,0x0f,0x7f,0x10,0x7f,0x12,0xff,0x13,0x7f,0x16,0xff,0x18,
  0xff,0x1b,0x7e,0x20,0x7e,0x25,0x7e,0x2b,0xfe,0x32,0x7e,0x3b,0xfe,0x44,0x7e,0x4d,
  0xfd,0x54,0xfc,0x5a,0x7b,0x60,0x7a,0x64,0x79,0x67,0xf8,0x69,0x77,0x6c,0xf7,0x6d,
  0xf6,0x6f,0xf6,0x70,0xf5,0x71,0xf4,0x72,0xf4,0x73,0x73,0x74,0x72,0x75,0xf2,0x75,
  0x71,0x76,0xf0,0x76,0x70,0x77,0xef,0x77,0xee,0x77,0x6d,0x78,0xec,0x78,0xeb,0x78,
  0x69,0x79,0x68,0x79,0xe6,0x79,0xe4,0x79,0x62,0x7a,0x60,0x7a,0x5e,0x7a,0xdb,0x7a,
  0xd8,0x7a,0xd5,0x7a,0x52,0x7b,0x4f,0x7b,0x4c,0x7b,0x49,0x7b,0x45,0x7b,0xc2,0x7b,
  0xbf,0x7b,0xbd,0x7b,0xb9,0x7b,0xb6,0x7b,0x33,0x7c,0x30,0x7c,0x2d,0x7c,0x2a,0x7c,
  0x27,0x7c,0x24,0x7c,0xa1,0x7c,0x9e,0x7c,0x9b,0x7c,0x98,0x7c,0x95,0x7c,0x92,0x7c,
  0x8f,0x7c,0x8c,0x7c,0x89,0x7c,0x06,0x7d,0x03,0x7d,0x01,0x7d,0x25,0x01,0x02,0x04,
  0x02,0x07,0x02,0x0a,0x02,0x0d,0x02,0x10,0x02,0x13,0x02,0x96,0x02,0x99,0x02,0x9c,
  0x02,0x9f,0x02,0xa2,0x02,0xa5,0x02,0xa8,0x02,0xac,0x02,0xaf,0x02,0xb2,0x02,0x35,
  0x03,0x38,0x03,0x3c,0x03,0x3f,0x03,0x42,0x03,0x45,0x03,0xc9,0x03,0xcc,0x03,0xd0,
  0x03,0xd3,0x03,0xd7,0x03,0x5a,0x04,0x5e,0x04,0x60,0x04,0x63,0x04,0xe7,0x04,0xeb,
  0x04,0xef,0x04,0xf3,0x04,0x78,0x05,0x7e,0x05,0x81,0xff,0x05,0x81,0x7f,0x06,0x81,
  0xff,0x06,0x53,0x7f,0x07,0xff,0x07,0x7f,0x08,0xff,0x08,0x7f,0x09,0xff,0x09,0x7f,
  0x0a,0x7f,0x0b,0x7f,0x0c,0x7f,0x0d,0x7f,0x0e,0xff,0x0f,0xff,0x11,0x7f,0x14,0x7f,
  0x17,0xff,0x1a,0x7f,0x20,0xff,0x26,0xff,0x2f,0x7f,0x3a,0xff,0x45,0x7f,0x50,0x7f,
  0x59,0x7f,0x60,0x7e,0x65,0xfe,0x68,0xfe,0x6b,0x7d,0x6e,0x7c,0x70,0xfa,0x71,0xf9,
  0x72,0xf8,0x73,0xf8,0x74,0xf7,0x75,0x76,0x76,0xf5,0x76,0x75,0x77,0xf4,0x77,0x73,
  0x78,0xf3,0x78,0x72,0x79,0x71,0x79,0xf0,0x79,0xef,0x79,0x6e,0x7a,0x6d,0x7a,0xec,
  0x7a,0xea,0x7a,0x69,0x7b,0x67,0x7b,0x64,0x7b,0x62,0x7b,0xdf,0x7b,0xdc,0x7b,0xd9,
  0x7b,0xd6,0x7b,0x53,0x7c,0x50,0x7c,0x4d,0x7c,0x49,0x7c,0x46,0x7c,0xc3,0x7c,0xc0,
  0x7c,0xbd,0x7c,0xba,0x7c,0xb7,0x7c,0xb4,0x7c,0x31,0x7d,0x2d,0x7d,0x2a,0x7d,0x27,
  0x7d,0x24,0x7d,0x21,0x7d,0x1e,0x7d,0x1b,0x7d,0x18,0x7d,0x15,0x7d,0x92,0x7d,0x8f,
  0x7d,0x8c,0x7d,0x8a,0x7d,0x86,0x7d,0x84,0x7d,0x81,0x7d,0x28,0x81,0x01,0x84,0x01,
  0x87,0x01,0x8a,0x01,0x8d,0x01,0x90,0x01,0x93,0x01,0x96,0x01,0x99,0x01,0x9c,0x01,
  0x9f,0x01,0xa2,0x01,0xa6,0x01,0x29,0x02,0x2c,0x02,0x2f,0x02,0x32,0x02,0x35,0x02,
  0x39,0x02,0x3c,0x02,0x3f,0x02,0x42,0x02,0x45,0x02,0xc9,0x02,0xcc,0x02,0xd0,0x02,
  0xd3,0x02,0xd7,0x02,0xda,0x02,0xde,0x02,0x60,0x03,0x63,0x03,0x67,0x03,0x6b,0x03,
  0x6f,0x03,0xf3,0x03,0xf8,0x03,0xfd,0x03,0xfe,0x03,0x7e,0x04,0x7d,0x04,0x82,0xfd,
  0x04,0x81,0x7d,0x05,0x01,0xfd,0x05,0x7d,0x06,0x81,0xfd,0x06,0x21,0x7d,0x07,0x7d,
  0x08,0xfd,0x08,0xfe,0x09,0x7e,0x0a,0xfe,0x0b,0x7e,0x0d,0xfe,0x0e,0x7e,0x11,0xfe,
  0x14,0x7f,0x19,0x7f,0x20,0xff,0x29,0xff,0x37,0x7f,0x48,0x7f,0x56,0x7f,0x60,0xff,
  0x66,0x7f,0x6b,0xff,0x6e,0x7f,0x71,0xff,0x72,0x7f,0x74,0xfe,0x75,0x7e,0x76,0x7d,
  0x77,0xfc,0x77,0xfa,0x78,0x79,0x79,0x78,0x79,0xf8,0x79,0x77,0x7a,0xf6,0x7a,0xf5,
  0x7a,0x81,0x74,0x7b,0x29,0x73,0x7b,0xf2,0x7b,0xf1,0x7b,0x70,0x7c,0x6e,0x7c,0x6d,
  0x7c,0x6b,0x7c,0xe9,0x7c,0xe5,0x7c,0xe2,0x7c,0xe1,0x7c,0xdd,0x7c,0x5a,0x7d,0x57,
  0x7d,0x54,0x7d,0x51,0x7d,0x4d,0x7d,0x4a,0x7d,0x47,0x7d,0xc4,0x7d,0xc0,0x7d,0xbe,
  0x7d,0xba,0x7d,0xb7,0x7d,0xb4,0x7d,0xb1,0x7d,0xae,0x7d,0xab,0x7d,0xa7,0x7d,0x24,
  0x7e,0x21,0x7e,0x1e,0x7e,0x1c,0x7e,0x19,0x7e,0x16,0x7e,0x13,0x7e,0x10,0x7e,0x0d,
  0x7e,0x0a,0x7e,0x07,0x7e,0x04,0x7e,0x01,0x7e,0x25,0x81,0x00,0x84,0x00,0x87,0x00,
  0x0a,0x01,0x0d,0x01,0x10,0x01,0x13,0x01,0x16,0x01,0x19,0x01,0x1c,0x01,0x1f,0x01,
  0x22,0x01,0x26,0x01,0x29,0x01,0x2c,0x01,0x2f,0x01,0x32,0x01,0x35,0x01,0x39,0x01,
  0x3c,0x01,0x3f,0x01,0x42,0x01,0x45,0x01,0xc9,0x01,0xcc,0x01,0xd0,0x01,0xd3,0x01,
  0xd7,0x01,0xda,0x01,0xde,0x01,0xe0,0x01,0xe3,0x01,0xe7,0x01,0x6b,0x02,0x6f,0x02,
  0x73,0x02,0x77,0x02,0x79,0x02,0x81,0x78,0x02,0x83,0xf8,0x02,0x82,0x78,0x03,0x81,
  0xf8,0x03,0x00,0x78,0x04,0x81,0xf8,0x04,0x17,0x78,0x05,0xf8,0x05,0x79,0x06,0x79,
  0x07,0x79,0x08,0x79,0x09,0xfa,0x0a,0x7a,0x0d,0x7b,0x10,0x7c,0x16,0x7c,0x20,0xfd,
  0x32,0x7d,0x4d,0x7e,0x60,0xfe,0x69,0xfe,0x6f,0xff,0x72,0x7f,0x75,0xff,0x76,0xff,
  0x77,0xff,0x78,0xff,0x79,0x7f,0x7a,0xff,0x7a,0x81,0x7f,0x7b,0x31,0xfe,0x7b,0x7d,
  0x7c,0x7b,0x7c,0xfa,0x7c,0xf9,0x7c,0xf8,0x7c,0x77,0x7d,0x76,0x7d,0x75,0x7d,0x74,
  0x7d,0xf3,0x7d,0xf2,0x7d,0xf1,0x7d,0xef,0x7d,0xed,0x7d,0xea,0x7d,0xe7,0x7d,0x64,
  0x7e,0x61,0x7e,0x5f,0x7e,0x5b,0x7e,0x58,0x7e,0x55,0x7e,0x51,0x7e,0x4e,0x7e,0x4b,
  0x7e,0x47,0x7e,0xc4,0x7e,0xc1,0x7e,0xbe,0x7e,0xbb,0x7e,0xb7,0x7e,0xb4,0x7e,0xb1,
  0x7e,0xae,0x7e,0xab,0x7e,0xa8,0x7e,0xa5,0x7e,0xa2,0x7e,0x9f,0x7e,0x9c,0x7e,0x99,
  0x7e,0x96,0x7e,0x93,0x7e,0x90,0x7e,0x8d,0x7e,0x8a,0x7e,0x07,0x7f,0x04,0x7f,0x01,
  0x7f,0x23,0x01,0x00,0x04,0x00,0x07,0x00,0x0a,0x00,0x0d,0x00,0x10,0x00,0x13,0x00,
  0x16,0x00,0x19,0x00,0x1c,0x00,0x1f,0x00,0x22,0x00,0x26,0x00,0x29,0x00,0x2c,0x00,
  0x2f,0x00,0x32,0x00,0x35,0x00,0x38,0x00,0x3c,0x00,0x3f,0x00,0x42,0x00,0x45,0x00,
  0xc9,0x00,0xcc,0x00,0xd0,0x00,0xd3,0x00,0xd6,0x00,0xda,0x00,0xdd,0x00,0xdf,0x00,
  0xe3,0x00,0xe6,0x00,0xea,0x00,0xee,0x00,0xf1,0x00,0x81,0xf4,0x00,0x82,0xf3,0x00,
  0x82,0xf4,0x00,0x84,0x74,0x01,0x00,0x75,0x01,0x83,0xf5,0x01,0x11,0x75,0x02,0x76,
  0x02,0xf6,0x02,0x76,0x03,0xf6,0x03,0xf7,0x04,0xf7,0x05,0x77,0x08,0x77,0x0d,0x78,
  0x20,0x78,0x60,0xf9,0x72,0xf9,0x77,0x7a,0x7a,0x7b,0x7b,0x7c,0x7c,0xfd,0x7c,0x7d,
  0x7d,0x81,0xfe,0x7d,0x83,0x7f,0x7e,0x82,0xff,0x7e,0x2e,0xfe,0x7e,0xfd,0x7e,0xfb,
  0x7e,0x7a,0x7f,0x79,0x7f,0x78,0x7f,0x77,0x7f,0x76,0x7f,0x75,0x7f,0x73,0x7f,0x72,
  0x7f,0x6f,0x7f,0x6c,0x7f,0x68,0x7f,0x65,0x7f,0x62,0x7f,0x60,0x7f,0x5c,0x7f,0x59,
  0x7f,0x55,0x7f,0x52,0x7f,0x4f,0x7f,0x4b,0x7f,0x48,0x7f,0xc4,0x7f,0xc1,0x7f,0xbe,
  0x7f,0xbb,0x7f,0xb8,0x7f,0xb5,0x7f,0xb1,0x7f,0xae,0x7f,0xab,0x7f,0xa8,0x7f,0xa5,
  0x7f,0xa2,0x7f,0x9f,0x7f,0x9c,0x7f,0x99,0x7f,0x96,0x7f,0x93,0x7f,0x90,0x7f,0x8d,
  0x7f,0x8a,0x7f,0x87,0x7f,0x84,0x7f,0x81,0x7f,0x24,0x81,0xff,0x84,0xff,0x87,0xff,
  0x8a,0xff,0x8d,0xff,0x90,0xff,0x93,0xff,0x96,0xff,0x99,0xff,0x9c,0xff,0x9f,0xff,
  0xa2,0xff,0xa6,0xff,0xa9,0xff,0xac,0xff,0xaf,0xff,0xb2,0xff,0xb5,0xff,0xb8,0xff,
  0xbc,0xff,0xbf,0xff,0xc2,0xff,0xc5,0xff,0x49,0xff,0x4c,0xff,0x4f,0xff,0x53,0xff,
  0x56,0xff,0x5a,0xff,0x5d,0xff,0x5f,0xff,0x62,0xff,0x65,0xff,0x69,0xff,0x6c,0xff,
  0x6f,0xff,0x70,0xff,0x81,0x6f,0xff,0x84,0x70,0xff,0x84,0xf1,0xfe,0x00,0xf2,0xfe,
  0x82,0x72,0xfe,0x00,0x73,0xfe,0x81,0xf3,0xfd,0x15,0x73,0xfd,0xf4,0xfc,0x74,0xfc,
  0x74,0xfb,0x74,0xfa,0xf5,0xf7,0xf5,0xf2,0x75,0xe0,0x75,0xa0,0x76,0x8d,0x76,0x88,
  0xf6,0x85,0xf7,0x84,0xf7,0x83,0x78,0x83,0xf8,0x82,0x79,0x82,0x7a,0x82,0xfb,0x81,
  0xfc,0x81,0xfd,0x81,0xfe,0x81,0x85,0x7f,0x81,0x2b,0xfe,0x80,0xfd,0x80,0xfb,0x80,
  0xfa,0x80,0xf9,0x80,0xf8,0x80,0xf6,0x80,0xf4,0x80,0xf1,0x80,0xed,0x80,0xe9,0x80,
  0xe6,0x80,0xe2,0x80,0xe0,0x80,0xdd,0x80,0xd9,0x80,0xd6,0x80,0xd2,0x80,0xcf,0x80,
  0xcb,0x80,0xc8,0x80,0x45,0x80,0x41,0x80,0x3e,0x80,0x3b,0x80,0x38,0x80,0x35,0x80,
  0x31,0x80,0x2e,0x80,0x2b,0x80,0x28,0x80,0x25,0x80,0x22,0x80,0x1f,0x80,0x1c,0x80,
  0x19,0x80,0x16,0x80,0x13,0x80,0x10,0x80,0x0d,0x80,0x0a,0x80,0x07,0x80,0x04,0x80,
  0x01,0x80,0x22,0x01,0xff,0x04,0xff,0x07,0xff,0x8a,0xfe,0x8d,0xfe,0x90,0xfe,0x93,
  0xfe,0x96,0xfe,0x99,0xfe,0x9c,0xfe,0x9f,0xfe,0xa2,0xfe,0xa5,0xfe,0xa8,0xfe,0xac,
  0xfe,0xaf,0xfe,0xb2,0xfe,0xb5,0xfe,0xb8,0xfe,0xbc,0xfe,0xbf,0xfe,0xc2,0xfe,0xc5,
  0xfe,0x48,0xfe,0x4c,0xfe,0x4f,0xfe,0x52,0xfe,0x55,0xfe,0x59,0xfe,0x5c,0xfe,0x5f,
  0xfe,0x61,0xfe,0x64,0xfe,0xe7,0xfd,0xea,0xfd,0x82,0xec,0xfd,0x81,0xed,0xfd,0x81,
  0x6d,0xfd,0x81,0x6e,0xfd,0x82,0xee,0xfc,0x81,0x6f,0xfc,0x20,0xef,0xfb,0x6f,0xfb,
  0x70,0xfb,0xf0,0xfa,0x70,0xfa,0xf0,0xf9,0xf1,0xf8,0xf1,0xf7,0xf1,0xf6,0x72,0xf5,
  0xf2,0xf2,0xf2,0xef,0xf2,0xe9,0x73,0xe0,0x73,0xcd,0xf3,0xb2,0x74,0xa0,0x74,0x96,
  0x74,0x90,0x74,0x8d,0xf5,0x8a,0x75,0x89,0x76,0x88,0x76,0x87,0x77,0x86,0xf7,0x85,
  0x78,0x85,0xf9,0x84,0xfa,0x84,0x7b,0x84,0xfc,0x83,0xfd,0x83,0x7e,0x83,0x81,0x7f,
  0x83,0x82,0xff,0x82,0x28,0xfe,0x82,0x7c,0x82,0x7b,0x82,0x79,0x82,0x76,0x82,0x72,
  0x82,0x6e,0x82,0x6a,0x82,0xe6,0x81,0xe3,0x81,0xe0,0x81,0xdd,0x81,0xda,0x81,0xd6,
  0x81,0xd2,0x81,0xcf,0x81,0xcc,0x81,0xc8,0x81,0x45,0x81,0x41,0x81,0x3f,0x81,0x3b,
  0x81,0x38,0x81,0x35,0x81,0x31,0x81,0x2e,0x81,0x2b,0x81,0x28,0x81,0x25,0x81,0x22,
  0x81,0x1f,0x81,0x1c,0x81,0x19,0x81,0x16,0x81,0x13,0x81,0x10,0x81,0x0d,0x81,0x0a,
  0x81,0x87,0x80,0x84,0x80,0x81,0x80,0x23,0x01,0xfe,0x04,0xfe,0x07,0xfe,0x0a,0xfe,
  0x0d,0xfe,0x10,0xfe,0x13,0xfe,0x16,0xfe,0x19,0xfe,0x1c,0xfe,0x1f,0xfe,0x22,0xfe,
  0x25,0xfe,0xa8,0xfd,0xab,0xfd,0xaf,0xfd,0xb2,0xfd,0xb5,0xfd,0xb8,0xfd,0xbb,0xfd,
  0xbe,0xfd,0xc1,0xfd,0xc4,0xfd,0x48,0xfd,0x4b,0xfd,0x4e,0xfd,0x51,0xfd,0x54,0xfd,
  0x58,0xfd,0x5b,0xfd,0xde,0xfc,0xe0,0xfc,0xe2,0xfc,0xe5,0xfc,0xe8,0xfc,0x68,0xfc,
  0x81,0x69,0xfc,0x00,0x6a,0xfc,0x81,0xea,0xfb,0x00,0x6a,0xfb,0x81,0x6b,0xfb,0x81,
  0xeb,0xfa,0x01,0x6c,0xfa,0xec,0xf9,0x81,0x6c,0xf9,0x24,0xed,0xf8,0xed,0xf7,0x6d,
  0xf7,0x6d,0xf6,0xee,0xf5,0x6e,0xf4,0xee,0xf2,0x6e,0xf1,0xef,0xee,0x6f,0xeb,0xef,
  0xe6,0x70,0xe0,0x70,0xd6,0x70,0xc8,0xf1,0xb7,0xf1,0xa9,0x71,0xa0,0x72,0x99,0xf2,
  0x94,0x72,0x91,0xf3,0x8e,0x73,0x8d,0xf3,0x8b,0x74,0x8a,0xf4,0x89,0xf5,0x88,0x75,
  0x88,0x76,0x87,0xf7,0x86,0xf8,0x86,0x78,0x86,0xf9,0x85,0x7b,0x85,0x7c,0x85,0xfd,
  0x84,0xfe,0x84,0xff,0x84,0x81,0x7f,0x84,0x26,0xff,0x83,0xfc,0x83,0xf7,0x83,0xf3,
  0x83,0x6e,0x83,0x6a,0x83,0x66,0x83,0x63,0x83,0x60,0x83,0xdd,0x82,0xda,0x82,0xd6,
  0x82,0xd2,0x82,0xcf,0x82,0xcc,0x82,0xc8,0x82,0x45,0x82,0x41,0x82,0x3f,0x82,0x3b,
  0x82,0x38,0x82,0x35,0x82,0x31,0x82,0x2e,0x82,0x2b,0x82,0x28,0x82,0xa5,0x81,0xa2,
  0x81,0x9f,0x81,0x9c,0x81,0x99,0x81,0x96,0x81,0x93,0x81,0x90,0x81,0x8d,0x81,0x8a,
  0x81,0x87,0x81,0x84,0x81,0x81,0x81,0x21,0x81,0xfd,0x84,0xfd,0x87,0xfd,0x8a,0xfd,
  0x8d,0xfd,0x90,0xfd,0x93,0xfd,0x16,0xfd,0x19,0xfd,0x1c,0xfd,0x1f,0xfd,0x22,0xfd,
  0x25,0xfd,0x28,0xfd,0x2b,0xfd,0x2e,0xfd,0x31,0xfd,0xb4,0xfc,0xb8,0xfc,0xbb,0xfc,
  0xbe,0xfc,0xc1,0xfc,0xc4,0xfc,0x47,0xfc,0x4a,0xfc,0x4d,0xfc,0x50,0xfc,0x53,0xfc,
  0xd6,0xfb,0xda,0xfb,0xdc,0xfb,0xdf,0xfb,0x61,0xfb,0x63,0xfb,0x81,0x65,0xfb,0x81,
  0xe6,0xfa,0x03,0x66,0xfa,0x67,0xfa,0xe7,0xf9,0xe8,0xf9,0x81,0x68,0xf9,0x53,0xe8,
  0xf8,0x69,0xf8,0xe9,0xf7,0x69,0xf7,0xea,0xf6,0x6a,0xf6,0xea,0xf5,0xea,0xf4,0xeb,
  0xf3,0xeb,0xf2,0xeb,0xf1,0x6c,0xf0,0x6c,0xee,0xec,0xeb,0xec,0xe8,0x6d,0xe5,0x6d,
  0xe0,0x6d,0xd9,0x6d,0xd0,0xee,0xc5,0x6e,0xba,0xee,0xaf,0xef,0xa6,0x6f,0xa0,0xef,
  0x9a,0x70,0x97,0x70,0x94,0xf0,0x91,0xf1,0x8f,0x71,0x8e,0x72,0x8d,0x72,0x8c,0x72,
  0x8b,0x73,0x8a,0xf3,0x89,0x74,0x89,0xf5,0x88,0x76,0x88,0xf7,0x87,0x78,0x87,0xf8,
  0x86,0xf9,0x86,0x7b,0x86,0x7c,0x86,0xfe,0x85,0xff,0x85,0x7d,0x85,0x77,0x85,0xf3,
  0x84,0xee,0x84,0xea,0x84,0xe6,0x84,0x63,0x84,0x60,0x84,0x5d,0x84,0x5a,0x84,0xd6,
  0x83,0xd2,0x83,0xcf,0x83,0xcb,0x83,0xc8,0x83,0x45,0x83,0x41,0x83,0x3e,0x83,0x3b,
  0x83,0x38,0x83,0x35,0x83,0xb1,0x82,0xae,0x82,0xab,0x82,0xa8,0x82,0xa5,0x82,0xa2,
  0x82,0x9f,0x82,0x9c,0x82,0x99,0x82,0x96,0x82,0x13,0x82,0x10,0x82,0x0d,0x82,0x0a,
  0x82,0x07,0x82,0x04,0x82,0x01,0x82,0x21,0x01,0xfd,0x04,0xfd,0x07,0xfd,0x8a,0xfc,
  0x8d,0xfc,0x90,0xfc,0x93,0xfc,0x96,0xfc,0x99,0xfc,0x9c,0xfc,0x9e,0xfc,0xa2,0xfc,
  0x25,0xfc,0x27,0xfc,0x2b,0xfc,0x2e,0xfc,0x31,0xfc,0x34,0xfc,0xb7,0xfb,0xba,0xfb,
  0xbd,0xfb,0xc0,0xfb,0xc3,0xfb,0x46,0xfb,0x49,0xfb,0x4c,0xfb,0x4f,0xfb,0x52,0xfb,
  0xd5,0xfa,0xd8,0xfa,0xdb,0xfa,0x5d,0xfa,0x5f,0xfa,0x61,0xfa,0x81,0xe2,0xf9,0x81,
  0x63,0xf9,0x81,0xe4,0xf8,0x00,0x65,0xf8,0x81,0xe5,0xf7,0x54,0x66,0xf7,0xe6,0xf6,
  0x66,0xf6,0xe6,0xf5,0x67,0xf5,0x67,0xf4,0xe7,0xf3,0xe8,0xf2,0xe8,0xf1,0xe8,0xf0,
  0xe8,0xef,0xe9,0xed,0x69,0xec,0xe9,0xe9,0x69,0xe7,0x6a,0xe4,0x6a,0xe0,0xea,0xda,
  0xeb,0xd4,0x6b,0xcd,0xeb,0xc4,0x6b,0xbb,0xec,0xb2,0x6c,0xab,0x6c,0xa5,0x6d,0xa0,
  0xed,0x9b,0xed,0x98,0x6e,0x96,0xee,0x93,0x6e,0x92,0x6f,0x90,0x6f,0x8f,0x6f,0x8e,
  0x70,0x8d,0x70,0x8c,0xf1,0x8b,0xf1,0x8a,0x72,0x8a,0xf2,0x89,0x73,0x89,0xf4,0x88,
  0x75,0x88,0x76,0x88,0xf7,0x87,0x79,0x87,0x7a,0x87,0xfa,0x86,0xf6,0x86,0x72,0x86,
  0x6e,0x86,0xea,0x85,0xe6,0x85,0xe2,0x85,0x60,0x85,0x5d,0x85,0x59,0x85,0xd6,0x84,
  0xd2,0x84,0xcf,0x84,0xcb,0x84,0xc8,0x84,0x44,0x84,0x41,0x84,0x3e,0x84,0x3b,0x84,
  0x38,0x84,0xb4,0x83,0xb1,0x83,0xae,0x83,0xab,0x83,0xa8,0x83,0xa5,0x83,0x21,0x83,
  0x1e,0x83,0x1c,0x83,0x18,0x83,0x15,0x83,0x12,0x83,0x0f,0x83,0x0c,0x83,0x09,0x83,
  0x86,0x82,0x84,0x82,0x81,0x82,0x7f,0x01,0xfc,0x04,0xfc,0x07,0xfc,0x0a,0xfc,0x0d,
  0xfc,0x10,0xfc,0x12,0xfc,0x15,0xfc,0x98,0xfb,0x9b,0xfb,0x9e,0xfb,0xa1,0xfb,0xa4,
  0xfb,0xa7,0xfb,0x2a,0xfb,0x2d,0xfb,0x30,0xfb,0x33,0xfb,0x36,0xfb,0xb9,0xfa,0xbd,
  0xfa,0xbf,0xfa,0xc2,0xfa,0xc5,0xfa,0x48,0xfa,0x4b,0xfa,0x4e,0xfa,0xd1,0xf9,0xd3,
  0xf9,0xd6,0xf9,0x59,0xf9,0x5b,0xf9,0xdd,0xf8,0xde,0xf8,0x5f,0xf8,0x60,0xf8,0xe0,
  0xf7,0xe1,0xf7,0x61,0xf7,0x62,0xf7,0xe2,0xf6,0x62,0xf6,0xe3,0xf5,0x63,0xf5,0xe3,
  0xf4,0x64,0xf4,0xe4,0xf3,0xe4,0xf2,0x65,0xf2,0x65,0xf1,0x65,0xf0,0x66,0xef,0xe6,
  0xed,0x66,0xec,0xe6,0xea,0xe7,0xe8,0x67,0xe6,0x67,0xe3,0x67,0xe0,0xe8,0xdb,0x68,
  0xd7,0x68,0xd1,0xe9,0xca,0xe9,0xc3,0x69,0xbc,0x69,0xb5,0xea,0xae,0xea,0xa8,0x6a,
  0xa4,0x6b,0xa0,0xeb,0x9c,0xeb,0x99,0x6c,0x97,0x6c,0x95,0xec,0x93,0x6c,0x92,0xed,
  0x90,0xed,0x8f,0xee,0x8e,0xee,0x8d,0x6e,0x8d,0x6f,0x8c,0xef,0x8b,0x70,0x8b,0xf0,
  0x8a,0x71,0x8a,0xf2,0x89,0x73,0x89,0xf4,0x88,0xf5,0x88,0x76,0x88,0x74,0x88,0xf0,
  0x87,0xec,0x87,0x69,0x87,0x65,0x87,0xe2,0x86,0xe0,0x86,0x5c,0x86,0x59,0x86,0x55,
  0x86,0xd2,0x85,0xce,0x85,0xcb,0x85,0x48,0x85,0x44,0x85,0x41,0x85,0x3e,0x85,0x3b,
  0x85,0xb7,0x84,0xb4,0x84,0xb1,0x84,0xae,0x84,0xab,0x84,0x27,0x84,0x24,0x84,0x21,
  0x84,0x1e,0x84,0x1b,0x84,0x18,0x84,0x95,0x83,0x92,0x83,0x8f,0x83,0x8c,0x83,0x89,
  0x83,0x86,0x83,0x83,0x83,0x81,0x83,0x7f,0x81,0xfb,0x84,0xfb,0x86,0xfb,0x89,0xfb,
  0x8c,0xfb,0x0f,0xfb,0x12,0xfb,0x15,0xfb,0x18,0xfb,0x1b,0xfb,0x1e,0xfb,0xa1,0xfa,
  0xa4,0xfa,0xa7,0xfa,0xaa,0xfa,0xad,0xfa,0x30,0xfa,0x33,0xfa,0x36,0xfa,0x38,0xfa,
  0xbc,0xf9,0xbe,0xf9,0xc1,0xf9,0xc4,0xf9,0x47,0xf9,0x4a,0xf9,0x4d,0xf9,0xcf,0xf8,
  0xd2,0xf8,0x54,0xf8,0x57,0xf8,0xd9,0xf7,0xda,0xf7,0x5c,0xf7,0x5d,0xf7,0xdd,0xf6,
  0xde,0xf6,0x5f,0xf6,0xdf,0xf5,0x5f,0xf5,0x60,0xf5,0xe0,0xf4,0x60,0xf4,0x61,0xf3,
  0xe1,0xf2,0x61,0xf2,0xe2,0xf1,0xe2,0xf0,0xe2,0xef,0xe2,0xee,0xe3,0xed,0x63,0xec,
  0x63,0xeb,0x64,0xe9,0xe4,0xe7,0x64,0xe5,0xe5,0xe2,0x65,0xe0,0xe5,0xdc,0xe5,0xd8,
  0x66,0xd4,0xe6,0xce,0x66,0xc9,0x66,0xc3,0xe7,0xbc,0xe7,0xb6,0x67,0xb1,0xe7,0xab,
  0x68,0xa7,0x68,0xa3,0x68,0xa0,0x69,0x9d,0xe9,0x9a,0x69,0x98,0xe9,0x96,0xea,0x94,
  0xea,0x93,0x6b,0x92,0x6b,0x91,0x6b,0x90,0x6c,0x8f,0x6c,0x8e,0xec,0x8d,0x6d,0x8d,
  0xed,0x8c,0xee,0x8b,0x6e,0x8b,0xef,0x8a,0xf0,0x8a,0x71,0x8a,0xf2,0x89,0x71,0x89,
  0x6e,0x89,0xeb,0x88,0xe7,0x88,0x64,0x88,0x61,0x88,0xdf,0x87,0xdb,0x87,0x58,0x87,
  0x54,0x87,0xd1,0x86,0xce,0x86,0xca,0x86,0x47,0x86,0x44,0x86,0x40,0x86,0x3e,0x86,
  0xba,0x85,0xb7,0x85,0xb4,0x85,0xb1,0x85,0x2d,0x85,0x2a,0x85,0x27,0x85,0x24,0x85,
  0x21,0x85,0x9e,0x84,0x9b,0x84,0x98,0x84,0x95,0x84,0x92,0x84,0x8f,0x84,0x0c,0x84,
  0x09,0x84,0x06,0x84,0x03,0x84,0x00,0x84,0x7f,0x00,0xfb,0x03,0xfb,0x06,0xfb,0x89,
  0xfa,0x8c,0xfa,0x8f,0xfa,0x92,0xfa,0x95,0xfa,0x98,0xfa,0x1b,0xfa,0x1d,0xfa,0x20,
  0xfa,0x23,0xfa,0xa6,0xf9,0xa9,0xf9,0xac,0xf9,0xaf,0xf9,0x32,0xf9,0x35,0xf9,0x38,
  0xf9,0x3b,0xf9,0xbd,0xf8,0xc0,0xf8,0xc3,0xf8,0x46,0xf8,0x49,0xf8,0xcb,0xf7,0xce,
  0xf7,0xd0,0xf7,0x53,0xf7,0x55,0xf7,0xd6,0xf6,0x58,0xf6,0x59,0xf6,0xda,0xf5,0xdb,
  0xf5,0x5c,0xf5,0xdd,0xf4,0x5d,0xf4,0xde,0xf3,0x5e,0xf3,0xdf,0xf2,0x5f,0xf2,0xdf,
  0xf1,0x5f,0xf1,0x5f,0xf0,0xe0,0xef,0xe0,0xee,0xe1,0xed,0xe1,0xec,0x61,0xeb,0xe1,
  0xe9,0x61,0xe8,0xe2,0xe6,0xe2,0xe4,0xe2,0xe2,0x62,0xe0,0x62,0xdd,0xe3,0xd9,0x63,
  0xd6,0xe3,0xd1,0x64,0xcd,0x64,0xc8,0xe4,0xc2,0x64,0xbd,0xe5,0xb7,0xe5,0xb2,0x65,
  0xae,0xe6,0xa9,0x66,0xa6,0xe6,0xa2,0x66,0xa0,0x66,0x9d,0x67,0x9b,0x67,0x99,0xe7,
  0x97,0x68,0x96,0xe8,0x94,0x68,0x93,0x69,0x92,0x69,0x91,0x69,0x90,0xea,0x8f,0xea,
  0x8e,0x6b,0x8e,0xeb,0x8d,0x6b,0x8d,0xec,0x8c,0x6c,0x8c,0xed,0x8b,0x6e,0x8b,0xee,
  0x8a,0x6c,0x8a,0x69,0x8a,0xe5,0x89,0xe2,0x89,0x61,0x89,0xdd,0x88,0xda,0x88,0x57,
  0x88,0x54,0x88,0x50,0x88,0xcd,0x87,0xca,0x87,0x46,0x87,0x43,0x87,0x40,0x87,0xbd,
  0x86,0xba,0x86,0xb6,0x86,0xb3,0x86,0x30,0x86,0x2d,0x86,0x2a,0x86,0x27,0x86,0xa4,
  0x85,0xa0,0x85,0x9d,0x85,0x9b,0x85,0x18,0x85,0x15,0x85,0x12,0x85,0x0f,0x85,0x0c,
  0x85,0x09,0x85,0x86,0x84,0x83,0x84,0x80,0x84,0x7f,0x7f,0x00,0x03,0xfa,0x06,0xfa,
  0x09,0xfa,0x0b,0xfa,0x0e,0xfa,0x11,0xfa,0x94,0xf9,0x97,0xf9,0x9a,0xf9,0x9d,0xf9,
  0x1f,0xf9,0x22,0xf9,0x25,0xf9,0x28,0xf9,0xab,0xf8,0xae,0xf8,0xb1,0xf8,0x34,0xf8,
  0x37,0xf8,0x3a,0xf8,0xbc,0xf7,0xbf,0xf7,0xc2,0xf7,0x44,0xf7,0x47,0xf7,0xca,0xf6,
  0xcc,0xf6,0x4e,0xf6,0x51,0xf6,0xd2,0xf5,0xd4,0xf5,0x55,0xf5,0xd6,0xf4,0xd8,0xf4,
  0x59,0xf4,0xda,0xf3,0x5a,0xf3,0xdb,0xf2,0x5c,0xf2,0xdc,0xf1,0x5d,0xf1,0xdd,0xf0,
  0xde,0xef,0x5e,0xef,0x5e,0xee,0xdf,0xed,0xdf,0xec,0xdf,0xeb,0x5f,0xea,0x5f,0xe9,
  0xdf,0xe7,0x60,0xe6,0x60,0xe4,0x60,0xe2,0x61,0xe0,0x61,0xdd,0xe1,0xda,0x61,0xd7,
  0xe1,0xd3,0xe1,0xcf,0xe2,0xcb,0x62,0xc7,0x62,0xc2,0xe2,0xbd,0xe2,0xb8,0x62,0xb4,
  0x63,0xb0,0x63,0xac,0xe3,0xa8,0x64,0xa5,0xe4,0xa2,0x64,0xa0,0xe4,0x9d,0xe5,0x9b,
  0xe5,0x99,0x65,0x98,0xe5,0x96,0xe6,0x95,0x66,0x94,0x66,0x93,0x67,0x92,0xe7,0x91,
  0xe7,0x90,0x68,0x90,0x68,0x8f,0xe8,0x8e,0x68,0x8e,0xe9,0x8d,0x6a,0x8d,0xea,0x8c,
  0x6a,0x8c,0xe9,0x8b,0x66,0x8b,0x63,0x8b,0xe1,0x8a,0x5f,0x8a,0x5c,0x8a,0xd9,0x89,
  0xd5,0x89,0x52,0x89,0x4f,0x89,0xcc,0x88,0xc9,0x88,0x45,0x88,0x42,0x88,0x3f,0x88,
  0xbc,0x87,0xb9,0x87,0xb6,0x87,0x32,0x87,0x30,0x87,0x2c,0x87,0xa9,0x86,0xa6,0x86,
  0xa3,0x86,0xa0,0x86,0x1d,0x86,0x1a,0x86,0x17,0x86,0x14,0x86,0x91,0x85,0x8e,0x85,
  0x8b,0x85,0x88,0x85,0x85,0x85,0x82,0x85,0x7f,0x00,0x7f,0x7f,0x00,0x82,0xf9,0x85,
  0xf9,0x88,0xf9,0x8b,0xf9,0x0e,0xf9,0x11,0xf9,0x14,0xf9,0x17,0xf9,0x99,0xf8,0x9c,
  0xf8,0x9f,0xf8,0xa2,0xf8,0x25,0xf8,0x28,0xf8,0x2a,0xf8,0xad,0xf7,0xb0,0xf7,0xb3,
  0xf7,0x36,0xf7,0x38,0xf7,0x3b,0xf7,0xbe,0xf6,0xc0,0xf6,0x43,0xf6,0x46,0xf6,0xc8,
  0xf5,0xca,0xf5,0x4d,0xf5,0x4f,0xf5,0xd0,0xf4,0x52,0xf4,0x53,0xf4,0xd4,0xf3,0x55,
  0xf3,0xd6,0xf2,0x57,0xf2,0xd8,0xf1,0x59,0xf1,0xd9,0xf0,0x5a,0xf0,0xdb,0xef,0x5b,
  0xef,0x5c,0xee,0xdc,0xed,0xdc,0xec,0xdd,0xeb,0xdd,0xea,0xde,0xe9,0x5e,0xe8,0x5e,
  0xe7,0xdf,0xe5,0xdf,0xe3,0x5f,0xe2,0x5f,0xe0,0xdf,0xdd,0x5f,0xdb,0x5f,0xd8,0x60,
  0xd5,0x60,0xd2,0x60,0xce,0x61,0xca,0x61,0xc6,0x61,0xc2,0xe1,0xbd,0xe1,0xb9,0xe1,
  0xb5,0xe1,0xb1,0xe1,0xad,0xe1,0xaa,0xe2,0xa7,0xe2,0xa4,0x62,0xa2,0x62,0xa0,0xe2,
  0x9d,0x62,0x9c,0x63,0x9a,0xe3,0x98,0xe3,0x97,0x63,0x96,0x64,0x95,0x64,0x94,0x64,
  0x93,0x65,0x92,0xe5,0x91,0xe5,0x90,0x65,0x90,0xe6,0x8f,0x66,0x8f,0xe6,0x8e,0x66,
  0x8e,0xe7,0x8d,0x66,0x8d,0xe4,0x8c,0x62,0x8c,0xe0,0x8b,0xdd,0x8b,0x5a,0x8b,0xd7,
  0x8a,0xd4,0x8a,0x51,0x8a,0x4e,0x8a,0xcb,0x89,0xc8,0x89,0x45,0x89,0x41,0x89,0xbe,
  0x88,0xbb,0x88,0xb8,0x88,0x35,0x88,0x32,0x88,0x2f,0x88,0xac,0x87,0xa9,0x87,0xa6,
  0x87,0x23,0x87,0x1f,0x87,0x1c,0x87,0x1a,0x87,0x97,0x86,0x94,0x86,0x91,0x86,0x8e,
  0x86,0x0b,0x86,0x08,0x86,0x05,0x86,0x02,0x86,0x7f,0x00,0x7f,0x7f,0x00,0x02,0xf9,
  0x05,0xf9,0x88,0xf8,0x8b,0xf8,0x8d,0xf8,0x90,0xf8,0x93,0xf8,0x16,0xf8,0x19,0xf8,
  0x1b,0xf8,0x9e,0xf7,0xa1,0xf7,0xa4,0xf7,0x27,0xf7,0x2a,0xf7,0x2c,0xf7,0xaf,0xf6,
  0xb2,0xf6,0xb5,0xf6,0x37,0xf6,0x3a,0xf6,0xbc,0xf5,0xbf,0xf5,0x41,0xf5,0x44,0xf5,
  0xc6,0xf4,0xc9,0xf4,0x4b,0xf4,0xcd,0xf3,0xce,0xf3,0x50,0xf3,0xd1,0xf2,0x52,0xf2,
  0x53,0xf2,0xd4,0xf1,0x55,0xf1,0xd5,0xf0,0x56,0xf0,0xd7,0xef,0xd8,0xee,0x58,0xee,
  0x59,0xed,0xda,0xec,0xda,0xeb,0xda,0xea,0xdb,0xe9,0xdb,0xe8,0xdc,0xe7,0x5c,0xe6,
  0x5c,0xe5,0xdd,0xe3,0xdd,0xe1,0x5d,0xe0,0xde,0xdd,0xde,0xdb,0x5e,0xd9,0xde,0xd6,
  0xdf,0xd3,0x5f,0xd0,0x5f,0xcd,0xdf,0xc9,0xdf,0xc5,0xdf,0xc1,0x5f,0xbe,0x60,0xba,
  0x60,0xb6,0xe0,0xb2,0xe0,0xaf,0x61,0xac,0x61,0xa9,0xe1,0xa6,0x61,0xa4,0x61,0xa2,
  0x61,0xa0,0x61,0x9e,0x61,0x9c,0xe1,0x9a,0xe1,0x99,0x62,0x98,0x62,0x97,0x62,0x96,
  0x62,0x95,0x62,0x94,0x62,0x93,0xe2,0x92,0xe3,0x91,0x63,0x91,0x63,0x90,0xe4,0x8f,
  0x64,0x8f,0xe4,0x8e,0x63,0x8e,0xe2,0x8d,0xe0,0x8d,0x5e,0x8d,0xdc,0x8c,0x59,0x8c,
  0x56,0x8c,0xd3,0x8b,0x50,0x8b,0x4d,0x8b,0xca,0x8a,0xc7,0x8a,0x44,0x8a,0x40,0x8a,
  0xbe,0x89,0xbb,0x89,0x37,0x89,0x34,0x89,0x31,0x89,0xae,0x88,0xab,0x88,0xa8,0x88,
  0x25,0x88,0x22,0x88,0x1f,0x88,0x9c,0x87,0x99,0x87,0x96,0x87,0x13,0x87,0x10,0x87,
  0x0d,0x87,0x0a,0x87,0x07,0x87,0x84,0x86,0x82,0x86,0x7f,0x00,0x7f,0x7f,0x00,0x81,
  0xf8,0x04,0xf8,0x07,0xf8,0x0a,0xf8,0x0d,0xf8,0x90,0xf7,0x92,0xf7,0x95,0xf7,0x98,
  0xf7,0x1b,0xf7,0x1d,0xf7,0x20,0xf7,0xa3,0xf6,0xa6,0xf6,0xa8,0xf6,0x2b,0xf6,0x2e,
  0xf6,0xb1,0xf5,0xb3,0xf5,0x36,0xf5,0x39,0xf5,0xbb,0xf4,0xbe,0xf4,0x40,0xf4,0x42,
  0xf4,0xc5,0xf3,0xc7,0xf3,0x49,0xf3,0xcb,0xf2,0xcc,0xf2,0x4d,0xf2,0xcf,0xf1,0x50,
  0xf1,0xd1,0xf0,0x52,0xf0,0xd2,0xef,0x53,0xef,0xd4,0xee,0x55,0xee,0x55,0xed,0xd6,
  0xec,0xd6,0xeb,0x57,0xeb,0x58,0xea,0x58,0xe9,0x59,0xe8,0x59,0xe7,0xd9,0xe5,0xda,
  0xe4,0x5a,0xe3,0xdb,0xe1,0x5b,0xe0,0x5b,0xde,0x5c,0xdc,0xdc,0xd9,0xdc,0xd7,0xdc,
  0xd4,0x5d,0xd2,0x5d,0xcf,0x5d,0xcc,0xdd,0xc8,0x5e,0xc5,0xde,0xc1,0x5e,0xbe,0xde,
  0xba,0x5e,0xb7,0xde,0xb3,0xdf,0xb0,0xdf,0xad,0x5f,0xab,0x5f,0xa8,0x5f,0xa6,0xdf,
  0xa3,0xe0,0xa1,0x60,0xa0,0x60,0x9e,0xe0,0x9c,0x60,0x9b,0x60,0x9a,0xe1,0x98,0xe1,
  0x97,0xe1,0x96,0xe1,0x95,0xe1,0x94,0x61,0x94,0x61,0x93,0xe1,0x92,0xe1,0x91,0x61,
  0x91,0xe1,0x90,0x61,0x90,0xe0,0x8f,0x5f,0x8f,0xdd,0x8e,0x5b,0x8e,0xd9,0x8d,0x57,
  0x8d,0x54,0x8d,0xd1,0x8c,0x4e,0x8c,0x4b,0x8c,0xc9,0x8b,0xc5,0x8b,0x42,0x8b,0x3f,
  0x8b,0xbc,0x8a,0xb9,0x8a,0x36,0x8a,0x33,0x8a,0xb0,0x89,0xad,0x89,0x2a,0x89,0x27,
  0x89,0x24,0x89,0xa1,0x88,0x9e,0x88,0x9b,0x88,0x18,0x88,0x15,0x88,0x13,0x88,0x10,
  0x88,0x8d,0x87,0x8a,0x87,0x87,0x87,0x84,0x87,0x01,0x87,0x7f,0x00,0x7f,0x7f,0x00,
  0x81,0xf7,0x84,0xf7,0x87,0xf7,0x89,0xf7,0x0c,0xf7,0x0f,0xf7,0x12,0xf7,0x95,0xf6,
  0x97,0xf6,0x9a,0xf6,0x1d,0xf6,0x1f,0xf6,0x22,0xf6,0xa5,0xf5,0xa8,0xf5,0xab,0xf5,
  0x2d,0xf5,0x30,0xf5,0xb2,0xf4,0xb5,0xf4,0x37,0xf4,0x39,0xf4,0xbc,0xf3,0xbf,0xf3,
  0x41,0xf3,0xc3,0xf2,0xc5,0xf2,0x47,0xf2,0xc9,0xf1,0x4a,0xf1,0x4b,0xf1,0xcc,0xf0,
  0x4d,0xf0,0xcf,0xef,0x4f,0xef,0xd0,0xee,0x51,0xee,0x52,0xed,0xd2,0xec,0x53,0xec,
  0x54,0xeb,0xd4,0xea,0xd5,0xe9,0xd5,0xe8,0xd6,0xe7,0xd6,0xe6,0xd7,0xe5,0x57,0xe4,
  0x57,0xe3,0xd8,0xe1,0x58,0xe0,0x59,0xde,0x59,0xdc,0x5a,0xda,0x5a,0xd8,0x5a,0xd6,
  0xda,0xd3,0xdb,0xd0,0x5b,0xce,0x5b,0xcb,0x5b,0xc8,0xdc,0xc4,0xdc,0xc1,0x5c,0xbe,
  0x5c,0xbb,0xdc,0xb7,0xdd,0xb4,0xdd,0xb1,0x5d,0xaf,0x5d,0xac,0xdd,0xa9,0xde,0xa7,
  0xde,0xa5,0xde,0xa3,0xde,0xa1,0x5e,0xa0,0x5e,0x9e,0xde,0x9c,0xde,0x9b,0x5e,0x9a,
  0x5e,0x99,0x5f,0x98,0x5f,0x97,0x5f,0x96,0x5f,0x95,0xdf,0x94,0xdf,0x93,0x5e,0x93,
  0xde,0x92,0xde,0x91,0x5e,0x91,0xdd,0x90,0x5c,0x90,0xdb,0x8f,0x59,0x8f,0xd7,0x8e,
  0xd5,0x8e,0x52,0x8e,0xcf,0x8d,0x4d,0x8d,0x4a,0x8d,0xc7,0x8c,0x44,0x8c,0x41,0x8c,
  0xbe,0x8b,0xbb,0x8b,0x38,0x8b,0x36,0x8b,0xb2,0x8a,0xb0,0x8a,0x2c,0x8a,0x2a,0x8a,
  0x27,0x8a,0xa3,0x89,0xa1,0x89,0x9e,0x89,0x1b,0x89,0x18,0x89,0x15,0x89,0x92,0x88,
  0x8f,0x88,0x8c,0x88,0x09,0x88,0x06,0x88,0x03,0x88,0x01,0x88,0x7f,0x00,0x7f,0x7f,
  0x00,0x01,0xf7,0x03,0xf7,0x06,0xf7,0x89,0xf6,0x8c,0xf6,0x8e,0xf6,0x11,0xf6,0x14,
  0xf6,0x17,0xf6,0x99,0xf5,0x9c,0xf5,0x9f,0xf5,0x21,0xf5,0x24,0xf5,0xa7,0xf4,0xa9,
  0xf4,0x2c,0xf4,0x2f,0xf4,0xb1,0xf3,0xb4,0xf3,0x36,0xf3,0x38,0xf3,0xbb,0xf2,0xbd,
  0xf2,0x3f,0xf2,0xc1,0xf1,0xc3,0xf1,0x45,0xf1,0xc6,0xf0,0x48,0xf0,0xc9,0xef,0xca,
  0xef,0x4b,0xef,0xcc,0xee,0xcd,0xed,0x4e,0xed,0xcf,0xec,0x50,0xec,0x50,0xeb,0xd1,
  0xea,0xd1,0xe9,0x52,0xe9,0x52,0xe8,0x53,0xe7,0x53,0xe6,0x54,0xe5,0x54,0xe4,0xd5,
  0xe2,0x55,0xe1,0x56,0xe0,0x56,0xde,0xd6,0xdc,0xd7,0xda,0xd7,0xd8,0xd7,0xd6,0xd8,
  0xd4,0x58,0xd2,0xd8,0xcf,0x59,0xcd,0x59,0xca,0x59,0xc7,0xda,0xc4,0xda,0xc1,0x5a,
  0xbe,0x5a,0xbb,0xda,0xb8,0xdb,0xb5,0xdb,0xb2,0x5b,0xb0,0xdb,0xad,0x5b,0xab,0x5b,
  0xa9,0x5b,0xa7,0x5c,0xa5,0x5c,0xa3,0xdc,0xa1,0x5c,0xa0,0xdc,0x9e,0x5c,0x9d,0xdc,
  0x9b,0xdc,0x9a,0xdc,0x99,0xdc,0x98,0xdc,0x97,0xdc,0x96,0x5c,0x96,0x5c,0x95,0xdc,
  0x94,0xdc,0x93,0x5c,0x93,0xdb,0x92,0x5b,0x92,0x5a,0x91,0xd8,0x90,0x56,0x90,0x55,
  0x90,0xd2,0x8f,0x50,0x8f,0xcd,0x8e,0x4b,0x8e,0x48,0x8e,0xc5,0x8d,0x42,0x8d,0x40,
  0x8d,0xbd,0x8c,0xba,0x8c,0x37,0x8c,0x34,0x8c,0xb1,0x8b,0xae,0x8b,0x2b,0x8b,0x28,
  0x8b,0xa6,0x8a,0xa3,0x8a,0x20,0x8a,0x1d,0x8a,0x1a,0x8a,0x97,0x89,0x94,0x89,0x91,
  0x89,0x0e,0x89,0x0b,0x89,0x08,0x89,0x86,0x88,0x83,0x88,0x80,0x88,0x7f,0x00,0x81,
  0x7f,0x00,0x7b,0x83,0xf6,0x05,0xf6,0x08,0xf6,0x0b,0xf6,0x8e,0xf5,0x90,0xf5,0x93,
  0xf5,0x16,0xf5,0x18,0xf5,0x1b,0xf5,0x9e,0xf4,0xa0,0xf4,0x23,0xf4,0x25,0xf4,0xa8,
  0xf3,0xab,0xf3,0x2d,0xf3,0x30,0xf3,0xb2,0xf2,0xb5,0xf2,0x37,0xf2,0xb9,0xf1,0xbb,
  0xf1,0x3e,0xf1,0xbf,0xf0,0xc1,0xf0,0x43,0xf0,0xc4,0xef,0x46,0xef,0xc7,0xee,0x48,
  0xee,0xc9,0xed,0x4a,0xed,0xcb,0xec,0x4c,0xec,0xcd,0xeb,0xcd,0xea,0x4e,0xea,0x4f,
  0xe9,0xcf,0xe8,0xd0,0xe7,0xd0,0xe6,0xd1,0xe5,0xd1,0xe4,0xd2,0xe3,0xd2,0xe2,0x53,
  0xe1,0x53,0xe0,0xd4,0xde,0xd4,0xdc,0x54,0xdb,0xd5,0xd9,0xd5,0xd7,0xd5,0xd5,0x55,
  0xd3,0x56,0xd1,0xd6,0xce,0x56,0xcc,0xd7,0xc9,0xd7,0xc6,0x57,0xc4,0x57,0xc1,0xd8,
  0xbe,0xd8,0xbb,0x58,0xb9,0x58,0xb6,0xd9,0xb3,0x59,0xb1,0xd9,0xae,0xd9,0xac,0x59,
  0xaa,0x59,0xa8,0x5a,0xa6,0xda,0xa4,0x5a,0xa3,0x5a,0xa1,0x5a,0xa0,0xda,0x9e,0x5a,
  0x9d,0x5a,0x9c,0x5a,0x9b,0x5a,0x9a,0x5a,0x99,0x5a,0x98,0x5a,0x97,0xda,0x96,0xd9,
  0x95,0x59,0x95,0x59,0x94,0xd8,0x93,0x58,0x93,0xd7,0x92,0x55,0x92,0xd4,0x91,0x52,
  0x91,0xd0,0x90,0x4e,0x90,0xcc,0x8f,0x49,0x8f,0x46,0x8f,0xc4,0x8e,0x41,0x8e,0x3e,
  0x8e,0xbb,0x8d,0x38,0x8d,0x36,0x8d,0xb3,0x8c,0xb0,0x8c,0x2d,0x8c,0x2b,0x8c,0xa7,
  0x8b,0xa5,0x8b,0x22,0x8b,0x1f,0x8b,0x9c,0x8a,0x99,0x8a,0x96,0x8a,0x13,0x8a,0x11,
  0x8a,0x0e,0x8a,0x8b,0x89,0x88,0x89,0x85,0x89,0x02,0x89,0x81,0x7f,0x00,0x81,0x7f,
  0x00,0x7b,0x82,0xf5,0x85,0xf5,0x87,0xf5,0x0a,0xf5,0x0d,0xf5,0x0f,0xf5,0x92,0xf4,
  0x95,0xf4,0x97,0xf4,0x1a,0xf4,0x1c,0xf4,0x9f,0xf3,0xa2,0xf3,0x24,0xf3,0x27,0xf3,
  0xa9,0xf2,0xac,0xf2,0x2e,0xf2,0x31,0xf2,0xb3,0xf1,0x35,0xf1,0x37,0xf1,0xb9,0xf0,
  0x3c,0xf0,0x3e,0xf0,0xbf,0xef,0x41,0xef,0xc2,0xee,0x43,0xee,0xc5,0xed,0x46,0xed,
  0xc7,0xec,0x48,0xec,0xc9,0xeb,0x4a,0xeb,0x4a,0xea,0xcb,0xe9,0x4c,0xe9,0x4d,0xe8,
  0x4d,0xe7,0xce,0xe6,0xce,0xe5,0xcf,0xe4,0xcf,0xe3,0x50,0xe2,0x50,0xe1,0x51,0xe0,
  0xd1,0xde,0x51,0xdd,0xd2,0xdb,0x52,0xda,0x52,0xd8,0x53,0xd6,0x53,0xd4,0x53,0xd2,
  0x54,0xd0,0xd4,0xcd,0xd4,0xcb,0x54,0xc9,0xd5,0xc6,0xd5,0xc3,0x55,0xc1,0xd5,0xbe,
  0x55,0xbc,0x56,0xb9,0xd6,0xb6,0x56,0xb4,0x56,0xb2,0xd6,0xaf,0xd6,0xad,0xd7,0xab,
  0xd7,0xa9,0xd7,0xa7,0xd7,0xa5,0x57,0xa4,0xd7,0xa2,0x57,0xa1,0x57,0xa0,0xd7,0x9e,
  0xd7,0x9d,0x57,0x9c,0x57,0x9b,0x57,0x9a,0x57,0x99,0xd7,0x98,0xd7,0x97,0xd7,0x96,
  0x56,0x96,0xd6,0x95,0xd6,0x94,0x55,0x94,0xd4,0x93,0x53,0x93,0xd2,0x92,0x50,0x92,
  0xce,0x91,0x4c,0x91,0xca,0x90,0x47,0x90,0xc4,0x8f,0xc2,0x8f,0x3f,0x8f,0xbd,0x8e,
  0xba,0x8e,0x37,0x8e,0xb5,0x8d,0xb2,0x8d,0x2f,0x8d,0x2c,0x8d,0xa9,0x8c,0xa6,0x8c,
  0x23,0x8c,0x21,0x8c,0x9e,0x8b,0x9b,0x8b,0x18,0x8b,0x15,0x8b,0x13,0x8b,0x90,0x8a,
  0x8d,0x8a,0x8a,0x8a,0x07,0x8a,0x04,0x8a,0x01,0x8a,0x81,0x7f,0x00,0x81,0x7f,0x00,
  0x7b,0x01,0xf5,0x04,0xf5,0x87,0xf4,0x89,0xf4,0x8c,0xf4,0x0f,0xf4,0x11,0xf4,0x14,
  0xf4,0x96,0xf3,0x99,0xf3,0x1c,0xf3,0x1e,0xf3,0xa1,0xf2,0xa3,0xf2,0x26,0xf2,0x28,
  0xf2,0xab,0xf1,0xad,0xf1,0x30,0xf1,0xb1,0xf0,0xb4,0xf0,0x36,0xf0,0xb8,0xef,0xba,
  0xef,0x3c,0xef,0xbd,0xee,0x3f,0xee,0xc0,0xed,0x41,0xed,0xc3,0xec,0x44,0xec,0xc5,
  0xeb,0x46,0xeb,0xc7,0xea,0xc8,0xe9,0x48,0xe9,0xc9,0xe8,0xca,0xe7,0x4b,0xe7,0x4b,
  0xe6,0x4c,0xe5,0x4c,0xe4,0x4d,0xe3,0x4d,0xe2,0x4e,0xe1,0x4e,0xe0,0xcf,0xde,0x4f,
  0xdd,0xcf,0xdb,0x50,0xda,0xd0,0xd8,0x50,0xd7,0x51,0xd5,0x51,0xd3,0x51,0xd1,0x52,
  0xcf,0x52,0xcd,0xd2,0xca,0xd2,0xc8,0x53,0xc6,0xd3,0xc3,0x53,0xc1,0xd3,0xbe,0x53,
  0xbc,0xd4,0xb9,0x54,0xb7,0x54,0xb5,0xd4,0xb2,0xd4,0xb0,0xd4,0xae,0xd5,0xac,0xd5,
  0xaa,0xd5,0xa8,0x55,0xa7,0xd5,0xa5,0x55,0xa4,0xd5,0xa2,0x55,0xa1,0x55,0xa0,0xd5,
  0x9e,0xd5,0x9d,0xd5,0x9c,0xd5,0x9b,0xd5,0x9a,0xd4,0x99,0xd4,0x98,0x54,0x98,0x54,
  0x97,0xd3,0x96,0x53,0x96,0x52,0x95,0xd1,0x94,0x50,0x94,0xcf,0x93,0x4e,0x93,0xcc,
  0x92,0x4a,0x92,0xc8,0x91,0x45,0x91,0xc3,0x90,0x40,0x90,0x3e,0x90,0xbb,0x8f,0x38,
  0x8f,0x36,0x8f,0xb3,0x8e,0x31,0x8e,0x2e,0x8e,0xab,0x8d,0xa8,0x8d,0x25,0x8d,0x23,
  0x8d,0xa0,0x8c,0x9d,0x8c,0x1a,0x8c,0x17,0x8c,0x95,0x8b,0x92,0x8b,0x8f,0x8b,0x0c,
  0x8b,0x09,0x8b,0x06,0x8b,0x84,0x8a,0x81,0x8a,0x81,0x7f,0x00,0x81,0x7f,0x00,0x7b,
  0x80,0xf4,0x83,0xf4,0x06,0xf4,0x08,0xf4,0x8b,0xf3,0x8e,0xf3,0x90,0xf3,0x13,0xf3,
  0x15,0xf3,0x98,0xf2,0x9b,0xf2,0x1d,0xf2,0x1f,0xf2,0xa2,0xf1,0xa4,0xf1,0x27,0xf1,
  0x29,0xf1,0xac,0xf0,0x2e,0xf0,0x30,0xf0,0xb2,0xef,0x34,0xef,0x36,0xef,0xb8,0xee,
  0x3a,0xee,0xbb,0xed,0x3d,0xed,0xbe,0xec,0x3f,0xec,0xc0,0xeb,0x41,0xeb,0xc3,0xea,
  0x44,0xea,0xc4,0xe9,0xc5,0xe8,0x46,0xe8,0x47,0xe7,0xc8,0xe6,0xc8,0xe5,0x49,0xe5,
  0x4a,0xe4,0x4a,0xe3,0x4b,0xe2,0x4b,0xe1,0x4c,0xe0,0xcc,0xde,0xcc,0xdd,0x4d,0xdc,
  0xcd,0xda,0x4e,0xd9,0xce,0xd7,0x4e,0xd6,0x4f,0xd4,0x4f,0xd2,0x4f,0xd0,0x50,0xce,
  0x50,0xcc,0x50,0xca,0x50,0xc8,0xd1,0xc5,0x51,0xc3,0x51,0xc1,0xd1,0xbe,0xd1,0xbc,
  0x52,0xba,0xd2,0xb7,0xd2,0xb5,0xd2,0xb3,0xd2,0xb1,0xd2,0xaf,0xd2,0xad,0xd2,0xab,
  0xd2,0xa9,0x53,0xa8,0xd3,0xa6,0x53,0xa5,0xd3,0xa3,0x53,0xa2,0x53,0xa1,0x53,0xa0,
  0xd3,0x9e,0xd2,0x9d,0xd2,0x9c,0xd2,0x9b,0xd2,0x9a,0x52,0x9a,0x52,0x99,0xd1,0x98,
  0xd1,0x97,0x50,0x97,0x50,0x96,0xcf,0x95,0x4e,0x95,0xcd,0x94,0x4b,0x94,0xc9,0x93,
  0x47,0x93,0xc5,0x92,0x43,0x92,0xc1,0x91,0x3f,0x91,0xbc,0x90,0xb9,0x90,0x37,0x90,
  0xb4,0x8f,0xb2,0x8f,0x2f,0x8f,0xac,0x8e,0xaa,0x8e,0x27,0x8e,0x24,0x8e,0xa1,0x8d,
  0x9e,0x8d,0x1c,0x8d,0x19,0x8d,0x96,0x8c,0x94,0x8c,0x11,0x8c,0x0e,0x8c,0x0b,0x8c,
  0x88,0x8b,0x85,0x8b,0x03,0x8b,0x00,0x8b,0x81,0x7f,0x00,0x82,0x7f,0x00,0x79,0x82,
  0xf3,0x85,0xf3,0x88,0xf3,0x0a,0xf3,0x0d,0xf3,0x8f,0xf2,0x92,0xf2,0x14,0xf2,0x17,
  0xf2,0x99,0xf1,0x9c,0xf1,0x1e,0xf1,0x20,0xf1,0xa3,0xf0,0xa5,0xf0,0x28,0xf0,0xaa,
  0xef,0xac,0xef,0x2e,0xef,0xb0,0xee,0xb2,0xee,0x34,0xee,0xb6,0xed,0x38,0xed,0xb9,
  0xec,0x3b,0xec,0xbc,0xeb,0x3e,0xeb,0xbf,0xea,0x40,0xea,0xc0,0xe9,0x42,0xe9,0xc2,
  0xe8,0xc3,0xe7,0x44,0xe7,0x45,0xe6,0xc6,0xe5,0xc6,0xe4,0xc7,0xe3,0x48,0xe3,0x48,
  0xe2,0x49,0xe1,0x49,0xe0,0xca,0xde,0xca,0xdd,0x4a,0xdc,0x4b,0xdb,0xcb,0xd9,0x4c,
  0xd8,0xcc,0xd6,0x4c,0xd5,0x4d,0xd3,0xcd,0xd1,0xcd,0xcf,0xce,0xcd,0xce,0xcb,0xce,
  0xc9,0xce,0xc7,0x4f,0xc5,0x4f,0xc3,0x4f,0xc1,0xcf,0xbe,0xcf,0xbc,0xd0,0xba,0x50,
  0xb8,0x50,0xb6,0x50,0xb4,0x50,0xb2,0x50,0xb0,0x50,0xae,0xd0,0xac,0xd0,0xaa,0x50,
  0xa9,0xd0,0xa7,0x51,0xa6,0xd1,0xa4,0xd0,0xa3,0x50,0xa2,0x50,0xa1,0x50,0xa0,0xd0,
  0x9e,0xd0,0x9d,0xd0,0x9c,0x50,0x9c,0x4f,0x9b,0x4f,0x9a,0xcf,0x99,0xce,0x98,0x4e,
  0x98,0x4d,0x97,0xcc,0x96,0x4b,0x96,0xca,0x95,0x49,0x95,0xc7,0x94,0x45,0x94,0xc3,
  0x93,0x41,0x93,0xbf,0x92,0x3d,0x92,0xba,0x91,0x38,0x91,0x35,0x91,0xb3,0x90,0x31,
  0x90,0x2e,0x90,0xab,0x8f,0x28,0x8f,0x26,0x8f,0xa3,0x8e,0xa0,0x8e,0x1d,0x8e,0x1b,
  0x8e,0x98,0x8d,0x95,0x8d,0x13,0x8d,0x10,0x8d,0x8d,0x8c,0x8a,0x8c,0x08,0x8c,0x05,
  0x8c,0x02,0x8c,0x82,0x7f,0x00,0x82,0x7f,0x00,0x79,0x01,0xf3,0x04,0xf3,0x87,0xf2,
  0x89,0xf2,0x0c,0xf2,0x0e,0xf2,0x11,0xf2,0x93,0xf1,0x96,0xf1,0x18,0xf1,0x9b,0xf0,
  0x9d,0xf0,0x1f,0xf0,0x22,0xf0,0xa4,0xef,0xa6,0xef,0x28,0xef,0xab,0xee,0x2d,0xee,
  0x2f,0xee,0xb1,0xed,0x32,0xed,0xb4,0xec,0x36,0xec,0x37,0xec,0xb9,0xeb,0x3a,0xeb,
  0xbb,0xea,0xbd,0xe9,0x3e,0xe9,0xbf,0xe8,0x3f,0xe8,0xc0,0xe7,0xc1,0xe6,0x42,0xe6,
  0x43,0xe5,0xc3,0xe4,0xc4,0xe3,0xc5,0xe2,0xc5,0xe1,0x46,0xe1,0x46,0xe0,0xc7,0xde,
  0xc7,0xdd,0xc8,0xdc,0x48,0xdb,0x49,0xda,0xc9,0xd8,0x4a,0xd7,0xca,0xd5,0x4a,0xd4,
  0x4b,0xd2,0xcb,0xd0,0xcb,0xce,0x4b,0xcd,0x4c,0xcb,0x4c,0xc9,0x4c,0xc7,0x4c,0xc5,
  0x4d,0xc3,0x4d,0xc1,0xcd,0xbe,0xcd,0xbc,0xcd,0xba,0xce,0xb8,0xce,0xb6,0xce,0xb4,
  0xce,0xb2,0x4e,0xb1,0x4e,0xaf,0xce,0xad,0xce,0xab,0x4e,0xaa,0xce,0xa8,0x4e,0xa7,
  0xce,0xa5,0xce,0xa4,0x4e,0xa3,0x4e,0xa2,0x4e,0xa1,0x4e,0xa0,0xce,0x9e,0x4e,0x9e,
  0x4d,0x9d,0x4d,0x9c,0x4d,0x9b,0xcc,0x9a,0xcc,0x99,0x4b,0x99,0x4b,0x98,0xca,0x97,
  0x49,0x97,0xc8,0x96,0x46,0x96,0x45,0x95,0xc3,0x94,0x41,0x94,0xbf,0x93,0xbd,0x93,
  0x3b,0x93,0xb8,0x92,0x36,0x92,0xb3,0x91,0xb1,0x91,0x2f,0x91,0xac,0x90,0x2a,0x90,
  0x27,0x90,0xa4,0x8f,0xa2,0x8f,0x1f,0x8f,0x1c,0x8f,0x9a,0x8e,0x17,0x8e,0x14,0x8e,
  0x92,0x8d,0x8f,0x8d,0x8c,0x8d,0x09,0x8d,0x07,0x8d,0x84,0x8c,0x81,0x8c,0x82,0x7f,
  0x00,0x82,0x7f,0x00,0x79,0x81,0xf2,0x03,0xf2,0x06,0xf2,0x08,0xf2,0x8b,0xf1,0x8d,
  0xf1,0x10,0xf1,0x12,0xf1,0x95,0xf0,0x97,0xf0,0x19,0xf0,0x1c,0xf0,0x9e,0xef,0x20,
  0xef,0x23,0xef,0xa5,0xee,0x27,0xee,0x29,0xee,0xab,0xed,0x2d,0xed,0xaf,0xec,0x31,
  0xec,0x32,0xec,0xb4,0xeb,0x36,0xeb,0xb7,0xea,0x38,0xea,0xb9,0xe9,0x3b,0xe9,0x3c,
  0xe8,0xbd,0xe7,0x3e,0xe7,0xbf,0xe6,0xbf,0xe5,0x40,0xe5,0x41,0xe4,0xc1,0xe3,0xc2,
  0xe2,0xc3,0xe1,0xc3,0xe0,0x44,0xe0,0xc4,0xde,0xc5,0xdd,0xc5,0xdc,0xc6,0xdb,0x46,
  0xda,0x47,0xd9,0xc7,0xd7,0x48,0xd6,0xc8,0xd4,0x48,0xd3,0xc9,0xd1,0x49,0xd0,0x49,
  0xce,0xca,0xcc,0xca,0xca,0xca,0xc8,0xca,0xc6,0xcb,0xc4,0xcb,0xc2,0xcb,0xc0,0x4b,
  0xbf,0x4b,0xbd,0x4b,0xbb,0x4c,0xb9,0x4c,0xb7,0x4c,0xb5,0x4c,0xb3,0xcc,0xb1,0xcc,
  0xaf,0x4c,0xae,0xcc,0xac,0x4c,0xab,0xcc,0xa9,0x4c,0xa8,0xcc,0xa6,0xcc,0xa5,0x4c,
  0xa4,0x4c,0xa3,0x4c,0xa2,0x4c,0xa1,0x4c,0xa0,0x4b,0x9f,0x4b,0x9e,0x4b,0x9d,0x4a,
  0x9c,0xca,0x9b,0xc9,0x9a,0x49,0x9a,0x48,0x99,0xc7,0x98,0x46,0x98,0xc5,0x97,0xc4,
  0x96,0x42,0x96,0xc1,0x95,0x3f,0x95,0xbd,0x94,0x3b,0x94,0xb9,0x93,0xb7,0x93,0x35,
  0x93,0xb2,0x92,0x30,0x92,0xad,0x91,0xab,0x91,0x28,0x91,0xa6,0x90,0xa3,0x90,0x20,
  0x90,0x9e,0x8f,0x9b,0x8f,0x18,0x8f,0x16,0x8f,0x93,0x8e,0x91,0x8e,0x0e,0x8e,0x0b,
  0x8e,0x88,0x8d,0x86,0x8d,0x83,0x8d,0x00,0x8d,0x82,0x7f,0x00,0x83,0x7f,0x00,0x77,
  0x82,0xf1,0x85,0xf1,0x07,0xf1,0x0a,0xf1,0x8c,0xf0,0x8f,0xf0,0x11,0xf0,0x13,0xf0,
  0x96,0xef,0x98,0xef,0x1b,0xef,0x9d,0xee,0x9f,0xee,0x21,0xee,0x24,0xee,0xa6,0xed,
  0x28,0xed,0xaa,0xec,0xab,0xec,0x2d,0xec,0xaf,0xeb,0x31,0xeb,0xb2,0xea,0x34,0xea,
  0xb5,0xe9,0x37,0xe9,0xb8,0xe8,0x39,0xe8,0xba,0xe7,0xbb,0xe6,0x3c,0xe6,0xbd,0xe5,
  0xbe,0xe4,0x3e,0xe4,0x3f,0xe3,0xc0,0xe2,0xc0,0xe1,0xc1,0xe0,0x42,0xe0,0x42,0xdf,
  0x43,0xde,0xc3,0xdc,0xc4,0xdb,0xc4,0xda,0x45,0xd9,0x45,0xd8,0xc5,0xd6,0x46,0xd5,
  0x46,0xd4,0xc7,0xd2,0xc7,0xd0,0x47,0xcf,0xc7,0xcd,0xc8,0xcb,0x48,0xca,0x48,0xc8,
  0xc9,0xc6,0xc9,0xc4,0xc9,0xc2,0xc9,0xc0,0x49,0xbf,0x49,0xbd,0x4a,0xbb,0x4a,0xb9,
  0xca,0xb7,0xca,0xb5,0x4a,0xb4,0x4a,0xb2,0xca,0xb0,0x4a,0xaf,0x4a,0xad,0xca,0xab,
  0xca,0xaa,0x4a,0xa9,0xca,0xa7,0xca,0xa6,0x4a,0xa5,0x4a,0xa4,0x4a,0xa3,0xca,0xa1,
  0xca,0xa0,0x49,0xa0,0x49,0x9f,0x49,0x9e,0x48,0x9d,0xc8,0x9c,0xc7,0x9b,0x47,0x9b,
  0x46,0x9a,0xc5,0x99,0x44,0x99,0x43,0x98,0xc2,0x97,0x40,0x97,0xbf,0x96,0x3d,0x96,
  0xbb,0x95,0x39,0x95,0xb7,0x94,0x35,0x94,0xb3,0x93,0x30,0x93,0x2e,0x93,0xac,0x92,
  0x29,0x92,0xa7,0x91,0xa4,0x91,0x22,0x91,0x1f,0x91,0x9c,0x90,0x1a,0x90,0x17,0x90,
  0x95,0x8f,0x92,0x8f,0x0f,0x8f,0x0d,0x8f,0x8a,0x8e,0x87,0x8e,0x05,0x8e,0x02,0x8e,
  0x83,0x7f,0x00,0x83,0x7f,0x00,0x77,0x01,0xf1,0x04,0xf1,0x86,0xf0,0x89,0xf0,0x0b,
  0xf0,0x0e,0xf0,0x90,0xef,0x92,0xef,0x15,0xef,0x97,0xee,0x99,0xee,0x1c,0xee,0x9e,
  0xed,0xa0,0xed,0x22,0xed,0xa4,0xec,0xa6,0xec,0x28,0xec,0xaa,0xeb,0x2c,0xeb,0xad,
  0xea,0x2f,0xea,0xb1,0xe9,0x32,0xe9,0xb3,0xe8,0x35,0xe8,0xb6,0xe7,0x37,0xe7,0xb8,
  0xe6,0x39,0xe6,0x3a,0xe5,0xbb,0xe4,0x3c,0xe4,0x3c,0xe3,0xbd,0xe2,0xbe,0xe1,0xbf,
  0xe0,0x3f,0xe0,0x40,0xdf,0x40,0xde,0x40,0xdd,0x41,0xdc,0xc2,0xda,0xc2,0xd9,0xc2,
  0xd8,0x43,0xd7,0x43,0xd6,0xc4,0xd4,0x44,0xd3,0xc4,0xd1,0x45,0xd0,0xc5,0xce,0x45,
  0xcd,0x46,0xcb,0xc6,0xc9,0x46,0xc8,0x46,0xc6,0xc7,0xc4,0xc7,0xc2,0xc7,0xc0,0x47,
  0xbf,0x47,0xbd,0x47,0xbb,0xc8,0xb9,0xc8,0xb7,0x48,0xb6,0xc8,0xb4,0xc8,0xb2,0x48,
  0xb1,0xc8,0xaf,0x48,0xae,0xc8,0xac,0x48,0xab,0xc8,0xa9,0xc8,0xa8,0x48,0xa7,0x48,
  0xa6,0x48,0xa5,0xc8,0xa3,0xc7,0xa2,0xc7,0xa1,0xc7,0xa0,0x47,0xa0,0x46,0x9f,0x46,
  0x9e,0x45,0x9d,0xc5,0x9c,0xc4,0x9b,0x44,0x9b,0xc3,0x9a,0xc2,0x99,0x41,0x99,0xc0,
  0x98,0x3e,0x98,0xbd,0x97,0x3b,0x97,0xb9,0x96,0x37,0x96,0xb5,0x95,0x33,0x95,0xb1,
  0x94,0x2f,0x94,0xac,0x93,0x2a,0x93,0x28,0x93,0xa5,0x92,0x23,0x92,0x20,0x92,0x9e,
  0x91,0x1b,0x91,0x18,0x91,0x96,0x90,0x13,0x90,0x11,0x90,0x8e,0x8f,0x8c,0x8f,0x09,
  0x8f,0x06,0x8f,0x84,0x8e,0x81,0x8e,0x83,0x7f,0x00,0x83,0x7f,0x00,0x77,0x80,0xf0,
  0x03,0xf0,0x05,0xf0,0x88,0xef,0x8a,0xef,0x0d,0xef,0x0f,0xef,0x91,0xee,0x94,0xee,
  0x16,0xee,0x98,0xed,0x9a,0xed,0x1c,0xed,0x9f,0xec,0xa1,0xec,0x23,0xec,0xa5,0xeb,
  0x26,0xeb,0x28,0xeb,0xaa,0xea,0x2c,0xea,0xad,0xe9,0x2f,0xe9,0xb0,0xe8,0x31,0xe8,
  0xb3,0xe7,0x34,0xe7,0x35,0xe6,0xb6,0xe5,0x37,0xe5,0xb8,0xe4,0xb9,0xe3,0x3a,0xe3,
  0x3a,0xe2,0xbb,0xe1,0xbc,0xe0,0x3d,0xe0,0x3d,0xdf,0x3e,0xde,0x3f,0xdd,0x3f,0xdc,
  0x3f,0xdb,0x40,0xda,0xc0,0xd8,0xc1,0xd7,0xc1,0xd6,0x41,0xd5,0xc2,0xd3,0xc2,0xd2,
  0x43,0xd1,0xc3,0xcf,0x43,0xce,0xc3,0xcc,0xc4,0xca,0x44,0xc9,0xc4,0xc7,0x44,0xc6,
  0x45,0xc4,0xc5,0xc2,0xc5,0xc0,0x45,0xbf,0x45,0xbd,0xc6,0xbb,0xc6,0xb9,0x46,0xb8,
  0xc6,0xb6,0x46,0xb5,0x46,0xb3,0xc6,0xb1,0x46,0xb0,0xc6,0xae,0x46,0xad,0x46,0xac,
  0xc6,0xaa,0x46,0xa9,0x46,0xa8,0x46,0xa7,0xc6,0xa5,0xc5,0xa4,0xc5,0xa3,0xc5,0xa2,
  0xc5,0xa1,0xc4,0xa0,0x44,0xa0,0x44,0x9f,0x43,0x9e,0xc2,0x9d,0xc2,0x9c,0x41,0x9c,
  0x40,0x9b,0xc0,0x9a,0x3f,0x9a,0xbe,0x99,0xbc,0x98,0x3b,0x98,0xb9,0x97,0x37,0x97,
  0xb5,0x96,0x33,0x96,0xb1,0x95,0x2f,0x95,0xad,0x94,0xab,0x94,0x29,0x94,0xa6,0x93,
  0x24,0x93,0x21,0x93,0x9f,0x92,0x1c,0x92,0x1a,0x92,0x97,0x91,0x15,0x91,0x12,0x91,
  0x8f,0x90,0x8d,0x90,0x0a,0x90,0x08,0x90,0x85,0x8f,0x83,0x8f,0x00,0x8f,0x83,0x7f,
  0x00,0x84,0x7f,0x00,0x75,0x82,0xef,0x84,0xef,0x07,0xef,0x09,0xef,0x8b,0xee,0x8e,
  0xee,0x10,0xee,0x92,0xed,0x95,0xed,0x17,0xed,0x99,0xec,0x9b,0xec,0x1d,0xec,0x9f,
  0xeb,0x21,0xeb,0x23,0xeb,0xa5,0xea,0x27,0xea,0xa8,0xe9,0x2a,0xe9,0xab,0xe8,0x2d,
  0xe8,0xae,0xe7,0x30,0xe7,0xb1,0xe6,0x32,0xe6,0xb3,0xe5,0x34,0xe5,0x35,0xe4,0xb6,
  0xe3,0x37,0xe3,0x37,0xe2,0xb8,0xe1,0xb9,0xe0,0x3a,0xe0,0x3b,0xdf,0x3b,0xde,0x3c,
  0xdd,0x3c,0xdc,0x3d,0xdb,0x3e,0xda,0x3e,0xd9,0x3f,0xd8,0xbf,0xd6,0xbf,0xd5,0xbf,
  0xd4,0x40,0xd3,0xc0,0xd1,0x40,0xd0,0x41,0xcf,0xc1,0xcd,0x41,0xcc,0xc2,0xca,0xc2,
  0xc8,0x42,0xc7,0xc2,0xc5,0x43,0xc4,0x43,0xc2,0xc3,0xc0,0x43,0xbf,0xc3,0xbd,0xc3,
  0xbb,0x44,0xba,0xc4,0xb8,0x44,0xb7,0x44,0xb5,0xc4,0xb3,0x44,0xb2,0xc4,0xb0,0xc4,
  0xaf,0x44,0xae,0xc4,0xac,0x44,0xab,0x44,0xaa,0x44,0xa9,0xc4,0xa7,0xc3,0xa6,0xc3,
  0xa5,0xc3,0xa4,0xc3,0xa3,0xc2,0xa2,0xc2,0xa1,0xc2,0xa0,0x41,0xa0,0x41,0x9f,0x40,
  0x9e,0xc0,0x9d,0xbf,0x9c,0x3e,0x9c,0xbd,0x9b,0xbc,0x9a,0x3b,0x9a,0xba,0x99,0x38,
  0x99,0xb7,0x98,0x35,0x98,0xb3,0x97,0x31,0x97,0xaf,0x96,0x2d,0x96,0xab,0x95,0x29,
  0x95,0xa7,0x94,0xa4,0x94,0x22,0x94,0xa0,0x93,0x1d,0x93,0x1b,0x93,0x98,0x92,0x16,
  0x92,0x13,0x92,0x91,0x91,0x0e,0x91,0x0c,0x91,0x89,0x90,0x87,0x90,0x04,0x90,0x01,
  0x90,0x84,0x7f,0x00,0x84,0x7f,0x00,0x75,0x01,0xef,0x83,0xee,0x86,0xee,0x08,0xee,
  0x0a,0xee,0x8c,0xed,0x8f,0xed,0x11,0xed,0x93,0xec,0x95,0xec,0x17,0xec,0x9a,0xeb,
  0x9c,0xeb,0x1e,0xeb,0xa0,0xea,0x22,0xea,0xa3,0xe9,0xa5,0xe9,0x27,0xe9,0xa8,0xe8,
  0x2a,0xe8,0xab,0xe7,0x2c,0xe7,0xae,0xe6,0x2f,0xe6,0x30,0xe5,0xb1,0xe4,0x32,0xe4,
  0xb3,0xe3,0xb4,0xe2,0x35,0xe2,0xb6,0xe1,0xb7,0xe0,0x37,0xe0,0x38,0xdf,0x39,0xde,
  0x39,0xdd,0xba,0xdc,0xba,0xdb,0xbb,0xda,0xbc,0xd9,0xbc,0xd8,0x3d,0xd7,0x3d,0xd6,
  0x3e,0xd5,0xbe,0xd3,0xbe,0xd2,0x3f,0xd1,0xbf,0xcf,0xbf,0xce,0x3f,0xcd,0xc0,0xcb,
  0x40,0xca,0xc0,0xc8,0x40,0xc7,0xc1,0xc5,0xc1,0xc3,0x41,0xc2,0xc1,0xc0,0x41,0xbf,
  0xc1,0xbd,0x42,0xbc,0x42,0xba,0xc2,0xb8,0x42,0xb7,0xc2,0xb5,0x42,0xb4,0xc2,0xb2,
  0x42,0xb1,0x42,0xb0,0xc2,0xae,0x42,0xad,0x42,0xac,0xc2,0xaa,0xc2,0xa9,0xc1,0xa8,
  0x41,0xa7,0x41,0xa6,0x41,0xa5,0x41,0xa4,0x40,0xa3,0xc0,0xa2,0xc0,0xa1,0xbf,0xa0,
  0x3f,0xa0,0x3e,0x9f,0x3e,0x9e,0xbd,0x9d,0x3c,0x9d,0x3b,0x9c,0xba,0x9b,0x39,0x9b,
  0xb8,0x9a,0xb6,0x99,0x35,0x99,0xb3,0x98,0x31,0x98,0xb0,0x97,0x2d,0x97,0xab,0x96,
  0x29,0x96,0x27,0x96,0xa5,0x95,0x23,0x95,0xa1,0x94,0x1e,0x94,0x1c,0x94,0x99,0x93,
  0x17,0x93,0x15,0x93,0x92,0x92,0x10,0x92,0x0d,0x92,0x8b,0x91,0x88,0x91,0x06,0x91,
  0x03,0x91,0x81,0x90,0x84,0x7f,0x00,0x85,0x7f,0x00,0x73,0x02,0xee,0x04,0xee,0x87,
  0xed,0x89,0xed,0x0b,0xed,0x8d,0xec,0x90,0xec,0x12,0xec,0x94,0xeb,0x96,0xeb,0x18,
  0xeb,0x9a,0xea,0x9c,0xea,0x1e,0xea,0xa0,0xe9,0x22,0xe9,0xa3,0xe8,0x25,0xe8,0xa7,
  0xe7,0x28,0xe7,0xa9,0xe6,0x2b,0xe6,0xac,0xe5,0x2d,0xe5,0xae,0xe4,0x30,0xe4,0xb0,
  0xe3,0xb1,0xe2,0x32,0xe2,0x33,0xe1,0xb4,0xe0,0x35,0xe0,0x36,0xdf,0x36,0xde,0xb7,
  0xdd,0xb7,0xdc,0xb8,0xdb,0xb8,0xda,0xb9,0xd9,0xba,0xd8,0xba,0xd7,0xbb,0xd6,0xbb,
  0xd5,0x3b,0xd4,0x3c,0xd3,0xbc,0xd1,0xbd,0xd0,0x3d,0xcf,0x3d,0xce,0xbe,0xcc,0x3e,
  0xcb,0xbe,0xc9,0x3e,0xc8,0xbf,0xc6,0x3f,0xc5,0xbf,0xc3,0x3f,0xc2,0xbf,0xc0,0x3f,
  0xbf,0xbf,0xbd,0x40,0xbc,0xc0,0xba,0x40,0xb9,0xc0,0xb7,0x40,0xb6,0xc0,0xb4,0x40,
  0xb3,0xc0,0xb1,0xc0,0xb0,0x40,0xaf,0x40,0xae,0xc0,0xac,0xc0,0xab,0x40,0xaa,0x3f,
  0xa9,0x3f,0xa8,0x3f,0xa7,0x3f,0xa6,0x3f,0xa5,0x3e,0xa4,0x3e,0xa3,0x3e,0xa2,0xbd,
  0xa1,0xbd,0xa0,0x3c,0xa0,0x3b,0x9f,0xba,0x9e,0xba,0x9d,0x39,0x9d,0x38,0x9c,0xb7,
  0x9b,0x35,0x9b,0xb4,0x9a,0x32,0x9a,0xb1,0x99,0x2f,0x99,0xad,0x98,0x2b,0x98,0xaa,
  0x97,0x27,0x97,0xa5,0x96,0x23,0x96,0xa1,0x95,0x1f,0x95,0x1d,0x95,0x9a,0x94,0x18,
  0x94,0x15,0x94,0x93,0x93,0x11,0x93,0x0e,0x93,0x8c,0x92,0x09,0x92,0x07,0x92,0x84,
  0x91,0x82,0x91,0x85,0x7f,0x00,0x85,0x7f,0x00,0x73,0x81,0xed,0x83,0xed,0x05,0xed,
  0x88,0xec,0x8a,0xec,0x0c,0xec,0x0e,0xec,0x90,0xeb,0x13,0xeb,0x95,0xea,0x97,0xea,
  0x19,0xea,0x9b,0xe9,0x1c,0xe9,0x1e,0xe9,0xa0,0xe8,0x22,0xe8,0xa3,0xe7,0x25,0xe7,
  0xa6,0xe6,0x27,0xe6,0xa9,0xe5,0x2a,0xe5,0xab,0xe4,0xac,0xe3,0x2e,0xe3,0xaf,0xe2,
  0x30,0xe2,0x31,0xe1,0xb1,0xe0,0x32,0xe0,0x33,0xdf,0x34,0xde,0xb4,0xdd,0xb5,0xdc,
  0xb6,0xdb,0x36,0xdb,0x37,0xda,0x37,0xd9,0x38,0xd8,0x38,0xd7,0x39,0xd6,0xb9,0xd4,
  0xba,0xd3,0xba,0xd2,0x3a,0xd1,0x3b,0xd0,0xbb,0xce,0xbb,0xcd,0x3c,0xcc,0xbc,0xca,
  0x3c,0xc9,0x3d,0xc8,0xbd,0xc6,0x3d,0xc5,0xbd,0xc3,0x3d,0xc2,0xbe,0xc0,0x3e,0xbf,
  0xbe,0xbd,0x3e,0xbc,0xbe,0xba,0x3e,0xb9,0xbe,0xb7,0xbe,0xb6,0x3e,0xb5,0xbe,0xb3,
  0x3e,0xb2,0x3e,0xb1,0xbe,0xaf,0xbe,0xae,0x3e,0xad,0x3e,0xac,0x3e,0xab,0xbe,0xa9,
  0xbd,0xa8,0xbd,0xa7,0xbd,0xa6,0xbd,0xa5,0xbc,0xa4,0x3c,0xa4,0x3b,0xa3,0x3b,0xa2,
  0xba,0xa1,0xba,0xa0,0x39,0xa0,0x38,0x9f,0xb7,0x9e,0xb7,0x9d,0x36,0x9d,0xb5,0x9c,
  0x33,0x9c,0x32,0x9b,0xb1,0x9a,0x2f,0x9a,0xad,0x99,0x2b,0x99,0xaa,0x98,0x28,0x98,
  0xa6,0x97,0x24,0x97,0xa2,0x96,0x9f,0x96,0x1d,0x96,0x9b,0x95,0x19,0x95,0x16,0x95,
  0x94,0x94,0x12,0x94,0x8f,0x93,0x8d,0x93,0x0a,0x93,0x08,0x93,0x86,0x92,0x03,0x92,
  0x01,0x92,0x85,0x7f,0x00,0x86,0x7f,0x00,0x71,0x82,0xec,0x84,0xec,0x07,0xec,0x09,
  0xec,0x8b,0xeb,0x0d,0xeb,0x0f,0xeb,0x91,0xea,0x13,0xea,0x95,0xe9,0x97,0xe9,0x19,
  0xe9,0x9b,0xe8,0x1d,0xe8,0x9e,0xe7,0x20,0xe7,0x22,0xe7,0xa3,0xe6,0x24,0xe6,0xa6,
  0xe5,0xa7,0xe4,0x28,0xe4,0xaa,0xe3,0x2b,0xe3,0xac,0xe2,0x2c,0xe2,0x2e,0xe1,0xaf,
  0xe0,0x2f,0xe0,0x30,0xdf,0xb1,0xde,0xb2,0xdd,0xb2,0xdc,0x33,0xdc,0x34,0xdb,0x34,
  0xda,0x35,0xd9,0x35,0xd8,0x36,0xd7,0x36,0xd6,0x37,0xd5,0x37,0xd4,0x37,0xd3,0x38,
  0xd2,0xb8,0xd0,0xb9,0xcf,0x39,0xce,0x39,0xcd,0xba,0xcb,0x3a,0xca,0x3a,0xc9,0xba,
  0xc7,0x3b,0xc6,0xbb,0xc4,0xbb,0xc3,0x3b,0xc2,0xbb,0xc0,0x3c,0xbf,0xbc,0xbd,0x3c,
  0xbc,0x3c,0xbb,0xbc,0xb9,0x3c,0xb8,0xbc,0xb6,0xbc,0xb5,0x3c,0xb4,0xbc,0xb2,0xbc,
  0xb1,0x3c,0xb0,0x3c,0xaf,0xbc,0xad,0xbc,0xac,0xbc,0xab,0xbb,0xaa,0xbb,0xa9,0xbb,
  0xa8,0xbb,0xa7,0xba,0xa6,0xba,0xa5,0xba,0xa4,0xb9,0xa3,0x39,0xa3,0x38,0xa2,0x37,
  0xa1,0xb7,0xa0,0x36,0xa0,0x35,0x9f,0xb4,0x9e,0xb3,0x9d,0x32,0x9d,0xb1,0x9c,0x30,
  0x9c,0xae,0x9b,0x2d,0x9b,0x2b,0x9a,0xa9,0x99,0x27,0x99,0xa6,0x98,0xa4,0x98,0x22,
  0x98,0xa0,0x97,0x1e,0x97,0x9c,0x96,0x19,0x96,0x17,0x96,0x95,0x95,0x13,0x95,0x90,
  0x94,0x8e,0x94,0x0b,0x94,0x89,0x93,0x87,0x93,0x04,0x93,0x02,0x93,0x86,0x7f,0x00,
  0x86,0x7f,0x00,0x71,0x01,0xec,0x03,0xec,0x85,0xeb,0x07,0xeb,0x09,0xeb,0x8c,0xea,
  0x0e,0xea,0x10,0xea,0x92,0xe9,0x14,0xe9,0x96,0xe8,0x98,0xe8,0x19,0xe8,0x9b,0xe7,
  0x1d,0xe7,0x9e,0xe6,0x20,0xe6,0xa1,0xe5,0x23,0xe5,0xa4,0xe4,0x26,0xe4,0xa7,0xe3,
  0x28,0xe3,0xa9,0xe2,0xaa,0xe1,0x2b,0xe1,0xac,0xe0,0x2d,0xe0,0x2d,0xdf,0xae,0xde,
  0xaf,0xdd,0x30,0xdd,0x31,0xdc,0x31,0xdb,0xb2,0xda,0xb2,0xd9,0xb3,0xd8,0xb4,0xd7,
  0xb4,0xd6,0xb5,0xd5,0xb5,0xd4,0xb6,0xd3,0xb6,0xd2,0x36,0xd1,0x37,0xd0,0x37,0xcf,
  0xb7,0xcd,0xb7,0xcc,0x38,0xcb,0x38,0xca,0xb8,0xc8,0xb9,0xc7,0x39,0xc6,0xb9,0xc4,
  0x39,0xc3,0x39,0xc2,0xba,0xc0,0x3a,0xbf,0xba,0xbd,0xba,0xbc,0x3a,0xbb,0xba,0xb9,
  0x3a,0xb8,0x3a,0xb7,0xba,0xb5,0xba,0xb4,0x3a,0xb3,0x3a,0xb2,0xba,0xb0,0xba,0xaf,
  0xba,0xae,0x3a,0xad,0x3a,0xac,0x39,0xab,0x39,0xaa,0x39,0xa9,0x39,0xa8,0x38,0xa7,
  0x38,0xa6,0x37,0xa5,0xb7,0xa4,0xb7,0xa3,0xb6,0xa2,0x36,0xa2,0x35,0xa1,0xb4,0xa0,
  0x33,0xa0,0x32,0x9f,0xb1,0x9e,0x30,0x9e,0x2f,0x9d,0xae,0x9c,0x2c,0x9c,0xab,0x9b,
  0x29,0x9b,0xa8,0x9a,0x26,0x9a,0xa4,0x99,0x22,0x99,0xa0,0x98,0x1e,0x98,0x9c,0x97,
  0x1a,0x97,0x18,0x97,0x96,0x96,0x13,0x96,0x91,0x95,0x8f,0x95,0x0c,0x95,0x8a,0x94,
  0x88,0x94,0x06,0x94,0x83,0x93,0x81,0x93,0x86,0x7f,0x00,0x87,0x7f,0x00,0x6f,0x82,
  0xeb,0x04,0xeb,0x86,0xea,0x88,0xea,0x0a,0xea,0x8c,0xe9,0x8e,0xe9,0x10,0xe9,0x92,
  0xe8,0x14,0xe8,0x96,0xe7,0x98,0xe7,0x19,0xe7,0x9b,0xe6,0x1c,0xe6,0x9e,0xe5,0x1f,
  0xe5,0xa1,0xe4,0x22,0xe4,0xa3,0xe3,0x25,0xe3,0xa6,0xe2,0xa7,0xe1,0x28,0xe1,0xa9,
  0xe0,0x2a,0xe0,0x2b,0xdf,0xac,0xde,0xac,0xdd,0x2d,0xdd,0x2e,0xdc,0xaf,0xdb,0xb0,
  0xda,0xb0,0xd9,0x31,0xd9,0x31,0xd8,0x31,0xd7,0x32,0xd6,0x33,0xd5,0x33,0xd4,0x34,
  0xd3,0x34,0xd2,0xb4,0xd0,0xb5,0xcf,0xb5,0xce,0xb6,0xcd,0x36,0xcc,0x36,0xcb,0xb6,
  0xc9,0xb7,0xc8,0x37,0xc7,0xb7,0xc5,0xb7,0xc4,0x37,0xc3,0x37,0xc2,0xb8,0xc0,0x38,
  0xbf,0xb8,0xbd,0xb8,0xbc,0x38,0xbb,0x38,0xba,0xb8,0xb8,0x38,0xb7,0x38,0xb6,0xb8,
  0xb4,0xb8,0xb3,0x38,0xb2,0x38,0xb1,0x38,0xb0,0x38,0xaf,0xb8,0xad,0xb7,0xac,0xb7,
  0xab,0xb7,0xaa,0xb7,0xa9,0xb7,0xa8,0xb6,0xa7,0xb6,0xa6,0x36,0xa6,0x35,0xa5,0x35,
  0xa4,0xb4,0xa3,0xb3,0xa2,0x33,0xa2,0x32,0xa1,0xb1,0xa0,0x30,0xa0,0x2f,0x9f,0xae,
  0x9e,0x2d,0x9e,0x2c,0x9d,0xaa,0x9c,0x29,0x9c,0xa7,0x9b,0x26,0x9b,0xa4,0x9a,0x22,
  0x9a,0xa0,0x99,0x1e,0x99,0x9c,0x98,0x1a,0x98,0x18,0x98,0x96,0x97,0x14,0x97,0x92,
  0x96,0x0f,0x96,0x0d,0x96,0x8b,0x95,0x09,0x95,0x06,0x95,0x84,0x94,0x02,0x94,0x87,
  0x7f,0x00,0x87,0x7f,0x00,0x6f,0x81,0xea,0x83,0xea,0x05,0xea,0x87,0xe9,0x89,0xe9,
  0x0b,0xe9,0x8d,0xe8,0x8f,0xe8,0x11,0xe8,0x93,0xe7,0x15,0xe7,0x96,0xe6,0x18,0xe6,
  0x19,0xe6,0x9b,0xe5,0x1c,0xe5,0x9e,0xe4,0x1f,0xe4,0xa1,0xe3,0xa2,0xe2,0x23,0xe2,
  0xa4,0xe1,0x25,0xe1,0xa6,0xe0,0x27,0xe0,0x28,0xdf,0xa9,0xde,0xaa,0xdd,0x2b,0xdd,
  0x2b,0xdc,0xac,0xdb,0xad,0xda,0x2e,0xda,0x2e,0xd9,0x2f,0xd8,0xb0,0xd7,0xb0,0xd6,
  0xb1,0xd5,0xb1,0xd4,0xb1,0xd3,0xb2,0xd2,0xb2,0xd1,0x33,0xd0,0x33,0xcf,0x33,0xce,
  0x34,0xcd,0xb4,0xcb,0xb4,0xca,0xb5,0xc9,0x35,0xc8,0x35,0xc7,0xb5,0xc5,0xb6,0xc4,
  0x36,0xc3,0xb6,0xc1,0xb6,0xc0,0x36,0xbf,0x36,0xbe,0xb6,0xbc,0x36,0xbb,0x36,0xba,
  0xb7,0xb8,0xb7,0xb7,0x37,0xb6,0x37,0xb5,0x37,0xb4,0xb6,0xb2,0xb6,0xb1,0xb6,0xb0,
  0xb6,0xaf,0x36,0xae,0x36,0xad,0x36,0xac,0x35,0xab,0x35,0xaa,0x35,0xa9,0x34,0xa8,
  0xb4,0xa7,0xb3,0xa6,0xb3,0xa5,0x32,0xa5,0x32,0xa4,0xb1,0xa3,0xb1,0xa2,0x30,0xa2,
  0x2f,0xa1,0xae,0xa0,0x2d,0xa0,0x2c,0x9f,0xab,0x9e,0x2a,0x9e,0xa8,0x9d,0x27,0x9d,
  0x25,0x9c,0xa4,0x9b,0x22,0x9b,0xa0,0x9a,0x1e,0x9a,0x9c,0x99,0x9b,0x99,0x19,0x99,
  0x97,0x98,0x15,0x98,0x92,0x97,0x10,0x97,0x0e,0x97,0x8c,0x96,0x09,0x96,0x07,0x96,
  0x85,0x95,0x03,0x95,0x01,0x95,0x87,0x7f,0x00,0x88,0x7f,0x00,0x6d,0x02,0xea,0x84,
  0xe9,0x06,0xe9,0x08,0xe9,0x8a,0xe8,0x0c,0xe8,0x8e,0xe7,0x8f,0xe7,0x11,0xe7,0x93,
  0xe6,0x15,0xe6,0x97,0xe5,0x18,0xe5,0x9a,0xe4,0x1b,0xe4,0x9c,0xe3,0x1e,0xe3,0x9f,
  0xe2,0x20,0xe2,0xa2,0xe1,0x23,0xe1,0xa4,0xe0,0x25,0xe0,0x26,0xdf,0xa7,0xde,0x27,
  0xde,0x28,0xdd,0xa9,0xdc,0xaa,0xdb,0x2b,0xdb,0x2b,0xda,0xac,0xd9,0xac,0xd8,0xad,
  0xd7,0xae,0xd6,0x2e,0xd6,0x2f,0xd5,0x2f,0xd4,0x30,0xd3,0x30,0xd2,0x31,0xd1,0x31,
  0xd0,0xb1,0xce,0xb2,0xcd,0xb2,0xcc,0xb2,0xcb,0x33,0xca,0x33,0xc9,0x33,0xc8,0xb3,
  0xc6,0xb4,0xc5,0x34,0xc4,0x34,0xc3,0xb4,0xc1,0xb4,0xc0,0x34,0xbf,0x35,0xbe,0xb5,
  0xbc,0xb5,0xbb,0x35,0xba,0x35,0xb9,0xb5,0xb7,0xb5,0xb6,0xb5,0xb5,0x35,0xb4,0x35,
  0xb3,0x35,0xb2,0x35,0xb1,0xb4,0xaf,0xb4,0xae,0xb4,0xad,0xb4,0xac,0xb3,0xab,0xb3,
  0xaa,0xb3,0xa9,0x32,0xa9,0x32,0xa8,0x32,0xa7,0x31,0xa6,0xb1,0xa5,0xb0,0xa4,0x30,
  0xa4,0x2f,0xa3,0xae,0xa2,0xad,0xa1,0x2c,0xa1,0xab,0xa0,0x2a,0xa0,0x29,0x9f,0xa8,
  0x9e,0x27,0x9e,0xa5,0x9d,0x23,0x9d,0xa2,0x9c,0x20,0x9c,0x9f,0x9b,0x1d,0x9b,0x9b,
  0x9a,0x19,0x9a,0x97,0x99,0x15,0x99,0x93,0x98,0x11,0x98,0x0f,0x98,0x8d,0x97,0x0a,
  0x97,0x88,0x96,0x86,0x96,0x04,0x96,0x82,0x95,0x88,0x7f,0x00,0x88,0x7f,0x00,0x6d,
  0x81,0xe9,0x02,0xe9,0x84,0xe8,0x86,0xe8,0x08,0xe8,0x8a,0xe7,0x0c,0xe7,0x8e,0xe6,
  0x90,0xe6,0x12,0xe6,0x93,0xe5,0x15,0xe5,0x96,0xe4,0x18,0xe4,0x99,0xe3,0x1b,0xe3,
  0x9c,0xe2,0x1d,0xe2,0x9f,0xe1,0x20,0xe1,0xa1,0xe0,0x22,0xe0,0x23,0xdf,0xa4,0xde,
  0x25,0xde,0x26,0xdd,0xa7,0xdc,0x27,0xdc,0x28,0xdb,0xa9,0xda,0xa9,0xd9,0xaa,0xd8,
  0x2b,0xd8,0x2b,0xd7,0x2c,0xd6,0x2c,0xd5,0xad,0xd4,0xad,0xd3,0xae,0xd2,0xae,0xd1,
  0xaf,0xd0,0xaf,0xcf,0xb0,0xce,0x30,0xcd,0x30,0xcc,0x31,0xcb,0x31,0xca,0xb1,0xc8,
  0xb1,0xc7,0xb1,0xc6,0x32,0xc5,0x32,0xc4,0x32,0xc3,0xb2,0xc1,0xb2,0xc0,0x32,0xbf,
  0x33,0xbe,0xb3,0xbc,0xb3,0xbb,0xb3,0xba,0x33,0xb9,0x33,0xb8,0x33,0xb7,0xb3,0xb5,
  0xb3,0xb4,0xb3,0xb3,0xb3,0xb2,0x32,0xb1,0x32,0xb0,0x32,0xaf,0x32,0xae,0x32,0xad,
  0x31,0xac,0x31,0xab,0xb1,0xaa,0xb1,0xa9,0xb0,0xa8,0xb0,0xa7,0x2f,0xa7,0x2f,0xa6,
  0x2e,0xa5,0xad,0xa4,0xac,0xa3,0x2c,0xa3,0xab,0xa2,0xaa,0xa1,0x29,0xa1,0xa8,0xa0,
  0x27,0xa0,0x26,0x9f,0xa4,0x9e,0x23,0x9e,0xa2,0x9d,0x20,0x9d,0x9e,0x9c,0x1d,0x9c,
  0x9b,0x9b,0x19,0x9b,0x97,0x9a,0x15,0x9a,0x93,0x99,0x11,0x99,0x0f,0x99,0x8d,0x98,
  0x0b,0x98,0x89,0x97,0x07,0x97,0x04,0x97,0x82,0x96,0x00,0x96,0x88,0x7f,0x00,0x89,
  0x7f,0x00,0x6b,0x81,0xe8,0x03,0xe8,0x85,0xe7,0x87,0xe7,0x09,0xe7,0x8b,0xe6,0x0c,
  0xe6,0x8e,0xe5,0x90,0xe5,0x12,0xe5,0x93,0xe4,0x15,0xe4,0x96,0xe3,0x18,0xe3,0x99,
  0xe2,0x1b,0xe2,0x9c,0xe1,0x1d,0xe1,0x9e,0xe0,0x1f,0xe0,0x20,0xdf,0xa1,0xde,0x22,
  0xde,0x23,0xdd,0xa4,0xdc,0x25,0xdc,0x26,0xdb,0xa6,0xda,0xa7,0xd9,0x28,0xd9,0x28,
  0xd8,0xa9,0xd7,0xaa,0xd6,0xaa,0xd5,0xab,0xd4,0x2b,0xd4,0x2c,0xd3,0x2c,0xd2,0x2d,
  0xd1,0x2d,0xd0,0x2d,0xcf,0x2e,0xce,0x2e,0xcd,0x2f,0xcc,0xaf,0xca,0xaf,0xc9,0xaf,
  0xc8,0xb0,0xc7,0x30,0xc6,0x30,0xc5,0x30,0xc4,0xb0,0xc2,0xb1,0xc1,0xb1,0xc0,0x31,
  0xbf,0x31,0xbe,0x31,0xbd,0xb1,0xbb,0xb1,0xba,0xb1,0xb9,0x31,0xb8,0x31,0xb7,0x31,
  0xb6,0x31,0xb5,0xb1,0xb3,0xb1,0xb2,0xb1,0xb1,0xb1,0xb0,0xb0,0xaf,0xb0,0xae,0xb0,
  0xad,0xb0,0xac,0xaf,0xab,0x2f,0xab,0x2f,0xaa,0x2e,0xa9,0x2e,0xa8,0xad,0xa7,0xac,
  0xa6,0x2c,0xa6,0x2b,0xa5,0xab,0xa4,0xaa,0xa3,0x29,0xa3,0xa8,0xa2,0xa7,0xa1,0x26,
  0xa1,0xa5,0xa0,0x24,0xa0,0x23,0x9f,0xa1,0x9e,0x20,0x9e,0x9e,0x9d,0x1c,0x9d,0x9b,
  0x9c,0x19,0x9c,0x97,0x9b,0x16,0x9b,0x94,0x9a,0x12,0x9a,0x10,0x9a,0x8e,0x99,0x0c,
  0x99,0x89,0x98,0x07,0x98,0x05,0x98,0x83,0x97,0x01,0x97,0x89,0x7f,0x00,0x8a,0x7f,
  0x00,0x69,0x82,0xe7,0x04,0xe7,0x06,0xe7,0x87,0xe6,0x09,0xe6,0x8b,0xe5,0x0d,0xe5,
  0x0f,0xe5,0x90,0xe4,0x12,0xe4,0x93,0xe3,0x15,0xe3,0x96,0xe2,0x17,0xe2,0x99,0xe1,
  0x1a,0xe1,0x9b,0xe0,0x1c,0xe0,0x1d,0xdf,0x9f,0xde,0x1f,0xde,0xa0,0xdd,0xa1,0xdc,
  0x22,0xdc,0xa3,0xdb,0xa4,0xda,0x24,0xda,0x25,0xd9,0xa6,0xd8,0xa7,0xd7,0x27,0xd7,
  0x28,0xd6,0x28,0xd5,0x29,0xd4,0xa9,0xd3,0xaa,0xd2,0xab,0xd1,0xab,0xd0,0xab,0xcf,
  0xab,0xce,0xac,0xcd,0xac,0xcc,0xad,0xcb,0xad,0xca,0xad,0xc9,0x2d,0xc8,0x2e,0xc7,
  0x2e,0xc6,0x2e,0xc5,0x2e,0xc4,0xaf,0xc2,0xaf,0xc1,0xaf,0xc0,0x2f,0xbf,0x2f,0xbe,
  0x2f,0xbd,0xaf,0xbb,0xaf,0xba,0xaf,0xb9,0xaf,0xb8,0xaf,0xb7,0x2f,0xb6,0x2f,0xb5,
  0x2f,0xb4,0x2f,0xb3,0x2f,0xb2,0x2f,0xb1,0x2e,0xb0,0x2e,0xaf,0x2e,0xae,0x2e,0xad,
  0x2d,0xac,0xad,0xab,0xac,0xaa,0xac,0xa9,0xac,0xa8,0x2b,0xa8,0x2b,0xa7,0xaa,0xa6,
  0xa9,0xa5,0x29,0xa5,0x28,0xa4,0xa7,0xa3,0x26,0xa3,0x25,0xa2,0xa4,0xa1,0x23,0xa1,
  0xa2,0xa0,0x20,0xa0,0x1f,0x9f,0x9e,0x9e,0x1c,0x9e,0x9b,0x9d,0x19,0x9d,0x97,0x9c,
  0x15,0x9c,0x94,0x9b,0x12,0x9b,0x90,0x9a,0x8e,0x9a,0x0c,0x9a,0x8a,0x99,0x08,0x99,
  0x86,0x98,0x84,0x98,0x02,0x98,0x8a,0x7f,0x00,0x8a,0x7f,0x00,0x69,0x00,0xe7,0x82,
  0xe6,0x84,0xe6,0x06,0xe6,0x88,0xe5,0x09,0xe5,0x8b,0xe4,0x0d,0xe4,0x0f,0xe4,0x90,
  0xe3,0x12,0xe3,0x93,0xe2,0x14,0xe2,0x96,0xe1,0x17,0xe1,0x98,0xe0,0x1a,0xe0,0x1b,
  0xdf,0x9c,0xde,0x1d,0xde,0x9e,0xdd,0x1f,0xdd,0x20,0xdc,0xa1,0xdb,0x21,0xdb,0x22,
  0xda,0xa3,0xd9,0xa4,0xd8,0x24,0xd8,0x25,0xd7,0xa6,0xd6,0xa6,0xd5,0xa7,0xd4,0xa7,
  0xd3,0x28,0xd3,0x28,0xd2,0x29,0xd1,0x29,0xd0,0x2a,0xcf,0x2a,0xce,0x2a,0xcd,0x2b,
  0xcc,0x2b,0xcb,0x2b,0xca,0x2b,0xc9,0x2c,0xc8,0x2c,0xc7,0x2c,0xc6,0xac,0xc4,0xad,
  0xc3,0xad,0xc2,0xad,0xc1,0xad,0xc0,0x2d,0xbf,0x2d,0xbe,0x2d,0xbd,0x2d,0xbc,0x2d,
  0xbb,0xad,0xb9,0xad,0xb8,0xad,0xb7,0xad,0xb6,0xad,0xb5,0xad,0xb4,0xad,0xb3,0xad,
  0xb2,0xad,0xb1,0xac,0xb0,0xac,0xaf,0xac,0xae,0xac,0xad,0xab,0xac,0x2b,0xac,0x2b,
  0xab,0x2a,0xaa,0x2a,0xa9,0xa9,0xa8,0xa9,0xa7,0x28,0xa7,0x27,0xa6,0xa7,0xa5,0xa6,
  0xa4,0x25,0xa4,0xa4,0xa3,0xa3,0xa2,0x22,0xa2,0xa1,0xa1,0x20,0xa1,0x9f,0xa0,0x1d,
  0xa0,0x1c,0x9f,0x9a,0x9e,0x19,0x9e,0x97,0x9d,0x15,0x9d,0x94,0x9c,0x12,0x9c,0x90,
  0x9b,0x8e,0x9b,0x0c,0x9b,0x8b,0x9a,0x08,0x9a,0x86,0x99,0x04,0x99,0x02,0x99,0x80,
  0x98,0x8a,0x7f,0x00,0x8b,0x7f,0x00,0x67,0x01,0xe6,0x83,0xe5,0x85,0xe5,0x06,0xe5,
  0x88,0xe4,0x0a,0xe4,0x8c,0xe3,0x0d,0xe3,0x0f,0xe3,0x90,0xe2,0x11,0xe2,0x93,0xe1,
  0x14,0xe1,0x95,0xe0,0x17,0xe0,0x18,0xdf,0x99,0xde,0x1a,0xde,0x9b,0xdd,0x1c,0xdd,
  0x1d,0xdc,0x9e,0xdb,0x1f,0xdb,0x1f,0xda,0xa0,0xd9,0x21,0xd9,0x22,0xd8,0xa3,0xd7,
  0xa3,0xd6,0x24,0xd6,0x24,0xd5,0x25,0xd4,0xa5,0xd3,0xa6,0xd2,0xa6,0xd1,0xa7,0xd0,
  0xa7,0xcf,0x28,0xcf,0x28,0xce,0x28,0xcd,0x29,0xcc,0x29,0xcb,0x29,0xca,0x2a,0xc9,
  0x2a,0xc8,0xaa,0xc6,0xab,0xc5,0xab,0xc4,0xab,0xc3,0xab,0xc2,0xab,0xc1,0xab,0xc0,
  0x2b,0xbf,0x2b,0xbe,0x2b,0xbd,0x2b,0xbc,0x2b,0xbb,0x2b,0xba,0x2b,0xb9,0xab,0xb7,
  0xab,0xb6,0xab,0xb5,0xab,0xb4,0xab,0xb3,0xab,0xb2,0xab,0xb1,0xab,0xb0,0x2a,0xb0,
  0x2a,0xaf,0x2a,0xae,0x29,0xad,0x29,0xac,0xa9,0xab,0xa8,0xaa,0xa8,0xa9,0x27,0xa9,
  0x27,0xa8,0xa6,0xa7,0xa5,0xa6,0x25,0xa6,0xa4,0xa5,0xa3,0xa4,0x22,0xa4,0xa1,0xa3,
  0xa0,0xa2,0x1f,0xa2,0x9e,0xa1,0x1c,0xa1,0x9b,0xa0,0x1a,0xa0,0x18,0x9f,0x97,0x9e,
  0x15,0x9e,0x94,0x9d,0x12,0x9d,0x90,0x9c,0x8e,0x9c,0x0d,0x9c,0x8b,0x9b,0x09,0x9b,
  0x87,0x9a,0x05,0x9a,0x03,0x9a,0x81,0x99,0x8b,0x7f,0x00,0x8c,0x7f,0x00,0x65,0x01,
  0xe5,0x03,0xe5,0x85,0xe4,0x07,0xe4,0x88,0xe3,0x0a,0xe3,0x8b,0xe2,0x0d,0xe2,0x0e,
  0xe2,0x90,0xe1,0x11,0xe1,0x92,0xe0,0x14,0xe0,0x15,0xdf,0x96,0xde,0x17,0xde,0x98,
  0xdd,0x19,0xdd,0x9b,0xdc,0x9b,0xdb,0x1c,0xdb,0x9d,0xda,0x9e,0xd9,0x1f,0xd9,0x9f,
  0xd8,0xa0,0xd7,0x21,0xd7,0x22,0xd6,0xa2,0xd5,0xa3,0xd4,0xa3,0xd3,0x24,0xd3,0x24,
  0xd2,0x25,0xd1,0x25,0xd0,0xa6,0xcf,0xa6,0xce,0xa7,0xcd,0xa7,0xcc,0xa7,0xcb,0xa7,
  0xca,0xa8,0xc9,0xa8,0xc8,0xa8,0xc7,0xa8,0xc6,0xa9,0xc5,0xa9,0xc4,0xa9,0xc3,0xa9,
  0xc2,0xaa,0xc1,0xaa,0xc0,0x2a,0xbf,0x2a,0xbe,0x2a,0xbd,0x2a,0xbc,0x2a,0xbb,0x2a,
  0xba,0x2a,0xb9,0x2a,0xb8,0x2a,0xb7,0x2a,0xb6,0x2a,0xb5,0x29,0xb4,0x29,0xb3,0x29,
  0xb2,0x29,0xb1,0x28,0xb0,0xa8,0xaf,0xa8,0xae,0xa7,0xad,0xa7,0xac,0x27,0xac,0x27,
  0xab,0x26,0xaa,0xa5,0xa9,0xa5,0xa8,0x24,0xa8,0x23,0xa7,0xa3,0xa6,0x22,0xa6,0x21,
  0xa5,0xa0,0xa4,0x1f,0xa4,0x1e,0xa3,0x9d,0xa2,0x1c,0xa2,0x9b,0xa1,0x19,0xa1,0x98,
  0xa0,0x17,0xa0,0x15,0x9f,0x93,0x9e,0x12,0x9e,0x90,0x9d,0x8f,0x9d,0x0d,0x9d,0x8b,
  0x9c,0x09,0x9c,0x87,0x9b,0x05,0x9b,0x83,0x9a,0x81,0x9a,0x8c,0x7f,0x00,0x8d,0x7f,
  0x00,0x63,0x82,0xe4,0x03,0xe4,0x85,0xe3,0x07,0xe3,0x88,0xe2,0x0a,0xe2,0x8c,0xe1,
  0x0d,0xe1,0x0e,0xe1,0x8f,0xe0,0x11,0xe0,0x12,0xdf,0x93,0xde,0x15,0xde,0x96,0xdd,
  0x17,0xdd,0x98,0xdc,0x19,0xdc,0x1a,0xdb,0x9b,0xda,0x1b,0xda,0x1c,0xd9,0x9d,0xd8,
  0x1e,0xd8,0x1e,0xd7,0x9f,0xd6,0xa0,0xd5,0x20,0xd5,0x21,0xd4,0xa2,0xd3,0xa2,0xd2,
  0xa3,0xd1,0xa3,0xd0,0x23,0xd0,0x24,0xcf,0x24,0xce,0x25,0xcd,0x25,0xcc,0xa5,0xcb,
  0xa6,0xca,0xa6,0xc9,0xa6,0xc8,0xa7,0xc7,0xa7,0xc6,0xa7,0xc5,0xa7,0xc4,0xa7,0xc3,
  0xa7,0xc2,0xa7,0xc1,0xa8,0xc0,0x28,0xbf,0x28,0xbe,0x28,0xbd,0x28,0xbc,0x28,0xbb,
  0x28,0xba,0x28,0xb9,0x28,0xb8,0x28,0xb7,0x28,0xb6,0x27,0xb5,0x27,0xb4,0xa7,0xb3,
  0xa7,0xb2,0xa7,0xb1,0xa7,0xb0,0xa6,0xaf,0x26,0xaf,0x26,0xae,0x25,0xad,0x25,0xac,
  0xa4,0xab,0xa4,0xaa,0x23,0xaa,0x23,0xa9,0xa2,0xa8,0xa1,0xa7,0x21,0xa7,0xa0,0xa6,
  0x9f,0xa5,0x1e,0xa5,0x9d,0xa4,0x9c,0xa3,0x1b,0xa3,0x9a,0xa2,0x19,0xa2,0x97,0xa1,
  0x16,0xa1,0x95,0xa0,0x13,0xa0,0x12,0x9f,0x90,0x9e,0x8e,0x9e,0x0d,0x9e,0x8b,0x9d,
  0x09,0x9d,0x87,0x9c,0x05,0x9c,0x83,0x9b,0x02,0x9b,0x8d,0x7f,0x00,0x8d,0x7f,0x00,
  0x63,0x00,0xe4,0x82,0xe3,0x04,0xe3,0x85,0xe2,0x07,0xe2,0x88,0xe1,0x0a,0xe1,0x8b,
  0xe0,0x0d,0xe0,0x0e,0xe0,0x0f,0xdf,0x91,0xde,0x12,0xde,0x93,0xdd,0x14,0xdd,0x95,
  0xdc,0x16,0xdc,0x97,0xdb,0x98,0xda,0x19,0xda,0x9a,0xd9,0x9b,0xd8,0x1b,0xd8,0x9c,
  0xd7,0x9d,0xd6,0x1e,0xd6,0x1e,0xd5,0x9f,0xd4,0x9f,0xd3,0x20,0xd3,0x20,0xd2,0x21,
  0xd1,0xa1,0xd0,0xa2,0xcf,0xa2,0xce,0x23,0xce,0x23,0xcd,0x23,0xcc,0x24,0xcb,0x24,
  0xca,0x24,0xc9,0x25,0xc8,0x25,0xc7,0x25,0xc6,0x25,0xc5,0xa6,0xc4,0xa6,0xc3,0xa6,
  0xc2,0xa6,0xc1,0xa6,0xc0,0x26,0xbf,0x26,0xbe,0x26,0xbd,0x26,0xbc,0x26,0xbb,0xa6,
  0xba,0xa6,0xb9,0xa6,0xb8,0xa6,0xb7,0xa6,0xb6,0xa6,0xb5,0xa6,0xb4,0xa6,0xb3,0xa5,
  0xb2,0xa5,0xb1,0x25,0xb1,0x25,0xb0,0x24,0xaf,0xa4,0xae,0xa3,0xad,0xa3,0xac,0x23,
  0xac,0x22,0xab,0xa2,0xaa,0xa1,0xa9,0x20,0xa9,0x1f,0xa8,0x9f,0xa7,0x1e,0xa7,0x1d,
  0xa6,0x9c,0xa5,0x1b,0xa5,0x1a,0xa4,0x99,0xa3,0x18,0xa3,0x97,0xa2,0x16,0xa2,0x94,
  0xa1,0x13,0xa1,0x91,0xa0,0x10,0xa0,0x8e,0x9f,0x0d,0x9f,0x8b,0x9e,0x09,0x9e,0x88,
  0x9d,0x06,0x9d,0x84,0x9c,0x02,0x9c,0x80,0x9b,0x8d,0x7f,0x00,0x8e,0x7f,0x00,0x61,
  0x01,0xe3,0x82,0xe2,0x04,0xe2,0x85,0xe1,0x07,0xe1,0x88,0xe0,0x0a,0xe0,0x0b,0xe0,
  0x8c,0xdf,0x8e,0xde,0x0f,0xde,0x90,0xdd,0x11,0xdd,0x92,0xdc,0x13,0xdc,0x95,0xdb,
  0x15,0xdb,0x16,0xda,0x97,0xd9,0x18,0xd9,0x99,0xd8,0x9a,0xd7,0x1a,0xd7,0x1b,0xd6,
  0x9c,0xd5,0x9c,0xd4,0x1d,0xd4,0x1e,0xd3,0x9e,0xd2,0x9f,0xd1,0x1f,0xd1,0x1f,0xd0,
  0x20,0xcf,0xa0,0xce,0xa1,0xcd,0xa1,0xcc,0xa2,0xcb,0x22,0xcb,0x22,0xca,0x23,0xc9,
  0x23,0xc8,0x23,0xc7,0x23,0xc6,0x23,0xc5,0x24,0xc4,0x24,0xc3,0x24,0xc2,0x24,0xc1,
  0x24,0xc0,0xa4,0xbf,0xa4,0xbe,0xa4,0xbd,0xa4,0xbc,0xa4,0xbb,0xa4,0xba,0xa4,0xb9,
  0xa4,0xb8,0xa4,0xb7,0xa4,0xb6,0xa4,0xb5,0xa4,0xb4,0x24,0xb4,0x23,0xb3,0x23,0xb2,
  0x23,0xb1,0xa3,0xb0,0xa2,0xaf,0xa2,0xae,0x22,0xae,0x21,0xad,0xa1,0xac,0xa0,0xab,
  0x20,0xab,0x1f,0xaa,0x9e,0xa9,0x9e,0xa8,0x1d,0xa8,0x1c,0xa7,0x9b,0xa6,0x1a,0xa6,
  0x99,0xa5,0x98,0xa4,0x17,0xa4,0x96,0xa3,0x15,0xa3,0x94,0xa2,0x12,0xa2,0x91,0xa1,
  0x0f,0xa1,0x0e,0xa0,0x0c,0xa0,0x8b,0x9f,0x09,0x9f,0x87,0x9e,0x06,0x9e,0x84,0x9d,
  0x02,0x9d,0x80,0x9c,0x8e,0x7f,0x00,0x8f,0x7f,0x00,0x5f,0x01,0xe2,0x82,0xe1,0x04,
  0xe1,0x85,0xe0,0x07,0xe0,0x08,0xe0,0x89,0xdf,0x0b,0xdf,0x8c,0xde,0x8d,0xdd,0x0f,
  0xdd,0x90,0xdc,0x11,0xdc,0x92,0xdb,0x13,0xdb,0x94,0xda,0x95,0xd9,0x15,0xd9,0x97,
  0xd8,0x17,0xd8,0x18,0xd7,0x99,0xd6,0x1a,0xd6,0x1a,0xd5,0x9b,0xd4,0x9b,0xd3,0x1c,
  0xd3,0x1c,0xd2,0x9d,0xd1,0x9e,0xd0,0x9e,0xcf,0x1f,0xcf,0x1f,0xce,0x1f,0xcd,0xa0,
  0xcc,0xa0,0xcb,0xa0,0xca,0xa1,0xc9,0xa1,0xc8,0x21,0xc8,0x22,0xc7,0x22,0xc6,0x22,
  0xc5,0x22,0xc4,0x22,0xc3,0x22,0xc2,0x23,0xc1,0x23,0xc0,0xa3,0xbf,0xa3,0xbe,0xa3,
  0xbd,0xa3,0xbc,0xa3,0xbb,0xa3,0xba,0xa3,0xb9,0xa3,0xb8,0xa3,0xb7,0x23,0xb7,0x22,
  0xb6,0x22,0xb5,0x22,0xb4,0x22,0xb3,0xa2,0xb2,0xa1,0xb1,0xa1,0xb0,0x21,0xb0,0x20,
  0xaf,0x20,0xae,0x9f,0xad,0x9f,0xac,0x1e,0xac,0x1e,0xab,0x9d,0xaa,0x9c,0xa9,0x1c,
  0xa9,0x9b,0xa8,0x9a,0xa7,0x19,0xa7,0x98,0xa6,0x18,0xa6,0x17,0xa5,0x95,0xa4,0x14,
  0xa4,0x93,0xa3,0x12,0xa3,0x91,0xa2,0x0f,0xa2,0x0e,0xa1,0x8c,0xa0,0x0b,0xa0,0x09,
  0xa0,0x88,0x9f,0x06,0x9f,0x84,0x9e,0x02,0x9e,0x81,0x9d,0x8f,0x7f,0x00,0x90,0x7f,
  0x00,0x5d,0x01,0xe1,0x83,0xe0,0x04,0xe0,0x06,0xe0,0x87,0xdf,0x08,0xdf,0x89,0xde,
  0x0b,0xde,0x8c,0xdd,0x8d,0xdc,0x0e,0xdc,0x8f,0xdb,0x11,0xdb,0x91,0xda,0x12,0xda,
  0x93,0xd9,0x94,0xd8,0x15,0xd8,0x96,0xd7,0x97,0xd6,0x17,0xd6,0x98,0xd5,0x99,0xd4,
  0x19,0xd4,0x1a,0xd3,0x9b,0xd2,0x9b,0xd1,0x1b,0xd1,0x1c,0xd0,0x9c,0xcf,0x9d,0xce,
  0x9d,0xcd,0x1e,0xcd,0x1e,0xcc,0x1f,0xcb,0x9f,0xca,0x9f,0xc9,0x9f,0xc8,0xa0,0xc7,
  0xa0,0xc6,0x20,0xc6,0x20,0xc5,0x21,0xc4,0x21,0xc3,0x21,0xc2,0x21,0xc1,0x21,0xc0,
  0xa1,0xbf,0xa1,0xbe,0xa1,0xbd,0xa1,0xbc,0xa1,0xbb,0xa1,0xba,0xa1,0xb9,0x21,0xb9,
  0x21,0xb8,0x21,0xb7,0x21,0xb6,0x21,0xb5,0xa0,0xb4,0xa0,0xb3,0xa0,0xb2,0x1f,0xb2,
  0x1f,0xb1,0x1f,0xb0,0x9f,0xaf,0x9e,0xae,0x1e,0xae,0x1d,0xad,0x9d,0xac,0x9c,0xab,
  0x1b,0xab,0x1b,0xaa,0x9a,0xa9,0x19,0xa9,0x18,0xa8,0x98,0xa7,0x17,0xa7,0x16,0xa6,
  0x95,0xa5,0x14,0xa5,0x93,0xa4,0x11,0xa4,0x90,0xa3,0x0f,0xa3,0x0e,0xa2,0x8c,0xa1,
  0x0b,0xa1,0x89,0xa0,0x07,0xa0,0x06,0xa0,0x84,0x9f,0x03,0x9f,0x81,0x9e,0x90,0x7f,
  0x00,0x91,0x7f,0x00,0x5b,0x01,0xe0,0x02,0xe0,0x84,0xdf,0x05,0xdf,0x87,0xde,0x08,
  0xde,0x89,0xdd,0x0a,0xdd,0x8c,0xdc,0x8c,0xdb,0x0e,0xdb,0x8f,0xda,0x10,0xda,0x91,
  0xd9,0x12,0xd9,0x12,0xd8,0x93,0xd7,0x14,0xd7,0x95,0xd6,0x95,0xd5,0x16,0xd5,0x97,
  0xd4,0x98,0xd3,0x18,0xd3,0x19,0xd2,0x99,0xd1,0x9a,0xd0,0x1a,0xd0,0x1b,0xcf,0x1b,
  0xce,0x9c,0xcd,0x9c,0xcc,0x1c,0xcc,0x1d,0xcb,0x1d,0xca,0x1d,0xc9,0x9e,0xc8,0x9e,
  0xc7,0x9e,0xc6,0x9e,0xc5,0x1f,0xc5,0x1f,0xc4,0x1f,0xc3,0x1f,0xc2,0x1f,0xc1,0x1f,
  0xc0,0x9f,0xbf,0x9f,0xbe,0x9f,0xbd,0x9f,0xbc,0x9f,0xbb,0x9f,0xba,0x1f,0xba,0x1f,
  0xb9,0x1f,0xb8,0x1f,0xb7,0x9f,0xb6,0x9f,0xb5,0x9f,0xb4,0x9e,0xb3,0x1e,0xb3,0x1e,
  0xb2,0x9d,0xb1,0x9d,0xb0,0x9d,0xaf,0x1c,0xaf,0x1c,0xae,0x9b,0xad,0x9b,0xac,0x1a,
  0xac,0x1a,0xab,0x99,0xaa,0x18,0xaa,0x17,0xa9,0x97,0xa8,0x16,0xa8,0x95,0xa7,0x94,
  0xa6,0x13,0xa6,0x92,0xa5,0x11,0xa5,0x8f,0xa4,0x0e,0xa4,0x0d,0xa3,0x8c,0xa2,0x0a,
  0xa2,0x89,0xa1,0x07,0xa1,0x86,0xa0,0x04,0xa0,0x03,0xa0,0x81,0x9f,0x91,0x7f,0x00,
  0x92,0x7f,0x00,0x59,0x81,0xdf,0x03,0xdf,0x84,0xde,0x05,0xde,0x86,0xdd,0x08,0xdd,
  0x89,0xdc,0x0a,0xdc,0x8b,0xdb,0x8c,0xda,0x0d,0xda,0x8e,0xd9,0x0f,0xd9,0x90,0xd8,
  0x11,0xd8,0x12,0xd7,0x92,0xd6,0x13,0xd6,0x14,0xd5,0x95,0xd4,0x15,0xd4,0x16,0xd3,
  0x97,0xd2,0x97,0xd1,0x18,0xd1,0x18,0xd0,0x99,0xcf,0x99,0xce,0x1a,0xce,0x1a,0xcd,
  0x9b,0xcc,0x9b,0xcb,0x9b,0xca,0x1b,0xca,0x1c,0xc9,0x1c,0xc8,0x9c,0xc7,0x9d,0xc6,
  0x9d,0xc5,0x9d,0xc4,0x1d,0xc4,0x1d,0xc3,0x1e,0xc2,0x1e,0xc1,0x1e,0xc0,0x9e,0xbf,
  0x9e,0xbe,0x9e,0xbd,0x9e,0xbc,0x9e,0xbb,0x1e,0xbb,0x1e,0xba,0x1e,0xb9,0x1e,0xb8,
  0x9d,0xb7,0x9d,0xb6,0x9d,0xb5,0x1d,0xb5,0x1d,0xb4,0x1c,0xb3,0x9c,0xb2,0x9c,0xb1,
  0x1b,0xb1,0x1b,0xb0,0x9b,0xaf,0x9a,0xae,0x1a,0xae,0x19,0xad,0x98,0xac,0x98,0xab,
  0x17,0xab,0x96,0xaa,0x96,0xa9,0x15,0xa9,0x94,0xa8,0x93,0xa7,0x12,0xa7,0x91,0xa6,
  0x10,0xa6,0x8f,0xa5,0x0e,0xa5,0x0c,0xa4,0x8b,0xa3,0x0a,0xa3,0x88,0xa2,0x07,0xa2,
  0x86,0xa1,0x04,0xa1,0x83,0xa0,0x01,0xa0,0x92,0x7f,0x00,0x93,0x7f,0x00,0x57,0x81,
  0xde,0x02,0xde,0x84,0xdd,0x05,0xdd,0x86,0xdc,0x07,0xdc,0x88,0xdb,0x09,0xdb,0x8a,
  0xda,0x0c,0xda,0x0c,0xd9,0x8e,0xd8,0x0e,0xd8,0x8f,0xd7,0x10,0xd7,0x11,0xd6,0x92,
  0xd5,0x12,0xd5,0x13,0xd4,0x94,0xd3,0x14,0xd3,0x15,0xd2,0x95,0xd1,0x96,0xd0,0x16,
  0xd0,0x17,0xcf,0x97,0xce,0x98,0xcd,0x18,0xcd,0x19,0xcc,0x99,0xcb,0x99,0xca,0x9a,
  0xc9,0x1a,0xc9,0x1a,0xc8,0x1b,0xc7,0x9b,0xc6,0x9b,0xc5,0x9b,0xc4,0x9b,0xc3,0x1c,
  0xc3,0x1c,0xc2,0x1c,0xc1,0x1c,0xc0,0x9c,0xbf,0x9c,0xbe,0x9c,0xbd,0x9c,0xbc,0x1c,
  0xbc,0x1c,0xbb,0x1c,0xba,0x1c,0xb9,0x9c,0xb8,0x9b,0xb7,0x9b,0xb6,0x1b,0xb6,0x1b,
  0xb5,0x1b,0xb4,0x9b,0xb3,0x9a,0xb2,0x1a,0xb2,0x19,0xb1,0x99,0xb0,0x98,0xaf,0x18,
  0xaf,0x18,0xae,0x97,0xad,0x97,0xac,0x16,0xac,0x95,0xab,0x95,0xaa,0x14,0xaa,0x93,
  0xa9,0x92,0xa8,0x11,0xa8,0x90,0xa7,0x0f,0xa7,0x8e,0xa6,0x8d,0xa5,0x0c,0xa5,0x8b,
  0xa4,0x09,0xa4,0x88,0xa3,0x07,0xa3,0x85,0xa2,0x04,0xa2,0x82,0xa1,0x01,0xa1,0x93,
  0x7f,0x00,0x94,0x7f,0x00,0x55,0x81,0xdd,0x02,0xdd,0x83,0xdc,0x04,0xdc,0x86,0xdb,
  0x07,0xdb,0x88,0xda,0x09,0xda,0x8a,0xd9,0x0b,0xd9,0x0c,0xd8,0x8d,0xd7,0x0e,0xd7,
  0x8f,0xd6,0x0f,0xd6,0x10,0xd5,0x91,0xd4,0x12,0xd4,0x12,0xd3,0x93,0xd2,0x13,0xd2,
  0x14,0xd1,0x95,0xd0,0x95,0xcf,0x15,0xcf,0x16,0xce,0x96,0xcd,0x97,0xcc,0x17,0xcc,
  0x18,0xcb,0x18,0xca,0x98,0xc9,0x98,0xc8,0x19,0xc8,0x19,0xc7,0x19,0xc6,0x99,0xc5,
  0x9a,0xc4,0x9a,0xc3,0x9a,0xc2,0x1a,0xc2,0x1a,0xc1,0x1a,0xc0,0x9a,0xbf,0x9b,0xbe,
  0x9b,0xbd,0x1b,0xbd,0x1a,0xbc,0x1a,0xbb,0x1a,0xba,0x9a,0xb9,0x9a,0xb8,0x9a,0xb7,
  0x1a,0xb7,0x1a,0xb6,0x99,0xb5,0x99,0xb4,0x99,0xb3,0x18,0xb3,0x18,0xb2,0x98,0xb1,
  0x97,0xb0,0x17,0xb0,0x16,0xaf,0x96,0xae,0x95,0xad,0x15,0xad,0x94,0xac,0x94,0xab,
  0x13,0xab,0x92,0xaa,0x91,0xa9,0x10,0xa9,0x8f,0xa8,0x0f,0xa8,0x8e,0xa7,0x8c,0xa6,
  0x0b,0xa6,0x8a,0xa5,0x09,0xa5,0x88,0xa4,0x06,0xa4,0x85,0xa3,0x03,0xa3,0x82,0xa2,
  0x01,0xa2,0x94,0x7f,0x00,0x95,0x7f,0x00,0x53,0x81,0xdc,0x02,0xdc,0x83,0xdb,0x04,
  0xdb,0x85,0xda,0x06,0xda,0x87,0xd9,0x08,0xd9,0x89,0xd8,0x0a,0xd8,0x0b,0xd7,0x8c,
  0xd6,0x0d,0xd6,0x8e,0xd5,0x0e,0xd5,0x0f,0xd4,0x90,0xd3,0x10,0xd3,0x11,0xd2,0x92,
  0xd1,0x12,0xd1,0x13,0xd0,0x93,0xcf,0x94,0xce,0x14,0xce,0x15,0xcd,0x95,0xcc,0x95,
  0xcb,0x16,0xcb,0x16,0xca,0x17,0xc9,0x97,0xc8,0x97,0xc7,0x17,0xc7,0x18,0xc6,0x18,
  0xc5,0x98,0xc4,0x98,0xc3,0x98,0xc2,0x18,0xc2,0x18,0xc1,0x18,0xc0,0x98,0xbf,0x98,
  0xbe,0x98,0xbd,0x18,0xbd,0x18,0xbc,0x18,0xbb,0x98,0xba,0x98,0xb9,0x98,0xb8,0x18,
  0xb8,0x18,0xb7,0x98,0xb6,0x98,0xb5,0x97,0xb4,0x17,0xb4,0x17,0xb3,0x96,0xb2,0x96,
  0xb1,0x15,0xb1,0x15,0xb0,0x95,0xaf,0x94,0xae,0x14,0xae,0x93,0xad,0x92,0xac,0x12,
  0xac,0x91,0xab,0x90,0xaa,0x0f,0xaa,0x8f,0xa9,0x0e,0xa9,0x8c,0xa8,0x8c,0xa7,0x0a,
  0xa7,0x89,0xa6,0x08,0xa6,0x87,0xa5,0x06,0xa5,0x84,0xa4,0x03,0xa4,0x82,0xa3,0x00,
  0xa3,0x95,0x7f,0x00,0x96,0x7f,0x00,0x51,0x80,0xdb,0x01,0xdb,0x83,0xda,0x04,0xda,
  0x85,0xd9,0x06,0xd9,0x87,0xd8,0x08,0xd8,0x89,0xd7,0x0a,0xd7,0x0a,0xd6,0x8b,0xd5,
  0x0c,0xd5,0x8d,0xd4,0x0e,0xd4,0x0e,0xd3,0x8f,0xd2,0x10,0xd2,0x10,0xd1,0x91,0xd0,
  0x91,0xcf,0x12,0xcf,0x92,0xce,0x93,0xcd,0x13,0xcd,0x14,0xcc,0x94,0xcb,0x94,0xca,
  0x15,0xca,0x15,0xc9,0x95,0xc8,0x95,0xc7,0x96,0xc6,0x16,0xc6,0x16,0xc5,0x96,0xc4,
  0x97,0xc3,0x97,0xc2,0x17,0xc2,0x17,0xc1,0x17,0xc0,0x97,0xbf,0x97,0xbe,0x97,0xbd,
  0x17,0xbd,0x17,0xbc,0x17,0xbb,0x97,0xba,0x97,0xb9,0x17,0xb9,0x17,0xb8,0x16,0xb7,
  0x96,0xb6,0x96,0xb5,0x16,0xb5,0x15,0xb4,0x95,0xb3,0x95,0xb2,0x14,0xb2,0x14,0xb1,
  0x93,0xb0,0x13,0xb0,0x12,0xaf,0x92,0xae,0x91,0xad,0x11,0xad,0x90,0xac,0x8f,0xab,
  0x0e,0xab,0x8e,0xaa,0x0d,0xaa,0x8c,0xa9,0x8b,0xa8,0x0a,0xa8,0x89,0xa7,0x08,0xa7,
  0x86,0xa6,0x05,0xa6,0x84,0xa5,0x03,0xa5,0x81,0xa4,0x00,0xa4,0x96,0x7f,0x00,0x98,
  0x7f,0x00,0x4d,0x81,0xda,0x02,0xda,0x03,0xd9,0x84,0xd8,0x05,0xd8,0x86,0xd7,0x07,
  0xd7,0x88,0xd6,0x09,0xd6,0x8a,0xd5,0x8a,0xd4,0x0b,0xd4,0x8c,0xd3,0x0c,0xd3,0x0d,
  0xd2,0x8e,0xd1,0x0e,0xd1,0x0f,0xd0,0x8f,0xcf,0x10,0xcf,0x11,0xce,0x91,0xcd,0x92,
  0xcc,0x12,0xcc,0x12,0xcb,0x92,0xca,0x93,0xc9,0x13,0xc9,0x14,0xc8,0x94,0xc7,0x94,
  0xc6,0x14,0xc6,0x15,0xc5,0x15,0xc4,0x95,0xc3,0x95,0xc2,0x15,0xc2,0x15,0xc1,0x15,
  0xc0,0x95,0xbf,0x95,0xbe,0x95,0xbd,0x15,0xbd,0x15,0xbc,0x95,0xbb,0x95,0xba,0x95,
  0xb9,0x15,0xb9,0x15,0xb8,0x95,0xb7,0x94,0xb6,0x14,0xb6,0x14,0xb5,0x94,0xb4,0x93,
  0xb3,0x13,0xb3,0x12,0xb2,0x92,0xb1,0x92,0xb0,0x11,0xb0,0x91,0xaf,0x90,0xae,0x0f,
  0xae,0x8f,0xad,0x8e,0xac,0x0d,0xac,0x8c,0xab,0x0c,0xab,0x0b,0xaa,0x8a,0xa9,0x09,
  0xa9,0x88,0xa8,0x07,0xa8,0x86,0xa7,0x05,0xa7,0x84,0xa6,0x82,0xa5,0x01,0xa5,0x98,
  0x7f,0x00,0x99,0x7f,0x00,0x4b,0x81,0xd9,0x02,0xd9,0x83,0xd8,0x04,0xd8,0x05,0xd7,
  0x86,0xd6,0x06,0xd6,0x87,0xd5,0x08,0xd5,0x89,0xd4,0x8a,0xd3,0x0a,0xd3,0x8b,0xd2,
  0x0c,0xd2,0x0c,0xd1,0x8d,0xd0,0x0e,0xd0,0x0e,0xcf,0x8f,0xce,0x0f,0xce,0x0f,0xcd,
  0x90,0xcc,0x90,0xcb,0x11,0xcb,0x11,0xca,0x92,0xc9,0x92,0xc8,0x12,0xc8,0x12,0xc7,
  0x92,0xc6,0x93,0xc5,0x13,0xc5,0x13,0xc4,0x93,0xc3,0x94,0xc2,0x94,0xc1,0x14,0xc1,
  0x14,0xc0,0x94,0xbf,0x94,0xbe,0x14,0xbe,0x14,0xbd,0x14,0xbc,0x94,0xbb,0x94,0xba,
  0x13,0xba,0x13,0xb9,0x93,0xb8,0x93,0xb7,0x13,0xb7,0x12,0xb6,0x92,0xb5,0x92,0xb4,
  0x12,0xb4,0x11,0xb3,0x91,0xb2,0x90,0xb1,0x10,0xb1,0x8f,0xb0,0x8f,0xaf,0x0e,0xaf,
  0x8e,0xae,0x8d,0xad,0x0c,0xad,0x8c,0xac,0x0b,0xac,0x0a,0xab,0x89,0xaa,0x08,0xaa,
  0x87,0xa9,0x06,0xa9,0x85,0xa8,0x84,0xa7,0x03,0xa7,0x82,0xa6,0x01,0xa6,0x99,0x7f,
  0x00,0x9a,0x7f,0x00,0x49,0x80,0xd8,0x01,0xd8,0x82,0xd7,0x03,0xd7,0x84,0xd6,0x05,
  0xd6,0x06,0xd5,0x86,0xd4,0x07,0xd4,0x88,0xd3,0x09,0xd3,0x09,0xd2,0x8a,0xd1,0x0b,
  0xd1,0x0b,0xd0,0x8c,0xcf,0x0c,0xcf,0x0d,0xce,0x8d,0xcd,0x0e,0xcd,0x0e,0xcc,0x8f,
  0xcb,0x8f,0xca,0x0f,0xca,0x90,0xc9,0x90,0xc8,0x10,0xc8,0x11,0xc7,0x91,0xc6,0x91,
  0xc5,0x11,0xc5,0x11,0xc4,0x12,0xc3,0x92,0xc2,0x92,0xc1,0x12,0xc1,0x12,0xc0,0x92,
  0xbf,0x92,0xbe,0x12,0xbe,0x12,0xbd,0x92,0xbc,0x92,0xbb,0x92,0xba,0x12,0xba,0x12,
  0xb9,0x91,0xb8,0x91,0xb7,0x11,0xb7,0x11,0xb6,0x90,0xb5,0x10,0xb5,0x10,0xb4,0x8f,
  0xb3,0x8f,0xb2,0x0f,0xb2,0x8e,0xb1,0x8e,0xb0,0x0d,0xb0,0x8c,0xaf,0x8c,0xae,0x0b,
  0xae,0x8b,0xad,0x8a,0xac,0x09,0xac,0x88,0xab,0x07,0xab,0x86,0xaa,0x85,0xa9,0x04,
  0xa9,0x83,0xa8,0x02,0xa8,0x81,0xa7,0x00,0xa7,0x9a,0x7f,0x00,0x9c,0x7f,0x00,0x45,
  0x01,0xd7,0x82,0xd6,0x03,0xd6,0x83,0xd5,0x04,0xd5,0x85,0xd4,0x86,0xd3,0x07,0xd3,
  0x87,0xd2,0x08,0xd2,0x09,0xd1,0x89,0xd0,0x0a,0xd0,0x8a,0xcf,0x8b,0xce,0x0b,0xce,
  0x8c,0xcd,0x8c,0xcc,0x0d,0xcc,0x0d,0xcb,0x8e,0xca,0x0e,0xca,0x0e,0xc9,0x8f,0xc8,
  0x8f,0xc7,0x0f,0xc7,0x0f,0xc6,0x8f,0xc5,0x90,0xc4,0x10,0xc4,0x10,0xc3,0x90,0xc2,
  0x90,0xc1,0x10,0xc1,0x10,0xc0,0x91,0xbf,0x91,0xbe,0x11,0xbe,0x10,0xbd,0x90,0xbc,
  0x90,0xbb,0x10,0xbb,0x10,0xba,0x90,0xb9,0x90,0xb8,0x10,0xb8,0x0f,0xb7,0x8f,0xb6,
  0x8f,0xb5,0x0f,0xb5,0x8e,0xb4,0x8e,0xb3,0x0d,0xb3,0x0d,0xb2,0x8c,0xb1,0x0c,0xb1,
  0x0b,0xb0,0x8b,0xaf,0x0a,0xaf,0x89,0xae,0x89,0xad,0x08,0xad,0x87,0xac,0x06,0xac,
  0x06,0xab,0x85,0xaa,0x04,0xaa,0x83,0xa9,0x02,0xa9,0x81,0xa8,0x9c,0x7f,0x00,0x9d,
  0x7f,0x00,0x43,0x00,0xd6,0x81,0xd5,0x02,0xd5,0x83,0xd4,0x04,0xd4,0x84,0xd3,0x05,
  0xd3,0x06,0xd2,0x87,0xd1,0x07,0xd1,0x88,0xd0,0x88,0xcf,0x09,0xcf,0x89,0xce,0x8a,
  0xcd,0x0b,0xcd,0x8b,0xcc,0x8b,0xcb,0x0c,0xcb,0x8c,0xca,0x8c,0xc9,0x0d,0xc9,0x0d,
  0xc8,0x8d,0xc7,0x0e,0xc7,0x0e,0xc6,0x8e,0xc5,0x8e,0xc4,0x0f,0xc4,0x0f,0xc3,0x8f,
  0xc2,0x8f,0xc1,0x0f,0xc1,0x0f,0xc0,0x8f,0xbf,0x8f,0xbe,0x0f,0xbe,0x0f,0xbd,0x8f,
  0xbc,0x8f,0xbb,0x0f,0xbb,0x0f,0xba,0x8f,0xb9,0x8e,0xb8,0x0e,0xb8,0x8e,0xb7,0x8e,
  0xb6,0x0d,0xb6,0x0d,0xb5,0x8c,0xb4,0x0c,0xb4,0x0c,0xb3,0x8b,0xb2,0x0b,0xb2,0x0a,
  0xb1,0x8a,0xb0,0x09,0xb0,0x09,0xaf,0x88,0xae,0x07,0xae,0x86,0xad,0x86,0xac,0x05,
  0xac,0x84,0xab,0x03,0xab,0x82,0xaa,0x01,0xaa,0x80,0xa9,0x9d,0x7f,0x00,0x9f,0x7f,
  0x00,0x3f,0x01,0xd5,0x01,0xd4,0x82,0xd3,0x03,0xd3,0x84,0xd2,0x04,0xd2,0x85,0xd1,
  0x86,0xd0,0x06,0xd0,0x87,0xcf,0x07,0xcf,0x08,0xce,0x88,0xcd,0x09,0xcd,0x09,0xcc,
  0x8a,0xcb,0x0a,0xcb,0x0a,0xca,0x8b,0xc9,0x0b,0xc9,0x0b,0xc8,0x8c,0xc7,0x8c,0xc6,
  0x0c,0xc6,0x0c,0xc5,0x8c,0xc4,0x0d,0xc4,0x0d,0xc3,0x8d,0xc2,0x8d,0xc1,0x0d,0xc1,
  0x0d,0xc0,0x8d,0xbf,0x8d,0xbe,0x0d,0xbe,0x0d,0xbd,0x8d,0xbc,0x8d,0xbb,0x0d,0xbb,
  0x8d,0xba,0x8d,0xb9,0x0c,0xb9,0x0c,0xb8,0x8c,0xb7,0x8c,0xb6,0x0c,0xb6,0x8b,0xb5,
  0x8b,0xb4,0x0a,0xb4,0x8a,0xb3,0x89,0xb2,0x09,0xb2,0x89,0xb1,0x88,0xb0,0x07,0xb0,
  0x87,0xaf,0x06,0xaf,0x06,0xae,0x85,0xad,0x04,0xad,0x83,0xac,0x02,0xac,0x81,0xab,
  0x80,0xaa,0x9f,0x7f,0x00,0xa1,0x7f,0x00,0x3b,0x81,0xd3,0x01,0xd3,0x02,0xd2,0x83,
  0xd1,0x04,0xd1,0x84,0xd0,0x05,0xd0,0x05,0xcf,0x86,0xce,0x06,0xce,0x87,0xcd,0x87,
  0xcc,0x08,0xcc,0x88,0xcb,0x89,0xca,0x09,0xca,0x89,0xc9,0x8a,0xc8,0x0a,0xc8,0x0a,
  0xc7,0x8b,0xc6,0x0b,0xc6,0x0b,0xc5,0x8b,0xc4,0x8b,0xc3,0x0b,0xc3,0x8c,0xc2,0x8c,
  0xc1,0x0c,0xc1,0x0c,0xc0,0x8c,0xbf,0x8c,0xbe,0x0c,0xbe,0x0c,0xbd,0x8c,0xbc,0x0c,
  0xbc,0x0c,0xbb,0x8b,0xba,0x8b,0xb9,0x0b,0xb9,0x8b,0xb8,0x8b,0xb7,0x0a,0xb7,0x0a,
  0xb6,0x89,0xb5,0x09,0xb5,0x09,0xb4,0x88,0xb3,0x08,0xb3,0x07,0xb2,0x87,0xb1,0x06,
  0xb1,0x86,0xb0,0x85,0xaf,0x04,0xaf,0x84,0xae,0x03,0xae,0x82,0xad,0x81,0xac,0x01,
  0xac,0xa1,0x7f,0x00,0xa3,0x7f,0x00,0x37,0x01,0xd2,0x81,0xd1,0x02,0xd1,0x02,0xd0,
  0x83,0xcf,0x04,0xcf,0x84,0xce,0x85,0xcd,0x05,0xcd,0x86,0xcc,0x06,0xcc,0x07,0xcb,
  0x87,0xca,0x07,0xca,0x08,0xc9,0x88,0xc8,0x08,0xc8,0x09,0xc7,0x89,0xc6,0x89,0xc5,
  0x09,0xc5,0x89,0xc4,0x89,0xc3,0x0a,0xc3,0x0a,0xc2,0x8a,0xc1,0x0a,0xc1,0x0a,0xc0,
  0x8a,0xbf,0x8a,0xbe,0x0a,0xbe,0x8a,0xbd,0x8a,0xbc,0x0a,0xbc,0x0a,0xbb,0x89,0xba,
  0x09,0xba,0x09,0xb9,0x89,0xb8,0x89,0xb7,0x09,0xb7,0x88,0xb6,0x88,0xb5,0x07,0xb5,
  0x87,0xb4,0x87,0xb3,0x06,0xb3,0x86,0xb2,0x05,0xb2,0x05,0xb1,0x84,0xb0,0x03,0xb0,
  0x83,0xaf,0x82,0xae,0x01,0xae,0x81,0xad,0xa3,0x7f,0x00,0xa5,0x7f,0x00,0x33,0x81,
  0xd0,0x01,0xd0,0x82,0xcf,0x82,0xce,0x03,0xce,0x83,0xcd,0x04,0xcd,0x04,0xcc,0x85,
  0xcb,0x05,0xcb,0x86,0xca,0x86,0xc9,0x06,0xc9,0x87,0xc8,0x87,0xc7,0x07,0xc7,0x87,
  0xc6,0x88,0xc5,0x08,0xc5,0x88,0xc4,0x88,0xc3,0x08,0xc3,0x08,0xc2,0x88,0xc1,0x09,
  0xc1,0x09,0xc0,0x89,0xbf,0x89,0xbe,0x09,0xbe,0x89,0xbd,0x88,0xbc,0x08,0xbc,0x08,
  0xbb,0x88,0xba,0x08,0xba,0x08,0xb9,0x87,0xb8,0x07,0xb8,0x07,0xb7,0x87,0xb6,0x06,
  0xb6,0x06,0xb5,0x86,0xb4,0x05,0xb4,0x85,0xb3,0x84,0xb2,0x04,0xb2,0x83,0xb1,0x02,
  0xb1,0x02,0xb0,0x81,0xaf,0x01,0xaf,0xa5,0x7f,0x00,0xa7,0x7f,0x00,0x2f,0x00,0xcf,
  0x81,0xce,0x01,0xce,0x82,0xcd,0x82,0xcc,0x03,0xcc,0x83,0xcb,0x04,0xcb,0x04,0xca,
  0x84,0xc9,0x04,0xc9,0x05,0xc8,0x85,0xc7,0x06,0xc7,0x06,0xc6,0x86,0xc5,0x06,0xc5,
  0x06,0xc4,0x86,0xc3,0x07,0xc3,0x07,0xc2,0x87,0xc1,0x07,0xc1,0x07,0xc0,0x87,0xbf,
  0x87,0xbe,0x07,0xbe,0x87,0xbd,0x87,0xbc,0x07,0xbc,0x86,0xbb,0x86,0xba,0x06,0xba,
  0x86,0xb9,0x86,0xb8,0x06,0xb8,0x85,0xb7,0x85,0xb6,0x04,0xb6,0x84,0xb5,0x84,0xb4,
  0x03,0xb4,0x83,0xb3,0x02,0xb3,0x02,0xb2,0x81,0xb1,0x01,0xb1,0x80,0xb0,0xa7,0x7f,
  0x00,0xaa,0x7f,0x00,0x29,0x00,0xcd,0x81,0xcc,0x01,0xcc,0x02,0xcb,0x82,0xca,0x02,
  0xca,0x83,0xc9,0x83,0xc8,0x04,0xc8,0x84,0xc7,0x04,0xc7,0x04,0xc6,0x84,0xc5,0x05,
  0xc5,0x05,0xc4,0x85,0xc3,0x05,0xc3,0x05,0xc2,0x85,0xc1,0x05,0xc1,0x05,0xc0,0x85,
  0xbf,0x85,0xbe,0x05,0xbe,0x85,0xbd,0x85,0xbc,0x05,0xbc,0x85,0xbb,0x85,0xba,0x05,
  0xba,0x84,0xb9,0x84,0xb8,0x04,0xb8,0x84,0xb7,0x03,0xb7,0x03,0xb6,0x83,0xb5,0x02,
  0xb5,0x82,0xb4,0x81,0xb3,0x01,0xb3,0x80,0xb2,0xaa,0x7f,0x00,0xad,0x7f,0x00,0x23,
  0x00,0xcb,0x81,0xca,0x01,0xca,0x01,0xc9,0x81,0xc8,0x02,0xc8,0x82,0xc7,0x82,0xc6,
  0x03,0xc6,0x83,0xc5,0x83,0xc4,0x03,0xc4,0x83,0xc3,0x84,0xc2,0x04,0xc2,0x84,0xc1,
  0x84,0xc0,0x04,0xc0,0x84,0xbf,0x04,0xbf,0x04,0xbe,0x84,0xbd,0x04,0xbd,0x03,0xbc,
  0x83,0xbb,0x03,0xbb,0x03,0xba,0x83,0xb9,0x03,0xb9,0x02,0xb8,0x82,0xb7,0x02,0xb7,
  0x81,0xb6,0x81,0xb5,0x01,0xb5,0x80,0xb4,0xad,0x7f,0x00,0xb1,0x7f,0x00,0x1b,0x80,
  0xc8,0x01,0xc8,0x01,0xc7,0x81,0xc6,0x01,0xc6,0x81,0xc5,0x82,0xc4,0x02,0xc4,0x82,
  0xc3,0x82,0xc2,0x02,0xc2,0x82,0xc1,0x82,0xc0,0x02,0xc0,0x82,0xbf,0x02,0xbf,0x02,
  0xbe,0x82,0xbd,0x02,0xbd,0x02,0xbc,0x82,0xbb,0x02,0xbb,0x01,0xba,0x81,0xb9,0x01,
  0xb9,0x81,0xb8,0x81,0xb7,0x00,0xb7,0xb1,0x7f,0x00,0xb7,0x7f,0x00,0x0f,0x80,0xc4,
  0x00,0xc4,0x80,0xc3,0x81,0xc2,0x01,0xc2,0x81,0xc1,0x81,0xc0,0x01,0xc0,0x81,0xbf,
  0x01,0xbf,0x01,0xbe,0x81,0xbd,0x01,0xbd,0x00,0xbc,0x80,0xbb,0x00,0xbb,0xb7,0x7f,
  0x00,
};

static const uint16_t goat_polar_offsets[] = {
  0x0000,0x0027,0x0066,0x00b5,0x0110,0x0177,0x01e6,0x025d,0x02dc,0x0363,0x03f2,0x0485,
  0x0520,0x05bf,0x0662,0x070d,0x07bc,0x086f,0x0926,0x09e1,0x0aa0,0x0b63,0x0c2a,0x0cf5,
  0x0dc4,0x0e93,0x0f66,0x103d,0x1118,0x11f3,0x12d2,0x13b5,0x1498,0x157f,0x1666,0x1751,
  0x183c,0x192b,0x1a1a,0x1b0d,0x1c00,0x1cf7,0x1dee,0x1ee5,0x1fe0,0x20db,0x21d6,0x22d5,
  0x23d4,0x24d3,0x25d2,0x26d3,0x27d4,0x28d5,0x29d6,0x2ad7,0x2bd8,0x2cd9,0x2dda,0x2edb,
  0x2fdc,0x30db,0x31d9,0x32d1,0x33b9,0x34a2,0x3597,0x3697,0x3797,0x3896,0x3997,0x3a98,
  0x3b99,0x3c9a,0x3d9b,0x3e9c,0x3f9d,0x409e,0x419f,0x429e,0x439d,0x449c,0x459b,0x4696,
  0x4791,0x488c,0x4983,0x4a7a,0x4b71,0x4c64,0x4d57,0x4e46,0x4f35,0x5020,0x510b,0x51f2,
  0x52d9,0x53bc,0x549f,0x557e,0x5659,0x5734,0x580b,0x58de,0x59ad,0x5a7c,0x5b47,0x5c0e,
  0x5cd1,0x5d90,0x5e4b,0x5f02,0x5fb5,0x6064,0x610f,0x61b2,0x6251,0x62ec,0x637f,0x640e,
  0x6495,0x6514,0x658b,0x65fa,0x6661,0x66bc,0x670b,0x674a,0x6771,
};

static const PackedRows goat_polar = {goat_polar_data, goat_polar_offsets, 128, 128, 2};
